iso3	year	total_taxes_revenue	GDP_int	POP_int	region_tjn	UKt	OECD	OECD_OCT
ABW	2011	0.188	2549720670.3910604	102046.0	Caribbean/American isl.	0.0	0.0	1.0
ABW	2012	0.20246414430268367	2534636871.50838	102560.0	Caribbean/American isl.	0.0	0.0	1.0
ABW	2013	0.20377988778593006	2701675977.6536303	103159.0	Caribbean/American isl.	0.0	0.0	1.0
ABW	2014	0.211258697027198	2765363128.49162	103774.0	Caribbean/American isl.	0.0	0.0	1.0
ABW	2015	0.21668742216687426	2919553072.6257	104341.0	Caribbean/American isl.	0.0	0.0	1.0
ABW	2016	0.2254115660616293	2965921787.7095	104872.0	Caribbean/American isl.	0.0	0.0	1.0
ABW	2017		3056424581.00559	105366.0	Caribbean/American isl.	0.0	0.0	1.0
ABW	2018		3056424581.00559	105845.0	Caribbean/American isl.	0.0	0.0	1.0
ABW	2019		3056424581.00559	106314.0	Caribbean/American isl.	0.0	0.0	1.0
ABW	2020		3056424581.00559	106314.0	Caribbean/American isl.	0.0	0.0	1.0
AFG	2011	0.09032268425688393	17804292964.1045	30117413.0	Asia	0.0	0.0	0.0
AFG	2012	0.07648761268533201	20001598505.7042	31161376.0	Asia	0.0	0.0	0.0
AFG	2013	0.0723677545295735	20561069558.2152	32269589.0	Asia	0.0	0.0	0.0
AFG	2014	0.06815044991821917	20484885119.7348	33370794.0	Asia	0.0	0.0	0.0
AFG	2015	0.07557335813234467	19907111418.9938	34413603.0	Asia	0.0	0.0	0.0
AFG	2016	0.0881390275424504	19362642266.6484	35383128.0	Asia	0.0	0.0	0.0
AFG	2017	0.09236803230216907	20191760000.0587	36296400.0	Asia	0.0	0.0	0.0
AFG	2018		19484384936.6312	37172386.0	Asia	0.0	0.0	0.0
AFG	2019		19101353832.7371	38041754.0	Asia	0.0	0.0	0.0
AFG	2020		19101353832.7371	38041754.0	Asia	0.0	0.0	0.0
AFG	2021		19101353832.7371	38041754.0	Asia	0.0	0.0	0.0
AFG	2022		19101353832.7371	38041754.0	Asia	0.0	0.0	0.0
AFG	2023		19101353832.7371	38041754.0	Asia	0.0	0.0	0.0
AFG	2024		19101353832.7371	38041754.0	Asia	0.0	0.0	0.0
AFG	2025		19101353832.7371	38041754.0	Asia	0.0	0.0	0.0
AFG	2026		19101353832.7371	38041754.0	Asia	0.0	0.0	0.0
AGO	2011	0.4311994926168514	111789686464.441	24220661.0	Africa	0.0	0.0	0.0
AGO	2012	0.3947664407625389	128052853643.106	25107931.0	Africa	0.0	0.0	0.0
AGO	2013	0.34876847290640395	136709862831.194	26015780.0	Africa	0.0	0.0	0.0
AGO	2014	0.28609606628380896	145712200312.505	26941779.0	Africa	0.0	0.0	0.0
AGO	2015	0.21805998298243265	116193649124.151	27884381.0	Africa	0.0	0.0	0.0
AGO	2016	0.1570433552049993	101123851090.455	28842484.0	Africa	0.0	0.0	0.0
AGO	2017	0.15807682247326316	122123822333.591	29816748.0	Africa	0.0	0.0	0.0
AGO	2018		101353230784.594	30809762.0	Africa	0.0	0.0	0.0
AGO	2019		94635415869.9851	31825295.0	Africa	0.0	0.0	0.0
AGO	2020		94635415869.9851	31825295.0	Africa	0.0	0.0	0.0
AGO	2021		94635415869.9851	31825295.0	Africa	0.0	0.0	0.0
AGO	2022		94635415869.9851	31825295.0	Africa	0.0	0.0	0.0
AGO	2023		94635415869.9851	31825295.0	Africa	0.0	0.0	0.0
AGO	2024		94635415869.9851	31825295.0	Africa	0.0	0.0	0.0
AGO	2025		94635415869.9851	31825295.0	Africa	0.0	0.0	0.0
AGO	2026		94635415869.9851	31825295.0	Africa	0.0	0.0	0.0
AIA	2011	0.2288937340088664	278750000.0	14000.0	Caribbean/American isl.	1.0	0.0	1.0
AIA	2012	0.2051177588258628	289500000.0	14152.8	Caribbean/American isl.	1.0	0.0	1.0
AIA	2013	0.1937159041050903	300250000.0	14305.6	Caribbean/American isl.	1.0	0.0	1.0
AIA	2014	0.18596839412758465	311000000.0	14458.4	Caribbean/American isl.	1.0	0.0	1.0
AIA	2015		331000000.0	14611.2	Caribbean/American isl.	1.0	0.0	1.0
AIA	2016		317000000.0	14764.0	Caribbean/American isl.	1.0	0.0	1.0
AIA	2017		281000000.0	14900.0	Caribbean/American isl.	1.0	0.0	1.0
AIA	2018		281000000.0	17422.0	Caribbean/American isl.	1.0	0.0	1.0
AIA	2019		281000000.0	14900.0	Caribbean/American isl.	1.0	0.0	1.0
AIA	2020		281000000.0	14900.0	Caribbean/American isl.	1.0	0.0	1.0
ALA	2011		1560000000.0		Europe	0.0	0.0	
ALA	2012		1560000000.0		Europe	0.0	0.0	
ALA	2013		1560000000.0		Europe	0.0	0.0	
ALA	2014		1560000000.0		Europe	0.0	0.0	
ALA	2015		1560000000.0		Europe	0.0	0.0	
ALA	2016		1560000000.0		Europe	0.0	0.0	
ALA	2017		1560000000.0	29489.0	Europe	0.0	0.0	
ALB	2011	0.18761277494494952	12890765324.2256	2905195.0	Europe	0.0	0.0	0.0
ALB	2012	0.1811008109927064	12319830252.4768	2900401.0	Europe	0.0	0.0	0.0
ALB	2013	0.17087316964946014	12776217194.7928	2895092.0	Europe	0.0	0.0	0.0
ALB	2014	0.1905268188249151	13228144008.3428	2889104.0	Europe	0.0	0.0	0.0
ALB	2015	0.1920091675168048	11386846319.1589	2880703.0	Europe	0.0	0.0	0.0
ALB	2016	0.18324239256599445	11861200797.4707	2876101.0	Europe	0.0	0.0	0.0
ALB	2017	0.19785215821540247	13019693450.8816	2873457.0	Europe	0.0	0.0	0.0
ALB	2018		15147020535.3869	2866376.0	Europe	0.0	0.0	0.0
ALB	2019		15278077446.8643	2854191.0	Europe	0.0	0.0	0.0
ALB	2020		15278077446.8643	2854191.0	Europe	0.0	0.0	0.0
ALB	2021		15278077446.8643	2854191.0	Europe	0.0	0.0	0.0
ALB	2022		15278077446.8643	2854191.0	Europe	0.0	0.0	0.0
ALB	2023		15278077446.8643	2854191.0	Europe	0.0	0.0	0.0
ALB	2024		15278077446.8643	2854191.0	Europe	0.0	0.0	0.0
ALB	2025		15278077446.8643	2854191.0	Europe	0.0	0.0	0.0
ALB	2026		15278077446.8643	2854191.0	Europe	0.0	0.0	0.0
AND	2011		3629203786.19154	83747.0	Europe	0.0	0.0	0.0
AND	2012		3188808942.56713	82427.0	Europe	0.0	0.0	0.0
AND	2013		3193704343.2062697	80774.0	Europe	0.0	0.0	0.0
AND	2014		3271808157.30039	79213.0	Europe	0.0	0.0	0.0
AND	2015		2789870187.50693	78011.0	Europe	0.0	0.0	0.0
AND	2016		2896679211.86628	77297.0	Europe	0.0	0.0	0.0
AND	2017		3000180750.11297	77001.0	Europe	0.0	0.0	0.0
AND	2018		3218316013.22626	77006.0	Europe	0.0	0.0	0.0
AND	2019		3154057987.23833	77142.0	Europe	0.0	0.0	0.0
AND	2020		3154057987.23833	77142.0	Europe	0.0	0.0	0.0
ANT	2011		7524000000.0	304759.0	Caribbean/American isl.	0.0	0.0	1.0
ANT	2012		11200000000.0	304759.0	Caribbean/American isl.	0.0	0.0	1.0
ANT	2013		11200000000.0	304759.0	Caribbean/American isl.	0.0	0.0	1.0
ANT	2014		11200000000.0	304759.0	Caribbean/American isl.	0.0	0.0	1.0
ANT	2015		11200000000.0	304759.0	Caribbean/American isl.	0.0	0.0	1.0
ANT	2016		11200000000.0	304759.0	Caribbean/American isl.	0.0	0.0	1.0
ANT	2017		11200000000.0	304759.0	Caribbean/American isl.	0.0	0.0	1.0
ANT	2018		11200000000.0	304759.0	Caribbean/American isl.	0.0	0.0	1.0
ANT	2019		11200000000.0	304759.0	Caribbean/American isl.	0.0	0.0	1.0
ANT	2020		11200000000.0	304759.0	Caribbean/American isl.	0.0	0.0	1.0
ARE	2011		350666031313.819	8946777.0	Asia	0.0	0.0	0.0
ARE	2012	0.2273784601070017	374590605854.323	9141596.0	Asia	0.0	0.0	0.0
ARE	2013	0.2227309848045956	390107556160.654	9197910.0	Asia	0.0	0.0	0.0
ARE	2014	0.18905519682273805	403137100068.074	9214175.0	Asia	0.0	0.0	0.0
ARE	2015	0.12507127922448205	358135057862.492	9262900.0	Asia	0.0	0.0	0.0
ARE	2016	0.08907530981887513	357045064669.84296	9360980.0	Asia	0.0	0.0	0.0
ARE	2017	0.11857566850058007	385605506854.8809	9487203.0	Asia	0.0	0.0	0.0
ARE	2018		422215043584.969	9630959.0	Asia	0.0	0.0	0.0
ARE	2019		421142267937.65	9770529.0	Asia	0.0	0.0	0.0
ARE	2020		421142267937.65	9770529.0	Asia	0.0	0.0	0.0
ARG	2011	0.2300306517964006	530163281574.658	41261490.0	Latin America	0.0	0.0	0.0
ARG	2012	0.23820141217643945	545982375701.128	41733271.0	Latin America	0.0	0.0	0.0
ARG	2013	0.2412847151456796	552025140252.246	42202935.0	Latin America	0.0	0.0	0.0
ARG	2014	0.2439060292818261	526319673731.6379	42669500.0	Latin America	0.0	0.0	0.0
ARG	2015	0.2447733025891299	594749285413.212	43131966.0	Latin America	0.0	0.0	0.0
ARG	2016	0.23903117647201805	557531376217.967	43590368.0	Latin America	0.0	0.0	0.0
ARG	2017	0.2319542275180887	642695864756.35	44044811.0	Latin America	0.0	0.0	0.0
ARG	2018		519871519807.795	44494502.0	Latin America	0.0	0.0	0.0
ARG	2019		449663446954.073	44938712.0	Latin America	0.0	0.0	0.0
ARG	2020		449663446954.073	44938712.0	Latin America	0.0	0.0	0.0
ARG	2021		449663446954.073	44938712.0	Latin America	0.0	0.0	0.0
ARG	2022		449663446954.073	44938712.0	Latin America	0.0	0.0	0.0
ARG	2023		449663446954.073	44938712.0	Latin America	0.0	0.0	0.0
ARG	2024		449663446954.073	44938712.0	Latin America	0.0	0.0	0.0
ARG	2025		449663446954.073	44938712.0	Latin America	0.0	0.0	0.0
ARG	2026		449663446954.073	44938712.0	Latin America	0.0	0.0	0.0
ARM	2011	0.1773574494368639	10142111334.4961	2876538.0	Asia	0.0	0.0	0.0
ARM	2012	0.1796031886849546	10619320048.5857	2884229.0	Asia	0.0	0.0	0.0
ARM	2013		11121465767.4067	2897584.0	Asia	0.0	0.0	0.0
ARM	2014		11609512939.7543	2912403.0	Asia	0.0	0.0	0.0
ARM	2015		10553337672.9872	2925553.0	Asia	0.0	0.0	0.0
ARM	2016		10546135160.031	2936146.0	Asia	0.0	0.0	0.0
ARM	2017		11527458565.7334	2944809.0	Asia	0.0	0.0	0.0
ARM	2018		12457941907.0333	2951776.0	Asia	0.0	0.0	0.0
ARM	2019		13672802157.8324	2957731.0	Asia	0.0	0.0	0.0
ARM	2020		13672802157.8324	2957731.0	Asia	0.0	0.0	0.0
ARM	2021		13672802157.8324	2957731.0	Asia	0.0	0.0	0.0
ARM	2022		13672802157.8324	2957731.0	Asia	0.0	0.0	0.0
ARM	2023		13672802157.8324	2957731.0	Asia	0.0	0.0	0.0
ARM	2024		13672802157.8324	2957731.0	Asia	0.0	0.0	0.0
ARM	2025		13672802157.8324	2957731.0	Asia	0.0	0.0	0.0
ARM	2026		13672802157.8324	2957731.0	Asia	0.0	0.0	0.0
ASM	2011		574000000.0	55759.0	Oceania	0.0	0.0	1.0
ASM	2012		644000000.0	55667.0	Oceania	0.0	0.0	1.0
ASM	2013		641000000.0	55713.0	Oceania	0.0	0.0	1.0
ASM	2014		642000000.0	55791.0	Oceania	0.0	0.0	1.0
ASM	2015		661000000.0	55812.0	Oceania	0.0	0.0	1.0
ASM	2016		652000000.0	55741.0	Oceania	0.0	0.0	1.0
ASM	2017		602000000.0	55620.0	Oceania	0.0	0.0	1.0
ASM	2018		636000000.0	55465.0	Oceania	0.0	0.0	1.0
ASM	2019		636000000.0	55312.0	Oceania	0.0	0.0	1.0
ASM	2020		636000000.0	55312.0	Oceania	0.0	0.0	1.0
ATA	2011					0.0	0.0	0.0
ATA	2012					0.0	0.0	0.0
ATA	2013					0.0	0.0	0.0
ATA	2014					0.0	0.0	0.0
ATA	2015					0.0	0.0	0.0
ATA	2016					0.0	0.0	0.0
ATA	2017					0.0	0.0	0.0
ATA	2018					0.0	0.0	0.0
ATA	2019					0.0	0.0	0.0
ATA	2020					0.0	0.0	0.0
ATF	2011			250.0	Africa	0.0	0.0	0.0
ATF	2012			250.0	Africa	0.0	0.0	0.0
ATF	2013			250.0	Africa	0.0	0.0	0.0
ATF	2014			250.0	Africa	0.0	0.0	0.0
ATF	2015			250.0	Africa	0.0	0.0	0.0
ATF	2016			250.0	Africa	0.0	0.0	0.0
ATF	2017			250.0	Africa	0.0	0.0	0.0
ATF	2018			250.0	Africa	0.0	0.0	0.0
ATF	2019			250.0	Africa	0.0	0.0	0.0
ATF	2020			250.0	Africa	0.0	0.0	0.0
ATG	2011	0.17876134889753564	1137637037.03704	89253.0	Caribbean/American isl.	0.0	0.0	0.0
ATG	2012	0.18468358300214	1199948148.14815	90409.0	Caribbean/American isl.	0.0	0.0	0.0
ATG	2013	0.1723819428748836	1181448148.14815	91516.0	Caribbean/American isl.	0.0	0.0	0.0
ATG	2014	0.1660139924506388	1249733333.3333302	92562.0	Caribbean/American isl.	0.0	0.0	0.0
ATG	2015	0.16965831689373298	1336692592.59259	93566.0	Caribbean/American isl.	0.0	0.0	0.0
ATG	2016	0.16212540783817952	1436585185.18519	94527.0	Caribbean/American isl.	0.0	0.0	0.0
ATG	2017	0.1567646958964338	1467977777.77778	95426.0	Caribbean/American isl.	0.0	0.0	0.0
ATG	2018		1610574074.07407	96286.0	Caribbean/American isl.	0.0	0.0	0.0
ATG	2019		1727759259.25926	97118.0	Caribbean/American isl.	0.0	0.0	0.0
ATG	2020		1727759259.25926	97118.0	Caribbean/American isl.	0.0	0.0	0.0
AUS	2011	0.2646569944230061	1396649906339.35	22340024.0	Oceania	0.0	1.0	0.0
AUS	2012	0.2728968631178707	1546151783872.96	22733465.0	Oceania	0.0	1.0	0.0
AUS	2013	0.2763942749260129	1576184467015.49	23128129.0	Oceania	0.0	1.0	0.0
AUS	2014	0.27440340891495674	1467483705131.74	23475686.0	Oceania	0.0	1.0	0.0
AUS	2015	0.2823531562494287	1351693984524.5	23815995.0	Oceania	0.0	1.0	0.0
AUS	2016	0.2857851967025552	1208846993739.99	24190907.0	Oceania	0.0	1.0	0.0
AUS	2017		1330135756844.41	24601860.0	Oceania	0.0	1.0	0.0
AUS	2018		1433904348500.12	24982688.0	Oceania	0.0	1.0	0.0
AUS	2019		1392680589329.14	25364307.0	Oceania	0.0	1.0	0.0
AUS	2020		1392680589329.14	25364307.0	Oceania	0.0	1.0	0.0
AUT	2011	0.27140959084767946	431120310088.82	8391643.0	Europe	0.0	1.0	0.0
AUT	2012	0.27670660247981343	409425234155.2629	8429991.0	Europe	0.0	1.0	0.0
AUT	2013	0.2817248680188941	430068712971.867	8479823.0	Europe	0.0	1.0	0.0
AUT	2014	0.2819854057980586	441996131736.508	8546356.0	Europe	0.0	1.0	0.0
AUT	2015	0.28642043635750986	381817565893.574	8642699.0	Europe	0.0	1.0	0.0
AUT	2016	0.27364523436578914	395227684138.8621	8736668.0	Europe	0.0	1.0	0.0
AUT	2017	0.27209320652394303	418316161095.683	8797566.0	Europe	0.0	1.0	0.0
AUT	2018		455508255028.219	8840521.0	Europe	0.0	1.0	0.0
AUT	2019		446314739528.47	8877067.0	Europe	0.0	1.0	0.0
AUT	2020		446314739528.47	8877067.0	Europe	0.0	1.0	0.0
AZE	2011	0.12042548289236205	65951627200.2026	9173082.0	Asia	0.0	0.0	0.0
AZE	2012	0.12505480052608506	69683935845.2138	9295784.0	Asia	0.0	0.0	0.0
AZE	2013	0.12938709566532605	74164435946.4627	9416801.0	Asia	0.0	0.0	0.0
AZE	2014	0.1422882705798624	75244294275.1498	9535079.0	Asia	0.0	0.0	0.0
AZE	2015	0.15628907686649504	53074370486.0433	9649341.0	Asia	0.0	0.0	0.0
AZE	2016		37867518957.1975	9757812.0	Asia	0.0	0.0	0.0
AZE	2017		40865558912.3867	9854033.0	Asia	0.0	0.0	0.0
AZE	2018		47112941176.4706	9939771.0	Asia	0.0	0.0	0.0
AZE	2019		48047647058.8235	10023318.0	Asia	0.0	0.0	0.0
AZE	2020		48047647058.8235	10023318.0	Asia	0.0	0.0	0.0
AZE	2021		48047647058.8235	10023318.0	Asia	0.0	0.0	0.0
AZE	2022		48047647058.8235	10023318.0	Asia	0.0	0.0	0.0
AZE	2023		48047647058.8235	10023318.0	Asia	0.0	0.0	0.0
AZE	2024		48047647058.8235	10023318.0	Asia	0.0	0.0	0.0
AZE	2025		48047647058.8235	10023318.0	Asia	0.0	0.0	0.0
AZE	2026		48047647058.8235	10023318.0	Asia	0.0	0.0	0.0
BDI	2011	0.1378717192273617	2235820867.8274302	8958406.0	Africa	0.0	0.0	0.0
BDI	2012	0.14611638803140994	2333308099.46249	9245988.0	Africa	0.0	0.0	0.0
BDI	2013	0.13066264196709942	2451625332.74584	9540289.0	Africa	0.0	0.0	0.0
BDI	2014	0.1260185433895793	2705783272.07443	9844297.0	Africa	0.0	0.0	0.0
BDI	2015		3104394858.11518	10160030.0	Africa	0.0	0.0	0.0
BDI	2016		2959640987.29943	10487998.0	Africa	0.0	0.0	0.0
BDI	2017		3172292379.36329	10827024.0	Africa	0.0	0.0	0.0
BDI	2018		3036931818.18182	11175378.0	Africa	0.0	0.0	0.0
BDI	2019		3012334881.6405697	11530580.0	Africa	0.0	0.0	0.0
BDI	2020		3012334881.6405697	11530580.0	Africa	0.0	0.0	0.0
BDI	2021		3012334881.6405697	11530580.0	Africa	0.0	0.0	0.0
BDI	2022		3012334881.6405697	11530580.0	Africa	0.0	0.0	0.0
BDI	2023		3012334881.6405697	11530580.0	Africa	0.0	0.0	0.0
BDI	2024		3012334881.6405697	11530580.0	Africa	0.0	0.0	0.0
BDI	2025		3012334881.6405697	11530580.0	Africa	0.0	0.0	0.0
BDI	2026		3012334881.6405697	11530580.0	Africa	0.0	0.0	0.0
BEL	2011	0.29168836238845497	522645519183.591	11038264.0	Europe	0.0	1.0	0.0
BEL	2012	0.299532130239664	496181260258.3	11106932.0	Europe	0.0	1.0	0.0
BEL	2013	0.30730563463925514	521642714407.843	11159407.0	Europe	0.0	1.0	0.0
BEL	2014	0.308004778972521	534678075827.361	11209057.0	Europe	0.0	1.0	0.0
BEL	2015	0.3047035351937909	462149679343.822	11274196.0	Europe	0.0	1.0	0.0
BEL	2016	0.302339995149049	475900865683.644	11331422.0	Europe	0.0	1.0	0.0
BEL	2017	0.3088624835725983	503788776542.824	11375158.0	Europe	0.0	1.0	0.0
BEL	2018		542685915417.411	11427054.0	Europe	0.0	1.0	0.0
BEL	2019		529606710418.038	11484055.0	Europe	0.0	1.0	0.0
BEL	2020		529606710418.038	11484055.0	Europe	0.0	1.0	0.0
BEN	2011	0.14823270948443265	10693321953.6355	9460830.0	Africa	0.0	0.0	0.0
BEN	2012	0.14413153249603575	11141358945.1349	9729248.0	Africa	0.0	0.0	0.0
BEN	2013	0.15384955458785562	12517845732.2095	10004588.0	Africa	0.0	0.0	0.0
BEN	2014	0.14609855193249294	13284528654.0574	10286842.0	Africa	0.0	0.0	0.0
BEN	2015	0.14541783922672213	11388160958.249	10575952.0	Africa	0.0	0.0	0.0
BEN	2016	0.12610794415135312	11821066152.598	10872067.0	Africa	0.0	0.0	0.0
BEN	2017		12701656930.6889	11175204.0	Africa	0.0	0.0	0.0
BEN	2018		14250985958.6727	11485048.0	Africa	0.0	0.0	0.0
BEN	2019		14390709094.9386	11801151.0	Africa	0.0	0.0	0.0
BEN	2020		14390709094.9386	11801151.0	Africa	0.0	0.0	0.0
BEN	2021		14390709094.9386	11801151.0	Africa	0.0	0.0	0.0
BEN	2022		14390709094.9386	11801151.0	Africa	0.0	0.0	0.0
BEN	2023		14390709094.9386	11801151.0	Africa	0.0	0.0	0.0
BEN	2024		14390709094.9386	11801151.0	Africa	0.0	0.0	0.0
BEN	2025		14390709094.9386	11801151.0	Africa	0.0	0.0	0.0
BEN	2026		14390709094.9386	11801151.0	Africa	0.0	0.0	0.0
BES	2011			21466.666666666668	Caribbean/American isl.	0.0	0.0	1.0
BES	2012			22033.33333333333	Caribbean/American isl.	0.0	0.0	1.0
BES	2013			22600.0	Caribbean/American isl.	0.0	0.0	1.0
BES	2014			23166.66666666667	Caribbean/American isl.	0.0	0.0	1.0
BES	2015			23733.33333333333	Caribbean/American isl.	0.0	0.0	1.0
BES	2016			24300.0	Caribbean/American isl.	0.0	0.0	1.0
BES	2017			24866.66666666667	Caribbean/American isl.	0.0	0.0	1.0
BES	2018			25433.33333333333	Caribbean/American isl.	0.0	0.0	1.0
BES	2019			26000.0	Caribbean/American isl.	0.0	0.0	1.0
BES	2020			26000.0	Caribbean/American isl.	0.0	0.0	1.0
BFA	2011	0.1374683271143615	12080296644.0643	16081911.0	Africa	0.0	0.0	0.0
BFA	2012	0.1562609966919144	12561016091.4673	16571246.0	Africa	0.0	0.0	0.0
BFA	2013	0.16811190185046554	13444301139.1384	17072775.0	Africa	0.0	0.0	0.0
BFA	2014	0.15370740164576507	13943016923.9017	17586017.0	Africa	0.0	0.0	0.0
BFA	2015	0.15074494343520714	11832159275.603	18110624.0	Africa	0.0	0.0	0.0
BFA	2016	0.1665257400197607	12822558021.8952	18646378.0	Africa	0.0	0.0	0.0
BFA	2017	0.1742455207037	14169905602.3981	19193284.0	Africa	0.0	0.0	0.0
BFA	2018		16199434624.5768	19751535.0	Africa	0.0	0.0	0.0
BFA	2019		15745810234.6602	20321378.0	Africa	0.0	0.0	0.0
BFA	2020		15745810234.6602	20321378.0	Africa	0.0	0.0	0.0
BFA	2021		15745810234.6602	20321378.0	Africa	0.0	0.0	0.0
BFA	2022		15745810234.6602	20321378.0	Africa	0.0	0.0	0.0
BFA	2023		15745810234.6602	20321378.0	Africa	0.0	0.0	0.0
BFA	2024		15745810234.6602	20321378.0	Africa	0.0	0.0	0.0
BFA	2025		15745810234.6602	20321378.0	Africa	0.0	0.0	0.0
BFA	2026		15745810234.6602	20321378.0	Africa	0.0	0.0	0.0
BGD	2011	0.0807173095109567	128637938711.386	149273778.0	Asia	0.0	0.0	0.0
BGD	2012	0.08449169701099495	133355749482.478	151007807.0	Asia	0.0	0.0	0.0
BGD	2013	0.08452178984201039	149990451022.29	152764676.0	Asia	0.0	0.0	0.0
BGD	2014	0.08115566324270672	172885454931.453	154520167.0	Asia	0.0	0.0	0.0
BGD	2015	0.07930526991694438	195078678697.23	156256276.0	Asia	0.0	0.0	0.0
BGD	2016	0.08190838789003095	221415162445.648	157970840.0	Asia	0.0	0.0	0.0
BGD	2017	0.08413987094136331	249711052937.012	159670593.0	Asia	0.0	0.0	0.0
BGD	2018		274039092455.3061	161356039.0	Asia	0.0	0.0	0.0
BGD	2019		302571254131.135	163046161.0	Asia	0.0	0.0	0.0
BGD	2020		302571254131.135	163046161.0	Asia	0.0	0.0	0.0
BGD	2021		302571254131.135	163046161.0	Asia	0.0	0.0	0.0
BGD	2022		302571254131.135	163046161.0	Asia	0.0	0.0	0.0
BGD	2023		302571254131.135	163046161.0	Asia	0.0	0.0	0.0
BGD	2024		302571254131.135	163046161.0	Asia	0.0	0.0	0.0
BGD	2025		302571254131.135	163046161.0	Asia	0.0	0.0	0.0
BGD	2026		302571254131.135	163046161.0	Asia	0.0	0.0	0.0
BGR	2011	0.185022697160688	57363610380.3768	7348328.0	Europe	0.0	0.0	0.0
BGR	2012	0.1975983178937104	54013812089.3561	7305888.0	Europe	0.0	0.0	0.0
BGR	2013	0.20733591478757968	55591336862.1064	7265115.0	Europe	0.0	0.0	0.0
BGR	2014	0.2038343282869287	56883172568.1726	7223938.0	Europe	0.0	0.0	0.0
BGR	2015	0.2105626192492238	50630703922.0132	7177991.0	Europe	0.0	0.0	0.0
BGR	2016	0.20971554233506853	53785050339.3665	7127822.0	Europe	0.0	0.0	0.0
BGR	2017	0.2100128757063824	58950125036.0127	7075947.0	Europe	0.0	0.0	0.0
BGR	2018		66200847917.924	7025037.0	Europe	0.0	0.0	0.0
BGR	2019		67927179736.6915	6975761.0	Europe	0.0	0.0	0.0
BGR	2020		67927179736.6915	6975761.0	Europe	0.0	0.0	0.0
BGR	2021		67927179736.6915	6975761.0	Europe	0.0	0.0	0.0
BGR	2022		67927179736.6915	6975761.0	Europe	0.0	0.0	0.0
BGR	2023		67927179736.6915	6975761.0	Europe	0.0	0.0	0.0
BGR	2024		67927179736.6915	6975761.0	Europe	0.0	0.0	0.0
BGR	2025		67927179736.6915	6975761.0	Europe	0.0	0.0	0.0
BGR	2026		67927179736.6915	6975761.0	Europe	0.0	0.0	0.0
BHR	2011	0.011141404805914972	28776595744.6809	1278151.0	Asia	0.0	0.0	0.0
BHR	2012		30749308510.6383	1299943.0	Asia	0.0	0.0	0.0
BHR	2013	0.010698814875357579	32539468085.1064	1315029.0	Asia	0.0	0.0	0.0
BHR	2014		33387712765.9574	1336075.0	Asia	0.0	0.0	0.0
BHR	2015		31125851063.8298	1371851.0	Asia	0.0	0.0	0.0
BHR	2016		32250132978.7234	1425791.0	Asia	0.0	0.0	0.0
BHR	2017		35423643617.0213	1494074.0	Asia	0.0	0.0	0.0
BHR	2018		37652500000.0	1569439.0	Asia	0.0	0.0	0.0
BHR	2019		38574069148.9362	1641172.0	Asia	0.0	0.0	0.0
BHR	2020		38574069148.9362	1641172.0	Asia	0.0	0.0	0.0
BHS	2011	0.1287888778550149	10070450000.0	359577.0	Caribbean/American isl.	0.0	0.0	0.0
BHS	2012	0.11907891054938904	10720500000.0	363584.0	Caribbean/American isl.	0.0	0.0	0.0
BHS	2013	0.11437194203989462	10562700000.0	367168.0	Caribbean/American isl.	0.0	0.0	0.0
BHS	2014	0.11367573240850598	10913300000.0	370633.0	Caribbean/American isl.	0.0	0.0	0.0
BHS	2015	0.12724287652645866	11752300000.0	374206.0	Caribbean/American isl.	0.0	0.0	0.0
BHS	2016	0.1415858602922544	11938400000.0	377931.0	Caribbean/American isl.	0.0	0.0	0.0
BHS	2017	0.15101100600230224	12150400000.0	381761.0	Caribbean/American isl.	0.0	0.0	0.0
BHS	2018		12424500000.0	385640.0	Caribbean/American isl.	0.0	0.0	0.0
BHS	2019		12827000000.0	389482.0	Caribbean/American isl.	0.0	0.0	0.0
BHS	2020		12827000000.0	389482.0	Caribbean/American isl.	0.0	0.0	0.0
BIH	2011	0.2301492213658909	18644723860.9709	3661175.0	Europe	0.0	0.0	0.0
BIH	2012	0.2305154641698164	17226849297.07	3604972.0	Europe	0.0	0.0	0.0
BIH	2013	0.22132520723179894	18178503835.4491	3542605.0	Europe	0.0	0.0	0.0
BIH	2014	0.2226253696879578	18558343508.3435	3482104.0	Europe	0.0	0.0	0.0
BIH	2015	0.2252744604148884	16211541253.1897	3429361.0	Europe	0.0	0.0	0.0
BIH	2016	0.2261068254413773	16913330693.9653	3386267.0	Europe	0.0	0.0	0.0
BIH	2017	0.2268023898769426	18080118128.3854	3351527.0	Europe	0.0	0.0	0.0
BIH	2018		20183498491.2492	3323929.0	Europe	0.0	0.0	0.0
BIH	2019		20047848434.5487	3301000.0	Europe	0.0	0.0	0.0
BIH	2020		20047848434.5487	3301000.0	Europe	0.0	0.0	0.0
BIH	2021		20047848434.5487	3301000.0	Europe	0.0	0.0	0.0
BIH	2022		20047848434.5487	3301000.0	Europe	0.0	0.0	0.0
BIH	2023		20047848434.5487	3301000.0	Europe	0.0	0.0	0.0
BIH	2024		20047848434.5487	3301000.0	Europe	0.0	0.0	0.0
BIH	2025		20047848434.5487	3301000.0	Europe	0.0	0.0	0.0
BIH	2026		20047848434.5487	3301000.0	Europe	0.0	0.0	0.0
BLM	2011			8945.0	Caribbean/American isl.	0.0	0.0	
BLM	2012			8690.0	Caribbean/American isl.	0.0	0.0	
BLM	2013			8435.0	Caribbean/American isl.	0.0	0.0	
BLM	2014			8180.0	Caribbean/American isl.	0.0	0.0	
BLM	2015			7925.0	Caribbean/American isl.	0.0	0.0	
BLM	2016			7670.0	Caribbean/American isl.	0.0	0.0	
BLM	2017			7415.0	Caribbean/American isl.	0.0	0.0	
BLM	2018			7160.0	Caribbean/American isl.	0.0	0.0	
BLM	2019			9800.0	Caribbean/American isl.	0.0	0.0	
BLR	2011	0.2390431244914565	61757788944.7236	9473172.0	Europe	0.0	0.0	0.0
BLR	2012	0.2520233008290421	65685102554.8759	9464495.0	Europe	0.0	0.0	0.0
BLR	2013	0.24589899953778946	75527984234.2342	9465997.0	Europe	0.0	0.0	0.0
BLR	2014	0.23457323794040635	78813839984.3506	9474511.0	Europe	0.0	0.0	0.0
BLR	2015	0.2477665761671672	56454734396.5842	9489616.0	Europe	0.0	0.0	0.0
BLR	2016	0.251210292621302	47722657820.6675	9501534.0	Europe	0.0	0.0	0.0
BLR	2017	0.2416603973786738	54726595249.1849	9498264.0	Europe	0.0	0.0	0.0
BLR	2018		60031262269.3365	9483499.0	Europe	0.0	0.0	0.0
BLR	2019		63080457022.6599	9466856.0	Europe	0.0	0.0	0.0
BLR	2020		63080457022.6599	9466856.0	Europe	0.0	0.0	0.0
BLR	2021		63080457022.6599	9466856.0	Europe	0.0	0.0	0.0
BLR	2022		63080457022.6599	9466856.0	Europe	0.0	0.0	0.0
BLR	2023		63080457022.6599	9466856.0	Europe	0.0	0.0	0.0
BLR	2024		63080457022.6599	9466856.0	Europe	0.0	0.0	0.0
BLR	2025		63080457022.6599	9466856.0	Europe	0.0	0.0	0.0
BLR	2026		63080457022.6599	9466856.0	Europe	0.0	0.0	0.0
BLZ	2011	0.2257389841910528	1460800000.0	330237.0	Caribbean/American isl.	0.0	0.0	0.0
BLZ	2012	0.2250844299360614	1522900000.0	338000.0	Caribbean/American isl.	0.0	0.0	0.0
BLZ	2013	0.2337153857911097	1579400000.0	345715.0	Caribbean/American isl.	0.0	0.0	0.0
BLZ	2014	0.2508621649202599	1662800000.0	353366.0	Caribbean/American isl.	0.0	0.0	0.0
BLZ	2015	0.24519997252198586	1723800000.0	360933.0	Caribbean/American isl.	0.0	0.0	0.0
BLZ	2016	0.2559293354912815	1775100000.0	368400.0	Caribbean/American isl.	0.0	0.0	0.0
BLZ	2017	0.2597165722416107	1836600000.0	375769.0	Caribbean/American isl.	0.0	0.0	0.0
BLZ	2018		1871200000.0	383071.0	Caribbean/American isl.	0.0	0.0	0.0
BLZ	2019		1879613600.0	390353.0	Caribbean/American isl.	0.0	0.0	0.0
BLZ	2020		1879613600.0	390353.0	Caribbean/American isl.	0.0	0.0	0.0
BLZ	2021		1879613600.0	390353.0	Caribbean/American isl.	0.0	0.0	0.0
BLZ	2022		1879613600.0	390353.0	Caribbean/American isl.	0.0	0.0	0.0
BLZ	2023		1879613600.0	390353.0	Caribbean/American isl.	0.0	0.0	0.0
BLZ	2024		1879613600.0	390353.0	Caribbean/American isl.	0.0	0.0	0.0
BLZ	2025		1879613600.0	390353.0	Caribbean/American isl.	0.0	0.0	0.0
BLZ	2026		1879613600.0	390353.0	Caribbean/American isl.	0.0	0.0	0.0
BMU	2011		5550771000.0	64564.0	Caribbean/American isl.	1.0	0.0	1.0
BMU	2012		5537537000.0	64798.0	Caribbean/American isl.	1.0	0.0	1.0
BMU	2013		5573710000.0	65001.0	Caribbean/American isl.	1.0	0.0	1.0
BMU	2014		5732355000.0	65138.0	Caribbean/American isl.	1.0	0.0	1.0
BMU	2015		5891000000.0	65237.0	Caribbean/American isl.	1.0	0.0	1.0
BMU	2016		6093000000.0	64554.0	Caribbean/American isl.	1.0	0.0	1.0
BMU	2017		6269000000.0	63873.0	Caribbean/American isl.	1.0	0.0	1.0
BMU	2018		6269000000.0	63920.0	Caribbean/American isl.	1.0	0.0	1.0
BMU	2019		6269000000.0	63918.0	Caribbean/American isl.	1.0	0.0	1.0
BMU	2020		6269000000.0	63918.0	Caribbean/American isl.	1.0	0.0	1.0
BOL	2011	0.3066043701257641	23963033588.0063	10212954.0	Latin America	0.0	0.0	0.0
BOL	2012	0.3253285824366198	27084497539.7974	10377676.0	Latin America	0.0	0.0	0.0
BOL	2013	0.3467748279730196	30659338784.3705	10542376.0	Latin America	0.0	0.0	0.0
BOL	2014	0.3409251247920133	32996188133.1404	10706517.0	Latin America	0.0	0.0	0.0
BOL	2015	0.3161280034020837	33000198263.3864	10869730.0	Latin America	0.0	0.0	0.0
BOL	2016	0.26203921065572017	33941126193.9219	11031813.0	Latin America	0.0	0.0	0.0
BOL	2017	0.2378309847286433	37508642112.8799	11192854.0	Latin America	0.0	0.0	0.0
BOL	2018		40287647901.5919	11353142.0	Latin America	0.0	0.0	0.0
BOL	2019		40895322865.4124	11513100.0	Latin America	0.0	0.0	0.0
BOL	2020		40895322865.4124	11513100.0	Latin America	0.0	0.0	0.0
BOL	2021		40895322865.4124	11513100.0	Latin America	0.0	0.0	0.0
BOL	2022		40895322865.4124	11513100.0	Latin America	0.0	0.0	0.0
BOL	2023		40895322865.4124	11513100.0	Latin America	0.0	0.0	0.0
BOL	2024		40895322865.4124	11513100.0	Latin America	0.0	0.0	0.0
BOL	2025		40895322865.4124	11513100.0	Latin America	0.0	0.0	0.0
BOL	2026		40895322865.4124	11513100.0	Latin America	0.0	0.0	0.0
BRA	2011	0.2392222349009533	2616200980392.16	197514534.0	Latin America	0.0	0.0	0.0
BRA	2012	0.23443078444214746	2465188674415.03	199287296.0	Latin America	0.0	0.0	0.0
BRA	2013	0.2330657993949476	2472806919901.67	201035903.0	Latin America	0.0	0.0	0.0
BRA	2014	0.2258745039327072	2455993625159.37	202763735.0	Latin America	0.0	0.0	0.0
BRA	2015	0.22789243493407296	1802214373741.32	204471769.0	Latin America	0.0	0.0	0.0
BRA	2016	0.22811390908466	1795700168991.49	206163058.0	Latin America	0.0	0.0	0.0
BRA	2017	0.23107156904667325	2062831045935.95	207833831.0	Latin America	0.0	0.0	0.0
BRA	2018		1885482534238.33	209469333.0	Latin America	0.0	0.0	0.0
BRA	2019		1839758040765.62	211049527.0	Latin America	0.0	0.0	0.0
BRA	2020		1839758040765.62	211049527.0	Latin America	0.0	0.0	0.0
BRA	2021		1839758040765.62	211049527.0	Latin America	0.0	0.0	0.0
BRA	2022		1839758040765.62	211049527.0	Latin America	0.0	0.0	0.0
BRA	2023		1839758040765.62	211049527.0	Latin America	0.0	0.0	0.0
BRA	2024		1839758040765.62	211049527.0	Latin America	0.0	0.0	0.0
BRA	2025		1839758040765.62	211049527.0	Latin America	0.0	0.0	0.0
BRA	2026		1839758040765.62	211049527.0	Latin America	0.0	0.0	0.0
BRB	2011	0.2595299488996243	4657500000.0	282987.0	Caribbean/American isl.	0.0	0.0	0.0
BRB	2012	0.2447118381778742	4610000000.0	283700.0	Caribbean/American isl.	0.0	0.0	0.0
BRB	2013	0.2307117207611717	4677000000.0	284296.0	Caribbean/American isl.	0.0	0.0	0.0
BRB	2014	0.23516266006600656	4696500000.0	284825.0	Caribbean/American isl.	0.0	0.0	0.0
BRB	2015	0.2533538787429902	4715000000.0	285324.0	Caribbean/American isl.	0.0	0.0	0.0
BRB	2016	0.27347185208139657	4830000000.0	285796.0	Caribbean/American isl.	0.0	0.0	0.0
BRB	2017	0.2806613216715257	4978000000.0	286233.0	Caribbean/American isl.	0.0	0.0	0.0
BRB	2018		5086500000.0	286641.0	Caribbean/American isl.	0.0	0.0	0.0
BRB	2019		5209000000.0	287025.0	Caribbean/American isl.	0.0	0.0	0.0
BRB	2020		5209000000.0	287025.0	Caribbean/American isl.	0.0	0.0	0.0
BRN	2011		18525319977.7407	393688.0	Asia	0.0	0.0	0.0
BRN	2012		19047940300.0687	398989.0	Asia	0.0	0.0	0.0
BRN	2013		18093829923.2737	404421.0	Asia	0.0	0.0	0.0
BRN	2014		17098342541.4365	409769.0	Asia	0.0	0.0	0.0
BRN	2015		12930394937.8137	414907.0	Asia	0.0	0.0	0.0
BRN	2016		11400854267.7188	419800.0	Asia	0.0	0.0	0.0
BRN	2017		12128104859.1498	424473.0	Asia	0.0	0.0	0.0
BRN	2018		13567351175.0315	428962.0	Asia	0.0	0.0	0.0
BRN	2019		13469422941.3919	433285.0	Asia	0.0	0.0	0.0
BRN	2020		13469422941.3919	433285.0	Asia	0.0	0.0	0.0
BTN	2011	0.14576028990256978	1777101316.67756	693298.0	Asia	0.0	0.0	0.0
BTN	2012	0.1571214515849607	1781281281.57912	701583.0	Asia	0.0	0.0	0.0
BTN	2013	0.14939638251360732	1756215665.09323	710238.0	Asia	0.0	0.0	0.0
BTN	2014	0.14176961996051998	1907090813.45907	719056.0	Asia	0.0	0.0	0.0
BTN	2015	0.1339768192604103	2003598212.99135	727876.0	Asia	0.0	0.0	0.0
BTN	2016	0.13272601219959396	2158972129.00307	736709.0	Asia	0.0	0.0	0.0
BTN	2017	0.12398076911038355	2450364928.07302	745568.0	Asia	0.0	0.0	0.0
BTN	2018		2446674102.01858	754394.0	Asia	0.0	0.0	0.0
BTN	2019		2446674102.01858	763092.0	Asia	0.0	0.0	0.0
BTN	2020		2446674102.01858	763092.0	Asia	0.0	0.0	0.0
BTN	2021		2446674102.01858	763092.0	Asia	0.0	0.0	0.0
BTN	2022		2446674102.01858	763092.0	Asia	0.0	0.0	0.0
BTN	2023		2446674102.01858	763092.0	Asia	0.0	0.0	0.0
BTN	2024		2446674102.01858	763092.0	Asia	0.0	0.0	0.0
BTN	2025		2446674102.01858	763092.0	Asia	0.0	0.0	0.0
BTN	2026		2446674102.01858	763092.0	Asia	0.0	0.0	0.0
BVT	2011				Caribbean/American isl.	0.0	0.0	0.0
BVT	2012				Caribbean/American isl.	0.0	0.0	0.0
BVT	2013				Caribbean/American isl.	0.0	0.0	0.0
BVT	2014				Caribbean/American isl.	0.0	0.0	0.0
BVT	2015				Caribbean/American isl.	0.0	0.0	0.0
BVT	2016				Caribbean/American isl.	0.0	0.0	0.0
BVT	2017				Caribbean/American isl.	0.0	0.0	0.0
BVT	2018				Caribbean/American isl.	0.0	0.0	0.0
BVT	2019				Caribbean/American isl.	0.0	0.0	0.0
BVT	2020				Caribbean/American isl.	0.0	0.0	0.0
BWA	2011	0.23760435294005144	15351972229.5341	2015402.0	Africa	0.0	0.0	0.0
BWA	2012	0.2663187245299206	14420393563.5442	2039551.0	Africa	0.0	0.0	0.0
BWA	2013	0.2582233269783044	14901750764.9811	2062536.0	Africa	0.0	0.0	0.0
BWA	2014	0.257767296459813	16250750259.0212	2088614.0	Africa	0.0	0.0	0.0
BWA	2015	0.23893308504374736	14420604205.7459	2120716.0	Africa	0.0	0.0	0.0
BWA	2016	0.2087193077085434	15646316818.3319	2159944.0	Africa	0.0	0.0	0.0
BWA	2017	0.23153546323749874	17405538618.3969	2205128.0	Africa	0.0	0.0	0.0
BWA	2018		18663264705.8824	2254126.0	Africa	0.0	0.0	0.0
BWA	2019		18340510789.4272	2303697.0	Africa	0.0	0.0	0.0
BWA	2020		18340510789.4272	2303697.0	Africa	0.0	0.0	0.0
BWA	2021		18340510789.4272	2303697.0	Africa	0.0	0.0	0.0
BWA	2022		18340510789.4272	2303697.0	Africa	0.0	0.0	0.0
BWA	2023		18340510789.4272	2303697.0	Africa	0.0	0.0	0.0
BWA	2024		18340510789.4272	2303697.0	Africa	0.0	0.0	0.0
BWA	2025		18340510789.4272	2303697.0	Africa	0.0	0.0	0.0
BWA	2026		18340510789.4272	2303697.0	Africa	0.0	0.0	0.0
CAF	2011	0.08361870179309652	2437982839.63072	4418636.0	Africa	0.0	0.0	0.0
CAF	2012	0.09455152776849923	2510126699.0535607	4436415.0	Africa	0.0	0.0	0.0
CAF	2013	0.051717335437571316	1691544192.3824198	4447942.0	Africa	0.0	0.0	0.0
CAF	2014	0.04406495007358016	1894813504.52945	4464175.0	Africa	0.0	0.0	0.0
CAF	2015	0.06501381410105858	1695825708.4560401	4493170.0	Africa	0.0	0.0	0.0
CAF	2016	0.07489917418859228	1825018190.8507106	4537687.0	Africa	0.0	0.0	0.0
CAF	2017	0.07519933156149723	2072350151.1306105	4596028.0	Africa	0.0	0.0	0.0
CAF	2018		2220978978.17342	4666377.0	Africa	0.0	0.0	0.0
CAF	2019		2220307368.69593	4745185.0	Africa	0.0	0.0	0.0
CAF	2020		2220307368.69593	4745185.0	Africa	0.0	0.0	0.0
CAF	2021		2220307368.69593	4745185.0	Africa	0.0	0.0	0.0
CAF	2022		2220307368.69593	4745185.0	Africa	0.0	0.0	0.0
CAF	2023		2220307368.69593	4745185.0	Africa	0.0	0.0	0.0
CAF	2024		2220307368.69593	4745185.0	Africa	0.0	0.0	0.0
CAF	2025		2220307368.69593	4745185.0	Africa	0.0	0.0	0.0
CAF	2026		2220307368.69593	4745185.0	Africa	0.0	0.0	0.0
CAN	2011	0.2626462487176308	1788647906047.76	34339328.0	Northern America	0.0	1.0	0.0
CAN	2012	0.2647817031523643	1828689329348.99	34714222.0	Northern America	0.0	1.0	0.0
CAN	2013	0.2637985243790248	1847208522155.34	35082954.0	Northern America	0.0	1.0	0.0
CAN	2014	0.2639652682604053	1803533209844.65	35437435.0	Northern America	0.0	1.0	0.0
CAN	2015	0.2790723196881092	1556129524418.21	35702908.0	Northern America	0.0	1.0	0.0
CAN	2016	0.2795240605062567	1528243213982.08	36109487.0	Northern America	0.0	1.0	0.0
CAN	2017	0.2767633006616826	1649878054226.82	36543321.0	Northern America	0.0	1.0	0.0
CAN	2018		1716262621082.22	37057765.0	Northern America	0.0	1.0	0.0
CAN	2019		1736425629519.96	37589262.0	Northern America	0.0	1.0	0.0
CAN	2020		1736425629519.96	37589262.0	Northern America	0.0	1.0	0.0
CCK	2011				Oceania	0.0	0.0	0.0
CCK	2012				Oceania	0.0	0.0	0.0
CCK	2013				Oceania	0.0	0.0	0.0
CCK	2014			596.0	Oceania	0.0	0.0	0.0
CCK	2015			596.0	Oceania	0.0	0.0	0.0
CCK	2016			596.0	Oceania	0.0	0.0	0.0
CCK	2017			596.0	Oceania	0.0	0.0	0.0
CCK	2018			596.0	Oceania	0.0	0.0	0.0
CCK	2019			596.0	Oceania	0.0	0.0	0.0
CCK	2020			596.0	Oceania	0.0	0.0	0.0
CHE	2011	0.2030560324848391	699579638638.2261	7912398.0	Europe	0.0	1.0	0.0
CHE	2012	0.20001832436489053	668043614122.87	7996861.0	Europe	0.0	1.0	0.0
CHE	2013	0.20072198865291774	688504173431.454	8089346.0	Europe	0.0	1.0	0.0
CHE	2014	0.20069146237336635	709182559935.3009	8188649.0	Europe	0.0	1.0	0.0
CHE	2015	0.2086209285012176	679832291693.2571	8282396.0	Europe	0.0	1.0	0.0
CHE	2016	0.2097891142042556	671309197376.701	8373338.0	Europe	0.0	1.0	0.0
CHE	2017	0.2174805164698422	679950482029.061	8451840.0	Europe	0.0	1.0	0.0
CHE	2018		705140620046.7	8514329.0	Europe	0.0	1.0	0.0
CHE	2019		703082435360.1171	8574832.0	Europe	0.0	1.0	0.0
CHE	2020		703082435360.1171	8574832.0	Europe	0.0	1.0	0.0
CHI	2011		11514605842.3369	160998.0				
CHI	2012		11514605842.3369	162056.0				
CHI	2013		11514605842.3369	163038.0				
CHI	2014		11514605842.3369	164100.0				
CHI	2015		11514605842.3369	165385.0				
CHI	2016		11514605842.3369	166923.0				
CHI	2017		11514605842.3369	168665.0				
CHI	2018		11514605842.3369	170499.0				
CHI	2019		11514605842.3369	172259.0				
CHL	2011	0.17305887184998506	252251992029.442	17233576.0	Latin America	0.0	1.0	0.0
CHL	2012	0.17528428618089606	267122320056.702	17400347.0	Latin America	0.0	1.0	0.0
CHL	2013	0.16619181357132082	278384345259.377	17571507.0	Latin America	0.0	1.0	0.0
CHL	2014	0.16491606791459815	260541629960.664	17758959.0	Latin America	0.0	1.0	0.0
CHL	2015	0.1737564457404441	243919085308.936	17969353.0	Latin America	0.0	1.0	0.0
CHL	2016	0.17123974218611565	250440136356.1269	18209068.0	Latin America	0.0	1.0	0.0
CHL	2017	0.17077744943703976	277044950259.009	18470439.0	Latin America	0.0	1.0	0.0
CHL	2018		298258019275.049	18729160.0	Latin America	0.0	1.0	0.0
CHL	2019		282318159744.65	18952038.0	Latin America	0.0	1.0	0.0
CHL	2020		282318159744.65	18952038.0	Latin America	0.0	1.0	0.0
CHN	2011	0.1971622452888333	7551500425597.77	1344130000.0	Asia	0.0	0.0	0.0
CHN	2012	0.19877487687408885	8532230724141.76	1350695000.0	Asia	0.0	0.0	0.0
CHN	2013	0.1984828272231207	9570405758739.79	1357380000.0	Asia	0.0	0.0	0.0
CHN	2014	0.1972527896648743	10475682846632.2	1364270000.0	Asia	0.0	0.0	0.0
CHN	2015	0.19246452858654006	11061552790044.2	1371220000.0	Asia	0.0	0.0	0.0
CHN	2016	0.1889796763459273	11233277146512.2	1378665000.0	Asia	0.0	0.0	0.0
CHN	2017		12310408652423.5	1386395000.0	Asia	0.0	0.0	0.0
CHN	2018		13894817110036.3	1392730000.0	Asia	0.0	0.0	0.0
CHN	2019		14342902842915.9	1397715000.0	Asia	0.0	0.0	0.0
CHN	2020		14342902842915.9	1397715000.0	Asia	0.0	0.0	0.0
CHN	2021		14342902842915.9	1397715000.0	Asia	0.0	0.0	0.0
CHN	2022		14342902842915.9	1397715000.0	Asia	0.0	0.0	0.0
CHN	2023		14342902842915.9	1397715000.0	Asia	0.0	0.0	0.0
CHN	2024		14342902842915.9	1397715000.0	Asia	0.0	0.0	0.0
CHN	2025		14342902842915.9	1397715000.0	Asia	0.0	0.0	0.0
CHN	2026		14342902842915.9	1397715000.0	Asia	0.0	0.0	0.0
CIV	2011	0.16436760343376605	25414875503.0784	21028655.0	Africa	0.0	0.0	0.0
CIV	2012	0.16180070364662086	26789047554.5988	21547188.0	Africa	0.0	0.0	0.0
CIV	2013		31273074527.6975	22087505.0	Africa	0.0	0.0	0.0
CIV	2014		35363533865.7272	22647683.0	Africa	0.0	0.0	0.0
CIV	2015		45814637971.4745	23226143.0	Africa	0.0	0.0	0.0
CIV	2016	0.1601708438040456	47964234560.0514	23822714.0	Africa	0.0	0.0	0.0
CIV	2017	0.16470285497589252	51588158717.5348	24437469.0	Africa	0.0	0.0	0.0
CIV	2018		57724731364.7669	25069229.0	Africa	0.0	0.0	0.0
CIV	2019		58792205642.1538	25716544.0	Africa	0.0	0.0	0.0
CIV	2020		58792205642.1538	25716544.0	Africa	0.0	0.0	0.0
CIV	2021		58792205642.1538	25716544.0	Africa	0.0	0.0	0.0
CIV	2022		58792205642.1538	25716544.0	Africa	0.0	0.0	0.0
CIV	2023		58792205642.1538	25716544.0	Africa	0.0	0.0	0.0
CIV	2024		58792205642.1538	25716544.0	Africa	0.0	0.0	0.0
CIV	2025		58792205642.1538	25716544.0	Africa	0.0	0.0	0.0
CIV	2026		58792205642.1538	25716544.0	Africa	0.0	0.0	0.0
CMR	2011	0.11973003848837765	29375448542.4466	20906388.0	Africa	0.0	0.0	0.0
CMR	2012	0.12461469108798945	29102772799.0038	21485266.0	Africa	0.0	0.0	0.0
CMR	2013	0.13131636689927215	32357345500.9885	22077298.0	Africa	0.0	0.0	0.0
CMR	2014	0.13500081330271752	34989493826.2179	22681858.0	Africa	0.0	0.0	0.0
CMR	2015	0.1381942323867483	30928653813.8538	23298368.0	Africa	0.0	0.0	0.0
CMR	2016	0.13145357149503434	32643697595.8378	23926539.0	Africa	0.0	0.0	0.0
CMR	2017		35009262788.15	24566045.0	Africa	0.0	0.0	0.0
CMR	2018		38694095650.9763	25216237.0	Africa	0.0	0.0	0.0
CMR	2019		38760467033.389	25876380.0	Africa	0.0	0.0	0.0
CMR	2020		38760467033.389	25876380.0	Africa	0.0	0.0	0.0
CMR	2021		38760467033.389	25876380.0	Africa	0.0	0.0	0.0
CMR	2022		38760467033.389	25876380.0	Africa	0.0	0.0	0.0
CMR	2023		38760467033.389	25876380.0	Africa	0.0	0.0	0.0
CMR	2024		38760467033.389	25876380.0	Africa	0.0	0.0	0.0
CMR	2025		38760467033.389	25876380.0	Africa	0.0	0.0	0.0
CMR	2026		38760467033.389	25876380.0	Africa	0.0	0.0	0.0
COD	2011	0.09300950303664306	25839749198.8233	66755153.0	Africa	0.0	0.0	0.0
COD	2012	0.1092800506843644	29306235826.3886	69020747.0	Africa	0.0	0.0	0.0
COD	2013	0.09568797121071357	32679745297.6453	71358807.0	Africa	0.0	0.0	0.0
COD	2014	0.08917764931381869	35909040265.9328	73767447.0	Africa	0.0	0.0	0.0
COD	2015	0.09095100071252687	37917704900.0794	76244544.0	Africa	0.0	0.0	0.0
COD	2016	0.07113400728400875	37134799974.5225	78789127.0	Africa	0.0	0.0	0.0
COD	2017		38019265625.8845	81398764.0	Africa	0.0	0.0	0.0
COD	2018		46831342212.5473	84068091.0	Africa	0.0	0.0	0.0
COD	2019		47319624204.0938	86790567.0	Africa	0.0	0.0	0.0
COD	2020		47319624204.0938	86790567.0	Africa	0.0	0.0	0.0
COD	2021		47319624204.0938	86790567.0	Africa	0.0	0.0	0.0
COD	2022		47319624204.0938	86790567.0	Africa	0.0	0.0	0.0
COD	2023		47319624204.0938	86790567.0	Africa	0.0	0.0	0.0
COD	2024		47319624204.0938	86790567.0	Africa	0.0	0.0	0.0
COD	2025		47319624204.0938	86790567.0	Africa	0.0	0.0	0.0
COD	2026		47319624204.0938	86790567.0	Africa	0.0	0.0	0.0
COG	2011	0.07862564098157453	14444509755.5727	4394844.0	Africa	0.0	0.0	0.0
COG	2012	0.0889281192577715	13677147848.3372	4510198.0	Africa	0.0	0.0	0.0
COG	2013	0.11043356071579426	14089855509.0954	4622761.0	Africa	0.0	0.0	0.0
COG	2014	0.12184013080572535	14196322768.2912	4736974.0	Africa	0.0	0.0	0.0
COG	2015	0.17723792045059014	8556594871.177279	4856095.0	Africa	0.0	0.0	0.0
COG	2016	0.17503683161452466	9041986778.39021	4980999.0	Africa	0.0	0.0	0.0
COG	2017		9035182061.965359	5110702.0	Africa	0.0	0.0	0.0
COG	2018		11662700148.0791	5244363.0	Africa	0.0	0.0	0.0
COG	2019		10820591130.7349	5380508.0	Africa	0.0	0.0	0.0
COG	2020		10820591130.7349	5380508.0	Africa	0.0	0.0	0.0
COG	2021		10820591130.7349	5380508.0	Africa	0.0	0.0	0.0
COG	2022		10820591130.7349	5380508.0	Africa	0.0	0.0	0.0
COG	2023		10820591130.7349	5380508.0	Africa	0.0	0.0	0.0
COG	2024		10820591130.7349	5380508.0	Africa	0.0	0.0	0.0
COG	2025		10820591130.7349	5380508.0	Africa	0.0	0.0	0.0
COG	2026		10820591130.7349	5380508.0	Africa	0.0	0.0	0.0
COK	2011		269000000.0	18316.666666666668	Oceania	0.0	0.0	0.0
COK	2012		283000000.0	18133.33333333333	Oceania	0.0	0.0	0.0
COK	2013		297000000.0	17950.0	Oceania	0.0	0.0	0.0
COK	2014		311000000.0	17766.666666666668	Oceania	0.0	0.0	0.0
COK	2015		285000000.0	17583.333333333332	Oceania	0.0	0.0	0.0
COK	2016		288000000.0	17400.0	Oceania	0.0	0.0	0.0
COK	2017		309000000.0	17400.0	Oceania	0.0	0.0	0.0
COK	2018		309000000.0	9038.0	Oceania	0.0	0.0	0.0
COK	2019		309000000.0	17500.0	Oceania	0.0	0.0	0.0
COK	2020		309000000.0	17500.0	Oceania	0.0	0.0	0.0
COL	2011	0.1920348413002716	334943877377.471	45663099.0	Latin America	0.0	1.0	0.0
COL	2012	0.19988466459623602	370921317942.563	46076848.0	Latin America	0.0	1.0	0.0
COL	2013	0.1971323954951256	382116120909.218	46497267.0	Latin America	0.0	1.0	0.0
COL	2014	0.19748631215239684	381112110485.384	46969209.0	Latin America	0.0	1.0	0.0
COL	2015	0.1996531592211679	293481753078.868	47520667.0	Latin America	0.0	1.0	0.0
COL	2016	0.1921174555617042	282825012368.255	48171392.0	Latin America	0.0	1.0	0.0
COL	2017	0.1940012649506517	311883730442.045	48901066.0	Latin America	0.0	1.0	0.0
COL	2018		333568926392.586	49648685.0	Latin America	0.0	1.0	0.0
COL	2019		323802808108.24603	50339443.0	Latin America	0.0	1.0	0.0
COL	2020		323802808108.24603	50339443.0	Latin America	0.0	1.0	0.0
COL	2021		323802808108.24603	50339443.0	Latin America	0.0	1.0	0.0
COL	2022		323802808108.24603	50339443.0	Latin America	0.0	1.0	0.0
COL	2023		323802808108.24603	50339443.0	Latin America	0.0	1.0	0.0
COL	2024		323802808108.24603	50339443.0	Latin America	0.0	1.0	0.0
COL	2025		323802808108.24603	50339443.0	Latin America	0.0	1.0	0.0
COL	2026		323802808108.24603	50339443.0	Latin America	0.0	1.0	0.0
COM	2011	0.10886923194423227	1023086183.7982199	706569.0	Africa	0.0	0.0	0.0
COM	2012	0.11766123695708385	1015843368.7900801	723871.0	Africa	0.0	0.0	0.0
COM	2013	0.12124496112575225	1116224161.07781	741505.0	Africa	0.0	0.0	0.0
COM	2014	0.11787262355169033	1149587651.69395	759390.0	Africa	0.0	0.0	0.0
COM	2015	0.1121613399524878	966029542.038859	777424.0	Africa	0.0	0.0	0.0
COM	2016		1012835518.2603699	795592.0	Africa	0.0	0.0	0.0
COM	2017		1077439662.5798	813892.0	Africa	0.0	0.0	0.0
COM	2018		1178530757.7232802	832322.0	Africa	0.0	0.0	0.0
COM	2019		1185728676.65112	850886.0	Africa	0.0	0.0	0.0
COM	2020		1185728676.65112	850886.0	Africa	0.0	0.0	0.0
COM	2021		1185728676.65112	850886.0	Africa	0.0	0.0	0.0
COM	2022		1185728676.65112	850886.0	Africa	0.0	0.0	0.0
COM	2023		1185728676.65112	850886.0	Africa	0.0	0.0	0.0
COM	2024		1185728676.65112	850886.0	Africa	0.0	0.0	0.0
COM	2025		1185728676.65112	850886.0	Africa	0.0	0.0	0.0
COM	2026		1185728676.65112	850886.0	Africa	0.0	0.0	0.0
CPV	2011	0.19801123549931046	1865915544.1244602	498856.0	Africa	0.0	0.0	0.0
CPV	2012	0.18164622117578197	1741809808.9644198	505235.0	Africa	0.0	0.0	0.0
CPV	2013	0.18106564404806047	1850470042.43281	511748.0	Africa	0.0	0.0	0.0
CPV	2014	0.1735534331373514	1859898513.26858	518269.0	Africa	0.0	0.0	0.0
CPV	2015	0.18902691258294005	1596800287.16405	524743.0	Africa	0.0	0.0	0.0
CPV	2016	0.19467734735978573	1662998677.88425	531146.0	Africa	0.0	0.0	0.0
CPV	2017	0.20710219571699648	1769787215.42141	537497.0	Africa	0.0	0.0	0.0
CPV	2018		1966983316.32593	543767.0	Africa	0.0	0.0	0.0
CPV	2019		1981845740.70615	549935.0	Africa	0.0	0.0	0.0
CPV	2020		1981845740.70615	549935.0	Africa	0.0	0.0	0.0
CPV	2021		1981845740.70615	549935.0	Africa	0.0	0.0	0.0
CPV	2022		1981845740.70615	549935.0	Africa	0.0	0.0	0.0
CPV	2023		1981845740.70615	549935.0	Africa	0.0	0.0	0.0
CPV	2024		1981845740.70615	549935.0	Africa	0.0	0.0	0.0
CPV	2025		1981845740.70615	549935.0	Africa	0.0	0.0	0.0
CPV	2026		1981845740.70615	549935.0	Africa	0.0	0.0	0.0
CRI	2011	0.12959734542637213	42262697840.385	4633086.0	Latin America	0.0	0.0	0.0
CRI	2012	0.12870095255348826	46473128285.5589	4688000.0	Latin America	0.0	0.0	0.0
CRI	2013	0.13242900189148088	49745088111.6953	4742107.0	Latin America	0.0	0.0	0.0
CRI	2014	0.12937371052392085	50577769837.7462	4795396.0	Latin America	0.0	0.0	0.0
CRI	2015	0.13188976717127002	54775994478.5095	4847804.0	Latin America	0.0	0.0	0.0
CRI	2016	0.1338550774092187	57157992434.1805	4899345.0	Latin America	0.0	0.0	0.0
CRI	2017	0.1329969040230978	58481858042.5721	4949954.0	Latin America	0.0	0.0	0.0
CRI	2018		60553901420.085	4999441.0	Latin America	0.0	0.0	0.0
CRI	2019		61773944173.6736	5047561.0	Latin America	0.0	0.0	0.0
CRI	2020		61773944173.6736	5047561.0	Latin America	0.0	0.0	0.0
CRI	2021		61773944173.6736	5047561.0	Latin America	0.0	0.0	0.0
CRI	2022		61773944173.6736	5047561.0	Latin America	0.0	0.0	0.0
CRI	2023		61773944173.6736	5047561.0	Latin America	0.0	0.0	0.0
CRI	2024		61773944173.6736	5047561.0	Latin America	0.0	0.0	0.0
CRI	2025		61773944173.6736	5047561.0	Latin America	0.0	0.0	0.0
CRI	2026		61773944173.6736	5047561.0	Latin America	0.0	0.0	0.0
CSK	2011							0.0
CSK	2012							0.0
CSK	2013							0.0
CSK	2014							0.0
CSK	2015							0.0
CSK	2016							0.0
CSK	2017							0.0
CSK	2018							0.0
CSK	2019							0.0
CSK	2020							0.0
CUB	2011	0.3408088128714306	68990000000.0	11236670.0	Latin America	0.0	0.0	0.0
CUB	2012	0.3558168469121286	73141000000.0	11257101.0	Latin America	0.0	0.0	0.0
CUB	2013	0.3328744750349977	77148000000.0	11282720.0	Latin America	0.0	0.0	0.0
CUB	2014	0.3299688430261319	80656000000.0	11306902.0	Latin America	0.0	0.0	0.0
CUB	2015	0.3359125381027581	87133000000.0	11324781.0	Latin America	0.0	0.0	0.0
CUB	2016		91370000000.0	11335109.0	Latin America	0.0	0.0	0.0
CUB	2017		96851000000.0	11339259.0	Latin America	0.0	0.0	0.0
CUB	2018		100023000000.0	11338138.0	Latin America	0.0	0.0	0.0
CUB	2019		100023000000.0	11333483.0	Latin America	0.0	0.0	0.0
CUB	2020		100023000000.0	11333483.0	Latin America	0.0	0.0	0.0
CUW	2011		3038699608.93855	150831.0	Caribbean/American isl.	0.0	0.0	1.0
CUW	2012		3131096089.38547	152088.0	Caribbean/American isl.	0.0	0.0	1.0
CUW	2013		3147616201.11732	153822.0	Caribbean/American isl.	0.0	0.0	1.0
CUW	2014		3158406033.51955	155909.0	Caribbean/American isl.	0.0	0.0	1.0
CUW	2015		3151910782.1229	157980.0	Caribbean/American isl.	0.0	0.0	1.0
CUW	2016		3122287932.96089	159664.0	Caribbean/American isl.	0.0	0.0	1.0
CUW	2017		3116610111.7318397	160175.0	Caribbean/American isl.	0.0	0.0	1.0
CUW	2018		3127908044.69274	159800.0	Caribbean/American isl.	0.0	0.0	1.0
CUW	2019		3127908044.69274	157538.0	Caribbean/American isl.	0.0	0.0	1.0
CUW	2020		3127908044.69274	157538.0	Caribbean/American isl.	0.0	0.0	1.0
CXR	2011				Oceania	0.0	0.0	0.0
CXR	2012				Oceania	0.0	0.0	0.0
CXR	2013				Oceania	0.0	0.0	0.0
CXR	2014				Oceania	0.0	0.0	0.0
CXR	2015				Oceania	0.0	0.0	0.0
CXR	2016			2205.0	Oceania	0.0	0.0	0.0
CXR	2017			2205.0	Oceania	0.0	0.0	0.0
CXR	2018			2205.0	Oceania	0.0	0.0	0.0
CXR	2019			2205.0	Oceania	0.0	0.0	0.0
CXR	2020			2205.0	Oceania	0.0	0.0	0.0
CYM	2011		4186223808.95236	57878.0	Caribbean/American isl.	1.0	0.0	1.0
CYM	2012		4291159006.36025	58958.0	Caribbean/American isl.	1.0	0.0	1.0
CYM	2013		4405954638.18553	59932.0	Caribbean/American isl.	1.0	0.0	1.0
CYM	2014		4563017880.71523	60848.0	Caribbean/American isl.	1.0	0.0	1.0
CYM	2015		4708336733.469339	61724.0	Caribbean/American isl.	1.0	0.0	1.0
CYM	2016		4898908676.34705	62569.0	Caribbean/American isl.	1.0	0.0	1.0
CYM	2017		5141833913.356529	63382.0	Caribbean/American isl.	1.0	0.0	1.0
CYM	2018		5485419416.77667	64174.0	Caribbean/American isl.	1.0	0.0	1.0
CYM	2019		5485419416.77667	64948.0	Caribbean/American isl.	1.0	0.0	1.0
CYM	2020		5485419416.77667	64948.0	Caribbean/American isl.	1.0	0.0	1.0
CYP	2011	0.2329886979879377	27565469097.9955	1124833.0	Europe	0.0	0.0	0.0
CYP	2012	0.2334120061570036	24978513426.6992	1135046.0	Europe	0.0	0.0	0.0
CYP	2013	0.2341271153740147	23900872625.8467	1143866.0	Europe	0.0	0.0	0.0
CYP	2014	0.2456388415672913	23128114786.7676	1152285.0	Europe	0.0	0.0	0.0
CYP	2015	0.2412769074721064	19779150116.4984	1160985.0	Europe	0.0	0.0	0.0
CYP	2016	0.2399783666846944	20890936462.2537	1170187.0	Europe	0.0	0.0	0.0
CYP	2017	0.2452643900452949	22638608224.1301	1179680.0	Europe	0.0	0.0	0.0
CYP	2018		24961995748.701	1189265.0	Europe	0.0	0.0	0.0
CYP	2019		24564647934.6244	1198575.0	Europe	0.0	0.0	0.0
CYP	2020		24564647934.6244	1198575.0	Europe	0.0	0.0	0.0
CZE	2011	0.1865703541737166	227948349666.354	10496088.0	Europe	0.0	1.0	0.0
CZE	2012	0.1897651705258636	207376427020.815	10510785.0	Europe	0.0	1.0	0.0
CZE	2013	0.19361786771911468	209402444996.104	10514272.0	Europe	0.0	1.0	0.0
CZE	2014	0.1859467208525961	207818330723.835	10525347.0	Europe	0.0	1.0	0.0
CZE	2015	0.189906459404062	186829940545.7589	10546059.0	Europe	0.0	1.0	0.0
CZE	2016	0.19395769391294865	195090272402.7289	10566332.0	Europe	0.0	1.0	0.0
CZE	2017	0.1987642428481139	215913545038.43	10594438.0	Europe	0.0	1.0	0.0
CZE	2018		244987409830.53305	10629928.0	Europe	0.0	1.0	0.0
CZE	2019		246489245494.882	10669709.0	Europe	0.0	1.0	0.0
CZE	2020		246489245494.882	10669709.0	Europe	0.0	1.0	0.0
DEU	2011	0.21938537689780704	3744408602683.94	80274983.0	Europe	0.0	1.0	0.0
DEU	2012	0.224868214018983	3527344944139.83	80425823.0	Europe	0.0	1.0	0.0
DEU	2013	0.22876365772192034	3732743446218.92	80645605.0	Europe	0.0	1.0	0.0
DEU	2014	0.2282986057939352	3883920155292.26	80982500.0	Europe	0.0	1.0	0.0
DEU	2015	0.2306485046869977	3360549973888.58	81686611.0	Europe	0.0	1.0	0.0
DEU	2016	0.23351847456286096	3466790065011.83	82348669.0	Europe	0.0	1.0	0.0
DEU	2017	0.2331775159122947	3665804120835.3	82657002.0	Europe	0.0	1.0	0.0
DEU	2018		3949548833952.94	82905782.0	Europe	0.0	1.0	0.0
DEU	2019		3845630030823.52	83132799.0	Europe	0.0	1.0	0.0
DEU	2020		3845630030823.52	83132799.0	Europe	0.0	1.0	0.0
DJI	2011	0.2026591348729918	1239144501.77525	853674.0	Africa	0.0	0.0	0.0
DJI	2012	0.20924973708166889	1353632941.5207	868136.0	Africa	0.0	0.0	0.0
DJI	2013	0.1980298308963961	2042817162.856389	883293.0	Africa	0.0	0.0	0.0
DJI	2014	0.1863741372223876	2214681573.56933	898696.0	Africa	0.0	0.0	0.0
DJI	2015	0.20130272144309472	2430287967.02678	913993.0	Africa	0.0	0.0	0.0
DJI	2016	0.18872460668098634	2603554906.59464	929112.0	Africa	0.0	0.0	0.0
DJI	2017		2751461055.59307	944097.0	Africa	0.0	0.0	0.0
DJI	2018		3012820409.63313	958920.0	Africa	0.0	0.0	0.0
DJI	2019		3318716359.44182	973560.0	Africa	0.0	0.0	0.0
DJI	2020		3318716359.44182	973560.0	Africa	0.0	0.0	0.0
DJI	2021		3318716359.44182	973560.0	Africa	0.0	0.0	0.0
DJI	2022		3318716359.44182	973560.0	Africa	0.0	0.0	0.0
DJI	2023		3318716359.44182	973560.0	Africa	0.0	0.0	0.0
DJI	2024		3318716359.44182	973560.0	Africa	0.0	0.0	0.0
DJI	2025		3318716359.44182	973560.0	Africa	0.0	0.0	0.0
DJI	2026		3318716359.44182	973560.0	Africa	0.0	0.0	0.0
DMA	2011	0.2331855136733185	501025925.925926	70916.0	Caribbean/American isl.	0.0	0.0	0.0
DMA	2012	0.22926829268292684	485996296.296296	70965.0	Caribbean/American isl.	0.0	0.0	0.0
DMA	2013	0.2195571955719557	498296296.296296	71016.0	Caribbean/American isl.	0.0	0.0	0.0
DMA	2014	0.2157001414427157	520207407.4074071	71085.0	Caribbean/American isl.	0.0	0.0	0.0
DMA	2015	0.2193771626297578	540737037.037037	71183.0	Caribbean/American isl.	0.0	0.0	0.0
DMA	2016	0.2178343949044586	576229629.629629	71307.0	Caribbean/American isl.	0.0	0.0	0.0
DMA	2017	0.2421299397186872	519837037.037037	71458.0	Caribbean/American isl.	0.0	0.0	0.0
DMA	2018		550892592.592593	71625.0	Caribbean/American isl.	0.0	0.0	0.0
DMA	2019		596033333.333333	71808.0	Caribbean/American isl.	0.0	0.0	0.0
DMA	2020		596033333.333333	71808.0	Caribbean/American isl.	0.0	0.0	0.0
DMA	2021		596033333.333333	71808.0	Caribbean/American isl.	0.0	0.0	0.0
DMA	2022		596033333.333333	71808.0	Caribbean/American isl.	0.0	0.0	0.0
DMA	2023		596033333.333333	71808.0	Caribbean/American isl.	0.0	0.0	0.0
DMA	2024		596033333.333333	71808.0	Caribbean/American isl.	0.0	0.0	0.0
DMA	2025		596033333.333333	71808.0	Caribbean/American isl.	0.0	0.0	0.0
DMA	2026		596033333.333333	71808.0	Caribbean/American isl.	0.0	0.0	0.0
DNK	2011	0.4468333295431041	344003137611.271	5570572.0	Europe	0.0	1.0	0.0
DNK	2012	0.4541588372993802	327148943812.13696	5591572.0	Europe	0.0	1.0	0.0
DNK	2013	0.4580552315232029	343584391647.927	5614932.0	Europe	0.0	1.0	0.0
DNK	2014	0.484147827798725	352993631617.70795	5643475.0	Europe	0.0	1.0	0.0
DNK	2015	0.4585570395214992	302673068765.972	5683483.0	Europe	0.0	1.0	0.0
DNK	2016	0.4537858471969603	313115929314.339	5728010.0	Europe	0.0	1.0	0.0
DNK	2017	0.4533334993824808	329417067127.817	5764980.0	Europe	0.0	1.0	0.0
DNK	2018		355675329085.952	5793636.0	Europe	0.0	1.0	0.0
DNK	2019		348078018463.905	5818553.0	Europe	0.0	1.0	0.0
DNK	2020		348078018463.905	5818553.0	Europe	0.0	1.0	0.0
DOM	2011	0.1229764740430864	58029750745.6495	9813210.0	Latin America	0.0	0.0	0.0
DOM	2012	0.13026462477263392	60681537195.7996	9930911.0	Latin America	0.0	0.0	0.0
DOM	2013	0.13503534068250647	62682163837.347	10048224.0	Latin America	0.0	0.0	0.0
DOM	2014	0.13610374498572736	67179914026.9623	10165178.0	Latin America	0.0	0.0	0.0
DOM	2015	0.13228784594714887	71164825256.6849	10281680.0	Latin America	0.0	0.0	0.0
DOM	2016	0.1346292077881155	75704720189.5607	10397743.0	Latin America	0.0	0.0	0.0
DOM	2017	0.13658153525187164	79997975621.8654	10513131.0	Latin America	0.0	0.0	0.0
DOM	2018		85555378042.8196	10627165.0	Latin America	0.0	0.0	0.0
DOM	2019		88941298257.7215	10738958.0	Latin America	0.0	0.0	0.0
DOM	2020		88941298257.7215	10738958.0	Latin America	0.0	0.0	0.0
DOM	2021		88941298257.7215	10738958.0	Latin America	0.0	0.0	0.0
DOM	2022		88941298257.7215	10738958.0	Latin America	0.0	0.0	0.0
DOM	2023		88941298257.7215	10738958.0	Latin America	0.0	0.0	0.0
DOM	2024		88941298257.7215	10738958.0	Latin America	0.0	0.0	0.0
DOM	2025		88941298257.7215	10738958.0	Latin America	0.0	0.0	0.0
DOM	2026		88941298257.7215	10738958.0	Latin America	0.0	0.0	0.0
DZA	2011		200019468616.453	36661444.0	Africa	0.0	0.0	0.0
DZA	2012		209060307470.078	37383887.0	Africa	0.0	0.0	0.0
DZA	2013		209754763860.68	38140132.0	Africa	0.0	0.0	0.0
DZA	2014		213808808746.696	38923687.0	Africa	0.0	0.0	0.0
DZA	2015		165979418301.861	39728025.0	Africa	0.0	0.0	0.0
DZA	2016	0.14162544008308084	160033844070.572	40551404.0	Africa	0.0	0.0	0.0
DZA	2017	0.1432174722089265	167389364980.671	41389198.0	Africa	0.0	0.0	0.0
DZA	2018		173757952824.25	42228429.0	Africa	0.0	0.0	0.0
DZA	2019		169988236398.126	43053054.0	Africa	0.0	0.0	0.0
DZA	2020		169988236398.126	43053054.0	Africa	0.0	0.0	0.0
DZA	2021		169988236398.126	43053054.0	Africa	0.0	0.0	0.0
DZA	2022		169988236398.126	43053054.0	Africa	0.0	0.0	0.0
DZA	2023		169988236398.126	43053054.0	Africa	0.0	0.0	0.0
DZA	2024		169988236398.126	43053054.0	Africa	0.0	0.0	0.0
DZA	2025		169988236398.126	43053054.0	Africa	0.0	0.0	0.0
DZA	2026		169988236398.126	43053054.0	Africa	0.0	0.0	0.0
EAZ	2011		828800000.0					0.0
EAZ	2012		911600000.0					0.0
EAZ	2013		994400000.0					0.0
EAZ	2014		1077200000.0					0.0
EAZ	2015		1160000000.0					0.0
EAZ	2016		1207000000.0					0.0
EAZ	2017		1391000000.0					0.0
EAZ	2018		1391000000.0					0.0
EAZ	2019		1391000000.0					0.0
EAZ	2020		1391000000.0					0.0
ECU	2011	0.1231794845920002	79276664000.0	15243883.0	Latin America	0.0	0.0	0.0
ECU	2012	0.13937658231447256	87924544000.0	15474102.0	Latin America	0.0	0.0	0.0
ECU	2013	0.1436720172395669	95129659000.0	15707474.0	Latin America	0.0	0.0	0.0
ECU	2014	0.1418782317205041	101726331000.0	15951838.0	Latin America	0.0	0.0	0.0
ECU	2015	0.15690653640850036	99290381000.0	16212020.0	Latin America	0.0	0.0	0.0
ECU	2016	0.14671663431327422	99937696000.0	16491115.0	Latin America	0.0	0.0	0.0
ECU	2017	0.1419406401012503	104295862000.0	16785361.0	Latin America	0.0	0.0	0.0
ECU	2018		107562008000.0	17084357.0	Latin America	0.0	0.0	0.0
ECU	2019		107435665000.0	17373662.0	Latin America	0.0	0.0	0.0
ECU	2020		107435665000.0	17373662.0	Latin America	0.0	0.0	0.0
ECU	2021		107435665000.0	17373662.0	Latin America	0.0	0.0	0.0
ECU	2022		107435665000.0	17373662.0	Latin America	0.0	0.0	0.0
ECU	2023		107435665000.0	17373662.0	Latin America	0.0	0.0	0.0
ECU	2024		107435665000.0	17373662.0	Latin America	0.0	0.0	0.0
ECU	2025		107435665000.0	17373662.0	Latin America	0.0	0.0	0.0
ECU	2026		107435665000.0	17373662.0	Latin America	0.0	0.0	0.0
EGY	2011	0.13322808560580102	236001858960.015	84529250.0	Africa	0.0	0.0	0.0
EGY	2012	0.1238430763718875	279372758361.832	86422240.0	Africa	0.0	0.0	0.0
EGY	2013	0.13497097398408944	288586231501.877	88404640.0	Africa	0.0	0.0	0.0
EGY	2014	0.12220657276995305	305529656458.438	90424654.0	Africa	0.0	0.0	0.0
EGY	2015	0.12520970579810958	332698041030.807	92442547.0	Africa	0.0	0.0	0.0
EGY	2016	0.13002878866169632	332927833278.038	94447072.0	Africa	0.0	0.0	0.0
EGY	2017	0.13314121037463975	235369129337.71106	96442593.0	Africa	0.0	0.0	0.0
EGY	2018		250894760351.232	98423595.0	Africa	0.0	0.0	0.0
EGY	2019		303175127597.521	100388073.0	Africa	0.0	0.0	0.0
EGY	2020		303175127597.521	100388073.0	Africa	0.0	0.0	0.0
EGY	2021		303175127597.521	100388073.0	Africa	0.0	0.0	0.0
EGY	2022		303175127597.521	100388073.0	Africa	0.0	0.0	0.0
EGY	2023		303175127597.521	100388073.0	Africa	0.0	0.0	0.0
EGY	2024		303175127597.521	100388073.0	Africa	0.0	0.0	0.0
EGY	2025		303175127597.521	100388073.0	Africa	0.0	0.0	0.0
EGY	2026		303175127597.521	100388073.0	Africa	0.0	0.0	0.0
ERI	2011		2065001626.0162601	3213972.0	Africa	0.0	0.0	0.0
ERI	2012		2659251219.512195	3562106.6	Africa	0.0	0.0	0.0
ERI	2013		3253500813.00813	3910241.2	Africa	0.0	0.0	0.0
ERI	2014		3847750406.504065	4258375.8	Africa	0.0	0.0	0.0
ERI	2015		4442000000.0	4606510.4	Africa	0.0	0.0	0.0
ERI	2016		5005000000.0	4954645.0	Africa	0.0	0.0	0.0
ERI	2017		5813000000.0	3412900.0	Africa	0.0	0.0	0.0
ERI	2018		6720000000.0	5970646.0	Africa	0.0	0.0	0.0
ERI	2019		6720000000.0	3497100.0	Africa	0.0	0.0	0.0
ERI	2020		6720000000.0	3497100.0	Africa	0.0	0.0	0.0
ERI	2021		6720000000.0	3497100.0	Africa	0.0	0.0	0.0
ERI	2022		6720000000.0	3497100.0	Africa	0.0	0.0	0.0
ERI	2023		6720000000.0	3497100.0	Africa	0.0	0.0	0.0
ERI	2024		6720000000.0	3497100.0	Africa	0.0	0.0	0.0
ERI	2025		6720000000.0	3497100.0	Africa	0.0	0.0	0.0
ERI	2026		6720000000.0	3497100.0	Africa	0.0	0.0	0.0
ESH	2011			490628.5714285714	Africa	0.0	0.0	0.0
ESH	2012			500957.1428571429	Africa	0.0	0.0	0.0
ESH	2013			511285.7142857143	Africa	0.0	0.0	0.0
ESH	2014			521614.2857142858	Africa	0.0	0.0	0.0
ESH	2015			531942.8571428572	Africa	0.0	0.0	0.0
ESH	2016			542271.4285714286	Africa	0.0	0.0	0.0
ESH	2017			552600.0	Africa	0.0	0.0	0.0
ESH	2018			619551.0	Africa	0.0	0.0	0.0
ESH	2019			582500.0	Africa	0.0	0.0	0.0
ESH	2020			582500.0	Africa	0.0	0.0	0.0
ESP	2011	0.1943623672287356	1478772824224.03	46742697.0	Europe	0.0	1.0	0.0
ESP	2012	0.2065155373045335	1324820091194.67	46773055.0	Europe	0.0	1.0	0.0
ESP	2013	0.2163771158927161	1354757433212.72	46620045.0	Europe	0.0	1.0	0.0
ESP	2014	0.2208320662542637	1369398844599.58	46480882.0	Europe	0.0	1.0	0.0
ESP	2015	0.22270402989354127	1195119269971.52	46444832.0	Europe	0.0	1.0	0.0
ESP	2016	0.21845094749450275	1232076017361.53	46484062.0	Europe	0.0	1.0	0.0
ESP	2017	0.2210255221551547	1312551705955.3	46593236.0	Europe	0.0	1.0	0.0
ESP	2018		1419735245004.7	46797754.0	Europe	0.0	1.0	0.0
ESP	2019		1394116310768.63	47076781.0	Europe	0.0	1.0	0.0
ESP	2020		1394116310768.63	47076781.0	Europe	0.0	1.0	0.0
EST	2011	0.1990388768898488	23391529311.2497	1327439.0	Europe	0.0	1.0	0.0
EST	2012	0.2051458042932813	23192709238.817	1322696.0	Europe	0.0	1.0	0.0
EST	2013	0.2065693006549757	25271407238.6622	1317997.0	Europe	0.0	1.0	0.0
EST	2014	0.2141078709934699	26773472961.8253	1314545.0	Europe	0.0	1.0	0.0
EST	2015	0.22217949835367035	23048864242.6072	1315407.0	Europe	0.0	1.0	0.0
EST	2016	0.22526458515888026	23996451497.6139	1315790.0	Europe	0.0	1.0	0.0
EST	2017	0.21803472369256827	26859101053.8139	1317384.0	Europe	0.0	1.0	0.0
EST	2018		30747159197.8965	1321977.0	Europe	0.0	1.0	0.0
EST	2019		31386949981.236	1326590.0	Europe	0.0	1.0	0.0
EST	2020		31386949981.236	1326590.0	Europe	0.0	1.0	0.0
ETH	2011	0.11450864818794787	31952763089.33	90139927.0	Africa	0.0	0.0	0.0
ETH	2012	0.11472904729662825	43310721414.0829	92726971.0	Africa	0.0	0.0	0.0
ETH	2013	0.1234368529543061	47648211133.2183	95385785.0	Africa	0.0	0.0	0.0
ETH	2014	0.12548629604317393	55612228233.5179	98094253.0	Africa	0.0	0.0	0.0
ETH	2015	0.12733587526897958	64589334978.8013	100835458.0	Africa	0.0	0.0	0.0
ETH	2016	0.12361154365202948	74296618481.0882	103603501.0	Africa	0.0	0.0	0.0
ETH	2017	0.11633234808984536	81770791970.982	106400024.0	Africa	0.0	0.0	0.0
ETH	2018		84269348327.3454	109224559.0	Africa	0.0	0.0	0.0
ETH	2019		96107662398.1749	112078730.0	Africa	0.0	0.0	0.0
ETH	2020		96107662398.1749	112078730.0	Africa	0.0	0.0	0.0
ETH	2021		96107662398.1749	112078730.0	Africa	0.0	0.0	0.0
ETH	2022		96107662398.1749	112078730.0	Africa	0.0	0.0	0.0
ETH	2023		96107662398.1749	112078730.0	Africa	0.0	0.0	0.0
ETH	2024		96107662398.1749	112078730.0	Africa	0.0	0.0	0.0
ETH	2025		96107662398.1749	112078730.0	Africa	0.0	0.0	0.0
ETH	2026		96107662398.1749	112078730.0	Africa	0.0	0.0	0.0
FIN	2011	0.2995596056260762	275243697751.011	5388272.0	Europe	0.0	1.0	0.0
FIN	2012	0.3003508631433533	258304834621.605	5413971.0	Europe	0.0	1.0	0.0
FIN	2013	0.3101043582606301	271285280621.37305	5438972.0	Europe	0.0	1.0	0.0
FIN	2014	0.31155279986762313	274497230802.958	5461512.0	Europe	0.0	1.0	0.0
FIN	2015	0.31218392778763765	234440080998.273	5479531.0	Europe	0.0	1.0	0.0
FIN	2016	0.3122700834293488	240607907010.383	5495303.0	Europe	0.0	1.0	0.0
FIN	2017	0.31240815925464394	255122545770.778	5508214.0	Europe	0.0	1.0	0.0
FIN	2018		275893681355.892	5515525.0	Europe	0.0	1.0	0.0
FIN	2019		268761201364.705	5520314.0	Europe	0.0	1.0	0.0
FIN	2020		268761201364.705	5520314.0	Europe	0.0	1.0	0.0
FJI	2011	0.23024513918439715	3774530615.65916	863449.0	Oceania	0.0	0.0	0.0
FJI	2012	0.23231713136427565	3972012570.5346704	865069.0	Oceania	0.0	0.0	0.0
FJI	2013	0.23644716562986004	4190143206.25611	865608.0	Oceania	0.0	0.0	0.0
FJI	2014	0.2461781082013708	4856963229.83999	866453.0	Oceania	0.0	0.0	0.0
FJI	2015	0.25482473267650274	4682546863.08162	868627.0	Oceania	0.0	0.0	0.0
FJI	2016	0.2531218670590691	4930204229.72263	872399.0	Oceania	0.0	0.0	0.0
FJI	2017	0.2703869668688574	5353404422.08138	877459.0	Oceania	0.0	0.0	0.0
FJI	2018		5536759653.15704	883483.0	Oceania	0.0	0.0	0.0
FJI	2019		5535548972.41252	889953.0	Oceania	0.0	0.0	0.0
FJI	2020		5535548972.41252	889953.0	Oceania	0.0	0.0	0.0
FJI	2021		5535548972.41252	889953.0	Oceania	0.0	0.0	0.0
FJI	2022		5535548972.41252	889953.0	Oceania	0.0	0.0	0.0
FJI	2023		5535548972.41252	889953.0	Oceania	0.0	0.0	0.0
FJI	2024		5535548972.41252	889953.0	Oceania	0.0	0.0	0.0
FJI	2025		5535548972.41252	889953.0	Oceania	0.0	0.0	0.0
FJI	2026		5535548972.41252	889953.0	Oceania	0.0	0.0	0.0
FLK	2011			2900.0	Caribbean/American isl.	1.0	0.0	1.0
FLK	2012			2900.0	Caribbean/American isl.	1.0	0.0	1.0
FLK	2013		229000000.0	2974.5	Caribbean/American isl.	1.0	0.0	1.0
FLK	2014		217700000.0	3049.0	Caribbean/American isl.	1.0	0.0	1.0
FLK	2015		206400000.0	3123.5	Caribbean/American isl.	1.0	0.0	1.0
FLK	2016		206400000.0	3198.0	Caribbean/American isl.	1.0	0.0	1.0
FLK	2017		206400000.0	2900.0	Caribbean/American isl.	1.0	0.0	1.0
FLK	2018		206400000.0	3150.0	Caribbean/American isl.	1.0	0.0	1.0
FLK	2019		206400000.0	3400.0	Caribbean/American isl.	1.0	0.0	1.0
FLK	2020		206400000.0	3400.0	Caribbean/American isl.	1.0	0.0	1.0
FRA	2011	0.2694246646618441	2861408170264.61	65342780.0	Europe	0.0	1.0	0.0
FRA	2012	0.2779934522213711	2683825225092.63	65659809.0	Europe	0.0	1.0	0.0
FRA	2013	0.2845878291509029	2811077725703.59	65998687.0	Europe	0.0	1.0	0.0
FRA	2014	0.2837117677705057	2852165760630.27	66312067.0	Europe	0.0	1.0	0.0
FRA	2015	0.28395988182475673	2438207896251.84	66548272.0	Europe	0.0	1.0	0.0
FRA	2016	0.28541083519925337	2471285607081.72	66724104.0	Europe	0.0	1.0	0.0
FRA	2017	0.2940112553508079	2595151045197.65	66864379.0	Europe	0.0	1.0	0.0
FRA	2018		2787863958885.49	66965912.0	Europe	0.0	1.0	0.0
FRA	2019		2715518274227.45	67059887.0	Europe	0.0	1.0	0.0
FRA	2020		2715518274227.45	67059887.0	Europe	0.0	1.0	0.0
FRO	2011		2490807830.57351	47823.0	Europe	0.0	0.0	1.0
FRO	2012		2366301251.6184697	47843.0	Europe	0.0	0.0	1.0
FRO	2013		2627049837.08135	47892.0	Europe	0.0	0.0	1.0
FRO	2014		2850743875.2784	47960.0	Europe	0.0	0.0	1.0
FRO	2015		2518096285.61661	48051.0	Europe	0.0	0.0	1.0
FRO	2016		2689157270.82312	48173.0	Europe	0.0	0.0	1.0
FRO	2017		2833300519.46872	48331.0	Europe	0.0	0.0	1.0
FRO	2018		2833300519.46872	48497.0	Europe	0.0	0.0	1.0
FRO	2019		2833300519.46872	48678.0	Europe	0.0	0.0	1.0
FRO	2020		2833300519.46872	48678.0	Europe	0.0	0.0	1.0
FSM	2011	0.11993569131832794	311301600.0	103450.0	Oceania	0.0	0.0	0.0
FSM	2012	0.1165644171779141	327248700.0	104506.0	Oceania	0.0	0.0	0.0
FSM	2013	0.1208860759493671	317214400.0	105926.0	Oceania	0.0	0.0	0.0
FSM	2014	0.18962264150943395	319271200.0	107446.0	Oceania	0.0	0.0	0.0
FSM	2015	0.1238095238095238	316489900.0	108895.0	Oceania	0.0	0.0	0.0
FSM	2016	0.12900302114803627	332265200.0	110215.0	Oceania	0.0	0.0	0.0
FSM	2017		366666800.0	111459.0	Oceania	0.0	0.0	0.0
FSM	2018		401932300.0	112640.0	Oceania	0.0	0.0	0.0
FSM	2019		401932300.0	113815.0	Oceania	0.0	0.0	0.0
FSM	2020		401932300.0	113815.0	Oceania	0.0	0.0	0.0
Foreign_controlled_US_comps	2016							
Foreign_controlled_US_comps	2017							
GAB	2011		18210308748.2912	1684635.0	Africa	0.0	0.0	0.0
GAB	2012		17170465294.0332	1749682.0	Africa	0.0	0.0	0.0
GAB	2013		17595745653.3676	1817071.0	Africa	0.0	0.0	0.0
GAB	2014		18203968001.8908	1883800.0	Africa	0.0	0.0	0.0
GAB	2015		14383107714.0388	1947686.0	Africa	0.0	0.0	0.0
GAB	2016		14023890620.3384	2007873.0	Africa	0.0	0.0	0.0
GAB	2017		14929488770.7315	2064823.0	Africa	0.0	0.0	0.0
GAB	2018		16862282413.8778	2119275.0	Africa	0.0	0.0	0.0
GAB	2019		16657960228.0892	2172579.0	Africa	0.0	0.0	0.0
GAB	2020		16657960228.0892	2172579.0	Africa	0.0	0.0	0.0
GAB	2021		16657960228.0892	2172579.0	Africa	0.0	0.0	0.0
GAB	2022		16657960228.0892	2172579.0	Africa	0.0	0.0	0.0
GAB	2023		16657960228.0892	2172579.0	Africa	0.0	0.0	0.0
GAB	2024		16657960228.0892	2172579.0	Africa	0.0	0.0	0.0
GAB	2025		16657960228.0892	2172579.0	Africa	0.0	0.0	0.0
GAB	2026		16657960228.0892	2172579.0	Africa	0.0	0.0	0.0
GBA	2011							0.0
GBA	2012							0.0
GBA	2013							0.0
GBA	2014							0.0
GBA	2015							0.0
GBA	2016							0.0
GBA	2017							0.0
GBA	2018							0.0
GBA	2019							0.0
GBA	2020							0.0
GBR	2011	0.2703852117600559	2659310054646.23	63258810.0	Europe	0.0	1.0	0.0
GBR	2012	0.26249040969771364	2704887678386.72	63700215.0	Europe	0.0	1.0	0.0
GBR	2013	0.2617639878502285	2786022872706.81	64128273.0	Europe	0.0	1.0	0.0
GBR	2014	0.2590787832782085	3063803240208.01	64602298.0	Europe	0.0	1.0	0.0
GBR	2015	0.2613936065279771	2928591002002.51	65116219.0	Europe	0.0	1.0	0.0
GBR	2016	0.2654491165360087	2694283209613.29	65611593.0	Europe	0.0	1.0	0.0
GBR	2017	0.2675865253728722	2666229179958.01	66058859.0	Europe	0.0	1.0	0.0
GBR	2018		2860667727551.97	66460344.0	Europe	0.0	1.0	0.0
GBR	2019		2827113184695.58	66834405.0	Europe	0.0	1.0	0.0
GBR	2020		2827113184695.58	66834405.0	Europe	0.0	1.0	0.0
GEO	2011	0.2520046007229708	15107441446.7833	3756441.0	Asia	0.0	0.0	0.0
GEO	2012	0.25493942752321624	16488403076.3641	3728874.0	Asia	0.0	0.0	0.0
GEO	2013	0.2480463366484151	17189551520.9811	3717668.0	Asia	0.0	0.0	0.0
GEO	2014	0.2484253859348199	17627003454.7205	3719414.0	Asia	0.0	0.0	0.0
GEO	2015	0.25226099004912456	14953950557.4406	3725276.0	Asia	0.0	0.0	0.0
GEO	2016	0.25819448117781896	15141758566.7808	3727505.0	Asia	0.0	0.0	0.0
GEO	2017	0.2583797923217164	16242916915.7203	3728004.0	Asia	0.0	0.0	0.0
GEO	2018		17599700090.762	3726549.0	Asia	0.0	0.0	0.0
GEO	2019		17743195770.1998	3720382.0	Asia	0.0	0.0	0.0
GEO	2020		17743195770.1998	3720382.0	Asia	0.0	0.0	0.0
GEO	2021		17743195770.1998	3720382.0	Asia	0.0	0.0	0.0
GEO	2022		17743195770.1998	3720382.0	Asia	0.0	0.0	0.0
GEO	2023		17743195770.1998	3720382.0	Asia	0.0	0.0	0.0
GEO	2024		17743195770.1998	3720382.0	Asia	0.0	0.0	0.0
GEO	2025		17743195770.1998	3720382.0	Asia	0.0	0.0	0.0
GEO	2026		17743195770.1998	3720382.0	Asia	0.0	0.0	0.0
GGY	2011		3178800000.0		Europe	1.0	0.0	1.0
GGY	2012		3251600000.0		Europe	1.0	0.0	1.0
GGY	2013		3324400000.0		Europe	1.0	0.0	1.0
GGY	2014		3397200000.0		Europe	1.0	0.0	1.0
GGY	2015		3470000000.0		Europe	1.0	0.0	1.0
GGY	2016		3470000000.0	63026.0	Europe	1.0	0.0	1.0
GGY	2017		3470000000.0	64861.5	Europe	1.0	0.0	1.0
GGY	2018		3470000000.0	66697.0	Europe	1.0	0.0	1.0
GGY	2019		3470000000.0	66697.0	Europe	1.0	0.0	1.0
GGY	2020		3470000000.0	66697.0	Europe	1.0	0.0	1.0
GHA	2011	0.10722349358223494	39337314809.9434	25387710.0	Africa	0.0	0.0	0.0
GHA	2012	0.10994504833893427	41270954737.2459	25996449.0	Africa	0.0	0.0	0.0
GHA	2013	0.10286527294783664	62405374785.5052	26607642.0	Africa	0.0	0.0	0.0
GHA	2014	0.10899232466721996	53660342159.7735	27224472.0	Africa	0.0	0.0	0.0
GHA	2015	0.11740751888868566	48564863888.4402	27849205.0	Africa	0.0	0.0	0.0
GHA	2016	0.12377315566053088	55009730600.0307	28481946.0	Africa	0.0	0.0	0.0
GHA	2017	0.12378102707356888	58998132329.6173	29121471.0	Africa	0.0	0.0	0.0
GHA	2018		65556464048.1539	29767108.0	Africa	0.0	0.0	0.0
GHA	2019		66983634223.943	30417856.0	Africa	0.0	0.0	0.0
GHA	2020		66983634223.943	30417856.0	Africa	0.0	0.0	0.0
GHA	2021		66983634223.943	30417856.0	Africa	0.0	0.0	0.0
GHA	2022		66983634223.943	30417856.0	Africa	0.0	0.0	0.0
GHA	2023		66983634223.943	30417856.0	Africa	0.0	0.0	0.0
GHA	2024		66983634223.943	30417856.0	Africa	0.0	0.0	0.0
GHA	2025		66983634223.943	30417856.0	Africa	0.0	0.0	0.0
GHA	2026		66983634223.943	30417856.0	Africa	0.0	0.0	0.0
GIB	2011			33612.0	Europe	1.0	0.0	1.0
GIB	2012			33646.0	Europe	1.0	0.0	1.0
GIB	2013		2566219520.0	33692.0	Europe	1.0	0.0	1.0
GIB	2014		2044000000.0	33725.0	Europe	1.0	0.0	1.0
GIB	2015		2044000000.0	33736.0	Europe	1.0	0.0	1.0
GIB	2016		2044000000.0	33737.0	Europe	1.0	0.0	1.0
GIB	2017		2044000000.0	33728.0	Europe	1.0	0.0	1.0
GIB	2018		2044000000.0	33718.0	Europe	1.0	0.0	1.0
GIB	2019		2044000000.0	33701.0	Europe	1.0	0.0	1.0
GIB	2020		2044000000.0	33701.0	Europe	1.0	0.0	1.0
GIN	2011	0.11464051708871968	6785137172.770579	10420471.0	Africa	0.0	0.0	0.0
GIN	2012	0.14727243695577022	7638045254.42864	10652029.0	Africa	0.0	0.0	0.0
GIN	2013	0.1316685388404044	8376613843.27265	10892810.0	Africa	0.0	0.0	0.0
GIN	2014	0.13069298581334854	8778473614.54727	11150977.0	Africa	0.0	0.0	0.0
GIN	2015	0.1303225022406538	8794202443.67366	11432088.0	Africa	0.0	0.0	0.0
GIN	2016	0.14030988844529454	8603884845.39159	11738441.0	Africa	0.0	0.0	0.0
GIN	2017	0.13163891560763796	10336634798.7593	12067539.0	Africa	0.0	0.0	0.0
GIN	2018		12207116729.0778	12414318.0	Africa	0.0	0.0	0.0
GIN	2019		13590281808.6928	12771246.0	Africa	0.0	0.0	0.0
GIN	2020		13590281808.6928	12771246.0	Africa	0.0	0.0	0.0
GIN	2021		13590281808.6928	12771246.0	Africa	0.0	0.0	0.0
GIN	2022		13590281808.6928	12771246.0	Africa	0.0	0.0	0.0
GIN	2023		13590281808.6928	12771246.0	Africa	0.0	0.0	0.0
GIN	2024		13590281808.6928	12771246.0	Africa	0.0	0.0	0.0
GIN	2025		13590281808.6928	12771246.0	Africa	0.0	0.0	0.0
GIN	2026		13590281808.6928	12771246.0	Africa	0.0	0.0	0.0
GLP	2011			404101.66666666674	Caribbean/American isl.	0.0	0.0	0.0
GLP	2012		10300000000.0	402103.33333333326	Caribbean/American isl.	0.0	0.0	0.0
GLP	2013		10300000000.0	400105.0	Caribbean/American isl.	0.0	0.0	0.0
GLP	2014		10300000000.0	398106.66666666674	Caribbean/American isl.	0.0	0.0	0.0
GLP	2015		10300000000.0	396108.33333333326	Caribbean/American isl.	0.0	0.0	0.0
GLP	2016		10300000000.0	394110.0	Caribbean/American isl.	0.0	0.0	0.0
GLP	2017		10300000000.0	399700.0	Caribbean/American isl.	0.0	0.0	0.0
GLP	2018		10300000000.0	399900.0	Caribbean/American isl.	0.0	0.0	0.0
GLP	2019		10300000000.0	400100.0	Caribbean/American isl.	0.0	0.0	0.0
GLP	2020		10300000000.0	400100.0	Caribbean/American isl.	0.0	0.0	0.0
GMB	2011	0.09179881972946062	1409694553.9093401	1848147.0	Africa	0.0	0.0	0.0
GMB	2012	0.09247250580554704	1415006238.0950902	1905011.0	Africa	0.0	0.0	0.0
GMB	2013	0.09315241272682886	1375608956.10386	1963711.0	Africa	0.0	0.0	0.0
GMB	2014	0.10522409363402796	1229460601.92174	2024042.0	Africa	0.0	0.0	0.0
GMB	2015	0.11488356395545055	1354788658.6494	2085860.0	Africa	0.0	0.0	0.0
GMB	2016	0.11141480369697447	1470006033.90217	2149139.0	Africa	0.0	0.0	0.0
GMB	2017	0.10221838087006628	1498044491.4304	2213894.0	Africa	0.0	0.0	0.0
GMB	2018		1624600882.32255	2280102.0	Africa	0.0	0.0	0.0
GMB	2019		1763819047.69838	2347706.0	Africa	0.0	0.0	0.0
GMB	2020		1763819047.69838	2347706.0	Africa	0.0	0.0	0.0
GMB	2021		1763819047.69838	2347706.0	Africa	0.0	0.0	0.0
GMB	2022		1763819047.69838	2347706.0	Africa	0.0	0.0	0.0
GMB	2023		1763819047.69838	2347706.0	Africa	0.0	0.0	0.0
GMB	2024		1763819047.69838	2347706.0	Africa	0.0	0.0	0.0
GMB	2025		1763819047.69838	2347706.0	Africa	0.0	0.0	0.0
GMB	2026		1763819047.69838	2347706.0	Africa	0.0	0.0	0.0
GNB	2011	0.07775599666594635	1098379391.95039	1562989.0	Africa	0.0	0.0	0.0
GNB	2012	0.07701780715057872	989327811.785114	1604979.0	Africa	0.0	0.0	0.0
GNB	2013	0.06851674789320678	1045790132.98518	1648257.0	Africa	0.0	0.0	0.0
GNB	2014	0.0848577001643398	1053512334.17271	1692439.0	Africa	0.0	0.0	0.0
GNB	2015	0.09988285145370696	1047808175.0005699	1737202.0	Africa	0.0	0.0	0.0
GNB	2016	0.0908850197156086	1178204501.38801	1782437.0	Africa	0.0	0.0	0.0
GNB	2017	0.10370043457242384	1346841897.00437	1828146.0	Africa	0.0	0.0	0.0
GNB	2018		1458156026.13413	1874309.0	Africa	0.0	0.0	0.0
GNB	2019		1340389410.76003	1920922.0	Africa	0.0	0.0	0.0
GNB	2020		1340389410.76003	1920922.0	Africa	0.0	0.0	0.0
GNB	2021		1340389410.76003	1920922.0	Africa	0.0	0.0	0.0
GNB	2022		1340389410.76003	1920922.0	Africa	0.0	0.0	0.0
GNB	2023		1340389410.76003	1920922.0	Africa	0.0	0.0	0.0
GNB	2024		1340389410.76003	1920922.0	Africa	0.0	0.0	0.0
GNB	2025		1340389410.76003	1920922.0	Africa	0.0	0.0	0.0
GNB	2026		1340389410.76003	1920922.0	Africa	0.0	0.0	0.0
GNQ	2011	0.07014671891703005	21357344847.4966	986853.0	Africa	0.0	0.0	0.0
GNQ	2012	0.0879225784394066	22388345810.2466	1031191.0	Africa	0.0	0.0	0.0
GNQ	2013	0.08357531893531685	21948835350.3425	1076413.0	Africa	0.0	0.0	0.0
GNQ	2014	0.09212001656299287	21765454404.421	1122276.0	Africa	0.0	0.0	0.0
GNQ	2015	0.11327163898802114	13185496836.4124	1168568.0	Africa	0.0	0.0	0.0
GNQ	2016	0.0633503318386458	11240809132.4145	1215179.0	Africa	0.0	0.0	0.0
GNQ	2017	0.0592532722908732	12200914929.5961	1262001.0	Africa	0.0	0.0	0.0
GNQ	2018		13278488567.3058	1308974.0	Africa	0.0	0.0	0.0
GNQ	2019		11026774945.3415	1355986.0	Africa	0.0	0.0	0.0
GNQ	2020		11026774945.3415	1355986.0	Africa	0.0	0.0	0.0
GRC	2011	0.2294895884151496	287797822093.178	11104899.0	Europe	0.0	1.0	0.0
GRC	2012	0.2455440262756009	245670666639.047	11045011.0	Europe	0.0	1.0	0.0
GRC	2013	0.2474177156331993	239862011450.103	10965211.0	Europe	0.0	1.0	0.0
GRC	2014	0.25347595378828586	237029579260.722	10892413.0	Europe	0.0	1.0	0.0
GRC	2015	0.2577880829074005	196591353761.226	10820883.0	Europe	0.0	1.0	0.0
GRC	2016	0.2739563029781061	195222443512.9369	10775971.0	Europe	0.0	1.0	0.0
GRC	2017	0.2734536117368965	203588424288.428	10754679.0	Europe	0.0	1.0	0.0
GRC	2018		218138367444.99	10732882.0	Europe	0.0	1.0	0.0
GRC	2019		209852761468.68106	10716322.0	Europe	0.0	1.0	0.0
GRC	2020		209852761468.68106	10716322.0	Europe	0.0	1.0	0.0
GRD	2011	0.19173775499524265	778655925.925926	106796.0	Caribbean/American isl.	0.0	0.0	0.0
GRD	2012	0.18665775972222226	799882259.259259	107446.0	Caribbean/American isl.	0.0	0.0	0.0
GRD	2013	0.1841689925274725	842620111.111111	108170.0	Caribbean/American isl.	0.0	0.0	0.0
GRD	2014	0.19429261275904106	911497407.407407	108902.0	Caribbean/American isl.	0.0	0.0	0.0
GRD	2015	0.1900445765230312	997007925.925926	109599.0	Caribbean/American isl.	0.0	0.0	0.0
GRD	2016	0.20949057920446607	1061631222.22222	110261.0	Caribbean/American isl.	0.0	0.0	0.0
GRD	2017	0.21422937890239893	1125685185.18519	110874.0	Caribbean/American isl.	0.0	0.0	0.0
GRD	2018		1168696296.2963	111454.0	Caribbean/American isl.	0.0	0.0	0.0
GRD	2019		1228170370.37037	112003.0	Caribbean/American isl.	0.0	0.0	0.0
GRD	2020		1228170370.37037	112003.0	Caribbean/American isl.	0.0	0.0	0.0
GRD	2021		1228170370.37037	112003.0	Caribbean/American isl.	0.0	0.0	0.0
GRD	2022		1228170370.37037	112003.0	Caribbean/American isl.	0.0	0.0	0.0
GRD	2023		1228170370.37037	112003.0	Caribbean/American isl.	0.0	0.0	0.0
GRD	2024		1228170370.37037	112003.0	Caribbean/American isl.	0.0	0.0	0.0
GRD	2025		1228170370.37037	112003.0	Caribbean/American isl.	0.0	0.0	0.0
GRD	2026		1228170370.37037	112003.0	Caribbean/American isl.	0.0	0.0	0.0
GRL	2011		2684467375.71479	56890.0	Northern America	0.0	0.0	1.0
GRL	2012		2609667673.71601	56810.0	Northern America	0.0	0.0	1.0
GRL	2013		2684952726.88425	56483.0	Northern America	0.0	0.0	1.0
GRL	2014		2842048997.77283	56295.0	Northern America	0.0	0.0	1.0
GRL	2015		2499115623.00272	56114.0	Northern America	0.0	0.0	1.0
GRL	2016		2707146783.13056	56186.0	Northern America	0.0	0.0	1.0
GRL	2017		2826651925.6690197	56172.0	Northern America	0.0	0.0	1.0
GRL	2018		3051626389.63671	56023.0	Northern America	0.0	0.0	1.0
GRL	2019		3051626389.63671	56225.0	Northern America	0.0	0.0	1.0
GRL	2020		3051626389.63671	56225.0	Northern America	0.0	0.0	1.0
GTM	2011	0.1083779995525751	47654783851.8252	14521515.0	Latin America	0.0	0.0	0.0
GTM	2012	0.10835960625552604	50388460924.7345	14781942.0	Latin America	0.0	0.0	0.0
GTM	2013	0.109260948775461	52996540576.3161	15043981.0	Latin America	0.0	0.0	0.0
GTM	2014	0.10818064357081662	57852399834.4585	15306316.0	Latin America	0.0	0.0	0.0
GTM	2015	0.1021309392091009	62186186575.7433	15567419.0	Latin America	0.0	0.0	0.0
GTM	2016	0.1039394023992741	66053725049.0138	15827690.0	Latin America	0.0	0.0	0.0
GTM	2017	0.10164150389904418	71612352781.0667	16087418.0	Latin America	0.0	0.0	0.0
GTM	2018		73118147808.2775	16346950.0	Latin America	0.0	0.0	0.0
GTM	2019		76710385879.6627	16604026.0	Latin America	0.0	0.0	0.0
GTM	2020		76710385879.6627	16604026.0	Latin America	0.0	0.0	0.0
GTM	2021		76710385879.6627	16604026.0	Latin America	0.0	0.0	0.0
GTM	2022		76710385879.6627	16604026.0	Latin America	0.0	0.0	0.0
GTM	2023		76710385879.6627	16604026.0	Latin America	0.0	0.0	0.0
GTM	2024		76710385879.6627	16604026.0	Latin America	0.0	0.0	0.0
GTM	2025		76710385879.6627	16604026.0	Latin America	0.0	0.0	0.0
GTM	2026		76710385879.6627	16604026.0	Latin America	0.0	0.0	0.0
GUF	2011			239028.57142857145	Caribbean/American isl.	0.0	0.0	0.0
GUF	2012			245057.1428571429	Caribbean/American isl.	0.0	0.0	0.0
GUF	2013			251085.7142857143	Caribbean/American isl.	0.0	0.0	0.0
GUF	2014			257114.2857142857	Caribbean/American isl.	0.0	0.0	0.0
GUF	2015			263142.85714285716	Caribbean/American isl.	0.0	0.0	0.0
GUF	2016		4400000000.0	269171.4285714286	Caribbean/American isl.	0.0	0.0	0.0
GUF	2017		4400000000.0	275200.0	Caribbean/American isl.	0.0	0.0	0.0
GUF	2018		4400000000.0	283000.0	Caribbean/American isl.	0.0	0.0	0.0
GUF	2019		4400000000.0	290800.0	Caribbean/American isl.	0.0	0.0	0.0
GUF	2020		4400000000.0	290800.0	Caribbean/American isl.	0.0	0.0	0.0
GUM	2011		4928000000.0	159692.0	Oceania	0.0	0.0	1.0
GUM	2012		5199000000.0	159996.0	Oceania	0.0	0.0	1.0
GUM	2013		5336000000.0	160407.0	Oceania	0.0	0.0	1.0
GUM	2014		5538000000.0	161016.0	Oceania	0.0	0.0	1.0
GUM	2015		5710000000.0	161853.0	Oceania	0.0	0.0	1.0
GUM	2016		5795000000.0	162951.0	Oceania	0.0	0.0	1.0
GUM	2017		5851000000.0	164281.0	Oceania	0.0	0.0	1.0
GUM	2018		5920000000.0	165768.0	Oceania	0.0	0.0	1.0
GUM	2019		5920000000.0	167294.0	Oceania	0.0	0.0	1.0
GUM	2020		5920000000.0	167294.0	Oceania	0.0	0.0	1.0
GUY	2011	0.2176270283638024	2576024115.57832	752028.0	Caribbean/American isl.	0.0	0.0	0.0
GUY	2012	0.20229691646830286	2861562265.8830104	755399.0	Caribbean/American isl.	0.0	0.0	0.0
GUY	2013	0.20842397902397608	2987684170.24434	759285.0	Caribbean/American isl.	0.0	0.0	0.0
GUY	2014	0.213888762105018	3077643313.70623	763380.0	Caribbean/American isl.	0.0	0.0	0.0
GUY	2015	0.2164407090288643	3197220338.98305	767432.0	Caribbean/American isl.	0.0	0.0	0.0
GUY	2016	0.20965171832870128	3504024213.0750604	771366.0	Caribbean/American isl.	0.0	0.0	0.0
GUY	2017	0.2285166318972356	3555205811.1380205	775221.0	Caribbean/American isl.	0.0	0.0	0.0
GUY	2018		3878662620.77146	779004.0	Caribbean/American isl.	0.0	0.0	0.0
GUY	2019		4280443645.0839295	782766.0	Caribbean/American isl.	0.0	0.0	0.0
GUY	2020		4280443645.0839295	782766.0	Caribbean/American isl.	0.0	0.0	0.0
GUY	2021		4280443645.0839295	782766.0	Caribbean/American isl.	0.0	0.0	0.0
GUY	2022		4280443645.0839295	782766.0	Caribbean/American isl.	0.0	0.0	0.0
GUY	2023		4280443645.0839295	782766.0	Caribbean/American isl.	0.0	0.0	0.0
GUY	2024		4280443645.0839295	782766.0	Caribbean/American isl.	0.0	0.0	0.0
GUY	2025		4280443645.0839295	782766.0	Caribbean/American isl.	0.0	0.0	0.0
GUY	2026		4280443645.0839295	782766.0	Caribbean/American isl.	0.0	0.0	0.0
HKG	2011	0.14215660427102558	248513617677.287	7071600.0	Asia	0.0	0.0	0.0
HKG	2012	0.13695185068277355	262629441493.476	7150100.0	Asia	0.0	0.0	0.0
HKG	2013	0.13382609122646208	275696879834.966	7178900.0	Asia	0.0	0.0	0.0
HKG	2014	0.1546080650264048	291459356985.337	7229500.0	Asia	0.0	0.0	0.0
HKG	2015	0.14368630852110678	309383627028.56104	7291300.0	Asia	0.0	0.0	0.0
HKG	2016	0.13574933149175708	320837638328.846	7336600.0	Asia	0.0	0.0	0.0
HKG	2017		341244161576.759	7391700.0	Asia	0.0	0.0	0.0
HKG	2018		361693053517.89294	7451000.0	Asia	0.0	0.0	0.0
HKG	2019		366029556273.051	7507400.0	Asia	0.0	0.0	0.0
HKG	2020		366029556273.051	7507400.0	Asia	0.0	0.0	0.0
HMD	2011				Oceania	0.0	0.0	0.0
HMD	2012				Oceania	0.0	0.0	0.0
HMD	2013				Oceania	0.0	0.0	0.0
HMD	2014				Oceania	0.0	0.0	0.0
HMD	2015				Oceania	0.0	0.0	0.0
HMD	2016				Oceania	0.0	0.0	0.0
HMD	2017				Oceania	0.0	0.0	0.0
HMD	2018				Oceania	0.0	0.0	0.0
HMD	2019				Oceania	0.0	0.0	0.0
HMD	2020				Oceania	0.0	0.0	0.0
HND	2011	0.1546398438190241	17710315005.9999	8480671.0	Latin America	0.0	0.0	0.0
HND	2012	0.15357444900760486	18528601901.324	8640691.0	Latin America	0.0	0.0	0.0
HND	2013	0.15699704791535538	18499710127.8385	8798521.0	Latin America	0.0	0.0	0.0
HND	2014	0.1717846047119549	19756494434.7031	8955589.0	Latin America	0.0	0.0	0.0
HND	2015	0.17899805605933905	20979767785.2104	9112916.0	Latin America	0.0	0.0	0.0
HND	2016	0.1933263698726816	21717622071.3816	9270795.0	Latin America	0.0	0.0	0.0
HND	2017	0.18697089776434367	23136232229.6069	9429013.0	Latin America	0.0	0.0	0.0
HND	2018		24024189735.8876	9587522.0	Latin America	0.0	0.0	0.0
HND	2019		25095395475.0393	9746117.0	Latin America	0.0	0.0	0.0
HND	2020		25095395475.0393	9746117.0	Latin America	0.0	0.0	0.0
HND	2021		25095395475.0393	9746117.0	Latin America	0.0	0.0	0.0
HND	2022		25095395475.0393	9746117.0	Latin America	0.0	0.0	0.0
HND	2023		25095395475.0393	9746117.0	Latin America	0.0	0.0	0.0
HND	2024		25095395475.0393	9746117.0	Latin America	0.0	0.0	0.0
HND	2025		25095395475.0393	9746117.0	Latin America	0.0	0.0	0.0
HND	2026		25095395475.0393	9746117.0	Latin America	0.0	0.0	0.0
HRV	2011	0.21060788444583065	62354273096.4277	4280622.0	Europe	0.0	0.0	0.0
HRV	2012	0.2240384830696499	56494367810.1978	4267558.0	Europe	0.0	0.0	0.0
HRV	2013	0.22451780158837809	58056933513.2956	4255689.0	Europe	0.0	0.0	0.0
HRV	2014	0.2258602312037616	57642914303.6081	4238389.0	Europe	0.0	0.0	0.0
HRV	2015	0.22622461839253746	49530641704.2124	4203604.0	Europe	0.0	0.0	0.0
HRV	2016	0.2299060472979704	51596973258.8892	4174349.0	Europe	0.0	0.0	0.0
HRV	2017		55319605060.5393	4124531.0	Europe	0.0	0.0	0.0
HRV	2018		60991399904.4434	4087843.0	Europe	0.0	0.0	0.0
HRV	2019		60415553038.8826	4067500.0	Europe	0.0	0.0	0.0
HRV	2020		60415553038.8826	4067500.0	Europe	0.0	0.0	0.0
HTI	2011	0.12855204157778996	7516834160.25277	10100320.0	Caribbean/American isl.	0.0	0.0	0.0
HTI	2012	0.1289565050402212	7890647021.756591	10250930.0	Caribbean/American isl.	0.0	0.0	0.0
HTI	2013	0.12213927583624355	8485077205.26002	10400673.0	Caribbean/American isl.	0.0	0.0	0.0
HTI	2014	0.12028307314208385	8775444941.93681	10549008.0	Caribbean/American isl.	0.0	0.0	0.0
HTI	2015	0.13406092976650205	8724656126.498491	10695542.0	Caribbean/American isl.	0.0	0.0	0.0
HTI	2016	0.13731527991820652	7970649131.234159	10839970.0	Caribbean/American isl.	0.0	0.0	0.0
HTI	2017		8409497402.4589	10982366.0	Caribbean/American isl.	0.0	0.0	0.0
HTI	2018		9658721169.632841	11123176.0	Caribbean/American isl.	0.0	0.0	0.0
HTI	2019		8498981820.87012	11263077.0	Caribbean/American isl.	0.0	0.0	0.0
HTI	2020		8498981820.87012	11263077.0	Caribbean/American isl.	0.0	0.0	0.0
HTI	2021		8498981820.87012	11263077.0	Caribbean/American isl.	0.0	0.0	0.0
HTI	2022		8498981820.87012	11263077.0	Caribbean/American isl.	0.0	0.0	0.0
HTI	2023		8498981820.87012	11263077.0	Caribbean/American isl.	0.0	0.0	0.0
HTI	2024		8498981820.87012	11263077.0	Caribbean/American isl.	0.0	0.0	0.0
HTI	2025		8498981820.87012	11263077.0	Caribbean/American isl.	0.0	0.0	0.0
HTI	2026		8498981820.87012	11263077.0	Caribbean/American isl.	0.0	0.0	0.0
HUN	2011	0.23900590144335224	141109576981.423	9971727.0	Europe	0.0	1.0	0.0
HUN	2012	0.2583370833110385	128153691809.34695	9920362.0	Europe	0.0	1.0	0.0
HUN	2013	0.2556529816941416	135409048034.154	9893082.0	Europe	0.0	1.0	0.0
HUN	2014	0.25640802899143184	140558786480.464	9866468.0	Europe	0.0	1.0	0.0
HUN	2015	0.2615853907911872	124529741437.176	9843028.0	Europe	0.0	1.0	0.0
HUN	2016	0.2614242928732129	127507473625.632	9814023.0	Europe	0.0	1.0	0.0
HUN	2017	0.2482005703019571	141510583019.556	9787966.0	Europe	0.0	1.0	0.0
HUN	2018		157882912778.254	9775564.0	Europe	0.0	1.0	0.0
HUN	2019		160967157503.612	9769949.0	Europe	0.0	1.0	0.0
HUN	2020		160967157503.612	9769949.0	Europe	0.0	1.0	0.0
IDN	2011	0.11159736691503253	892969107923.0941	245116206.0	Asia	0.0	0.0	0.0
IDN	2012	0.11386184379930858	917869910105.749	248452413.0	Asia	0.0	0.0	0.0
IDN	2013	0.11282054075503235	912524136718.018	251806402.0	Asia	0.0	0.0	0.0
IDN	2014	0.10851768970323136	890814755233.225	255129004.0	Asia	0.0	0.0	0.0
IDN	2015	0.1075797499097024	860854235065.0791	258383256.0	Asia	0.0	0.0	0.0
IDN	2016	0.10361458888573476	931877364177.742	261554226.0	Asia	0.0	0.0	0.0
IDN	2017	0.09879192686670996	1015618742565.81	264645886.0	Asia	0.0	0.0	0.0
IDN	2018		1042240309412.58	267663435.0	Asia	0.0	0.0	0.0
IDN	2019		1119190780752.8	270625568.0	Asia	0.0	0.0	0.0
IDN	2020		1119190780752.8	270625568.0	Asia	0.0	0.0	0.0
IDN	2021		1119190780752.8	270625568.0	Asia	0.0	0.0	0.0
IDN	2022		1119190780752.8	270625568.0	Asia	0.0	0.0	0.0
IDN	2023		1119190780752.8	270625568.0	Asia	0.0	0.0	0.0
IDN	2024		1119190780752.8	270625568.0	Asia	0.0	0.0	0.0
IDN	2025		1119190780752.8	270625568.0	Asia	0.0	0.0	0.0
IDN	2026		1119190780752.8	270625568.0	Asia	0.0	0.0	0.0
IMN	2011		6566098381.6696	84886.0	Europe	1.0	0.0	1.0
IMN	2012		6433357030.0158	84533.0	Europe	1.0	0.0	1.0
IMN	2013		6754330154.76004	83976.0	Europe	1.0	0.0	1.0
IMN	2014		7428280401.5139	83488.0	Europe	1.0	0.0	1.0
IMN	2015		6792417112.29947	83234.0	Europe	1.0	0.0	1.0
IMN	2016		6592627599.24386	83287.0	Europe	1.0	0.0	1.0
IMN	2017		6770532818.532821	83598.0	Europe	1.0	0.0	1.0
IMN	2018		6770532818.532821	84077.0	Europe	1.0	0.0	1.0
IMN	2019		6770532818.532821	84584.0	Europe	1.0	0.0	1.0
IMN	2020		6770532818.532821	84584.0	Europe	1.0	0.0	1.0
IND	2011		1823050405350.42	1250288729.0	Asia	0.0	0.0	0.0
IND	2012		1827637859135.7	1265782790.0	Asia	0.0	0.0	0.0
IND	2013		1856722121394.53	1280846129.0	Asia	0.0	0.0	0.0
IND	2014		2039127446298.55	1295604184.0	Asia	0.0	0.0	0.0
IND	2015		2103587817041.78	1310152403.0	Asia	0.0	0.0	0.0
IND	2016		2294797978291.98	1324509589.0	Asia	0.0	0.0	0.0
IND	2017		2652754685834.59	1338658835.0	Asia	0.0	0.0	0.0
IND	2018		2713165057513.35	1352617328.0	Asia	0.0	0.0	0.0
IND	2019		2875142314811.85	1366417754.0	Asia	0.0	0.0	0.0
IND	2020		2875142314811.85	1366417754.0	Asia	0.0	0.0	0.0
IND	2021		2875142314811.85	1366417754.0	Asia	0.0	0.0	0.0
IND	2022		2875142314811.85	1366417754.0	Asia	0.0	0.0	0.0
IND	2023		2875142314811.85	1366417754.0	Asia	0.0	0.0	0.0
IND	2024		2875142314811.85	1366417754.0	Asia	0.0	0.0	0.0
IND	2025		2875142314811.85	1366417754.0	Asia	0.0	0.0	0.0
IND	2026		2875142314811.85	1366417754.0	Asia	0.0	0.0	0.0
IOT	2011				Africa	1.0	0.0	1.0
IOT	2012			2500.0	Africa	1.0	0.0	1.0
IOT	2013			2500.0	Africa	1.0	0.0	1.0
IOT	2014			2500.0	Africa	1.0	0.0	1.0
IOT	2015			2500.0	Africa	1.0	0.0	1.0
IOT	2016			2500.0	Africa	1.0	0.0	1.0
IOT	2017			2500.0	Africa	1.0	0.0	1.0
IOT	2018			2500.0	Africa	1.0	0.0	1.0
IOT	2019			2500.0	Africa	1.0	0.0	1.0
IOT	2020			2500.0	Africa	1.0	0.0	1.0
IRL	2011	0.2210649804515145	237472361872.56	4580084.0	Europe	0.0	1.0	0.0
IRL	2012	0.2271326458361884	224999484104.853	4599533.0	Europe	0.0	1.0	0.0
IRL	2013	0.23240853173388826	238543538776.684	4623816.0	Europe	0.0	1.0	0.0
IRL	2014	0.2352769703214957	258471885130.304	4657740.0	Europe	0.0	1.0	0.0
IRL	2015	0.19242537663615936	291499812103.645	4701957.0	Europe	0.0	1.0	0.0
IRL	2016	0.1944380508434203	300523297712.96	4755335.0	Europe	0.0	1.0	0.0
IRL	2017	0.18986670707497216	335663113959.724	4807388.0	Europe	0.0	1.0	0.0
IRL	2018		382674360766.341	4867316.0	Europe	0.0	1.0	0.0
IRL	2019		388698711348.156	4941444.0	Europe	0.0	1.0	0.0
IRL	2020		388698711348.156	4941444.0	Europe	0.0	1.0	0.0
IRN	2011	0.05647865874065596	580764902917.439	74634956.0	Asia	0.0	0.0	0.0
IRN	2012	0.054251712244631586	598868460912.847	75539862.0	Asia	0.0	0.0	0.0
IRN	2013	0.05021529509324228	460293149324.326	76481943.0	Asia	0.0	0.0	0.0
IRN	2014	0.06302365692978053	432687036177.818	77465753.0	Asia	0.0	0.0	0.0
IRN	2015		384951479697.42	78492215.0	Asia	0.0	0.0	0.0
IRN	2016		417983578231.41705	79564016.0	Asia	0.0	0.0	0.0
IRN	2017		445345282122.682	80673951.0	Asia	0.0	0.0	0.0
IRN	2018		445345282122.682	81800269.0	Asia	0.0	0.0	0.0
IRN	2019		445345282122.682	82913906.0	Asia	0.0	0.0	0.0
IRN	2020		445345282122.682	82913906.0	Asia	0.0	0.0	0.0
IRN	2021		445345282122.682	82913906.0	Asia	0.0	0.0	0.0
IRN	2022		445345282122.682	82913906.0	Asia	0.0	0.0	0.0
IRN	2023		445345282122.682	82913906.0	Asia	0.0	0.0	0.0
IRN	2024		445345282122.682	82913906.0	Asia	0.0	0.0	0.0
IRN	2025		445345282122.682	82913906.0	Asia	0.0	0.0	0.0
IRN	2026		445345282122.682	82913906.0	Asia	0.0	0.0	0.0
IRQ	2011		185749664444.444	30725300.0	Asia	0.0	0.0	0.0
IRQ	2012		218000986222.6389	31890011.0	Asia	0.0	0.0	0.0
IRQ	2013		234637674957.118	33157050.0	Asia	0.0	0.0	0.0
IRQ	2014		234648370497.427	34411951.0	Asia	0.0	0.0	0.0
IRQ	2015		177498577312.923	35572261.0	Asia	0.0	0.0	0.0
IRQ	2016		174878976033.93698	36610632.0	Asia	0.0	0.0	0.0
IRQ	2017		195473049875.12686	37552781.0	Asia	0.0	0.0	0.0
IRQ	2018		224228010477.9189	38433600.0	Asia	0.0	0.0	0.0
IRQ	2019		234094042938.917	39309783.0	Asia	0.0	0.0	0.0
IRQ	2020		234094042938.917	39309783.0	Asia	0.0	0.0	0.0
IRS_Other_Africa	2016							
IRS_Other_Africa	2017							
IRS_Other_America	2016							
IRS_Other_America	2017							
IRS_Other_Asia_Oceania	2016							
IRS_Other_Asia_Oceania	2017							
IRS_Other_Europe	2016							
IRS_Other_Europe	2017							
ISL	2011	0.2953383808385958	15158548261.0475	319014.0	Europe	0.0	1.0	0.0
ISL	2012	0.3049128558474912	14724078152.3141	320716.0	Europe	0.0	1.0	0.0
ISL	2013	0.3094718095315881	16033517406.48	323764.0	Europe	0.0	1.0	0.0
ISL	2014	0.33798423677154266	17758050018.9682	327386.0	Europe	0.0	1.0	0.0
ISL	2015	0.3192288005405523	17389101641.2758	330815.0	Europe	0.0	1.0	0.0
ISL	2016	0.4738125615229592	20618363255.7616	335439.0	Europe	0.0	1.0	0.0
ISL	2017	0.3338092264304521	24488176539.6549	343400.0	Europe	0.0	1.0	0.0
ISL	2018		25737594324.9454	352721.0	Europe	0.0	1.0	0.0
ISL	2019		24188035738.7846	361313.0	Europe	0.0	1.0	0.0
ISL	2020		24188035738.7846	361313.0	Europe	0.0	1.0	0.0
ISR	2011	0.2568285303009108	261468634231.2	7765800.0	Asia	0.0	1.0	0.0
ISR	2012	0.2494391914966922	257180147032.142	7910500.0	Asia	0.0	1.0	0.0
ISR	2013	0.2571454186167446	292636164000.63696	8059500.0	Asia	0.0	1.0	0.0
ISR	2014	0.25931570154797645	309558454718.866	8215700.0	Asia	0.0	1.0	0.0
ISR	2015	0.2606728927629551	299813121212.641	8380100.0	Asia	0.0	1.0	0.0
ISR	2016	0.25955909309549235	318950599017.50604	8546000.0	Asia	0.0	1.0	0.0
ISR	2017	0.2725499893835374	353253406954.97	8713300.0	Asia	0.0	1.0	0.0
ISR	2018		370587977153.58295	8882800.0	Asia	0.0	1.0	0.0
ISR	2019		395098666121.616	9053300.0	Asia	0.0	1.0	0.0
ISR	2020		395098666121.616	9053300.0	Asia	0.0	1.0	0.0
ITA	2011	0.28981515651365136	2291991045770.29	59379449.0	Europe	0.0	1.0	0.0
ITA	2012	0.3082377935429083	2087077032435.15	59539717.0	Europe	0.0	1.0	0.0
ITA	2013	0.3093401074037813	2141315327318.21	60233948.0	Europe	0.0	1.0	0.0
ITA	2014	0.3054461360884138	2159133919743.77	60789140.0	Europe	0.0	1.0	0.0
ITA	2015	0.3015020222869214	1835899237320.04	60730582.0	Europe	0.0	1.0	0.0
ITA	2016	0.2961120752506184	1875797463583.87	60627498.0	Europe	0.0	1.0	0.0
ITA	2017	0.2936232703672986	1961796197354.36	60536709.0	Europe	0.0	1.0	0.0
ITA	2018		2085764300862.27	60421760.0	Europe	0.0	1.0	0.0
ITA	2019		2001244392041.57	60297396.0	Europe	0.0	1.0	0.0
ITA	2020		2001244392041.57	60297396.0	Europe	0.0	1.0	0.0
JAM	2011	0.23356822761344395	14444655299.8772	2825929.0	Caribbean/American isl.	0.0	0.0	0.0
JAM	2012	0.23472061363792016	14807086889.2099	2842132.0	Caribbean/American isl.	0.0	0.0	0.0
JAM	2013	0.2356858435817393	14262589157.7413	2858709.0	Caribbean/American isl.	0.0	0.0	0.0
JAM	2014	0.2328895008918437	13897804560.3487	2875136.0	Caribbean/American isl.	0.0	0.0	0.0
JAM	2015	0.2435879228159406	14187696311.3556	2891021.0	Caribbean/American isl.	0.0	0.0	0.0
JAM	2016	0.25114879471206536	14075894320.3166	2906238.0	Caribbean/American isl.	0.0	0.0	0.0
JAM	2017	0.25788199019659513	14806340821.0871	2920853.0	Caribbean/American isl.	0.0	0.0	0.0
JAM	2018		15713908816.1463	2934855.0	Caribbean/American isl.	0.0	0.0	0.0
JAM	2019		16458071067.8176	2948279.0	Caribbean/American isl.	0.0	0.0	0.0
JAM	2020		16458071067.8176	2948279.0	Caribbean/American isl.	0.0	0.0	0.0
JAM	2021		16458071067.8176	2948279.0	Caribbean/American isl.	0.0	0.0	0.0
JAM	2022		16458071067.8176	2948279.0	Caribbean/American isl.	0.0	0.0	0.0
JAM	2023		16458071067.8176	2948279.0	Caribbean/American isl.	0.0	0.0	0.0
JAM	2024		16458071067.8176	2948279.0	Caribbean/American isl.	0.0	0.0	0.0
JAM	2025		16458071067.8176	2948279.0	Caribbean/American isl.	0.0	0.0	0.0
JAM	2026		16458071067.8176	2948279.0	Caribbean/American isl.	0.0	0.0	0.0
JEY	2011				Europe	1.0	0.0	1.0
JEY	2012				Europe	1.0	0.0	1.0
JEY	2013				Europe	1.0	0.0	1.0
JEY	2014				Europe	1.0	0.0	1.0
JEY	2015		5004000000.0		Europe	1.0	0.0	1.0
JEY	2016		6000000000.0		Europe	1.0	0.0	1.0
JEY	2017		6000000000.0		Europe	1.0	0.0	1.0
JEY	2018		6000000000.0	99602.0	Europe	1.0	0.0	1.0
JEY	2019		6000000000.0	99602.0	Europe	1.0	0.0	1.0
JEY	2020		6000000000.0	99602.0	Europe	1.0	0.0	1.0
JOR	2011	0.14879494655004855	29244647887.324	7663131.0	Asia	0.0	0.0	0.0
JOR	2012	0.15044891362901774	31371056338.0282	8090872.0	Asia	0.0	0.0	0.0
JOR	2013	0.1510067391573986	34064873239.4366	8520420.0	Asia	0.0	0.0	0.0
JOR	2014	0.15651095173483232	36329267605.6338	8920049.0	Asia	0.0	0.0	0.0
JOR	2015	0.15215824665676078	38043450704.2253	9266575.0	Asia	0.0	0.0	0.0
JOR	2016	0.15287100251527128	39196676056.338	9551467.0	Asia	0.0	0.0	0.0
JOR	2017	0.15027159810400306	40708943661.9718	9779173.0	Asia	0.0	0.0	0.0
JOR	2018		42231295774.6479	9956011.0	Asia	0.0	0.0	0.0
JOR	2019		43743661971.831	10101694.0	Asia	0.0	0.0	0.0
JOR	2020		43743661971.831	10101694.0	Asia	0.0	0.0	0.0
JOR	2021		43743661971.831	10101694.0	Asia	0.0	0.0	0.0
JOR	2022		43743661971.831	10101694.0	Asia	0.0	0.0	0.0
JOR	2023		43743661971.831	10101694.0	Asia	0.0	0.0	0.0
JOR	2024		43743661971.831	10101694.0	Asia	0.0	0.0	0.0
JOR	2025		43743661971.831	10101694.0	Asia	0.0	0.0	0.0
JOR	2026		43743661971.831	10101694.0	Asia	0.0	0.0	0.0
JPN	2011	0.16146830997021827	6157459594823.72	127833000.0	Asia	0.0	1.0	0.0
JPN	2012	0.16468070370529006	6203213121334.12	127629000.0	Asia	0.0	1.0	0.0
JPN	2013	0.1721103273112463	5155717056270.83	127445000.0	Asia	0.0	1.0	0.0
JPN	2014	0.18415843510885896	4850413536037.84	127276000.0	Asia	0.0	1.0	0.0
JPN	2015	0.1864562340797388	4389475622588.97	127141000.0	Asia	0.0	1.0	0.0
JPN	2016	0.1834908155336002	4922538141454.62	126994511.0	Asia	0.0	1.0	0.0
JPN	2017	0.18988483311992546	4866864409657.68	126785797.0	Asia	0.0	1.0	0.0
JPN	2018		4954806619995.19	126529100.0	Asia	0.0	1.0	0.0
JPN	2019		5081769542379.77	126264931.0	Asia	0.0	1.0	0.0
JPN	2020		5081769542379.77	126264931.0	Asia	0.0	1.0	0.0
KAZ	2011	0.2333317152363096	192626507971.584	16557201.0	Asia	0.0	0.0	0.0
KAZ	2012		207998568865.7889	16792089.0	Asia	0.0	0.0	0.0
KAZ	2013		236634552078.102	17035550.0	Asia	0.0	0.0	0.0
KAZ	2014		221415572819.5	17288285.0	Asia	0.0	0.0	0.0
KAZ	2015		184388432148.715	17542806.0	Asia	0.0	0.0	0.0
KAZ	2016		137278320084.171	17794055.0	Asia	0.0	0.0	0.0
KAZ	2017		166805800595.704	18037776.0	Asia	0.0	0.0	0.0
KAZ	2018		179339994859.38394	18276498.5	Asia	0.0	0.0	0.0
KAZ	2019		180161741180.147	18513930.0	Asia	0.0	0.0	0.0
KAZ	2020		180161741180.147	18513930.0	Asia	0.0	0.0	0.0
KAZ	2021		180161741180.147	18513930.0	Asia	0.0	0.0	0.0
KAZ	2022		180161741180.147	18513930.0	Asia	0.0	0.0	0.0
KAZ	2023		180161741180.147	18513930.0	Asia	0.0	0.0	0.0
KAZ	2024		180161741180.147	18513930.0	Asia	0.0	0.0	0.0
KAZ	2025		180161741180.147	18513930.0	Asia	0.0	0.0	0.0
KAZ	2026		180161741180.147	18513930.0	Asia	0.0	0.0	0.0
KEN	2011	0.15947685989090474	41953433591.4101	43178257.0	Africa	0.0	0.0	0.0
KEN	2012	0.15877555236635169	50412754861.0191	44343410.0	Africa	0.0	0.0	0.0
KEN	2013	0.15480886558526813	55096728047.9408	45519889.0	Africa	0.0	0.0	0.0
KEN	2014	0.1687697145231229	61448046801.6041	46699981.0	Africa	0.0	0.0	0.0
KEN	2015	0.1625662220292862	64007750169.3344	47878336.0	Africa	0.0	0.0	0.0
KEN	2016	0.15798440645747447	69188755364.2995	49051686.0	Africa	0.0	0.0	0.0
KEN	2017	0.15575419832881146	78965004656.1823	50221473.0	Africa	0.0	0.0	0.0
KEN	2018		87778582964.1388	51393010.0	Africa	0.0	0.0	0.0
KEN	2019		95503088538.092	52573973.0	Africa	0.0	0.0	0.0
KEN	2020		95503088538.092	52573973.0	Africa	0.0	0.0	0.0
KEN	2021		95503088538.092	52573973.0	Africa	0.0	0.0	0.0
KEN	2022		95503088538.092	52573973.0	Africa	0.0	0.0	0.0
KEN	2023		95503088538.092	52573973.0	Africa	0.0	0.0	0.0
KEN	2024		95503088538.092	52573973.0	Africa	0.0	0.0	0.0
KEN	2025		95503088538.092	52573973.0	Africa	0.0	0.0	0.0
KEN	2026		95503088538.092	52573973.0	Africa	0.0	0.0	0.0
KGZ	2011	0.1853812559224305	6197766118.59856	5514600.0	Asia	0.0	0.0	0.0
KGZ	2012	0.20585497518286733	6605139933.410629	5607200.0	Asia	0.0	0.0	0.0
KGZ	2013	0.20501836502061668	7335027591.91628	5719600.0	Asia	0.0	0.0	0.0
KGZ	2014	0.2062396741653232	7468096566.711579	5835500.0	Asia	0.0	0.0	0.0
KGZ	2015	0.1966486948563146	6678178340.45121	5956900.0	Asia	0.0	0.0	0.0
KGZ	2016	0.19509752671986494	6813092065.835072	6079500.0	Asia	0.0	0.0	0.0
KGZ	2017	0.19262699914793507	7702934800.12836	6198200.0	Asia	0.0	0.0	0.0
KGZ	2018		8271108638.399309	6322800.0	Asia	0.0	0.0	0.0
KGZ	2019		8454619607.81795	6456900.0	Asia	0.0	0.0	0.0
KGZ	2020		8454619607.81795	6456900.0	Asia	0.0	0.0	0.0
KGZ	2021		8454619607.81795	6456900.0	Asia	0.0	0.0	0.0
KGZ	2022		8454619607.81795	6456900.0	Asia	0.0	0.0	0.0
KGZ	2023		8454619607.81795	6456900.0	Asia	0.0	0.0	0.0
KGZ	2024		8454619607.81795	6456900.0	Asia	0.0	0.0	0.0
KGZ	2025		8454619607.81795	6456900.0	Asia	0.0	0.0	0.0
KGZ	2026		8454619607.81795	6456900.0	Asia	0.0	0.0	0.0
KHM	2011	0.10154692820885672	12829541141.0127	14541423.0	Asia	0.0	0.0	0.0
KHM	2012	0.11082486247293433	14054443213.4639	14780454.0	Asia	0.0	0.0	0.0
KHM	2013	0.1207885263456038	15227991395.2201	15026332.0	Asia	0.0	0.0	0.0
KHM	2014	0.14626631165661946	16702610842.4025	15274503.0	Asia	0.0	0.0	0.0
KHM	2015	0.14582878414942518	18049954289.4229	15521436.0	Asia	0.0	0.0	0.0
KHM	2016	0.14825889825895194	20016747754.0192	15766293.0	Asia	0.0	0.0	0.0
KHM	2017	0.15776440119812538	22177200511.5811	16009414.0	Asia	0.0	0.0	0.0
KHM	2018		24571753583.4922	16249798.0	Asia	0.0	0.0	0.0
KHM	2019		27089389786.9684	16486542.0	Asia	0.0	0.0	0.0
KHM	2020		27089389786.9684	16486542.0	Asia	0.0	0.0	0.0
KHM	2021		27089389786.9684	16486542.0	Asia	0.0	0.0	0.0
KHM	2022		27089389786.9684	16486542.0	Asia	0.0	0.0	0.0
KHM	2023		27089389786.9684	16486542.0	Asia	0.0	0.0	0.0
KHM	2024		27089389786.9684	16486542.0	Asia	0.0	0.0	0.0
KHM	2025		27089389786.9684	16486542.0	Asia	0.0	0.0	0.0
KHM	2026		27089389786.9684	16486542.0	Asia	0.0	0.0	0.0
KIR	2011	0.15511363636363634	181705002.57864887	104728.0	Oceania	0.0	0.0	0.0
KIR	2012	0.14891304347826087	190243321.598675	106370.0	Oceania	0.0	0.0	0.0
KIR	2013	0.14479166666666668	185113921.606488	107890.0	Oceania	0.0	0.0	0.0
KIR	2014	0.14271356783919598	179703443.302686	109391.0	Oceania	0.0	0.0	0.0
KIR	2015	0.15350877192982454	171117872.436331	110930.0	Oceania	0.0	0.0	0.0
KIR	2016	0.16	178328873.03003302	112524.0	Oceania	0.0	0.0	0.0
KIR	2017		187276210.91355	114158.0	Oceania	0.0	0.0	0.0
KIR	2018		196737895.995218	115847.0	Oceania	0.0	0.0	0.0
KIR	2019		194647201.946472	117606.0	Oceania	0.0	0.0	0.0
KIR	2020		194647201.946472	117606.0	Oceania	0.0	0.0	0.0
KNA	2011	0.184549056458616	817762962.962963	49447.0	Caribbean/American isl.	0.0	0.0	0.0
KNA	2012	0.18464051863489125	800422222.222222	49887.0	Caribbean/American isl.	0.0	0.0	0.0
KNA	2013	0.18363384490409765	839770370.37037	50331.0	Caribbean/American isl.	0.0	0.0	0.0
KNA	2014	0.19179725363489492	916574074.074074	50774.0	Caribbean/American isl.	0.0	0.0	0.0
KNA	2015	0.20073971518987346	923155555.5555552	51203.0	Caribbean/American isl.	0.0	0.0	0.0
KNA	2016	0.1927153341058324	971162962.9629632	51625.0	Caribbean/American isl.	0.0	0.0	0.0
KNA	2017	0.18556011949215834	996937037.0370368	52045.0	Caribbean/American isl.	0.0	0.0	0.0
KNA	2018		1010814814.8148099	52441.0	Caribbean/American isl.	0.0	0.0	0.0
KNA	2019		1050992592.5925901	52823.0	Caribbean/American isl.	0.0	0.0	0.0
KNA	2020		1050992592.5925901	52823.0	Caribbean/American isl.	0.0	0.0	0.0
KOR	2011	0.18360056280531029	1253223044718.99	49936638.0	Asia	0.0	1.0	0.0
KOR	2012	0.18654380834938827	1278427634342.59	50199853.0	Asia	0.0	1.0	0.0
KOR	2013	0.1789057615565982	1370795199976.18	50428893.0	Asia	0.0	1.0	0.0
KOR	2014	0.17983157562106036	1484318219633.63	50746659.0	Asia	0.0	1.0	0.0
KOR	2015	0.18468228861650354	1465773245547.15	51014947.0	Asia	0.0	1.0	0.0
KOR	2016	0.19374874717236307	1500111596236.37	51217803.0	Asia	0.0	1.0	0.0
KOR	2017	0.19983488197459245	1623901496835.79	51361911.0	Asia	0.0	1.0	0.0
KOR	2018		1720578827805.54	51606633.0	Asia	0.0	1.0	0.0
KOR	2019		1642383217167.26	51709098.0	Asia	0.0	1.0	0.0
KOR	2020		1642383217167.26	51709098.0	Asia	0.0	1.0	0.0
KSV	2011	0.22263759086188992						0.0
KSV	2012	0.21980628582723846						0.0
KSV	2013	0.21043739440585696						0.0
KSV	2014	0.2087300161666966						0.0
KSV	2015	0.2185293611158946						0.0
KSV	2016	0.2345963756177924						0.0
KSV	2017	0.2332397879638292						0.0
KSV	2018							0.0
KSV	2019							0.0
KSV	2020							0.0
KWT	2011	0.007056831012420024	154068115942.029	3168060.0	Asia	0.0	0.0	0.0
KWT	2012	0.00615738270185953	174070382279.386	3348853.0	Asia	0.0	0.0	0.0
KWT	2013	0.006073858114674442	174161142454.161	3526376.0	Asia	0.0	0.0	0.0
KWT	2014	0.00864210867451658	162631412508.784	3690941.0	Asia	0.0	0.0	0.0
KWT	2015	0.01160328372929539	114567298105.683	3835591.0	Asia	0.0	0.0	0.0
KWT	2016	0.015125847047434656	109419728566.7	3956875.0	Asia	0.0	0.0	0.0
KWT	2017	0.01654670306941342	120707220573.689	4056099.0	Asia	0.0	0.0	0.0
KWT	2018		140645364238.411	4137312.0	Asia	0.0	0.0	0.0
KWT	2019		134761198945.982	4207083.0	Asia	0.0	0.0	0.0
KWT	2020		134761198945.982	4207083.0	Asia	0.0	0.0	0.0
LAO	2011	0.12658111752686427	8749241114.189129	6347567.0	Asia	0.0	0.0	0.0
LAO	2012	0.13374609391561265	10191350119.6808	6444530.0	Asia	0.0	0.0	0.0
LAO	2013	0.13499309292868664	11942230508.334	6541304.0	Asia	0.0	0.0	0.0
LAO	2014	0.14513476886913515	13268458231.9284	6639756.0	Asia	0.0	0.0	0.0
LAO	2015	0.13767831529434402	14390442307.3996	6741164.0	Asia	0.0	0.0	0.0
LAO	2016	0.12428921236468812	15805692545.8723	6845846.0	Asia	0.0	0.0	0.0
LAO	2017	0.1223880809099887	16853087485.4118	6953035.0	Asia	0.0	0.0	0.0
LAO	2018		17953786416.1431	7061507.0	Asia	0.0	0.0	0.0
LAO	2019		18173839128.2699	7169455.0	Asia	0.0	0.0	0.0
LAO	2020		18173839128.2699	7169455.0	Asia	0.0	0.0	0.0
LAO	2021		18173839128.2699	7169455.0	Asia	0.0	0.0	0.0
LAO	2022		18173839128.2699	7169455.0	Asia	0.0	0.0	0.0
LAO	2023		18173839128.2699	7169455.0	Asia	0.0	0.0	0.0
LAO	2024		18173839128.2699	7169455.0	Asia	0.0	0.0	0.0
LAO	2025		18173839128.2699	7169455.0	Asia	0.0	0.0	0.0
LAO	2026		18173839128.2699	7169455.0	Asia	0.0	0.0	0.0
LBN	2011	0.16316623542061715	39927125961.194	5202343.0	Asia	0.0	0.0	0.0
LBN	2012	0.15124519667859565	44035991745.6716	5538634.0	Asia	0.0	0.0	0.0
LBN	2013	0.1407017301999947	46909335135.1244	5914621.0	Asia	0.0	0.0	0.0
LBN	2014	0.14050877691059174	48134486624.6103	6262410.0	Asia	0.0	0.0	0.0
LBN	2015	0.13453046924403908	49939374832.7031	6532678.0	Asia	0.0	0.0	0.0
LBN	2016	0.13501139975767346	51205122503.8143	6711121.0	Asia	0.0	0.0	0.0
LBN	2017	0.15254560285199056	53140638269.1211	6811873.0	Asia	0.0	0.0	0.0
LBN	2018		54961275741.5589	6848925.0	Asia	0.0	0.0	0.0
LBN	2019		53367042272.1725	6855713.0	Asia	0.0	0.0	0.0
LBN	2020		53367042272.1725	6855713.0	Asia	0.0	0.0	0.0
LBN	2021		53367042272.1725	6855713.0	Asia	0.0	0.0	0.0
LBN	2022		53367042272.1725	6855713.0	Asia	0.0	0.0	0.0
LBN	2023		53367042272.1725	6855713.0	Asia	0.0	0.0	0.0
LBN	2024		53367042272.1725	6855713.0	Asia	0.0	0.0	0.0
LBN	2025		53367042272.1725	6855713.0	Asia	0.0	0.0	0.0
LBN	2026		53367042272.1725	6855713.0	Asia	0.0	0.0	0.0
LBR	2011	0.1122602168473728	2398000000.0	4017443.0	Africa	0.0	0.0	0.0
LBR	2012	0.13120176405733186	2721000000.0	4135659.0	Africa	0.0	0.0	0.0
LBR	2013	0.1203915171288744	3067000000.0	4248334.0	Africa	0.0	0.0	0.0
LBR	2014	0.12304749760918075	3144000000.0	4359505.0	Africa	0.0	0.0	0.0
LBR	2015	0.1166613974075245	3177000000.0	4472230.0	Africa	0.0	0.0	0.0
LBR	2016	0.12236801953005798	3277826000.0	4586788.0	Africa	0.0	0.0	0.0
LBR	2017	0.11723507917174178	3285455000.0	4702228.0	Africa	0.0	0.0	0.0
LBR	2018		3264000000.0	4818977.0	Africa	0.0	0.0	0.0
LBR	2019		3070518100.0	4937374.0	Africa	0.0	0.0	0.0
LBR	2020		3070518100.0	4937374.0	Africa	0.0	0.0	0.0
LBR	2021		3070518100.0	4937374.0	Africa	0.0	0.0	0.0
LBR	2022		3070518100.0	4937374.0	Africa	0.0	0.0	0.0
LBR	2023		3070518100.0	4937374.0	Africa	0.0	0.0	0.0
LBR	2024		3070518100.0	4937374.0	Africa	0.0	0.0	0.0
LBR	2025		3070518100.0	4937374.0	Africa	0.0	0.0	0.0
LBR	2026		3070518100.0	4937374.0	Africa	0.0	0.0	0.0
LBY	2011	0.01784483418855786	34699395523.6073	6247439.0	Africa	0.0	0.0	0.0
LBY	2012	0.011925228815327892	81873662518.8238	6285750.0	Africa	0.0	0.0	0.0
LBY	2013		65502870173.7831	6320359.0	Africa	0.0	0.0	0.0
LBY	2014		41142722414.3351	6362037.0	Africa	0.0	0.0	0.0
LBY	2015		27842131479.8726	6418315.0	Africa	0.0	0.0	0.0
LBY	2016		26197143268.1243	6492164.0	Africa	0.0	0.0	0.0
LBY	2017		37883243650.452	6580724.0	Africa	0.0	0.0	0.0
LBY	2018		52607888717.9487	6678567.0	Africa	0.0	0.0	0.0
LBY	2019		52076250947.5792	6777452.0	Africa	0.0	0.0	0.0
LBY	2020		52076250947.5792	6777452.0	Africa	0.0	0.0	0.0
LCA	2011	0.20938461538461536	1576988407.40741	175544.0	Caribbean/American isl.	0.0	0.0	0.0
LCA	2012	0.2087583719732097	1605146777.77778	176646.0	Caribbean/American isl.	0.0	0.0	0.0
LCA	2013	0.2036136336584146	1664816740.74074	177513.0	Caribbean/American isl.	0.0	0.0	0.0
LCA	2014	0.2054029819927971	1755130814.81481	178296.0	Caribbean/American isl.	0.0	0.0	0.0
LCA	2015	0.20613856917174453	1808079888.8888896	179126.0	Caribbean/American isl.	0.0	0.0	0.0
LCA	2016	0.2119065379552436	1865375222.22222	180024.0	Caribbean/American isl.	0.0	0.0	0.0
LCA	2017	0.201231839574381	1999090407.4074101	180955.0	Caribbean/American isl.	0.0	0.0	0.0
LCA	2018		2065875074.07407	181889.0	Caribbean/American isl.	0.0	0.0	0.0
LCA	2019		2122450629.62963	182790.0	Caribbean/American isl.	0.0	0.0	0.0
LCA	2020		2122450629.62963	182790.0	Caribbean/American isl.	0.0	0.0	0.0
LCA	2021		2122450629.62963	182790.0	Caribbean/American isl.	0.0	0.0	0.0
LCA	2022		2122450629.62963	182790.0	Caribbean/American isl.	0.0	0.0	0.0
LCA	2023		2122450629.62963	182790.0	Caribbean/American isl.	0.0	0.0	0.0
LCA	2024		2122450629.62963	182790.0	Caribbean/American isl.	0.0	0.0	0.0
LCA	2025		2122450629.62963	182790.0	Caribbean/American isl.	0.0	0.0	0.0
LCA	2026		2122450629.62963	182790.0	Caribbean/American isl.	0.0	0.0	0.0
LIE	2011		5739977477.47748	36293.0	Europe	0.0	0.0	0.0
LIE	2012		5456009384.66461	36615.0	Europe	0.0	0.0	0.0
LIE	2013		6391735893.83968	36934.0	Europe	0.0	0.0	0.0
LIE	2014		6657170923.37918	37223.0	Europe	0.0	0.0	0.0
LIE	2015		6268391521.19701	37470.0	Europe	0.0	0.0	0.0
LIE	2016		6237264055.20601	37658.0	Europe	0.0	0.0	0.0
LIE	2017		6552858738.70214	37800.0	Europe	0.0	0.0	0.0
LIE	2018		6552858738.70214	37910.0	Europe	0.0	0.0	0.0
LIE	2019		6552858738.70214	38019.0	Europe	0.0	0.0	0.0
LIE	2020		6552858738.70214	38019.0	Europe	0.0	0.0	0.0
LKA	2011	0.11256393797237498	65292753005.4664	20398670.0	Asia	0.0	0.0	0.0
LKA	2012	0.10408415128698513	68434409315.1123	20425000.0	Asia	0.0	0.0	0.0
LKA	2013	0.10486623141378996	74317806538.3632	20585000.0	Asia	0.0	0.0	0.0
LKA	2014	0.1013750727899596	79356449840.5771	20778000.0	Asia	0.0	0.0	0.0
LKA	2015	0.12379952511278633	80604080688.5775	20970000.0	Asia	0.0	0.0	0.0
LKA	2016	0.12292933509637978	82401038709.5356	21203000.0	Asia	0.0	0.0	0.0
LKA	2017	0.12541427118341494	87428125557.573	21444000.0	Asia	0.0	0.0	0.0
LKA	2018		88425889592.1519	21670000.0	Asia	0.0	0.0	0.0
LKA	2019		84008783756.068	21803000.0	Asia	0.0	0.0	0.0
LKA	2020		84008783756.068	21803000.0	Asia	0.0	0.0	0.0
LKA	2021		84008783756.068	21803000.0	Asia	0.0	0.0	0.0
LKA	2022		84008783756.068	21803000.0	Asia	0.0	0.0	0.0
LKA	2023		84008783756.068	21803000.0	Asia	0.0	0.0	0.0
LKA	2024		84008783756.068	21803000.0	Asia	0.0	0.0	0.0
LKA	2025		84008783756.068	21803000.0	Asia	0.0	0.0	0.0
LKA	2026		84008783756.068	21803000.0	Asia	0.0	0.0	0.0
LSO	2011	0.34018965236575793	2622336141.14515	2003787.0	Africa	0.0	0.0	0.0
LSO	2012	0.4675798683713413	2526185310.32097	2014990.0	Africa	0.0	0.0	0.0
LSO	2013	0.4412919516903408	2421470021.68562	2028519.0	Africa	0.0	0.0	0.0
LSO	2014	0.4379142017283221	2499803980.17361	2043437.0	Africa	0.0	0.0	0.0
LSO	2015	0.3137540503008795	2372280099.24153	2059021.0	Africa	0.0	0.0	0.0
LSO	2016	0.2653663510560816	2165408361.59639	2075001.0	Africa	0.0	0.0	0.0
LSO	2017	0.2816544231472881	2405289382.3593802	2091412.0	Africa	0.0	0.0	0.0
LSO	2018		2575892261.3245697	2108132.0	Africa	0.0	0.0	0.0
LSO	2019		2460072443.62842	2125268.0	Africa	0.0	0.0	0.0
LSO	2020		2460072443.62842	2125268.0	Africa	0.0	0.0	0.0
LSO	2021		2460072443.62842	2125268.0	Africa	0.0	0.0	0.0
LSO	2022		2460072443.62842	2125268.0	Africa	0.0	0.0	0.0
LSO	2023		2460072443.62842	2125268.0	Africa	0.0	0.0	0.0
LSO	2024		2460072443.62842	2125268.0	Africa	0.0	0.0	0.0
LSO	2025		2460072443.62842	2125268.0	Africa	0.0	0.0	0.0
LSO	2026		2460072443.62842	2125268.0	Africa	0.0	0.0	0.0
LTU	2011	0.16147788968824936	43466133144.1699	3028115.0	Europe	0.0	1.0	0.0
LTU	2012	0.16185768688716307	42842537129.1154	2987773.0	Europe	0.0	1.0	0.0
LTU	2013	0.16171744851258582	46442055803.7018	2957689.0	Europe	0.0	1.0	0.0
LTU	2014	0.1642048785823671	48526000845.3102	2932367.0	Europe	0.0	1.0	0.0
LTU	2015	0.17330095634984238	41392396557.6337	2904910.0	Europe	0.0	1.0	0.0
LTU	2016	0.1758813354269093	43021972484.8299	2868231.0	Europe	0.0	1.0	0.0
LTU	2017	0.17358486407053636	47750908128.259	2828403.0	Europe	0.0	1.0	0.0
LTU	2018		53455170033.5194	2801543.0	Europe	0.0	1.0	0.0
LTU	2019		54219315600.0854	2786844.0	Europe	0.0	1.0	0.0
LTU	2020		54219315600.0854	2786844.0	Europe	0.0	1.0	0.0
LUX	2011	0.2622666975558902	60004630234.4135	518347.0	Europe	0.0	1.0	0.0
LUX	2012	0.2716658052230685	56677961787.0717	530946.0	Europe	0.0	1.0	0.0
LUX	2013	0.2714043225806452	61739352212.3049	543360.0	Europe	0.0	1.0	0.0
LUX	2014	0.2686618497109827	66103853236.7572	556319.0	Europe	0.0	1.0	0.0
LUX	2015	0.2661595804494077	57744457954.7297	569604.0	Europe	0.0	1.0	0.0
LUX	2016	0.2713362287300903	60691483443.1221	582014.0	Europe	0.0	1.0	0.0
LUX	2017	0.2763744371507622	64181944722.7283	596336.0	Europe	0.0	1.0	0.0
LUX	2018		70919958015.5247	607950.0	Europe	0.0	1.0	0.0
LUX	2019		71104919108.1411	619896.0	Europe	0.0	1.0	0.0
LUX	2020		71104919108.1411	619896.0	Europe	0.0	1.0	0.0
LVA	2011	0.19003703886125206	28490700600.9577	2059709.0	Europe	0.0	1.0	0.0
LVA	2012	0.1969885314813122	28176625841.4665	2034319.0	Europe	0.0	1.0	0.0
LVA	2013	0.20015486900425689	30272574650.3729	2012647.0	Europe	0.0	1.0	0.0
LVA	2014	0.20430561436192726	31382780146.4181	1993782.0	Europe	0.0	1.0	0.0
LVA	2015	0.20724169407894727	27090019662.7977	1977527.0	Europe	0.0	1.0	0.0
LVA	2016	0.2197955108235482	27734140217.3664	1959537.0	Europe	0.0	1.0	0.0
LVA	2017	0.21847183072540965	30273007510.3024	1942248.0	Europe	0.0	1.0	0.0
LVA	2018		34313873284.5882	1927174.0	Europe	0.0	1.0	0.0
LVA	2019		34117202555.0666	1912789.0	Europe	0.0	1.0	0.0
LVA	2020		34117202555.0666	1912789.0	Europe	0.0	1.0	0.0
MAC	2011	0.364472787206936	36709860068.3445	550832.0	Asia	0.0	0.0	0.0
MAC	2012	0.3586415766422933	43031577366.4251	564039.0	Asia	0.0	0.0	0.0
MAC	2013	0.3534094909739842	51552075901.5183	577372.0	Asia	0.0	0.0	0.0
MAC	2014	0.3382344342434456	55347998647.8196	590208.0	Asia	0.0	0.0	0.0
MAC	2015	0.2837572132523867	45361678146.5247	602085.0	Asia	0.0	0.0	0.0
MAC	2016	0.2688681390018076	45387299721.0792	612836.0	Asia	0.0	0.0	0.0
MAC	2017	0.28158874748761675	50751059058.0613	622585.0	Asia	0.0	0.0	0.0
MAC	2018		55084050789.7182	631636.0	Asia	0.0	0.0	0.0
MAC	2019		53859116535.5306	640445.0	Asia	0.0	0.0	0.0
MAC	2020		53859116535.5306	640445.0	Asia	0.0	0.0	0.0
MAF	2011			37446.0	Caribbean/American isl.	0.0	0.0	1.0
MAF	2012			37009.0	Caribbean/American isl.	0.0	0.0	1.0
MAF	2013			36453.0	Caribbean/American isl.	0.0	0.0	1.0
MAF	2014			36015.0	Caribbean/American isl.	0.0	0.0	1.0
MAF	2015			35858.0	Caribbean/American isl.	0.0	0.0	1.0
MAF	2016			36065.0	Caribbean/American isl.	0.0	0.0	1.0
MAF	2017			36560.0	Caribbean/American isl.	0.0	0.0	1.0
MAF	2018			37264.0	Caribbean/American isl.	0.0	0.0	1.0
MAF	2019			38002.0	Caribbean/American isl.	0.0	0.0	1.0
MAF	2020			38002.0	Caribbean/American isl.	0.0	0.0	1.0
MAR	2011	0.23296756135916385	101370474295.109	32781850.0	Africa	0.0	0.0	0.0
MAR	2012	0.2390364037189712	98266306615.3632	33241898.0	Africa	0.0	0.0	0.0
MAR	2013	0.22349089356429672	106825649872.108	33715693.0	Africa	0.0	0.0	0.0
MAR	2014	0.22026951113298696	110081248587.369	34192347.0	Africa	0.0	0.0	0.0
MAR	2015	0.21211498985575586	101179808076.36	34663603.0	Africa	0.0	0.0	0.0
MAR	2016	0.21448880124290126	103311649248.024	35126296.0	Africa	0.0	0.0	0.0
MAR	2017	0.2175012987604797	109714300453.983	35581294.0	Africa	0.0	0.0	0.0
MAR	2018		117921394402.361	36029138.0	Africa	0.0	0.0	0.0
MAR	2019		118725279596.13	36471769.0	Africa	0.0	0.0	0.0
MAR	2020		118725279596.13	36471769.0	Africa	0.0	0.0	0.0
MAR	2021		118725279596.13	36471769.0	Africa	0.0	0.0	0.0
MAR	2022		118725279596.13	36471769.0	Africa	0.0	0.0	0.0
MAR	2023		118725279596.13	36471769.0	Africa	0.0	0.0	0.0
MAR	2024		118725279596.13	36471769.0	Africa	0.0	0.0	0.0
MAR	2025		118725279596.13	36471769.0	Africa	0.0	0.0	0.0
MAR	2026		118725279596.13	36471769.0	Africa	0.0	0.0	0.0
MCO	2011		6088808463.25167	36024.0	Europe	0.0	0.0	0.0
MCO	2012		5743029680.07195	36460.0	Europe	0.0	0.0	0.0
MCO	2013		6555983530.34932	36901.0	Europe	0.0	0.0	0.0
MCO	2014		7069616048.890659	37322.0	Europe	0.0	0.0	0.0
MCO	2015		6261622101.40908	37718.0	Europe	0.0	0.0	0.0
MCO	2016		6472990923.1791	38070.0	Europe	0.0	0.0	0.0
MCO	2017		6431314957.07185	38392.0	Europe	0.0	0.0	0.0
MCO	2018		7188238072.74445	38682.0	Europe	0.0	0.0	0.0
MCO	2019		7188238072.74445	38964.0	Europe	0.0	0.0	0.0
MCO	2020		7188238072.74445	38964.0	Europe	0.0	0.0	0.0
MDA	2011	0.18131878144837155	8414360656.29632	2859833.0	Europe	0.0	0.0	0.0
MDA	2012	0.1941818354190368	8709165249.26928	2859458.0	Europe	0.0	0.0	0.0
MDA	2013	0.1918641714003664	9496684701.43325	2858692.0	Europe	0.0	0.0	0.0
MDA	2014	0.1910220104583389	9510219299.495571	2856950.0	Europe	0.0	0.0	0.0
MDA	2015	0.1826611962621952	7745231660.33425	2834530.0	Europe	0.0	0.0	0.0
MDA	2016	0.181768491745173	8071480540.86068	2802170.0	Europe	0.0	0.0	0.0
MDA	2017	0.19273036264332155	9669759987.026329	2755158.0	Europe	0.0	0.0	0.0
MDA	2018		11457410264.1932	2706049.0	Europe	0.0	0.0	0.0
MDA	2019		11955435456.7957	2657637.0	Europe	0.0	0.0	0.0
MDA	2020		11955435456.7957	2657637.0	Europe	0.0	0.0	0.0
MDA	2021		11955435456.7957	2657637.0	Europe	0.0	0.0	0.0
MDA	2022		11955435456.7957	2657637.0	Europe	0.0	0.0	0.0
MDA	2023		11955435456.7957	2657637.0	Europe	0.0	0.0	0.0
MDA	2024		11955435456.7957	2657637.0	Europe	0.0	0.0	0.0
MDA	2025		11955435456.7957	2657637.0	Europe	0.0	0.0	0.0
MDA	2026		11955435456.7957	2657637.0	Europe	0.0	0.0	0.0
MDG	2011	0.1017116031117334	11551821062.3334	21743967.0	Africa	0.0	0.0	0.0
MDG	2012	0.0976794802138556	11578978052.8789	22346641.0	Africa	0.0	0.0	0.0
MDG	2013	0.10295362274613487	12423557906.9182	22961253.0	Africa	0.0	0.0	0.0
MDG	2014	0.09903769266612636	12522959157.2295	23589887.0	Africa	0.0	0.0	0.0
MDG	2015	0.10439263539854347	11323023786.5698	24234088.0	Africa	0.0	0.0	0.0
MDG	2016	0.1099934397949868	11848615018.4138	24894380.0	Africa	0.0	0.0	0.0
MDG	2017	0.11450869691099964	13176313233.1978	25570540.0	Africa	0.0	0.0	0.0
MDG	2018		13853433947.6241	26262368.0	Africa	0.0	0.0	0.0
MDG	2019		14083906356.618	26969307.0	Africa	0.0	0.0	0.0
MDG	2020		14083906356.618	26969307.0	Africa	0.0	0.0	0.0
MDG	2021		14083906356.618	26969307.0	Africa	0.0	0.0	0.0
MDG	2022		14083906356.618	26969307.0	Africa	0.0	0.0	0.0
MDG	2023		14083906356.618	26969307.0	Africa	0.0	0.0	0.0
MDG	2024		14083906356.618	26969307.0	Africa	0.0	0.0	0.0
MDG	2025		14083906356.618	26969307.0	Africa	0.0	0.0	0.0
MDG	2026		14083906356.618	26969307.0	Africa	0.0	0.0	0.0
MDV	2011	0.12078151613142107	2774351760.03287	380495.0	Asia	0.0	0.0	0.0
MDV	2012		2886170571.6963396	397237.0	Asia	0.0	0.0	0.0
MDV	2013	0.173226946852843	3295011381.75405	415593.0	Asia	0.0	0.0	0.0
MDV	2014	0.1946359857034836	3697351596.8375297	435015.0	Asia	0.0	0.0	0.0
MDV	2015	0.19307330514513754	4109424799.724071	454915.0	Asia	0.0	0.0	0.0
MDV	2016	0.1948641596768725	4379136461.8307705	475513.0	Asia	0.0	0.0	0.0
MDV	2017		4735989972.05433	496402.0	Asia	0.0	0.0	0.0
MDV	2018		5327457149.72581	515696.0	Asia	0.0	0.0	0.0
MDV	2019		5729248472.24028	530953.0	Asia	0.0	0.0	0.0
MDV	2020		5729248472.24028	530953.0	Asia	0.0	0.0	0.0
MDV	2021		5729248472.24028	530953.0	Asia	0.0	0.0	0.0
MDV	2022		5729248472.24028	530953.0	Asia	0.0	0.0	0.0
MDV	2023		5729248472.24028	530953.0	Asia	0.0	0.0	0.0
MDV	2024		5729248472.24028	530953.0	Asia	0.0	0.0	0.0
MDV	2025		5729248472.24028	530953.0	Asia	0.0	0.0	0.0
MDV	2026		5729248472.24028	530953.0	Asia	0.0	0.0	0.0
MEX	2011	0.10012400464216213	1180489601957.61	115695473.0	Latin America	0.0	1.0	0.0
MEX	2012	0.09770672200109244	1201089987015.45	117274155.0	Latin America	0.0	1.0	0.0
MEX	2013	0.10294577184391164	1274443084716.57	118827161.0	Latin America	0.0	1.0	0.0
MEX	2014	0.10634755153990193	1314563967425.24	120355128.0	Latin America	0.0	1.0	0.0
MEX	2015	0.12796621985547227	1170564619927.69	121858258.0	Latin America	0.0	1.0	0.0
MEX	2016	0.13542680838646914	1077903618176.07	123333376.0	Latin America	0.0	1.0	0.0
MEX	2017	0.13042601974158394	1157736189998.15	124777324.0	Latin America	0.0	1.0	0.0
MEX	2018		1220699479845.98	126190788.0	Latin America	0.0	1.0	0.0
MEX	2019		1258286717124.53	127575529.0	Latin America	0.0	1.0	0.0
MEX	2020		1258286717124.53	127575529.0	Latin America	0.0	1.0	0.0
MEX	2021		1258286717124.53	127575529.0	Latin America	0.0	1.0	0.0
MEX	2022		1258286717124.53	127575529.0	Latin America	0.0	1.0	0.0
MEX	2023		1258286717124.53	127575529.0	Latin America	0.0	1.0	0.0
MEX	2024		1258286717124.53	127575529.0	Latin America	0.0	1.0	0.0
MEX	2025		1258286717124.53	127575529.0	Latin America	0.0	1.0	0.0
MEX	2026		1258286717124.53	127575529.0	Latin America	0.0	1.0	0.0
MHL	2011	0.16477272727272727	174332100.0	56531.0	Oceania	0.0	0.0	0.0
MHL	2012	0.15614973262032086	182874800.0	56717.0	Oceania	0.0	0.0	0.0
MHL	2013	0.15833333333333333	187707400.0	56938.0	Oceania	0.0	0.0	0.0
MHL	2014	0.1572972972972973	184689500.0	57179.0	Oceania	0.0	0.0	0.0
MHL	2015	0.1734806629834254	184599600.0	57439.0	Oceania	0.0	0.0	0.0
MHL	2016	0.17474747474747476	200558400.0	57735.0	Oceania	0.0	0.0	0.0
MHL	2017	0.19615384615384607	212881000.0	58058.0	Oceania	0.0	0.0	0.0
MHL	2018		221278000.0	58413.0	Oceania	0.0	0.0	0.0
MHL	2019		221278000.0	58791.0	Oceania	0.0	0.0	0.0
MHL	2020		221278000.0	58791.0	Oceania	0.0	0.0	0.0
MKD	2011	0.1699749669313594	10494632699.3859	2072487.0	Europe	0.0	0.0	0.0
MKD	2012	0.16455861650771475	9745251126.0109	2074278.0	Europe	0.0	0.0	0.0
MKD	2013	0.15660770964213344	10817712138.9451	2076067.0	Europe	0.0	0.0	0.0
MKD	2014	0.16147648640811474	11362272837.8818	2077775.0	Europe	0.0	0.0	0.0
MKD	2015	0.16620330116610668	10064515432.0265	2079328.0	Europe	0.0	0.0	0.0
MKD	2016	0.1682935604595877	10672471860.7184	2080745.0	Europe	0.0	0.0	0.0
MKD	2017	0.169640236198891	11307058382.3435	2081996.0	Europe	0.0	0.0	0.0
MKD	2018		12628854800.9772	2082958.0	Europe	0.0	0.0	0.0
MKD	2019		12694823394.0947	2083459.0	Europe	0.0	0.0	0.0
MKD	2020		12694823394.0947	2083459.0	Europe	0.0	0.0	0.0
MKD	2021		12694823394.0947	2083459.0	Europe	0.0	0.0	0.0
MKD	2022		12694823394.0947	2083459.0	Europe	0.0	0.0	0.0
MKD	2023		12694823394.0947	2083459.0	Europe	0.0	0.0	0.0
MKD	2024		12694823394.0947	2083459.0	Europe	0.0	0.0	0.0
MKD	2025		12694823394.0947	2083459.0	Europe	0.0	0.0	0.0
MKD	2026		12694823394.0947	2083459.0	Europe	0.0	0.0	0.0
MLI	2011	0.12545214681620248	12995074801.061	15514591.0	Africa	0.0	0.0	0.0
MLI	2012	0.12991313464602133	12441946098.4018	15979499.0	Africa	0.0	0.0	0.0
MLI	2013	0.12300170016023093	13242680701.3566	16449864.0	Africa	0.0	0.0	0.0
MLI	2014	0.12554578226794472	14365345530.0146	16934220.0	Africa	0.0	0.0	0.0
MLI	2015	0.13971834330829805	13104869674.2274	17438778.0	Africa	0.0	0.0	0.0
MLI	2016	0.1491624731145264	14020002871.0282	17965429.0	Africa	0.0	0.0	0.0
MLI	2017	0.15164975259032384	15375605991.6302	18512394.0	Africa	0.0	0.0	0.0
MLI	2018		17172022684.31	19077690.0	Africa	0.0	0.0	0.0
MLI	2019		17510141171.3403	19658031.0	Africa	0.0	0.0	0.0
MLI	2020		17510141171.3403	19658031.0	Africa	0.0	0.0	0.0
MLI	2021		17510141171.3403	19658031.0	Africa	0.0	0.0	0.0
MLI	2022		17510141171.3403	19658031.0	Africa	0.0	0.0	0.0
MLI	2023		17510141171.3403	19658031.0	Africa	0.0	0.0	0.0
MLI	2024		17510141171.3403	19658031.0	Africa	0.0	0.0	0.0
MLI	2025		17510141171.3403	19658031.0	Africa	0.0	0.0	0.0
MLI	2026		17510141171.3403	19658031.0	Africa	0.0	0.0	0.0
MLT	2011	0.2614643745427944	9515297914.81069	416268.0	Europe	0.0	0.0	0.0
MLT	2012	0.2639596819196429	9205506528.33098	420028.0	Europe	0.0	0.0	0.0
MLT	2013	0.26747743623283193	10153894646.0353	425967.0	Europe	0.0	0.0	0.0
MLT	2014	0.2674543209876543	11302344157.0347	434558.0	Europe	0.0	0.0	0.0
MLT	2015	0.25228484031522186	10682394998.3357	445053.0	Europe	0.0	0.0	0.0
MLT	2016	0.25712452866673113	11444483133.7171	455356.0	Europe	0.0	0.0	0.0
MLT	2017	0.2647666223992917	12747857570.0407	467999.0	Europe	0.0	0.0	0.0
MLT	2018		14603581712.3288	484630.0	Europe	0.0	0.0	0.0
MLT	2019		14786156563.3046	502653.0	Europe	0.0	0.0	0.0
MLT	2020		14786156563.3046	502653.0	Europe	0.0	0.0	0.0
MMR	2011		59977326085.9908	50990615.0	Asia	0.0	0.0	0.0
MMR	2012	0.0664977983366121	59937797559.3295	51413698.0	Asia	0.0	0.0	0.0
MMR	2013	0.07753128385473244	60269734044.525986	51852451.0	Asia	0.0	0.0	0.0
MMR	2014	0.08235270449785942	65446199787.8425	52280807.0	Asia	0.0	0.0	0.0
MMR	2015	0.07888334122118427	67822772707.1034	52680726.0	Asia	0.0	0.0	0.0
MMR	2016	0.08332277435753738	67184236746.5694	53045226.0	Asia	0.0	0.0	0.0
MMR	2017	0.06593628472863733	68945867477.6054	53382581.0	Asia	0.0	0.0	0.0
MMR	2018		76168043981.5932	53708395.0	Asia	0.0	0.0	0.0
MMR	2019		76085852617.1371	54045420.0	Asia	0.0	0.0	0.0
MMR	2020		76085852617.1371	54045420.0	Asia	0.0	0.0	0.0
MMR	2021		76085852617.1371	54045420.0	Asia	0.0	0.0	0.0
MMR	2022		76085852617.1371	54045420.0	Asia	0.0	0.0	0.0
MMR	2023		76085852617.1371	54045420.0	Asia	0.0	0.0	0.0
MMR	2024		76085852617.1371	54045420.0	Asia	0.0	0.0	0.0
MMR	2025		76085852617.1371	54045420.0	Asia	0.0	0.0	0.0
MMR	2026		76085852617.1371	54045420.0	Asia	0.0	0.0	0.0
MNE	2011	0.2433384379785605	4538199888.796221	620079.0	Europe	0.0	0.0	0.0
MNE	2012	0.2470921093995599	4087725812.6686397	620601.0	Europe	0.0	0.0	0.0
MNE	2013	0.25698988697204045	4466039314.650022	621207.0	Europe	0.0	0.0	0.0
MNE	2014	0.27472527472527475	4594024179.6200285	621810.0	Europe	0.0	0.0	0.0
MNE	2015	0.2533515731874145	4054712082.5474296	622159.0	Europe	0.0	0.0	0.0
MNE	2016	0.2561962569549823	4377033429.26721	622303.0	Europe	0.0	0.0	0.0
MNE	2017		4856632399.45775	622373.0	Europe	0.0	0.0	0.0
MNE	2018		5506766650.92111	622227.0	Europe	0.0	0.0	0.0
MNE	2019		5494736901.03	622137.0	Europe	0.0	0.0	0.0
MNE	2020		5494736901.03	622137.0	Europe	0.0	0.0	0.0
MNE	2021		5494736901.03	622137.0	Europe	0.0	0.0	0.0
MNE	2022		5494736901.03	622137.0	Europe	0.0	0.0	0.0
MNE	2023		5494736901.03	622137.0	Europe	0.0	0.0	0.0
MNE	2024		5494736901.03	622137.0	Europe	0.0	0.0	0.0
MNE	2025		5494736901.03	622137.0	Europe	0.0	0.0	0.0
MNE	2026		5494736901.03	622137.0	Europe	0.0	0.0	0.0
MNG	2011	0.2608215118538671	10409797649.3063	2770362.0	Asia	0.0	0.0	0.0
MNG	2012	0.21673711471787024	12292770631.1967	2824699.0	Asia	0.0	0.0	0.0
MNG	2013	0.22139074799458835	12582122604.1921	2881792.0	Asia	0.0	0.0	0.0
MNG	2014	0.1925131418675637	12226514722.0861	2940108.0	Asia	0.0	0.0	0.0
MNG	2015	0.17723243539309705	11749620619.5962	2998439.0	Asia	0.0	0.0	0.0
MNG	2016	0.160423541538671	11186734674.3847	3056359.0	Asia	0.0	0.0	0.0
MNG	2017		11425755279.5254	3113779.0	Asia	0.0	0.0	0.0
MNG	2018		13108769495.7425	3170208.0	Asia	0.0	0.0	0.0
MNG	2019		13852850259.4854	3225167.0	Asia	0.0	0.0	0.0
MNG	2020		13852850259.4854	3225167.0	Asia	0.0	0.0	0.0
MNG	2021		13852850259.4854	3225167.0	Asia	0.0	0.0	0.0
MNG	2022		13852850259.4854	3225167.0	Asia	0.0	0.0	0.0
MNG	2023		13852850259.4854	3225167.0	Asia	0.0	0.0	0.0
MNG	2024		13852850259.4854	3225167.0	Asia	0.0	0.0	0.0
MNG	2025		13852850259.4854	3225167.0	Asia	0.0	0.0	0.0
MNG	2026		13852850259.4854	3225167.0	Asia	0.0	0.0	0.0
MNP	2011		733000000.0	54012.0	Oceania	0.0	0.0	1.0
MNP	2012		751000000.0	54311.0	Oceania	0.0	0.0	1.0
MNP	2013		782000000.0	54784.0	Oceania	0.0	0.0	1.0
MNP	2014		845000000.0	55305.0	Oceania	0.0	0.0	1.0
MNP	2015		931000000.0	55780.0	Oceania	0.0	0.0	1.0
MNP	2016		1250000000.0	56188.0	Oceania	0.0	0.0	1.0
MNP	2017		1601000000.0	56562.0	Oceania	0.0	0.0	1.0
MNP	2018		1323000000.0	56882.0	Oceania	0.0	0.0	1.0
MNP	2019		1323000000.0	57216.0	Oceania	0.0	0.0	1.0
MNP	2020		1323000000.0	57216.0	Oceania	0.0	0.0	1.0
MOZ	2011	0.17343826959957245	14381552432.9494	24187487.0	Africa	0.0	0.0	0.0
MOZ	2012	0.18678340051994588	16350804543.0515	24862648.0	Africa	0.0	0.0	0.0
MOZ	2013	0.22312865357617584	16974320551.0213	25560725.0	Africa	0.0	0.0	0.0
MOZ	2014	0.23543703469687485	17716084107.5888	26286163.0	Africa	0.0	0.0	0.0
MOZ	2015	0.2173475820504024	15950969018.9458	27042002.0	Africa	0.0	0.0	0.0
MOZ	2016	0.2015671298587138	11936999283.1791	27829942.0	Africa	0.0	0.0	0.0
MOZ	2017	0.20883470236082646	13219084261.3664	28649007.0	Africa	0.0	0.0	0.0
MOZ	2018		14717223206.9	29495962.0	Africa	0.0	0.0	0.0
MOZ	2019		14934159925.5234	30366036.0	Africa	0.0	0.0	0.0
MOZ	2020		14934159925.5234	30366036.0	Africa	0.0	0.0	0.0
MOZ	2021		14934159925.5234	30366036.0	Africa	0.0	0.0	0.0
MOZ	2022		14934159925.5234	30366036.0	Africa	0.0	0.0	0.0
MOZ	2023		14934159925.5234	30366036.0	Africa	0.0	0.0	0.0
MOZ	2024		14934159925.5234	30366036.0	Africa	0.0	0.0	0.0
MOZ	2025		14934159925.5234	30366036.0	Africa	0.0	0.0	0.0
MOZ	2026		14934159925.5234	30366036.0	Africa	0.0	0.0	0.0
MRT	2011	0.1264844015194653	6764635686.79345	3598648.0	Africa	0.0	0.0	0.0
MRT	2012	0.11477771082590328	6728208836.22143	3706554.0	Africa	0.0	0.0	0.0
MRT	2013	0.12017983337579136	7223063169.72749	3817494.0	Africa	0.0	0.0	0.0
MRT	2014	0.13692178673401886	6592537781.81518	3930896.0	Africa	0.0	0.0	0.0
MRT	2015	0.15224727718975306	6166857628.62212	4046301.0	Africa	0.0	0.0	0.0
MRT	2016	0.1651964325827348	6398744505.08129	4163534.0	Africa	0.0	0.0	0.0
MRT	2017	0.17370335321012007	6758390728.7173395	4282574.0	Africa	0.0	0.0	0.0
MRT	2018		7049169770.863991	4403319.0	Africa	0.0	0.0	0.0
MRT	2019		7593752450.2055	4525696.0	Africa	0.0	0.0	0.0
MRT	2020		7593752450.2055	4525696.0	Africa	0.0	0.0	0.0
MRT	2021		7593752450.2055	4525696.0	Africa	0.0	0.0	0.0
MRT	2022		7593752450.2055	4525696.0	Africa	0.0	0.0	0.0
MRT	2023		7593752450.2055	4525696.0	Africa	0.0	0.0	0.0
MRT	2024		7593752450.2055	4525696.0	Africa	0.0	0.0	0.0
MRT	2025		7593752450.2055	4525696.0	Africa	0.0	0.0	0.0
MRT	2026		7593752450.2055	4525696.0	Africa	0.0	0.0	0.0
MSR	2011	0.21272727272727274	167400000.0	5000.0	Caribbean/American isl.	1.0	0.0	1.0
MSR	2012	0.22085878136200712	132600000.0	5040.0	Caribbean/American isl.	1.0	0.0	1.0
MSR	2013	0.2222201327387273	97800000.0	5080.0	Caribbean/American isl.	1.0	0.0	1.0
MSR	2014	0.253921732240102	63000000.0	5120.0	Caribbean/American isl.	1.0	0.0	1.0
MSR	2015		61000000.0	5160.0	Caribbean/American isl.	1.0	0.0	1.0
MSR	2016		63000000.0	5200.0	Caribbean/American isl.	1.0	0.0	1.0
MSR	2017		60000000.0	5200.0	Caribbean/American isl.	1.0	0.0	1.0
MSR	2018		60000000.0	5315.0	Caribbean/American isl.	1.0	0.0	1.0
MSR	2019		60000000.0	5000.0	Caribbean/American isl.	1.0	0.0	1.0
MSR	2020		60000000.0	5000.0	Caribbean/American isl.	1.0	0.0	1.0
MTQ	2011			391663.33333333326	Caribbean/American isl.	0.0	0.0	0.0
MTQ	2012		10700000000.0	388626.66666666674	Caribbean/American isl.	0.0	0.0	0.0
MTQ	2013		10700000000.0	385590.0	Caribbean/American isl.	0.0	0.0	0.0
MTQ	2014		10700000000.0	382553.33333333326	Caribbean/American isl.	0.0	0.0	0.0
MTQ	2015		10700000000.0	379516.66666666674	Caribbean/American isl.	0.0	0.0	0.0
MTQ	2016		10700000000.0	376480.0	Caribbean/American isl.	0.0	0.0	0.0
MTQ	2017		10700000000.0	375900.0	Caribbean/American isl.	0.0	0.0	0.0
MTQ	2018		10700000000.0	375750.0	Caribbean/American isl.	0.0	0.0	0.0
MTQ	2019		10700000000.0	375600.0	Caribbean/American isl.	0.0	0.0	0.0
MTQ	2020		10700000000.0	375600.0	Caribbean/American isl.	0.0	0.0	0.0
MUS	2011	0.17898332662930558	11518393367.2403	1252404.0	Africa	0.0	0.0	0.0
MUS	2012	0.1851427658822053	11668685524.1265	1255882.0	Africa	0.0	0.0	0.0
MUS	2013	0.18257612171956272	12129642296.4425	1258653.0	Africa	0.0	0.0	0.0
MUS	2014	0.18294912539343267	12803445933.5894	1260934.0	Africa	0.0	0.0	0.0
MUS	2015	0.18375039339534951	11692287066.381	1262605.0	Africa	0.0	0.0	0.0
MUS	2016	0.17897024829505595	12232463655.5727	1263473.0	Africa	0.0	0.0	0.0
MUS	2017	0.1839419409135125	13259351418.4459	1264613.0	Africa	0.0	0.0	0.0
MUS	2018		14181803715.4038	1265303.0	Africa	0.0	0.0	0.0
MUS	2019		14180444557.2047	1265711.0	Africa	0.0	0.0	0.0
MUS	2020		14180444557.2047	1265711.0	Africa	0.0	0.0	0.0
MUS	2021		14180444557.2047	1265711.0	Africa	0.0	0.0	0.0
MUS	2022		14180444557.2047	1265711.0	Africa	0.0	0.0	0.0
MUS	2023		14180444557.2047	1265711.0	Africa	0.0	0.0	0.0
MUS	2024		14180444557.2047	1265711.0	Africa	0.0	0.0	0.0
MUS	2025		14180444557.2047	1265711.0	Africa	0.0	0.0	0.0
MUS	2026		14180444557.2047	1265711.0	Africa	0.0	0.0	0.0
MWI	2011	0.15451845938934344	8004000737.30717	14962112.0	Africa	0.0	0.0	0.0
MWI	2012	0.13557070398000176	6028487928.83351	15396005.0	Africa	0.0	0.0	0.0
MWI	2013	0.14129040392295486	5518880768.57955	15839269.0	Africa	0.0	0.0	0.0
MWI	2014	0.15934133078533874	6047813437.31804	16289540.0	Africa	0.0	0.0	0.0
MWI	2015	0.1517326009567524	6373212640.84604	16745303.0	Africa	0.0	0.0	0.0
MWI	2016	0.15323004687210512	5433040159.88747	17205289.0	Africa	0.0	0.0	0.0
MWI	2017	0.17501414189035489	6303292264.18905	17670260.0	Africa	0.0	0.0	0.0
MWI	2018		6917301908.62757	18143315.0	Africa	0.0	0.0	0.0
MWI	2019		7666704427.00915	18628747.0	Africa	0.0	0.0	0.0
MWI	2020		7666704427.00915	18628747.0	Africa	0.0	0.0	0.0
MWI	2021		7666704427.00915	18628747.0	Africa	0.0	0.0	0.0
MWI	2022		7666704427.00915	18628747.0	Africa	0.0	0.0	0.0
MWI	2023		7666704427.00915	18628747.0	Africa	0.0	0.0	0.0
MWI	2024		7666704427.00915	18628747.0	Africa	0.0	0.0	0.0
MWI	2025		7666704427.00915	18628747.0	Africa	0.0	0.0	0.0
MWI	2026		7666704427.00915	18628747.0	Africa	0.0	0.0	0.0
MYS	2011	0.14760022945314033	297951960784.314	28650955.0	Asia	0.0	0.0	0.0
MYS	2012	0.15614295377816856	314443149443.149	29068159.0	Asia	0.0	0.0	0.0
MYS	2013	0.1530550336044861	323277158906.979	29468872.0	Asia	0.0	0.0	0.0
MYS	2014	0.1484083095332779	338061963396.37604	29866559.0	Asia	0.0	0.0	0.0
MYS	2015	0.14280498226169822	301354756113.174	30270962.0	Asia	0.0	0.0	0.0
MYS	2016	0.13756324023980115	301255454041.415	30684804.0	Asia	0.0	0.0	0.0
MYS	2017	0.13130089110227727	318958236443.122	31105028.0	Asia	0.0	0.0	0.0
MYS	2018		358581943446.259	31528585.0	Asia	0.0	0.0	0.0
MYS	2019		364701517787.844	31949777.0	Asia	0.0	0.0	0.0
MYS	2020		364701517787.844	31949777.0	Asia	0.0	0.0	0.0
MYT	2011			215531.1428571429	Africa	0.0	0.0	0.0
MYT	2012			222362.2857142857	Africa	0.0	0.0	0.0
MYT	2013			229193.42857142855	Africa	0.0	0.0	0.0
MYT	2014			236024.57142857145	Africa	0.0	0.0	0.0
MYT	2015			242855.7142857143	Africa	0.0	0.0	0.0
MYT	2016		2900000000.0	249686.8571428572	Africa	0.0	0.0	0.0
MYT	2017		2900000000.0	256518.0	Africa	0.0	0.0	0.0
MYT	2018		2900000000.0	261359.0	Africa	0.0	0.0	0.0
MYT	2019		2900000000.0	266200.0	Africa	0.0	0.0	0.0
MYT	2020		2900000000.0	266200.0	Africa	0.0	0.0	0.0
NAM	2011	0.3002286145514272	12343501808.2192	2156701.0	Africa	0.0	0.0	0.0
NAM	2012	0.3203511004641413	13042007432.4489	2194784.0	Africa	0.0	0.0	0.0
NAM	2013	0.31684474558603165	12011207761.9717	2233510.0	Africa	0.0	0.0	0.0
NAM	2014	0.3375251327803521	12356482878.1968	2273430.0	Africa	0.0	0.0	0.0
NAM	2015	0.32583970203154256	11272143550.2527	2314904.0	Africa	0.0	0.0	0.0
NAM	2016	0.2871081273277327	10665634660.8833	2358041.0	Africa	0.0	0.0	0.0
NAM	2017	0.30818944015653604	12741746433.6716	2402603.0	Africa	0.0	0.0	0.0
NAM	2018		13454211124.4607	2448255.0	Africa	0.0	0.0	0.0
NAM	2019		12366527719.3322	2494530.0	Africa	0.0	0.0	0.0
NAM	2020		12366527719.3322	2494530.0	Africa	0.0	0.0	0.0
NCL	2011		9890000000.0	254350.0	Oceania	0.0	0.0	1.0
NCL	2012		9711000000.0	259000.0	Oceania	0.0	0.0	1.0
NCL	2013		9532000000.0	263650.0	Oceania	0.0	0.0	1.0
NCL	2014		9353000000.0	268050.0	Oceania	0.0	0.0	1.0
NCL	2015		9174000000.0	272400.0	Oceania	0.0	0.0	1.0
NCL	2016		9446000000.0	276550.0	Oceania	0.0	0.0	1.0
NCL	2017		9894000000.0	280350.0	Oceania	0.0	0.0	1.0
NCL	2018		9894000000.0	284060.0	Oceania	0.0	0.0	1.0
NCL	2019		9894000000.0	287800.0	Oceania	0.0	0.0	1.0
NCL	2020		9894000000.0	287800.0	Oceania	0.0	0.0	1.0
NER	2011	0.1322302572190975	8701085756.227491	17114761.0	Africa	0.0	0.0	0.0
NER	2012	0.13986286272785908	9366515965.17374	17795191.0	Africa	0.0	0.0	0.0
NER	2013	0.14711181210445387	10156855203.7509	18504255.0	Africa	0.0	0.0	0.0
NER	2014	0.1556095115453804	10815312544.1118	19240157.0	Africa	0.0	0.0	0.0
NER	2015	0.15967207534059724	9667589437.27909	20001663.0	Africa	0.0	0.0	0.0
NER	2016	0.134540779001973	10284627189.6492	20788838.0	Africa	0.0	0.0	0.0
NER	2017	0.13115579590558646	11166063886.8555	21602472.0	Africa	0.0	0.0	0.0
NER	2018		12826750567.1859	22442948.0	Africa	0.0	0.0	0.0
NER	2019		12928145120.0296	23310715.0	Africa	0.0	0.0	0.0
NER	2020		12928145120.0296	23310715.0	Africa	0.0	0.0	0.0
NER	2021		12928145120.0296	23310715.0	Africa	0.0	0.0	0.0
NER	2022		12928145120.0296	23310715.0	Africa	0.0	0.0	0.0
NER	2023		12928145120.0296	23310715.0	Africa	0.0	0.0	0.0
NER	2024		12928145120.0296	23310715.0	Africa	0.0	0.0	0.0
NER	2025		12928145120.0296	23310715.0	Africa	0.0	0.0	0.0
NER	2026		12928145120.0296	23310715.0	Africa	0.0	0.0	0.0
NFK	2011				Oceania	0.0	0.0	0.0
NFK	2012				Oceania	0.0	0.0	0.0
NFK	2013				Oceania	0.0	0.0	0.0
NFK	2014				Oceania	0.0	0.0	0.0
NFK	2015				Oceania	0.0	0.0	0.0
NFK	2016			1748.0	Oceania	0.0	0.0	0.0
NFK	2017			1748.0	Oceania	0.0	0.0	0.0
NFK	2018			1748.0	Oceania	0.0	0.0	0.0
NFK	2019			1748.0	Oceania	0.0	0.0	0.0
NFK	2020			1748.0	Oceania	0.0	0.0	0.0
NGA	2011		410334579160.752	162805071.0	Africa	0.0	0.0	0.0
NGA	2012		459376049763.999	167228767.0	Africa	0.0	0.0	0.0
NGA	2013		514966287334.277	171765769.0	Africa	0.0	0.0	0.0
NGA	2014		568498937615.656	176404902.0	Africa	0.0	0.0	0.0
NGA	2015		494583180777.103	181137448.0	Africa	0.0	0.0	0.0
NGA	2016		404649527537.753	185960289.0	Africa	0.0	0.0	0.0
NGA	2017		375745486520.656	190873311.0	Africa	0.0	0.0	0.0
NGA	2018		398160403206.519	195874740.0	Africa	0.0	0.0	0.0
NGA	2019		448120428858.769	200963599.0	Africa	0.0	0.0	0.0
NGA	2020		448120428858.769	200963599.0	Africa	0.0	0.0	0.0
NGA	2021		448120428858.769	200963599.0	Africa	0.0	0.0	0.0
NGA	2022		448120428858.769	200963599.0	Africa	0.0	0.0	0.0
NGA	2023		448120428858.769	200963599.0	Africa	0.0	0.0	0.0
NGA	2024		448120428858.769	200963599.0	Africa	0.0	0.0	0.0
NGA	2025		448120428858.769	200963599.0	Africa	0.0	0.0	0.0
NGA	2026		448120428858.769	200963599.0	Africa	0.0	0.0	0.0
NIC	2011	0.15889101294814353	9774262741.75783	5903039.0	Latin America	0.0	0.0	0.0
NIC	2012	0.1637918094792616	10531964139.3486	5982526.0	Latin America	0.0	0.0	0.0
NIC	2013	0.1651710860678378	10982979274.1922	6062454.0	Latin America	0.0	0.0	0.0
NIC	2014	0.1684742885121092	11880472593.2147	6142733.0	Latin America	0.0	0.0	0.0
NIC	2015	0.1727287061657425	12756706583.3113	6223240.0	Latin America	0.0	0.0	0.0
NIC	2016	0.1780478628537508	13286048705.496	6303974.0	Latin America	0.0	0.0	0.0
NIC	2017	0.18051065336631925	13785943183.0661	6384855.0	Latin America	0.0	0.0	0.0
NIC	2018		13063873077.8495	6465513.0	Latin America	0.0	0.0	0.0
NIC	2019		12520915291.1837	6545502.0	Latin America	0.0	0.0	0.0
NIC	2020		12520915291.1837	6545502.0	Latin America	0.0	0.0	0.0
NIC	2021		12520915291.1837	6545502.0	Latin America	0.0	0.0	0.0
NIC	2022		12520915291.1837	6545502.0	Latin America	0.0	0.0	0.0
NIC	2023		12520915291.1837	6545502.0	Latin America	0.0	0.0	0.0
NIC	2024		12520915291.1837	6545502.0	Latin America	0.0	0.0	0.0
NIC	2025		12520915291.1837	6545502.0	Latin America	0.0	0.0	0.0
NIC	2026		12520915291.1837	6545502.0	Latin America	0.0	0.0	0.0
NIU	2011		10010000.0	1600.0	Oceania	0.0	0.0	0.0
NIU	2012		10010000.0	1600.0	Oceania	0.0	0.0	0.0
NIU	2013		10010000.0	1600.0	Oceania	0.0	0.0	0.0
NIU	2014		10010000.0	1600.0	Oceania	0.0	0.0	0.0
NIU	2015		10010000.0	1600.0	Oceania	0.0	0.0	0.0
NIU	2016		10010000.0	1600.0	Oceania	0.0	0.0	0.0
NIU	2017		10010000.0	1600.0	Oceania	0.0	0.0	0.0
NIU	2018		10010000.0	1600.0	Oceania	0.0	0.0	0.0
NIU	2019		10010000.0	1600.0	Oceania	0.0	0.0	0.0
NIU	2020		10010000.0	1600.0	Oceania	0.0	0.0	0.0
NLD	2011	0.2183978387321464	904085980796.018	16693074.0	Europe	0.0	1.0	0.0
NLD	2012	0.2106204610959836	838971306990.9059	16754962.0	Europe	0.0	1.0	0.0
NLD	2013	0.21366223391772127	876923518850.405	16804432.0	Europe	0.0	1.0	0.0
NLD	2014	0.2236196319018405	890981311077.658	16865008.0	Europe	0.0	1.0	0.0
NLD	2015	0.2303190687644201	765264949780.999	16939923.0	Europe	0.0	1.0	0.0
NLD	2016	0.2373248891417503	783528181704.567	17030314.0	Europe	0.0	1.0	0.0
NLD	2017	0.2492469961250828	833869641687.06	17131296.0	Europe	0.0	1.0	0.0
NLD	2018		914104847814.1172	17231624.0	Europe	0.0	1.0	0.0
NLD	2019		909070395160.783	17332850.0	Europe	0.0	1.0	0.0
NLD	2020		909070395160.783	17332850.0	Europe	0.0	1.0	0.0
NOR	2011	0.32779566200246085	498283438454.281	4953088.0	Europe	0.0	1.0	0.0
NOR	2012	0.321486999117328	509506317146.541	5018573.0	Europe	0.0	1.0	0.0
NOR	2013	0.3037579903627934	522761531914.894	5079623.0	Europe	0.0	1.0	0.0
NOR	2014	0.2886244462382336	498410050251.256	5137232.0	Europe	0.0	1.0	0.0
NOR	2015	0.2800241812374123	385801550067.169	5188607.0	Europe	0.0	1.0	0.0
NOR	2016	0.2809970185618568	368819929542.194	5234519.0	Europe	0.0	1.0	0.0
NOR	2017	0.2789362191475712	398393955268.99	5276968.0	Europe	0.0	1.0	0.0
NOR	2018		434166615431.909	5311916.0	Europe	0.0	1.0	0.0
NOR	2019		403336363636.364	5347896.0	Europe	0.0	1.0	0.0
NOR	2020		403336363636.364	5347896.0	Europe	0.0	1.0	0.0
NPL	2011	0.13259743853853165	18913574370.76	27041437.0	Asia	0.0	0.0	0.0
NPL	2012	0.1386216857499031	18851513891.066	26989862.0	Asia	0.0	0.0	0.0
NPL	2013	0.1529282110853558	19271168018.482	26917906.0	Asia	0.0	0.0	0.0
NPL	2014	0.15903973194742788	20002968837.9471	26906926.0	Asia	0.0	0.0	0.0
NPL	2015	0.16709758900221586	21410840908.5198	27015031.0	Asia	0.0	0.0	0.0
NPL	2016	0.18687477534701485	21185922407.5922	27261131.0	Asia	0.0	0.0	0.0
NPL	2017	0.20952236119024825	25180583770.2719	27627124.0	Asia	0.0	0.0	0.0
NPL	2018		29173513475.5597	28087871.0	Asia	0.0	0.0	0.0
NPL	2019		30641380604.2984	28608710.0	Asia	0.0	0.0	0.0
NPL	2020		30641380604.2984	28608710.0	Asia	0.0	0.0	0.0
NPL	2021		30641380604.2984	28608710.0	Asia	0.0	0.0	0.0
NPL	2022		30641380604.2984	28608710.0	Asia	0.0	0.0	0.0
NPL	2023		30641380604.2984	28608710.0	Asia	0.0	0.0	0.0
NPL	2024		30641380604.2984	28608710.0	Asia	0.0	0.0	0.0
NPL	2025		30641380604.2984	28608710.0	Asia	0.0	0.0	0.0
NPL	2026		30641380604.2984	28608710.0	Asia	0.0	0.0	0.0
NRU	2011		66055407.6703145	10057.0	Oceania	0.0	0.0	0.0
NRU	2012	0.0801980198019802	96927201.4848422	10279.0	Oceania	0.0	0.0	0.0
NRU	2013	0.15283018867924528	98491843.6441982	10821.0	Oceania	0.0	0.0	0.0
NRU	2014	0.14960629921259844	104654365.188653	11853.0	Oceania	0.0	0.0	0.0
NRU	2015	0.18833333333333327	86779266.1619103	12475.0	Oceania	0.0	0.0	0.0
NRU	2016	0.2257142857142857	100087348.959092	13049.0	Oceania	0.0	0.0	0.0
NRU	2017		109585941.624557	12876.0	Oceania	0.0	0.0	0.0
NRU	2018		124021393.690412	12704.0	Oceania	0.0	0.0	0.0
NRU	2019		118223430.124446	12581.0	Oceania	0.0	0.0	0.0
NRU	2020		118223430.124446	12581.0	Oceania	0.0	0.0	0.0
NZL	2011	0.3060888255540353	168510189201.49402	4384000.0	Oceania	0.0	1.0	0.0
NZL	2012	0.3205291451167055	176247979235.906	4408100.0	Oceania	0.0	1.0	0.0
NZL	2013	0.3167805438899055	190845889949.764	4442100.0	Oceania	0.0	1.0	0.0
NZL	2014	0.3186399084953728	200921936786.219	4509700.0	Oceania	0.0	1.0	0.0
NZL	2015	0.32543088820661875	177467529071.288	4595700.0	Oceania	0.0	1.0	0.0
NZL	2016	0.32613870037134396	188223664746.524	4693200.0	Oceania	0.0	1.0	0.0
NZL	2017	0.3283002129169624	205415864857.984	4793900.0	Oceania	0.0	1.0	0.0
NZL	2018		207920613961.749	4841000.0	Oceania	0.0	1.0	0.0
NZL	2019		206928765543.935	4917000.0	Oceania	0.0	1.0	0.0
NZL	2020		206928765543.935	4917000.0	Oceania	0.0	1.0	0.0
OMN	2011	0.0226972049095706	68016905071.5215	3251108.0	Asia	0.0	0.0	0.0
OMN	2012	0.026036185885467945	76615864759.4278	3498029.0	Asia	0.0	0.0	0.0
OMN	2013	0.02528636978839996	78784395318.5956	3764805.0	Asia	0.0	0.0	0.0
OMN	2014		81076462938.8817	4027260.0	Asia	0.0	0.0	0.0
OMN	2015		68400260078.0234	4267348.0	Asia	0.0	0.0	0.0
OMN	2016		65481144343.303	4479219.0	Asia	0.0	0.0	0.0
OMN	2017		70600000000.0	4665935.0	Asia	0.0	0.0	0.0
OMN	2018		79275422626.788	4829483.0	Asia	0.0	0.0	0.0
OMN	2019		76983094928.4785	4974986.0	Asia	0.0	0.0	0.0
OMN	2020		76983094928.4785	4974986.0	Asia	0.0	0.0	0.0
PAK	2011	0.09188676788258544	213587413183.996	183340592.0	Asia	0.0	0.0	0.0
PAK	2012	0.10099368967151373	224383620829.57	187281475.0	Asia	0.0	0.0	0.0
PAK	2013	0.11183857592386054	231218567178.9789	191262919.0	Asia	0.0	0.0	0.0
PAK	2014	0.09988356618440963	244360888750.807	195306825.0	Asia	0.0	0.0	0.0
PAK	2015		270556131701.17105	199426964.0	Asia	0.0	0.0	0.0
PAK	2016		278654637737.69	203627284.0	Asia	0.0	0.0	0.0
PAK	2017		304567253219.097	207896686.0	Asia	0.0	0.0	0.0
PAK	2018		314567541558.339	212215030.0	Asia	0.0	0.0	0.0
PAK	2019		278221906022.841	216565318.0	Asia	0.0	0.0	0.0
PAK	2020		278221906022.841	216565318.0	Asia	0.0	0.0	0.0
PAK	2021		278221906022.841	216565318.0	Asia	0.0	0.0	0.0
PAK	2022		278221906022.841	216565318.0	Asia	0.0	0.0	0.0
PAK	2023		278221906022.841	216565318.0	Asia	0.0	0.0	0.0
PAK	2024		278221906022.841	216565318.0	Asia	0.0	0.0	0.0
PAK	2025		278221906022.841	216565318.0	Asia	0.0	0.0	0.0
PAK	2026		278221906022.841	216565318.0	Asia	0.0	0.0	0.0
PAN	2011	0.10203425012973537	34686200000.0	3706483.0	Latin America	0.0	0.0	0.0
PAN	2012	0.10969589413801632	40429700000.0	3770624.0	Latin America	0.0	0.0	0.0
PAN	2013	0.10623789473684213	45600000000.0	3835437.0	Latin America	0.0	0.0	0.0
PAN	2014	0.09651785821598127	49921500000.0	3901315.0	Latin America	0.0	0.0	0.0
PAN	2015	0.0933851216446055	54091700000.0	3968487.0	Latin America	0.0	0.0	0.0
PAN	2016	0.09677071327513026	57907700000.0	4037078.0	Latin America	0.0	0.0	0.0
PAN	2017	0.09134121122599703	62219000000.0	4106771.0	Latin America	0.0	0.0	0.0
PAN	2018		65128200000.0	4176873.0	Latin America	0.0	0.0	0.0
PAN	2019		66800800000.0	4246439.0	Latin America	0.0	0.0	0.0
PAN	2020		66800800000.0	4246439.0	Latin America	0.0	0.0	0.0
PCN	2011		152879.321		Oceania	1.0	0.0	0.0
PCN	2012		152879.321		Oceania	1.0	0.0	0.0
PCN	2013		152879.321		Oceania	1.0	0.0	0.0
PCN	2014		152879.321		Oceania	1.0	0.0	0.0
PCN	2015		152879.321		Oceania	1.0	0.0	0.0
PCN	2016		152879.321	54.0	Oceania	1.0	0.0	0.0
PCN	2017		152879.321	52.0	Oceania	1.0	0.0	0.0
PCN	2018		152879.321	50.0	Oceania	1.0	0.0	0.0
PCN	2019		152879.321	50.0	Oceania	1.0	0.0	0.0
PCN	2020		152879.321	50.0	Oceania	1.0	0.0	0.0
PER	2011	0.16054726429367314	171761737046.585	29264318.0	Latin America	0.0	0.0	0.0
PER	2012	0.1652317691168007	192648999090.082	29506788.0	Latin America	0.0	0.0	0.0
PER	2013	0.16353519027962604	201175469114.327	29773987.0	Latin America	0.0	0.0	0.0
PER	2014	0.16605104127089074	200789362451.567	30090359.0	Latin America	0.0	0.0	0.0
PER	2015	0.14783098921841115	189805300841.603	30470734.0	Latin America	0.0	0.0	0.0
PER	2016	0.13614037050630848	191895943823.887	30926032.0	Latin America	0.0	0.0	0.0
PER	2017	0.12991545099296795	211007207483.515	31444297.0	Latin America	0.0	0.0	0.0
PER	2018		222044970486.2169	31989256.0	Latin America	0.0	0.0	0.0
PER	2019		226848050819.525	32510453.0	Latin America	0.0	0.0	0.0
PER	2020		226848050819.525	32510453.0	Latin America	0.0	0.0	0.0
PER	2021		226848050819.525	32510453.0	Latin America	0.0	0.0	0.0
PER	2022		226848050819.525	32510453.0	Latin America	0.0	0.0	0.0
PER	2023		226848050819.525	32510453.0	Latin America	0.0	0.0	0.0
PER	2024		226848050819.525	32510453.0	Latin America	0.0	0.0	0.0
PER	2025		226848050819.525	32510453.0	Latin America	0.0	0.0	0.0
PER	2026		226848050819.525	32510453.0	Latin America	0.0	0.0	0.0
PHL	2011	0.12381537347190567	234216730703.492	95570047.0	Asia	0.0	0.0	0.0
PHL	2012	0.12887954894032674	261920542606.121	97212638.0	Asia	0.0	0.0	0.0
PHL	2013	0.1330950914215925	283902829720.159	98871552.0	Asia	0.0	0.0	0.0
PHL	2014	0.13605438892402286	297483553299.475	100513138.0	Asia	0.0	0.0	0.0
PHL	2015	0.13627605081504035	306445871631.48303	102113212.0	Asia	0.0	0.0	0.0
PHL	2016	0.13676773745765694	318627003965.493	103663927.0	Asia	0.0	0.0	0.0
PHL	2017	0.1423905946720181	328480738147.729	105173264.0	Asia	0.0	0.0	0.0
PHL	2018		346841896889.553	106651922.0	Asia	0.0	0.0	0.0
PHL	2019		376795508679.676	108116615.0	Asia	0.0	0.0	0.0
PHL	2020		376795508679.676	108116615.0	Asia	0.0	0.0	0.0
PHL	2021		376795508679.676	108116615.0	Asia	0.0	0.0	0.0
PHL	2022		376795508679.676	108116615.0	Asia	0.0	0.0	0.0
PHL	2023		376795508679.676	108116615.0	Asia	0.0	0.0	0.0
PHL	2024		376795508679.676	108116615.0	Asia	0.0	0.0	0.0
PHL	2025		376795508679.676	108116615.0	Asia	0.0	0.0	0.0
PHL	2026		376795508679.676	108116615.0	Asia	0.0	0.0	0.0
PLW	2011	0.17689544	193143900.0	17745.0	Oceania	0.0	0.0	0.0
PLW	2012	0.17953453023255814	211103300.0	17640.0	Oceania	0.0	0.0	0.0
PLW	2013	0.18142423245614034	223388400.0	17606.0	Oceania	0.0	0.0	0.0
PLW	2014	0.19175701219512195	243147000.0	17626.0	Oceania	0.0	0.0	0.0
PLW	2015	0.19319860068259387	280376100.0	17665.0	Oceania	0.0	0.0	0.0
PLW	2016	0.19587740460526315	300125600.0	17725.0	Oceania	0.0	0.0	0.0
PLW	2017	0.19626758620689647	286321800.0	17808.0	Oceania	0.0	0.0	0.0
PLW	2018		283994900.0	17907.0	Oceania	0.0	0.0	0.0
PLW	2019		283994900.0	18008.0	Oceania	0.0	0.0	0.0
PLW	2020		283994900.0	18008.0	Oceania	0.0	0.0	0.0
PNG	2011	0.19116795647483706	17984910501.8979	7472200.0	Oceania	0.0	0.0	0.0
PNG	2012	0.1852294239610565	21295659243.6168	7631002.0	Oceania	0.0	0.0	0.0
PNG	2013	0.18608159929590745	21261432791.2675	7788379.0	Oceania	0.0	0.0	0.0
PNG	2014	0.18026779422128256	23210682538.3928	7946731.0	Oceania	0.0	0.0	0.0
PNG	2015	0.16026673200784095	21723531173.2409	8107775.0	Oceania	0.0	0.0	0.0
PNG	2016	0.1412731695043194	20759069103.0961	8271760.0	Oceania	0.0	0.0	0.0
PNG	2017	0.13938857160309073	22742613553.6879	8438029.0	Oceania	0.0	0.0	0.0
PNG	2018		23412495063.4985	8606316.0	Oceania	0.0	0.0	0.0
PNG	2019		24969611434.7684	8776109.0	Oceania	0.0	0.0	0.0
PNG	2020		24969611434.7684	8776109.0	Oceania	0.0	0.0	0.0
PNG	2021		24969611434.7684	8776109.0	Oceania	0.0	0.0	0.0
PNG	2022		24969611434.7684	8776109.0	Oceania	0.0	0.0	0.0
PNG	2023		24969611434.7684	8776109.0	Oceania	0.0	0.0	0.0
PNG	2024		24969611434.7684	8776109.0	Oceania	0.0	0.0	0.0
PNG	2025		24969611434.7684	8776109.0	Oceania	0.0	0.0	0.0
PNG	2026		24969611434.7684	8776109.0	Oceania	0.0	0.0	0.0
POL	2011	0.20730715717185128	528832185770.217	38063255.0	Europe	0.0	1.0	0.0
POL	2012	0.20126301835611227	500360816827.883	38063164.0	Europe	0.0	1.0	0.0
POL	2013	0.1971332005552538	524234322596.975	38040196.0	Europe	0.0	1.0	0.0
POL	2014	0.1976999936062496	545389126644.476	38011735.0	Europe	0.0	1.0	0.0
POL	2015	0.1993517494986752	477581376840.43	37986412.0	Europe	0.0	1.0	0.0
POL	2016	0.20650418298757192	472037130972.913	37970087.0	Europe	0.0	1.0	0.0
POL	2017	0.20969714340307632	526380811261.345	37974826.0	Europe	0.0	1.0	0.0
POL	2018		587114101392.696	37974750.0	Europe	0.0	1.0	0.0
POL	2019		592164400687.607	37970874.0	Europe	0.0	1.0	0.0
POL	2020		592164400687.607	37970874.0	Europe	0.0	1.0	0.0
PRI	2011		100351700000.0	3678732.0	Caribbean/American isl.	0.0	0.0	1.0
PRI	2012		101564800000.0	3634488.0	Caribbean/American isl.	0.0	0.0	1.0
PRI	2013		102450000000.0	3593077.0	Caribbean/American isl.	0.0	0.0	1.0
PRI	2014		102445800000.0	3534874.0	Caribbean/American isl.	0.0	0.0	1.0
PRI	2015		103375500000.0	3473232.0	Caribbean/American isl.	0.0	0.0	1.0
PRI	2016		104336700000.0	3406672.0	Caribbean/American isl.	0.0	0.0	1.0
PRI	2017		103445500000.0	3325286.0	Caribbean/American isl.	0.0	0.0	1.0
PRI	2018		100979900000.0	3193354.0	Caribbean/American isl.	0.0	0.0	1.0
PRI	2019		104988600000.0	3193694.0	Caribbean/American isl.	0.0	0.0	1.0
PRI	2020		104988600000.0	3193694.0	Caribbean/American isl.	0.0	0.0	1.0
PRK	2011		18630000000.0	24673385.0	Asia	0.0	0.0	0.0
PRK	2012		23315000000.0	24800612.0	Asia	0.0	0.0	0.0
PRK	2013		28000000000.0	24929452.0	Asia	0.0	0.0	0.0
PRK	2014		22141500000.0	25057752.0	Asia	0.0	0.0	0.0
PRK	2015		16283000000.0	25183833.0	Asia	0.0	0.0	0.0
PRK	2016		16789000000.0	25307744.0	Asia	0.0	0.0	0.0
PRK	2017		17365000000.0	25429985.0	Asia	0.0	0.0	0.0
PRK	2018		17365000000.0	25549819.0	Asia	0.0	0.0	0.0
PRK	2019		17365000000.0	25666161.0	Asia	0.0	0.0	0.0
PRK	2020		17365000000.0	25666161.0	Asia	0.0	0.0	0.0
PRT	2011	0.2343354714560616	244797226567.1089	10557560.0	Europe	0.0	1.0	0.0
PRT	2012	0.2309680221855367	216236608773.976	10514844.0	Europe	0.0	1.0	0.0
PRT	2013	0.2518144935366978	226369502104.236	10457295.0	Europe	0.0	1.0	0.0
PRT	2014	0.2525597732827206	229596170846.995	10401062.0	Europe	0.0	1.0	0.0
PRT	2015	0.2548864906650947	199313894327.486	10358076.0	Europe	0.0	1.0	0.0
PRT	2016	0.2506346310596311	206286022781.894	10325452.0	Europe	0.0	1.0	0.0
PRT	2017	0.2520880722253909	221357874718.93	10300300.0	Europe	0.0	1.0	0.0
PRT	2018		241274628877.362	10283822.0	Europe	0.0	1.0	0.0
PRT	2019		237686075634.698	10269417.0	Europe	0.0	1.0	0.0
PRT	2020		237686075634.698	10269417.0	Europe	0.0	1.0	0.0
PRY	2011	0.09348416573130534	33715524703.9288	6333976.0	Latin America	0.0	0.0	0.0
PRY	2012	0.0941816651156397	33283228891.0923	6421512.0	Latin America	0.0	0.0	0.0
PRY	2013	0.08930052252775238	38585317742.981	6510276.0	Latin America	0.0	0.0	0.0
PRY	2014	0.09728933384590199	40276532540.8812	6599526.0	Latin America	0.0	0.0	0.0
PRY	2015	0.0967556991178964	36164068797.2511	6688746.0	Latin America	0.0	0.0	0.0
PRY	2016	0.09526431391623798	36054281572.3981	6777872.0	Latin America	0.0	0.0	0.0
PRY	2017	0.09913971756518887	39008900331.6733	6867062.0	Latin America	0.0	0.0	0.0
PRY	2018		40384691790.5685	6956071.0	Latin America	0.0	0.0	0.0
PRY	2019		38145288939.8488	7044636.0	Latin America	0.0	0.0	0.0
PRY	2020		38145288939.8488	7044636.0	Latin America	0.0	0.0	0.0
PRY	2021		38145288939.8488	7044636.0	Latin America	0.0	0.0	0.0
PRY	2022		38145288939.8488	7044636.0	Latin America	0.0	0.0	0.0
PRY	2023		38145288939.8488	7044636.0	Latin America	0.0	0.0	0.0
PRY	2024		38145288939.8488	7044636.0	Latin America	0.0	0.0	0.0
PRY	2025		38145288939.8488	7044636.0	Latin America	0.0	0.0	0.0
PRY	2026		38145288939.8488	7044636.0	Latin America	0.0	0.0	0.0
PSE	2011		10465400000.0	3882986.0	Asia	0.0	0.0	0.0
PSE	2012		11279400000.0	3979998.0	Asia	0.0	0.0	0.0
PSE	2013		12476000000.0	4076708.0	Asia	0.0	0.0	0.0
PSE	2014		12715600000.0	4173398.0	Asia	0.0	0.0	0.0
PSE	2014		12715600000.0	4173398.0	Asia	0.0	0.0	0.0
PSE	2015		12673000000.0	4270092.0	Asia	0.0	0.0	0.0
PSE	2016		13425700000.0	4367088.0	Asia	0.0	0.0	0.0
PSE	2017		14498100000.0	4454805.0	Asia	0.0	0.0	0.0
PSE	2018		14615900000.0	4569087.0	Asia	0.0	0.0	0.0
PSE	2018		14615900000.0	4569087.0	Asia	0.0	0.0	0.0
PSE	2019		14615900000.0	4685306.0	Asia	0.0	0.0	0.0
PSE	2020		14615900000.0	4685306.0	Asia	0.0	0.0	0.0
PUS	2011							0.0
PUS	2012							0.0
PUS	2013							0.0
PUS	2014							0.0
PUS	2015							0.0
PUS	2016							0.0
PUS	2017							0.0
PUS	2018							0.0
PUS	2019							0.0
PUS	2020							0.0
PYF	2011		5965750000.0	267698.0	Oceania	0.0	0.0	1.0
PYF	2012		5850500000.0	268998.0	Oceania	0.0	0.0	1.0
PYF	2013		5735250000.0	270328.0	Oceania	0.0	0.0	1.0
PYF	2014		5620000000.0	271705.0	Oceania	0.0	0.0	1.0
PYF	2015		5262000000.0	273124.0	Oceania	0.0	0.0	1.0
PYF	2016		5368000000.0	274575.0	Oceania	0.0	0.0	1.0
PYF	2017		5606000000.0	276103.0	Oceania	0.0	0.0	1.0
PYF	2018		5606000000.0	277679.0	Oceania	0.0	0.0	1.0
PYF	2019		5606000000.0	279287.0	Oceania	0.0	0.0	1.0
PYF	2020		5606000000.0	279287.0	Oceania	0.0	0.0	1.0
QAT	2011		167775274725.275	2035871.0	Asia	0.0	0.0	0.0
QAT	2012		186833516483.516	2196074.0	Asia	0.0	0.0	0.0
QAT	2013		198727747252.7469	2336574.0	Asia	0.0	0.0	0.0
QAT	2014		206224725274.725	2459198.0	Asia	0.0	0.0	0.0
QAT	2015		161739835164.835	2565710.0	Asia	0.0	0.0	0.0
QAT	2016		151732142857.143	2654374.0	Asia	0.0	0.0	0.0
QAT	2017		166928571428.57098	2724724.0	Asia	0.0	0.0	0.0
QAT	2018		191362087912.088	2781677.0	Asia	0.0	0.0	0.0
QAT	2019		183466208791.20886	2832067.0	Asia	0.0	0.0	0.0
QAT	2020		183466208791.20886	2832067.0	Asia	0.0	0.0	0.0
REU	2011			837014.2857142857	Africa	0.0	0.0	0.0
REU	2012			843528.5714285716	Africa	0.0	0.0	0.0
REU	2013			850042.8571428572	Africa	0.0	0.0	0.0
REU	2014			856557.1428571428	Africa	0.0	0.0	0.0
REU	2015			863071.4285714284	Africa	0.0	0.0	0.0
REU	2016		21300000000.0	869585.7142857143	Africa	0.0	0.0	0.0
REU	2017		21300000000.0	876100.0	Africa	0.0	0.0	0.0
REU	2018		21300000000.0	882500.0	Africa	0.0	0.0	0.0
REU	2019		21300000000.0	888900.0	Africa	0.0	0.0	0.0
REU	2020		21300000000.0	888900.0	Africa	0.0	0.0	0.0
ROU	2011	0.1914667095816681	183443154234.73105	20147528.0	Europe	0.0	0.0	0.0
ROU	2012	0.18936896940258666	171196268957.961	20058035.0	Europe	0.0	0.0	0.0
ROU	2013	0.18610248654909287	190949066979.1761	19983693.0	Europe	0.0	0.0	0.0
ROU	2014	0.1887656112116544	199626806401.529	19908979.0	Europe	0.0	0.0	0.0
ROU	2015	0.1984387893144426	177893451831.14102	19815616.0	Europe	0.0	0.0	0.0
ROU	2016	0.17683376136237394	188494136775.719	19702267.0	Europe	0.0	0.0	0.0
ROU	2017	0.16365014759660895	211695422578.655	19587290.0	Europe	0.0	0.0	0.0
ROU	2018		241626953521.413	19472545.0	Europe	0.0	0.0	0.0
ROU	2019		250077444017.084	19356544.0	Europe	0.0	0.0	0.0
ROU	2020		250077444017.084	19356544.0	Europe	0.0	0.0	0.0
ROU	2021		250077444017.084	19356544.0	Europe	0.0	0.0	0.0
ROU	2022		250077444017.084	19356544.0	Europe	0.0	0.0	0.0
ROU	2023		250077444017.084	19356544.0	Europe	0.0	0.0	0.0
ROU	2024		250077444017.084	19356544.0	Europe	0.0	0.0	0.0
ROU	2025		250077444017.084	19356544.0	Europe	0.0	0.0	0.0
ROU	2026		250077444017.084	19356544.0	Europe	0.0	0.0	0.0
RUS	2011	0.2673716164963287	2045925608274.37	142960908.0	Europe	0.0	0.0	0.0
RUS	2012	0.2608590044785789	2208295773643.15	143201721.0	Europe	0.0	0.0	0.0
RUS	2013	0.2513945779933806	2292473246621.08	143506995.0	Europe	0.0	0.0	0.0
RUS	2014	0.25487542629057863	2059241965490.83	143819666.0	Europe	0.0	0.0	0.0
RUS	2015	0.2283618869064309	1363481063446.77	144096870.0	Europe	0.0	0.0	0.0
RUS	2016	0.22035513013811392	1276786979221.81	144342396.0	Europe	0.0	0.0	0.0
RUS	2017	0.2418626141935304	1574199387070.9	144496740.0	Europe	0.0	0.0	0.0
RUS	2018		1669583089322.96	144477860.0	Europe	0.0	0.0	0.0
RUS	2019		1699876578871.35	144373535.0	Europe	0.0	0.0	0.0
RUS	2020		1699876578871.35	144373535.0	Europe	0.0	0.0	0.0
RUS	2021		1699876578871.35	144373535.0	Europe	0.0	0.0	0.0
RUS	2022		1699876578871.35	144373535.0	Europe	0.0	0.0	0.0
RUS	2023		1699876578871.35	144373535.0	Europe	0.0	0.0	0.0
RUS	2024		1699876578871.35	144373535.0	Europe	0.0	0.0	0.0
RUS	2025		1699876578871.35	144373535.0	Europe	0.0	0.0	0.0
RUS	2026		1699876578871.35	144373535.0	Europe	0.0	0.0	0.0
RWA	2011	0.12876656404926867	6912074082.156361	10293331.0	Africa	0.0	0.0	0.0
RWA	2012	0.13408041720071204	7687521844.142991	10549678.0	Africa	0.0	0.0	0.0
RWA	2013	0.14344381450598498	7851127991.636721	10811543.0	Africa	0.0	0.0	0.0
RWA	2014	0.14819316831320892	8279481014.99175	11083635.0	Africa	0.0	0.0	0.0
RWA	2015	0.1563942129691689	8582588882.609891	11369071.0	Africa	0.0	0.0	0.0
RWA	2016	0.15459153042565948	8734161827.57353	11668818.0	Africa	0.0	0.0	0.0
RWA	2017	0.13616366467525326	9253098954.27769	11980937.0	Africa	0.0	0.0	0.0
RWA	2018		9627720629.705221	12301939.0	Africa	0.0	0.0	0.0
RWA	2019		10122472590.172	12626950.0	Africa	0.0	0.0	0.0
RWA	2020		10122472590.172	12626950.0	Africa	0.0	0.0	0.0
RWA	2021		10122472590.172	12626950.0	Africa	0.0	0.0	0.0
RWA	2022		10122472590.172	12626950.0	Africa	0.0	0.0	0.0
RWA	2023		10122472590.172	12626950.0	Africa	0.0	0.0	0.0
RWA	2024		10122472590.172	12626950.0	Africa	0.0	0.0	0.0
RWA	2025		10122472590.172	12626950.0	Africa	0.0	0.0	0.0
RWA	2026		10122472590.172	12626950.0	Africa	0.0	0.0	0.0
SAU	2011	0.010646978760866474	671238840106.667	28267685.0	Asia	0.0	0.0	0.0
SAU	2012	0.012319260148715207	735974843360.0	29155187.0	Asia	0.0	0.0	0.0
SAU	2013	0.011786021564133636	746647127413.333	30052518.0	Asia	0.0	0.0	0.0
SAU	2014	0.01339767035666714	756350347333.3341	30916994.0	Asia	0.0	0.0	0.0
SAU	2015	0.016710753165872567	654269902880.0	31717667.0	Asia	0.0	0.0	0.0
SAU	2016	0.02232779686666584	644935541440.0	32442572.0	Asia	0.0	0.0	0.0
SAU	2017	0.03384833614864844	688586133333.333	33099147.0	Asia	0.0	0.0	0.0
SAU	2018		786521831573.333	33699947.0	Asia	0.0	0.0	0.0
SAU	2019		792966838161.659	34268528.0	Asia	0.0	0.0	0.0
SAU	2020		792966838161.659	34268528.0	Asia	0.0	0.0	0.0
SCG	2011							0.0
SCG	2012							0.0
SCG	2013							0.0
SCG	2014							0.0
SCG	2015							0.0
SCG	2016							0.0
SCG	2017							0.0
SCG	2018							0.0
SCG	2019							0.0
SCG	2020							0.0
SDN	2011	0.05465129070985455	57891984839.8169	35349681.0	Africa	0.0	0.0	0.0
SDN	2012	0.061466443458312287	52766720138.7383	36193783.0	Africa	0.0	0.0	0.0
SDN	2013	0.0633604605254779	57730424385.3149	37072550.0	Africa	0.0	0.0	0.0
SDN	2014	0.056501021102791024	64941775064.7633	37977655.0	Africa	0.0	0.0	0.0
SDN	2015	0.059531245120389736	74294471279.4565	38902950.0	Africa	0.0	0.0	0.0
SDN	2016	0.0547816191186281	51772232494.854	39847440.0	Africa	0.0	0.0	0.0
SDN	2017		45379127306.436	40813396.0	Africa	0.0	0.0	0.0
SDN	2018		26078607538.5703	41801533.0	Africa	0.0	0.0	0.0
SDN	2019		18902284475.6054	42813238.0	Africa	0.0	0.0	0.0
SDN	2020		18902284475.6054	42813238.0	Africa	0.0	0.0	0.0
SDN	2021		18902284475.6054	42813238.0	Africa	0.0	0.0	0.0
SDN	2022		18902284475.6054	42813238.0	Africa	0.0	0.0	0.0
SDN	2023		18902284475.6054	42813238.0	Africa	0.0	0.0	0.0
SDN	2024		18902284475.6054	42813238.0	Africa	0.0	0.0	0.0
SDN	2025		18902284475.6054	42813238.0	Africa	0.0	0.0	0.0
SDN	2026		18902284475.6054	42813238.0	Africa	0.0	0.0	0.0
SEN	2011	0.1525688120155659	17902207621.6248	13033809.0	Africa	0.0	0.0	0.0
SEN	2012	0.1493655196058178	17824398468.8858	13401991.0	Africa	0.0	0.0	0.0
SEN	2013	0.14334441112447946	18965572150.2913	13782420.0	Africa	0.0	0.0	0.0
SEN	2014	0.1516596362777032	19797254643.1212	14174731.0	Africa	0.0	0.0	0.0
SEN	2015	0.15290939740118853	17774766636.0459	14578459.0	Africa	0.0	0.0	0.0
SEN	2016	0.15920231467656384	19040312815.1337	14993528.0	Africa	0.0	0.0	0.0
SEN	2017		20996564751.5994	15419381.0	Africa	0.0	0.0	0.0
SEN	2018		23236007428.2582	15854360.0	Africa	0.0	0.0	0.0
SEN	2019		23578084052.0147	16296364.0	Africa	0.0	0.0	0.0
SEN	2020		23578084052.0147	16296364.0	Africa	0.0	0.0	0.0
SEN	2021		23578084052.0147	16296364.0	Africa	0.0	0.0	0.0
SEN	2022		23578084052.0147	16296364.0	Africa	0.0	0.0	0.0
SEN	2023		23578084052.0147	16296364.0	Africa	0.0	0.0	0.0
SEN	2024		23578084052.0147	16296364.0	Africa	0.0	0.0	0.0
SEN	2025		23578084052.0147	16296364.0	Africa	0.0	0.0	0.0
SEN	2026		23578084052.0147	16296364.0	Africa	0.0	0.0	0.0
SGP	2011	0.13242960489065295	279351168707.26697	5183688.0	Asia	0.0	0.0	0.0
SGP	2012	0.13752997930947428	295087220933.024	5312437.0	Asia	0.0	0.0	0.0
SGP	2013	0.1339440555411517	307576360584.992	5399162.0	Asia	0.0	0.0	0.0
SGP	2014	0.13632522668467212	314851156183.411	5469724.0	Asia	0.0	0.0	0.0
SGP	2015	0.13216441908960067	308004146057.60803	5535002.0	Asia	0.0	0.0	0.0
SGP	2016	0.13421915058234002	318652334419.11	5607283.0	Asia	0.0	0.0	0.0
SGP	2017	0.14273744880927802	341863349989.138	5612253.0	Asia	0.0	0.0	0.0
SGP	2018		373217081850.534	5638676.0	Asia	0.0	0.0	0.0
SGP	2019		372062527488.6379	5703569.0	Asia	0.0	0.0	0.0
SGP	2020		372062527488.6379	5703569.0	Asia	0.0	0.0	0.0
SGS	2011				Caribbean/American isl.	1.0	0.0	1.0
SGS	2012				Caribbean/American isl.	1.0	0.0	1.0
SGS	2013				Caribbean/American isl.	1.0	0.0	1.0
SGS	2014				Caribbean/American isl.	1.0	0.0	1.0
SGS	2015				Caribbean/American isl.	1.0	0.0	1.0
SGS	2016				Caribbean/American isl.	1.0	0.0	1.0
SGS	2017				Caribbean/American isl.	1.0	0.0	1.0
SGS	2018				Caribbean/American isl.	1.0	0.0	1.0
SGS	2019				Caribbean/American isl.	1.0	0.0	1.0
SGS	2020				Caribbean/American isl.	1.0	0.0	1.0
SHN	2011			4255.666666666667	Africa	1.0	0.0	0.0
SHN	2012			4311.333333333333	Africa	1.0	0.0	0.0
SHN	2013			4367.0	Africa	1.0	0.0	0.0
SHN	2014			4422.666666666667	Africa	1.0	0.0	0.0
SHN	2015		51200000.0	4478.333333333333	Africa	1.0	0.0	0.0
SHN	2016		51200000.0	4534.0	Africa	1.0	0.0	0.0
SHN	2017		51200000.0	4000.0	Africa	1.0	0.0	0.0
SHN	2018		51200000.0	7841.0	Africa	1.0	0.0	0.0
SHN	2019		51200000.0	6100.0	Africa	1.0	0.0	0.0
SHN	2020		51200000.0	6100.0	Africa	1.0	0.0	0.0
SJM	2011				Europe	0.0	0.0	0.0
SJM	2012				Europe	0.0	0.0	0.0
SJM	2013				Europe	0.0	0.0	0.0
SJM	2014				Europe	0.0	0.0	0.0
SJM	2015				Europe	0.0	0.0	0.0
SJM	2016				Europe	0.0	0.0	0.0
SJM	2017			2583.0	Europe	0.0	0.0	0.0
SJM	2018			2583.0	Europe	0.0	0.0	0.0
SJM	2019			2583.0	Europe	0.0	0.0	0.0
SJM	2020			2583.0	Europe	0.0	0.0	0.0
SLB	2011	0.2869746195159253	932725583.343148	541521.0	Oceania	0.0	0.0	0.0
SLB	2012	0.2916231264178913	1063879445.8342401	556064.0	Oceania	0.0	0.0	0.0
SLB	2013	0.30282435490545456	1129787198.20326	571335.0	Oceania	0.0	0.0	0.0
SLB	2014	0.2916089253805228	1172268300.95047	587079.0	Oceania	0.0	0.0	0.0
SLB	2015	0.29154598510559143	1154650068.85921	603118.0	Oceania	0.0	0.0	0.0
SLB	2016	0.2668148657542355	1230459714.1491199	619437.0	Oceania	0.0	0.0	0.0
SLB	2017	0.2755244513541267	1309631133.19979	636038.0	Oceania	0.0	0.0	0.0
SLB	2018		1395608475.32223	652858.0	Oceania	0.0	0.0	0.0
SLB	2019		1425074225.77798	669823.0	Oceania	0.0	0.0	0.0
SLB	2020		1425074225.77798	669823.0	Oceania	0.0	0.0	0.0
SLB	2021		1425074225.77798	669823.0	Oceania	0.0	0.0	0.0
SLB	2022		1425074225.77798	669823.0	Oceania	0.0	0.0	0.0
SLB	2023		1425074225.77798	669823.0	Oceania	0.0	0.0	0.0
SLB	2024		1425074225.77798	669823.0	Oceania	0.0	0.0	0.0
SLB	2025		1425074225.77798	669823.0	Oceania	0.0	0.0	0.0
SLB	2026		1425074225.77798	669823.0	Oceania	0.0	0.0	0.0
SLE	2011	0.1080704056422285	2942546781.0454803	6563240.0	Africa	0.0	0.0	0.0
SLE	2012	0.10699820325371424	3801862611.36414	6712581.0	Africa	0.0	0.0	0.0
SLE	2013	0.09902717876211804	4920343194.99339	6863980.0	Africa	0.0	0.0	0.0
SLE	2014	0.09171663482367357	5015157815.73406	7017144.0	Africa	0.0	0.0	0.0
SLE	2015	0.10040169946208413	4218723875.1379	7171914.0	Africa	0.0	0.0	0.0
SLE	2016	0.1117866143349458	3674794530.18956	7328838.0	Africa	0.0	0.0	0.0
SLE	2017	0.10988465732755733	3739577973.2394295	7488431.0	Africa	0.0	0.0	0.0
SLE	2018		4085114794.22324	7650154.0	Africa	0.0	0.0	0.0
SLE	2019		3941474310.7691298	7813215.0	Africa	0.0	0.0	0.0
SLE	2020		3941474310.7691298	7813215.0	Africa	0.0	0.0	0.0
SLE	2021		3941474310.7691298	7813215.0	Africa	0.0	0.0	0.0
SLE	2022		3941474310.7691298	7813215.0	Africa	0.0	0.0	0.0
SLE	2023		3941474310.7691298	7813215.0	Africa	0.0	0.0	0.0
SLE	2024		3941474310.7691298	7813215.0	Africa	0.0	0.0	0.0
SLE	2025		3941474310.7691298	7813215.0	Africa	0.0	0.0	0.0
SLE	2026		3941474310.7691298	7813215.0	Africa	0.0	0.0	0.0
SLV	2011	0.15343867087359495	20284000000.0	6210568.0	Latin America	0.0	0.0	0.0
SLV	2012	0.16182549331338258	21386000000.0	6237923.0	Latin America	0.0	0.0	0.0
SLV	2013	0.1705470419717157	21990970000.0	6266070.0	Latin America	0.0	0.0	0.0
SLV	2014	0.16709142793431594	22593480000.0	6295128.0	Latin America	0.0	0.0	0.0
SLV	2015	0.16752856453238332	23438240000.0	6325124.0	Latin America	0.0	0.0	0.0
SLV	2016	0.1738166927014159	24191440000.0	6356143.0	Latin America	0.0	0.0	0.0
SLV	2017	0.17790208643011876	24979200000.0	6388122.0	Latin America	0.0	0.0	0.0
SLV	2018		26117400000.0	6420744.0	Latin America	0.0	0.0	0.0
SLV	2019		27022640000.0	6453553.0	Latin America	0.0	0.0	0.0
SLV	2020		27022640000.0	6453553.0	Latin America	0.0	0.0	0.0
SLV	2021		27022640000.0	6453553.0	Latin America	0.0	0.0	0.0
SLV	2022		27022640000.0	6453553.0	Latin America	0.0	0.0	0.0
SLV	2023		27022640000.0	6453553.0	Latin America	0.0	0.0	0.0
SLV	2024		27022640000.0	6453553.0	Latin America	0.0	0.0	0.0
SLV	2025		27022640000.0	6453553.0	Latin America	0.0	0.0	0.0
SLV	2026		27022640000.0	6453553.0	Latin America	0.0	0.0	0.0
SMR	2011	0.16022790059861858	1813752783.96437	31661.0	Europe	0.0	0.0	0.0
SMR	2012	0.17594516973578864	1604779647.95066	32105.0	Europe	0.0	0.0	0.0
SMR	2013	0.16624596772151898	1678841811.66158	32553.0	Europe	0.0	0.0	0.0
SMR	2014	0.18981428571428569	1673973694.69908	32948.0	Europe	0.0	0.0	0.0
SMR	2015	0.17572678700547306	1419061355.81937	33272.0	Europe	0.0	0.0	0.0
SMR	2016	0.16318071480783725	1468895284.48085	33504.0	Europe	0.0	0.0	0.0
SMR	2017	0.15713229859571326	1528468142.7925901	33671.0	Europe	0.0	0.0	0.0
SMR	2018		1637931034.48276	33785.0	Europe	0.0	0.0	0.0
SMR	2019		1637931034.48276	33860.0	Europe	0.0	0.0	0.0
SMR	2020		1637931034.48276	33860.0	Europe	0.0	0.0	0.0
SOM	2011		1165400000.0	12376302.0	Africa	0.0	0.0	0.0
SOM	2012		1237800000.0	12715510.0	Africa	0.0	0.0	0.0
SOM	2013	0.012163676904452024	1310200000.0	13063706.0	Africa	0.0	0.0	0.0
SOM	2014	0.012403361344537815	1382600000.0	13423576.0	Africa	0.0	0.0	0.0
SOM	2015	0.013483881129086444	1455000000.0	13797201.0	Africa	0.0	0.0	0.0
SOM	2016	0.012864817772615071	1435000000.0	14185613.0	Africa	0.0	0.0	0.0
SOM	2017	0.015712682379349047	1535000000.0	14589119.0	Africa	0.0	0.0	0.0
SOM	2018		7410000000.0	15008154.0	Africa	0.0	0.0	0.0
SOM	2019		7410000000.0	15442905.0	Africa	0.0	0.0	0.0
SOM	2020		7410000000.0	15442905.0	Africa	0.0	0.0	0.0
SOM	2021		7410000000.0	15442905.0	Africa	0.0	0.0	0.0
SOM	2022		7410000000.0	15442905.0	Africa	0.0	0.0	0.0
SOM	2023		7410000000.0	15442905.0	Africa	0.0	0.0	0.0
SOM	2024		7410000000.0	15442905.0	Africa	0.0	0.0	0.0
SOM	2025		7410000000.0	15442905.0	Africa	0.0	0.0	0.0
SOM	2026		7410000000.0	15442905.0	Africa	0.0	0.0	0.0
SPM	2011			6300.0	Northern America	0.0	0.0	1.0
SPM	2012			6300.0	Northern America	0.0	0.0	1.0
SPM	2013			6300.0	Northern America	0.0	0.0	1.0
SPM	2014			6300.0	Northern America	0.0	0.0	1.0
SPM	2015		261300000.0	6300.0	Northern America	0.0	0.0	1.0
SPM	2016		261300000.0	6300.0	Northern America	0.0	0.0	1.0
SPM	2017		261300000.0	6300.0	Northern America	0.0	0.0	1.0
SPM	2018		261300000.0	5471.0	Northern America	0.0	0.0	1.0
SPM	2019		261300000.0	5800.0	Northern America	0.0	0.0	1.0
SPM	2020		261300000.0	5800.0	Northern America	0.0	0.0	1.0
SRB	2011	0.22236384788512487	49258136128.9672	7234099.0	Europe	0.0	0.0	0.0
SRB	2012	0.22743526348666426	43309252921.0567	7199077.0	Europe	0.0	0.0	0.0
SRB	2013	0.2130447442492478	48394238300.4008	7164132.0	Europe	0.0	0.0	0.0
SRB	2014	0.22352813930850488	47062205546.5	7130576.0	Europe	0.0	0.0	0.0
SRB	2015	0.2219367167280452	39628549949.7295	7095383.0	Europe	0.0	0.0	0.0
SRB	2016	0.234226224047668	40630392018.541	7058322.0	Europe	0.0	0.0	0.0
SRB	2017	0.2420930638549377	44120425319.8576	7020858.0	Europe	0.0	0.0	0.0
SRB	2018		50597289146.7041	6982604.0	Europe	0.0	0.0	0.0
SRB	2019		51409167350.7548	6944975.0	Europe	0.0	0.0	0.0
SRB	2020		51409167350.7548	6944975.0	Europe	0.0	0.0	0.0
SRB	2021		51409167350.7548	6944975.0	Europe	0.0	0.0	0.0
SRB	2022		51409167350.7548	6944975.0	Europe	0.0	0.0	0.0
SRB	2023		51409167350.7548	6944975.0	Europe	0.0	0.0	0.0
SRB	2024		51409167350.7548	6944975.0	Europe	0.0	0.0	0.0
SRB	2025		51409167350.7548	6944975.0	Europe	0.0	0.0	0.0
SRB	2026		51409167350.7548	6944975.0	Europe	0.0	0.0	0.0
SSD	2011		14907308932.7534	9830698.0	Africa	0.0	0.0	0.0
SSD	2012		11931472169.4915	10113647.0	Africa	0.0	0.0	0.0
SSD	2013		18426469016.9492	10355036.0	Africa	0.0	0.0	0.0
SSD	2014		13962212847.4576	10554883.0	Africa	0.0	0.0	0.0
SSD	2015		11997800760.2242	10715658.0	Africa	0.0	0.0	0.0
SSD	2016		6534000000.0	10832512.0	Africa	0.0	0.0	0.0
SSD	2017		5694000000.0	10910759.0	Africa	0.0	0.0	0.0
SSD	2018		3190000000.0	10975920.0	Africa	0.0	0.0	0.0
SSD	2019		3190000000.0	11062113.0	Africa	0.0	0.0	0.0
SSD	2020		3190000000.0	11062113.0	Africa	0.0	0.0	0.0
STP	2011	0.17664845196921974	233213982.942648	184524.0	Africa	0.0	0.0	0.0
STP	2012	0.1600936890694009	252560781.187724	188404.0	Africa	0.0	0.0	0.0
STP	2013	0.1898385048670048	302924710.0271	192087.0	Africa	0.0	0.0	0.0
STP	2014	0.1364123096978444	348941715.764849	195727.0	Africa	0.0	0.0	0.0
STP	2015	0.1443316126403503	318266475.3334	199432.0	Africa	0.0	0.0	0.0
STP	2016	0.12095381450604578	347544771.975132	203227.0	Africa	0.0	0.0	0.0
STP	2017		375040835.10034	207089.0	Africa	0.0	0.0	0.0
STP	2018		422295934.152254	211028.0	Africa	0.0	0.0	0.0
STP	2019		429016605.208205	215056.0	Africa	0.0	0.0	0.0
STP	2020		429016605.208205	215056.0	Africa	0.0	0.0	0.0
STP	2021		429016605.208205	215056.0	Africa	0.0	0.0	0.0
STP	2022		429016605.208205	215056.0	Africa	0.0	0.0	0.0
STP	2023		429016605.208205	215056.0	Africa	0.0	0.0	0.0
STP	2024		429016605.208205	215056.0	Africa	0.0	0.0	0.0
STP	2025		429016605.208205	215056.0	Africa	0.0	0.0	0.0
STP	2026		429016605.208205	215056.0	Africa	0.0	0.0	0.0
SUN	2011							0.0
SUN	2012							0.0
SUN	2013							0.0
SUN	2014							0.0
SUN	2015							0.0
SUN	2016							0.0
SUN	2017							0.0
SUN	2018							0.0
SUN	2019							0.0
SUN	2020							0.0
SUR	2011	0.18450269858843066	4422276621.787029	535179.0	Caribbean/American isl.	0.0	0.0	0.0
SUR	2012	0.18978946087379825	4980000000.0	541245.0	Caribbean/American isl.	0.0	0.0	0.0
SUR	2013	0.1962781932748366	5145757575.75758	547291.0	Caribbean/American isl.	0.0	0.0	0.0
SUR	2014	0.17682433213831386	5240606060.60606	553273.0	Caribbean/American isl.	0.0	0.0	0.0
SUR	2015	0.1764382221678792	4787367928.11777	559143.0	Caribbean/American isl.	0.0	0.0	0.0
SUR	2016	0.12865111561866127	3128953536.91038	564888.0	Caribbean/American isl.	0.0	0.0	0.0
SUR	2017	0.15462616415701974	3210064505.7894893	570496.0	Caribbean/American isl.	0.0	0.0	0.0
SUR	2018		3458090452.26131	575991.0	Caribbean/American isl.	0.0	0.0	0.0
SUR	2019		3985250737.4631295	581372.0	Caribbean/American isl.	0.0	0.0	0.0
SUR	2020		3985250737.4631295	581372.0	Caribbean/American isl.	0.0	0.0	0.0
SVK	2011	0.16528973338808098	98997521242.3941	5398384.0	Europe	0.0	1.0	0.0
SVK	2012	0.1600494745818662	94416582465.2848	5407579.0	Europe	0.0	1.0	0.0
SVK	2013	0.16958480517729546	98723944143.6938	5413393.0	Europe	0.0	1.0	0.0
SVK	2014	0.1772588187362002	101171217100.824	5418649.0	Europe	0.0	1.0	0.0
SVK	2015	0.18357148272637672	88457167724.277	5423801.0	Europe	0.0	1.0	0.0
SVK	2016	0.18289478738335016	89640616270.8866	5430798.0	Europe	0.0	1.0	0.0
SVK	2017	0.18415477719767592	95481955557.6908	5439232.0	Europe	0.0	1.0	0.0
SVK	2018		105820499976.721	5446771.0	Europe	0.0	1.0	0.0
SVK	2019		105422304975.576	5454073.0	Europe	0.0	1.0	0.0
SVK	2020		105422304975.576	5454073.0	Europe	0.0	1.0	0.0
SVN	2011	0.21821612098872506	51516367349.8866	2052843.0	Europe	0.0	1.0	0.0
SVN	2012	0.21924032597848986	46580457470.2769	2057159.0	Europe	0.0	1.0	0.0
SVN	2013	0.21882187698336045	48401896409.9842	2059953.0	Europe	0.0	1.0	0.0
SVN	2014	0.2192430125255964	49930685013.4603	2061980.0	Europe	0.0	1.0	0.0
SVN	2015	0.21903170110387776	43090173061.9713	2063531.0	Europe	0.0	1.0	0.0
SVN	2016	0.2202969001660183	44651537259.9731	2065042.0	Europe	0.0	1.0	0.0
SVN	2017	0.21742848837209305	48561672400.8437	2066388.0	Europe	0.0	1.0	0.0
SVN	2018		54034358544.2622	2073894.0	Europe	0.0	1.0	0.0
SVN	2019		53742159516.9278	2087946.0	Europe	0.0	1.0	0.0
SVN	2020		53742159516.9278	2087946.0	Europe	0.0	1.0	0.0
SWE	2011	0.3256628668356532	574094112972.7329	9449213.0	Europe	0.0	1.0	0.0
SWE	2012	0.3234015365138918	552483727282.802	9519374.0	Europe	0.0	1.0	0.0
SWE	2013	0.3287804345061129	586841821796.891	9600379.0	Europe	0.0	1.0	0.0
SWE	2014	0.3267846683397066	581964017237.095	9696110.0	Europe	0.0	1.0	0.0
SWE	2015	0.3342827998781399	505103781349.757	9799186.0	Europe	0.0	1.0	0.0
SWE	2016	0.3423017368601072	515654671469.5471	9923085.0	Europe	0.0	1.0	0.0
SWE	2017	0.3445887611027271	541018749769.097	10057698.0	Europe	0.0	1.0	0.0
SWE	2018		555455371487.089	10175214.0	Europe	0.0	1.0	0.0
SWE	2019		530832908737.8621	10285453.0	Europe	0.0	1.0	0.0
SWE	2020		530832908737.8621	10285453.0	Europe	0.0	1.0	0.0
SWZ	2011	0.1630708816639049	4820499497.32134	1072032.0	Africa	0.0	0.0	0.0
SWZ	2012	0.2860011614988385	4886658806.33374	1079288.0	Africa	0.0	0.0	0.0
SWZ	2013	0.2823500022709725	4597702903.1289215	1086839.0	Africa	0.0	0.0	0.0
SWZ	2014	0.2905588885380486	4422304974.7989	1095021.0	Africa	0.0	0.0	0.0
SWZ	2015	0.2714742465005653	4073390989.818871	1104044.0	Africa	0.0	0.0	0.0
SWZ	2016	0.23481853474374045	3840677845.0034	1113984.0	Africa	0.0	0.0	0.0
SWZ	2017		4446248676.2963295	1124753.0	Africa	0.0	0.0	0.0
SWZ	2018		4710618470.04358	1136191.0	Africa	0.0	0.0	0.0
SWZ	2019		4405405802.44294	1148130.0	Africa	0.0	0.0	0.0
SWZ	2020		4405405802.44294	1148130.0	Africa	0.0	0.0	0.0
SWZ	2021		4405405802.44294	1148130.0	Africa	0.0	0.0	0.0
SWZ	2022		4405405802.44294	1148130.0	Africa	0.0	0.0	0.0
SWZ	2023		4405405802.44294	1148130.0	Africa	0.0	0.0	0.0
SWZ	2024		4405405802.44294	1148130.0	Africa	0.0	0.0	0.0
SWZ	2025		4405405802.44294	1148130.0	Africa	0.0	0.0	0.0
SWZ	2026		4405405802.44294	1148130.0	Africa	0.0	0.0	0.0
SXM	2011		748025000.0	33435.0	Caribbean/American isl.	0.0	0.0	1.0
SXM	2012		600050000.0	34640.0	Caribbean/American isl.	0.0	0.0	1.0
SXM	2013		452075000.0	36607.0	Caribbean/American isl.	0.0	0.0	1.0
SXM	2014		304100000.0	37685.0	Caribbean/American isl.	0.0	0.0	1.0
SXM	2015		1066000000.0	38825.0	Caribbean/American isl.	0.0	0.0	1.0
SXM	2016		1072000000.0	39969.0	Caribbean/American isl.	0.0	0.0	1.0
SXM	2017		1072000000.0	40574.0	Caribbean/American isl.	0.0	0.0	1.0
SXM	2018		1072000000.0	40654.0	Caribbean/American isl.	0.0	0.0	1.0
SXM	2019		1072000000.0	40733.0	Caribbean/American isl.	0.0	0.0	1.0
SXM	2020		1072000000.0	40733.0	Caribbean/American isl.	0.0	0.0	1.0
SYC	2011	0.3295710319636768	1065826669.8974199	87441.0	Africa	0.0	0.0	0.0
SYC	2012	0.30405958860803084	1060226125.6261599	88303.0	Africa	0.0	0.0	0.0
SYC	2013	0.2806522510146738	1328157608.83087	89949.0	Africa	0.0	0.0	0.0
SYC	2014	0.3008280082300369	1343007841.37616	91359.0	Africa	0.0	0.0	0.0
SYC	2015	0.2960476817081152	1377495052.12916	93419.0	Africa	0.0	0.0	0.0
SYC	2016	0.3167360512175239	1426651766.47613	94677.0	Africa	0.0	0.0	0.0
SYC	2017		1524486801.19044	95843.0	Africa	0.0	0.0	0.0
SYC	2018		1586008996.62616	96762.0	Africa	0.0	0.0	0.0
SYC	2019		1698843062.76141	97625.0	Africa	0.0	0.0	0.0
SYC	2020		1698843062.76141	97625.0	Africa	0.0	0.0	0.0
SYR	2011		51498750000.0	21082966.0	Asia	0.0	0.0	0.0
SYR	2012		42532500000.0	20442541.0	Asia	0.0	0.0	0.0
SYR	2013		33566250000.0	19584274.0	Asia	0.0	0.0	0.0
SYR	2014		24600000000.0	18715672.0	Asia	0.0	0.0	0.0
SYR	2015		19090000000.0	17997408.0	Asia	0.0	0.0	0.0
SYR	2016		12377000000.0	17453933.0	Asia	0.0	0.0	0.0
SYR	2017		15183000000.0	17068002.0	Asia	0.0	0.0	0.0
SYR	2018		15183000000.0	16906283.0	Asia	0.0	0.0	0.0
SYR	2019		15183000000.0	17070135.0	Asia	0.0	0.0	0.0
SYR	2020		15183000000.0	17070135.0	Asia	0.0	0.0	0.0
SYR	2021		15183000000.0	17070135.0	Asia	0.0	0.0	0.0
SYR	2022		15183000000.0	17070135.0	Asia	0.0	0.0	0.0
SYR	2023		15183000000.0	17070135.0	Asia	0.0	0.0	0.0
SYR	2024		15183000000.0	17070135.0	Asia	0.0	0.0	0.0
SYR	2025		15183000000.0	17070135.0	Asia	0.0	0.0	0.0
SYR	2026		15183000000.0	17070135.0	Asia	0.0	0.0	0.0
Stateless	2016							
Stateless	2017							
TCA	2011		728789570.0	33377.0	Caribbean/American isl.	1.0	0.0	1.0
TCA	2012		715722770.0	34066.0	Caribbean/American isl.	1.0	0.0	1.0
TCA	2013		740776770.0	34731.0	Caribbean/American isl.	1.0	0.0	1.0
TCA	2014		823968140.0	35369.0	Caribbean/American isl.	1.0	0.0	1.0
TCA	2015		893501650.0	35981.0	Caribbean/American isl.	1.0	0.0	1.0
TCA	2016		950357510.0	36559.0	Caribbean/American isl.	1.0	0.0	1.0
TCA	2017		962525840.0	37115.0	Caribbean/American isl.	1.0	0.0	1.0
TCA	2018		1022312010.0	37665.0	Caribbean/American isl.	1.0	0.0	1.0
TCA	2019		1022312010.0	38191.0	Caribbean/American isl.	1.0	0.0	1.0
TCA	2020		1022312010.0	38191.0	Caribbean/American isl.	1.0	0.0	1.0
TCD	2011	0.18372096425120907	12172309522.6172	12360989.0	Africa	0.0	0.0	0.0
TCD	2012	0.15965392209362353	12367363677.6199	12784750.0	Africa	0.0	0.0	0.0
TCD	2013		12953535495.8781	13220424.0	Africa	0.0	0.0	0.0
TCD	2014		13940768065.6063	13663559.0	Africa	0.0	0.0	0.0
TCD	2015	0.06286614315284984	10950392219.9104	14110975.0	Africa	0.0	0.0	0.0
TCD	2016		10097778353.7651	14561666.0	Africa	0.0	0.0	0.0
TCD	2017		10000395242.1457	15016773.0	Africa	0.0	0.0	0.0
TCD	2018		11239167048.4916	15477751.0	Africa	0.0	0.0	0.0
TCD	2019		11314951342.7807	15946876.0	Africa	0.0	0.0	0.0
TCD	2020		11314951342.7807	15946876.0	Africa	0.0	0.0	0.0
TCD	2021		11314951342.7807	15946876.0	Africa	0.0	0.0	0.0
TCD	2022		11314951342.7807	15946876.0	Africa	0.0	0.0	0.0
TCD	2023		11314951342.7807	15946876.0	Africa	0.0	0.0	0.0
TCD	2024		11314951342.7807	15946876.0	Africa	0.0	0.0	0.0
TCD	2025		11314951342.7807	15946876.0	Africa	0.0	0.0	0.0
TCD	2026		11314951342.7807	15946876.0	Africa	0.0	0.0	0.0
TGO	2011	0.15970277660571322	3872459249.74631	6595943.0	Africa	0.0	0.0	0.0
TGO	2012	0.15879679908964672	3873308389.3000603	6773807.0	Africa	0.0	0.0	0.0
TGO	2013	0.16860095761925736	4321655656.33177	6954721.0	Africa	0.0	0.0	0.0
TGO	2014	0.18398433304043726	4574986536.90791	7137997.0	Africa	0.0	0.0	0.0
TGO	2015	0.1895425005231048	4180866177.03946	7323158.0	Africa	0.0	0.0	0.0
TGO	2016	0.18763441399129752	4486979198.3066	7509952.0	Africa	0.0	0.0	0.0
TGO	2017	0.17386081688689906	4819949975.18151	7698475.0	Africa	0.0	0.0	0.0
TGO	2018		5356344850.49415	7889094.0	Africa	0.0	0.0	0.0
TGO	2019		5459979416.66908	8082366.0	Africa	0.0	0.0	0.0
TGO	2020		5459979416.66908	8082366.0	Africa	0.0	0.0	0.0
TGO	2021		5459979416.66908	8082366.0	Africa	0.0	0.0	0.0
TGO	2022		5459979416.66908	8082366.0	Africa	0.0	0.0	0.0
TGO	2023		5459979416.66908	8082366.0	Africa	0.0	0.0	0.0
TGO	2024		5459979416.66908	8082366.0	Africa	0.0	0.0	0.0
TGO	2025		5459979416.66908	8082366.0	Africa	0.0	0.0	0.0
TGO	2026		5459979416.66908	8082366.0	Africa	0.0	0.0	0.0
THA	2011	0.1774046206877857	370819140946.553	67518382.0	Asia	0.0	0.0	0.0
THA	2012	0.16762135789678928	397558222957.17	67835957.0	Asia	0.0	0.0	0.0
THA	2013	0.18438935545013924	420333203150.426	68144501.0	Asia	0.0	0.0	0.0
THA	2014	0.17250662677086387	407339361695.577	68438730.0	Asia	0.0	0.0	0.0
THA	2015	0.17620581055907608	401295941041.296	68714511.0	Asia	0.0	0.0	0.0
THA	2016	0.16833906681547106	413430123185.367	68971331.0	Asia	0.0	0.0	0.0
THA	2017	0.16308132172884346	456294704152.647	69209858.0	Asia	0.0	0.0	0.0
THA	2018		506514103905.268	69428524.0	Asia	0.0	0.0	0.0
THA	2019		543649976165.63	69625582.0	Asia	0.0	0.0	0.0
THA	2020		543649976165.63	69625582.0	Asia	0.0	0.0	0.0
THA	2021		543649976165.63	69625582.0	Asia	0.0	0.0	0.0
THA	2022		543649976165.63	69625582.0	Asia	0.0	0.0	0.0
THA	2023		543649976165.63	69625582.0	Asia	0.0	0.0	0.0
THA	2024		543649976165.63	69625582.0	Asia	0.0	0.0	0.0
THA	2025		543649976165.63	69625582.0	Asia	0.0	0.0	0.0
THA	2026		543649976165.63	69625582.0	Asia	0.0	0.0	0.0
TJK	2011	0.16934384249559348	6522732202.50748	7697510.0	Asia	0.0	0.0	0.0
TJK	2012	0.198	7633049792.093209	7874835.0	Asia	0.0	0.0	0.0
TJK	2013	0.21	8448469837.538309	8059769.0	Asia	0.0	0.0	0.0
TJK	2014	0.228	9112544556.05962	8252833.0	Asia	0.0	0.0	0.0
TJK	2015	0.22	7854602391.65355	8454028.0	Asia	0.0	0.0	0.0
TJK	2016	0.20600000000000004	6952678127.03396	8663579.0	Asia	0.0	0.0	0.0
TJK	2017	0.1978397688769581	7157865188.25222	8880268.0	Asia	0.0	0.0	0.0
TJK	2018		7522947810.12326	9100837.0	Asia	0.0	0.0	0.0
TJK	2019		8116626794.25837	9321018.0	Asia	0.0	0.0	0.0
TJK	2020		8116626794.25837	9321018.0	Asia	0.0	0.0	0.0
TJK	2021		8116626794.25837	9321018.0	Asia	0.0	0.0	0.0
TJK	2022		8116626794.25837	9321018.0	Asia	0.0	0.0	0.0
TJK	2023		8116626794.25837	9321018.0	Asia	0.0	0.0	0.0
TJK	2024		8116626794.25837	9321018.0	Asia	0.0	0.0	0.0
TJK	2025		8116626794.25837	9321018.0	Asia	0.0	0.0	0.0
TJK	2026		8116626794.25837	9321018.0	Asia	0.0	0.0	0.0
TKL	2011			1133.3333333333333	Oceania	0.0	0.0	0.0
TKL	2012			1166.6666666666667	Oceania	0.0	0.0	0.0
TKL	2013			1200.0	Oceania	0.0	0.0	0.0
TKL	2014			1233.3333333333333	Oceania	0.0	0.0	0.0
TKL	2015			1266.6666666666667	Oceania	0.0	0.0	0.0
TKL	2016			1300.0	Oceania	0.0	0.0	0.0
TKL	2017			1300.0	Oceania	0.0	0.0	0.0
TKL	2018			1300.0	Oceania	0.0	0.0	0.0
TKL	2019			1300.0	Oceania	0.0	0.0	0.0
TKL	2020			1300.0	Oceania	0.0	0.0	0.0
TKM	2011		29233333333.3333	5174085.0	Asia	0.0	0.0	0.0
TKM	2012		35164210526.3158	5267900.0	Asia	0.0	0.0	0.0
TKM	2013		39197543859.6491	5366375.0	Asia	0.0	0.0	0.0
TKM	2014		43524210526.3158	5466328.0	Asia	0.0	0.0	0.0
TKM	2015		35799714285.7143	5565287.0	Asia	0.0	0.0	0.0
TKM	2016		36180000000.0	5662372.0	Asia	0.0	0.0	0.0
TKM	2017		37926285714.2857	5757669.0	Asia	0.0	0.0	0.0
TKM	2018		40761142857.1429	5850908.0	Asia	0.0	0.0	0.0
TKM	2019		40761142857.1429	5942089.0	Asia	0.0	0.0	0.0
TKM	2020		40761142857.1429	5942089.0	Asia	0.0	0.0	0.0
TKM	2021		40761142857.1429	5942089.0	Asia	0.0	0.0	0.0
TKM	2022		40761142857.1429	5942089.0	Asia	0.0	0.0	0.0
TKM	2023		40761142857.1429	5942089.0	Asia	0.0	0.0	0.0
TKM	2024		40761142857.1429	5942089.0	Asia	0.0	0.0	0.0
TKM	2025		40761142857.1429	5942089.0	Asia	0.0	0.0	0.0
TKM	2026		40761142857.1429	5942089.0	Asia	0.0	0.0	0.0
TLS	2011		1054725856.5306699	1113151.0	Asia	0.0	0.0	0.0
TLS	2012		1147780082.9298198	1132994.0	Asia	0.0	0.0	0.0
TLS	2013		1395525350.39395	1153295.0	Asia	0.0	0.0	0.0
TLS	2014		1447312263.5570002	1174331.0	Asia	0.0	0.0	0.0
TLS	2015		1596658766.71165	1196302.0	Asia	0.0	0.0	0.0
TLS	2016		1656039024.02723	1219288.0	Asia	0.0	0.0	0.0
TLS	2017		1609669330.1243901	1243261.0	Asia	0.0	0.0	0.0
TLS	2018		1568611562.00556	1267972.0	Asia	0.0	0.0	0.0
TLS	2019		1673540300.0	1293119.0	Asia	0.0	0.0	0.0
TLS	2020		1673540300.0	1293119.0	Asia	0.0	0.0	0.0
TLS	2021		1673540300.0	1293119.0	Asia	0.0	0.0	0.0
TLS	2022		1673540300.0	1293119.0	Asia	0.0	0.0	0.0
TLS	2023		1673540300.0	1293119.0	Asia	0.0	0.0	0.0
TLS	2024		1673540300.0	1293119.0	Asia	0.0	0.0	0.0
TLS	2025		1673540300.0	1293119.0	Asia	0.0	0.0	0.0
TLS	2026		1673540300.0	1293119.0	Asia	0.0	0.0	0.0
TON	2011	0.16878172588832488	423011844.331641	103562.0	Oceania	0.0	0.0	0.0
TON	2012	0.16050632911392404	472358251.22426105	102737.0	Oceania	0.0	0.0	0.0
TON	2013	0.17133838383838382	450686353.6740111	101768.0	Oceania	0.0	0.0	0.0
TON	2014	0.172	443911052.254042	101028.0	Oceania	0.0	0.0	0.0
TON	2015	0.1847301951779564	435438217.281663	100781.0	Oceania	0.0	0.0	0.0
TON	2016	0.19134107708553325	401109307.359307	101133.0	Oceania	0.0	0.0	0.0
TON	2017	0.2	430174168.740104	101998.0	Oceania	0.0	0.0	0.0
TON	2018		450353313.884584	103197.0	Oceania	0.0	0.0	0.0
TON	2019		450353313.884584	104494.0	Oceania	0.0	0.0	0.0
TON	2020		450353313.884584	104494.0	Oceania	0.0	0.0	0.0
TON	2021		450353313.884584	104494.0	Oceania	0.0	0.0	0.0
TON	2022		450353313.884584	104494.0	Oceania	0.0	0.0	0.0
TON	2023		450353313.884584	104494.0	Oceania	0.0	0.0	0.0
TON	2024		450353313.884584	104494.0	Oceania	0.0	0.0	0.0
TON	2025		450353313.884584	104494.0	Oceania	0.0	0.0	0.0
TON	2026		450353313.884584	104494.0	Oceania	0.0	0.0	0.0
TTO	2011		25433011405.3017	1336178.0	Caribbean/American isl.	0.0	0.0	0.0
TTO	2012		25763220107.0051	1344817.0	Caribbean/American isl.	0.0	0.0	0.0
TTO	2013		27268478564.5547	1353700.0	Caribbean/American isl.	0.0	0.0	0.0
TTO	2014		27615843098.0949	1362342.0	Caribbean/American isl.	0.0	0.0	0.0
TTO	2015		25062893969.3292	1370328.0	Caribbean/American isl.	0.0	0.0	0.0
TTO	2016		22284780326.8856	1377564.0	Caribbean/American isl.	0.0	0.0	0.0
TTO	2017		22474828527.1775	1384072.0	Caribbean/American isl.	0.0	0.0	0.0
TTO	2018		23808146747.7994	1389858.0	Caribbean/American isl.	0.0	0.0	0.0
TTO	2019		24100202833.7504	1394973.0	Caribbean/American isl.	0.0	0.0	0.0
TTO	2020		24100202833.7504	1394973.0	Caribbean/American isl.	0.0	0.0	0.0
TUN	2011	0.21048137753519813	45810626509.4474	10741880.0	Africa	0.0	0.0	0.0
TUN	2012	0.207512273470258	45044112939.3687	10847002.0	Africa	0.0	0.0	0.0
TUN	2013	0.21141596135420002	46251061734.4741	10952951.0	Africa	0.0	0.0	0.0
TUN	2014	0.22402194989241464	47632326088.237	11063201.0	Africa	0.0	0.0	0.0
TUN	2015	0.21340611709668275	43173480831.9739	11179949.0	Africa	0.0	0.0	0.0
TUN	2016	0.20244518679360834	41801210428.3054	11303946.0	Africa	0.0	0.0	0.0
TUN	2017		39802430354.6334	11433443.0	Africa	0.0	0.0	0.0
TUN	2018		39770297328.9509	11565204.0	Africa	0.0	0.0	0.0
TUN	2019		38797709923.6641	11694719.0	Africa	0.0	0.0	0.0
TUN	2020		38797709923.6641	11694719.0	Africa	0.0	0.0	0.0
TUN	2021		38797709923.6641	11694719.0	Africa	0.0	0.0	0.0
TUN	2022		38797709923.6641	11694719.0	Africa	0.0	0.0	0.0
TUN	2023		38797709923.6641	11694719.0	Africa	0.0	0.0	0.0
TUN	2024		38797709923.6641	11694719.0	Africa	0.0	0.0	0.0
TUN	2025		38797709923.6641	11694719.0	Africa	0.0	0.0	0.0
TUN	2026		38797709923.6641	11694719.0	Africa	0.0	0.0	0.0
TUR	2011	0.1867836113467629	832523680895.522	73443863.0	Asia	0.0	1.0	0.0
TUR	2012	0.18167321580559506	873982246603.563	74653016.0	Asia	0.0	1.0	0.0
TUR	2013	0.1839116031105485	950579413121.126	75928564.0	Asia	0.0	1.0	0.0
TUR	2014	0.17567965180149728	934185915375.828	77231907.0	Asia	0.0	1.0	0.0
TUR	2015	0.17806847925084987	859796872683.823	78529409.0	Asia	0.0	1.0	0.0
TUR	2016	0.18008622212510494	863721648058.011	79821724.0	Asia	0.0	1.0	0.0
TUR	2017	0.17580245449921778	852676779693.5391	81101892.0	Asia	0.0	1.0	0.0
TUR	2018		771350331372.7109	82319724.0	Asia	0.0	1.0	0.0
TUR	2019		754411708202.616	83429615.0	Asia	0.0	1.0	0.0
TUR	2020		754411708202.616	83429615.0	Asia	0.0	1.0	0.0
TUR	2021		754411708202.616	83429615.0	Asia	0.0	1.0	0.0
TUR	2022		754411708202.616	83429615.0	Asia	0.0	1.0	0.0
TUR	2023		754411708202.616	83429615.0	Asia	0.0	1.0	0.0
TUR	2024		754411708202.616	83429615.0	Asia	0.0	1.0	0.0
TUR	2025		754411708202.616	83429615.0	Asia	0.0	1.0	0.0
TUR	2026		754411708202.616	83429615.0	Asia	0.0	1.0	0.0
TUV	2011	0.16944473684210526	38711810.2114492	10633.0	Oceania	0.0	0.0	0.0
TUV	2012	0.16041666666666668	37671774.6945537	10739.0	Oceania	0.0	0.0	0.0
TUV	2013	0.1934102564102564	37509075.111025296	10857.0	Oceania	0.0	0.0	0.0
TUV	2014	0.1813170731707317	37290607.5356048	10972.0	Oceania	0.0	0.0	0.0
TUV	2015		35492074.2243257	11099.0	Oceania	0.0	0.0	0.0
TUV	2016		36547799.583705	11225.0	Oceania	0.0	0.0	0.0
TUV	2017		40619251.99264261	11370.0	Oceania	0.0	0.0	0.0
TUV	2018		42588164.97310221	11508.0	Oceania	0.0	0.0	0.0
TUV	2019		47271463.3298575	11646.0	Oceania	0.0	0.0	0.0
TUV	2020		47271463.3298575	11646.0	Oceania	0.0	0.0	0.0
TWN	2011				Asia	0.0	0.0	0.0
TWN	2012				Asia	0.0	0.0	0.0
TWN	2013				Asia	0.0	0.0	0.0
TWN	2014				Asia	0.0	0.0	0.0
TWN	2015				Asia	0.0	0.0	0.0
TWN	2016				Asia	0.0	0.0	0.0
TWN	2017		572600000000.0		Asia	0.0	0.0	0.0
TWN	2018		603000000000.0	23545963.0	Asia	0.0	0.0	0.0
TWN	2019		603000000000.0	23545963.0	Asia	0.0	0.0	0.0
TWN	2020		603000000000.0	23545963.0	Asia	0.0	0.0	0.0
TZA	2011	0.1001925589465284	34657139495.4031	45673338.0	Africa	0.0	0.0	0.0
TZA	2012	0.10433449194428396	39650530214.3287	47052481.0	Africa	0.0	0.0	0.0
TZA	2013	0.10722099731418548	45680532613.7591	48482266.0	Africa	0.0	0.0	0.0
TZA	2014	0.1136371265919326	49964788814.0927	49959822.0	Africa	0.0	0.0	0.0
TZA	2015	0.10492308187512586	47378599025.3044	51482633.0	Africa	0.0	0.0	0.0
TZA	2016	0.11390268910975147	49774021003.0747	53050790.0	Africa	0.0	0.0	0.0
TZA	2017	0.11826672685812376	53320625958.5628	54663906.0	Africa	0.0	0.0	0.0
TZA	2018		58001200572.3965	56318348.0	Africa	0.0	0.0	0.0
TZA	2019		63177068174.549	58005463.0	Africa	0.0	0.0	0.0
TZA	2020		63177068174.549	58005463.0	Africa	0.0	0.0	0.0
TZA	2021		63177068174.549	58005463.0	Africa	0.0	0.0	0.0
TZA	2022		63177068174.549	58005463.0	Africa	0.0	0.0	0.0
TZA	2023		63177068174.549	58005463.0	Africa	0.0	0.0	0.0
TZA	2024		63177068174.549	58005463.0	Africa	0.0	0.0	0.0
TZA	2025		63177068174.549	58005463.0	Africa	0.0	0.0	0.0
TZA	2026		63177068174.549	58005463.0	Africa	0.0	0.0	0.0
UGA	2011	0.09310985915471798	27646526401.817	33476919.0	Africa	0.0	0.0	0.0
UGA	2012	0.097157836908968	27084639297.0817	34559168.0	Africa	0.0	0.0	0.0
UGA	2013	0.1053254058862242	28681464765.3339	35695246.0	Africa	0.0	0.0	0.0
UGA	2014	0.10742644457427863	32348119639.0743	36912148.0	Africa	0.0	0.0	0.0
UGA	2015	0.11956801637011702	32124730770.8086	38225453.0	Africa	0.0	0.0	0.0
UGA	2016		28967460676.8252	39647506.0	Africa	0.0	0.0	0.0
UGA	2017	0.12676283303332275	30756466548.0543	41162465.0	Africa	0.0	0.0	0.0
UGA	2018		32772824208.9499	42723139.0	Africa	0.0	0.0	0.0
UGA	2019		34387229486.4008	44269594.0	Africa	0.0	0.0	0.0
UGA	2020		34387229486.4008	44269594.0	Africa	0.0	0.0	0.0
UGA	2021		34387229486.4008	44269594.0	Africa	0.0	0.0	0.0
UGA	2022		34387229486.4008	44269594.0	Africa	0.0	0.0	0.0
UGA	2023		34387229486.4008	44269594.0	Africa	0.0	0.0	0.0
UGA	2024		34387229486.4008	44269594.0	Africa	0.0	0.0	0.0
UGA	2025		34387229486.4008	44269594.0	Africa	0.0	0.0	0.0
UGA	2026		34387229486.4008	44269594.0	Africa	0.0	0.0	0.0
UKR	2011	0.2412925320252217	163159671670.265	45706086.0	Europe	0.0	0.0	0.0
UKR	2012	0.2441073306237982	175781379051.433	45593342.0	Europe	0.0	0.0	0.0
UKR	2013	0.2319945836671904	183310146378.08105	45489648.0	Europe	0.0	0.0	0.0
UKR	2014	0.22283008226653608	133503411375.739	45272156.0	Europe	0.0	0.0	0.0
UKR	2015	0.24892665186186475	91030959454.6961	45154036.0	Europe	0.0	0.0	0.0
UKR	2016	0.2514236365846808	93355993628.5042	45004674.0	Europe	0.0	0.0	0.0
UKR	2017	0.2581899950384187	112190355158.178	44831135.0	Europe	0.0	0.0	0.0
UKR	2018		130901858421.72	44622518.0	Europe	0.0	0.0	0.0
UKR	2019		153781069118.148	44385155.0	Europe	0.0	0.0	0.0
UKR	2020		153781069118.148	44385155.0	Europe	0.0	0.0	0.0
UKR	2021		153781069118.148	44385155.0	Europe	0.0	0.0	0.0
UKR	2022		153781069118.148	44385155.0	Europe	0.0	0.0	0.0
UKR	2023		153781069118.148	44385155.0	Europe	0.0	0.0	0.0
UKR	2024		153781069118.148	44385155.0	Europe	0.0	0.0	0.0
UKR	2025		153781069118.148	44385155.0	Europe	0.0	0.0	0.0
UKR	2026		153781069118.148	44385155.0	Europe	0.0	0.0	0.0
URY	2011	0.1910183429228472	47962439303.7247	3368934.0	Latin America	0.0	0.0	0.0
URY	2012	0.1882187696578119	51264390116.4909	3378974.0	Latin America	0.0	0.0	0.0
URY	2013	0.19041407684761166	57531233350.9101	3389439.0	Latin America	0.0	0.0	0.0
URY	2014	0.18566727896412494	57236013086.1223	3400434.0	Latin America	0.0	0.0	0.0
URY	2015	0.18509456786542847	53274304222.136	3412009.0	Latin America	0.0	0.0	0.0
URY	2016	0.2370923569982293	52687612261.5424	3424132.0	Latin America	0.0	0.0	0.0
URY	2017		59530088536.2179	3436646.0	Latin America	0.0	0.0	0.0
URY	2018		59596885023.0917	3449299.0	Latin America	0.0	0.0	0.0
URY	2019		56045912952.342	3461734.0	Latin America	0.0	0.0	0.0
URY	2020		56045912952.342	3461734.0	Latin America	0.0	0.0	0.0
USA	2011	0.18403666889709566	15542581104000.0	311556874.0	Northern America	0.0	1.0	0.0
USA	2012	0.18565990535313528	16197007349000.0	313830990.0	Northern America	0.0	1.0	0.0
USA	2013	0.193717039135934	16784849190000.0	315993715.0	Northern America	0.0	1.0	0.0
USA	2014	0.19680506570405354	17521746534000.0	318301008.0	Northern America	0.0	1.0	0.0
USA	2015	0.1989815075222429	18219297584000.0	320635163.0	Northern America	0.0	1.0	0.0
USA	2016	0.1957710303279762	18707188235000.0	322941311.0	Northern America	0.0	1.0	0.0
USA	2017	0.20784717686062384	19485393853000.0	324985539.0	Northern America	0.0	1.0	0.0
USA	2018		20580223000000.0	326687501.0	Northern America	0.0	1.0	0.0
USA	2019		21427700000000.0	328239523.0	Northern America	0.0	1.0	0.0
USA	2020		21427700000000.0	328239523.0	Northern America	0.0	1.0	0.0
UZB	2011	0.19945607275182475	56516280748.3777	29339400.0	Asia	0.0	0.0	0.0
UZB	2012	0.20204363676912354	63628854498.5024	29774500.0	Asia	0.0	0.0	0.0
UZB	2013		68997168337.6782	30243200.0	Asia	0.0	0.0	0.0
UZB	2014		76658542757.4707	30757700.0	Asia	0.0	0.0	0.0
UZB	2015	0.19908231457694747	81847410181.7953	31298900.0	Asia	0.0	0.0	0.0
UZB	2016	0.1884862483191317	81779012350.8833	31847900.0	Asia	0.0	0.0	0.0
UZB	2017	0.18089448039787576	59159945320.5667	32388600.0	Asia	0.0	0.0	0.0
UZB	2018		50392607758.2324	32956100.0	Asia	0.0	0.0	0.0
UZB	2019		57921286440.3495	33580650.0	Asia	0.0	0.0	0.0
UZB	2020		57921286440.3495	33580650.0	Asia	0.0	0.0	0.0
UZB	2021		57921286440.3495	33580650.0	Asia	0.0	0.0	0.0
UZB	2022		57921286440.3495	33580650.0	Asia	0.0	0.0	0.0
UZB	2023		57921286440.3495	33580650.0	Asia	0.0	0.0	0.0
UZB	2024		57921286440.3495	33580650.0	Asia	0.0	0.0	0.0
UZB	2025		57921286440.3495	33580650.0	Asia	0.0	0.0	0.0
UZB	2026		57921286440.3495	33580650.0	Asia	0.0	0.0	0.0
VAT	2011			800.0	Europe	0.0	0.0	0.0
VAT	2012			800.0	Europe	0.0	0.0	0.0
VAT	2013		412000000.0	800.0	Europe	0.0	0.0	0.0
VAT	2014		412000000.0	800.0	Europe	0.0	0.0	0.0
VAT	2015		412000000.0	800.0	Europe	0.0	0.0	0.0
VAT	2016		412000000.0	800.0	Europe	0.0	0.0	0.0
VAT	2017		412000000.0	800.0	Europe	0.0	0.0	0.0
VAT	2018		412000000.0	800.0	Europe	0.0	0.0	0.0
VAT	2019		412000000.0	800.0	Europe	0.0	0.0	0.0
VAT	2020		412000000.0	800.0	Europe	0.0	0.0	0.0
VCT	2011	0.2257056259583789	676129629.62963	108316.0	Caribbean/American isl.	0.0	0.0	0.0
VCT	2012	0.2301325403527525	692933333.333333	108435.0	Caribbean/American isl.	0.0	0.0	0.0
VCT	2013	0.21604213867488445	721207407.407407	108622.0	Caribbean/American isl.	0.0	0.0	0.0
VCT	2014	0.23833078880407124	727714814.814815	108861.0	Caribbean/American isl.	0.0	0.0	0.0
VCT	2015	0.2358921568627451	755400000.0	109148.0	Caribbean/American isl.	0.0	0.0	0.0
VCT	2016	0.2572849591542528	774429629.62963	109459.0	Caribbean/American isl.	0.0	0.0	0.0
VCT	2017	0.25583490566037737	792177777.777778	109827.0	Caribbean/American isl.	0.0	0.0	0.0
VCT	2018		811300000.0	110210.0	Caribbean/American isl.	0.0	0.0	0.0
VCT	2019		825385185.185185	110589.0	Caribbean/American isl.	0.0	0.0	0.0
VCT	2020		825385185.185185	110589.0	Caribbean/American isl.	0.0	0.0	0.0
VCT	2021		825385185.185185	110589.0	Caribbean/American isl.	0.0	0.0	0.0
VCT	2022		825385185.185185	110589.0	Caribbean/American isl.	0.0	0.0	0.0
VCT	2023		825385185.185185	110589.0	Caribbean/American isl.	0.0	0.0	0.0
VCT	2024		825385185.185185	110589.0	Caribbean/American isl.	0.0	0.0	0.0
VCT	2025		825385185.185185	110589.0	Caribbean/American isl.	0.0	0.0	0.0
VCT	2026		825385185.185185	110589.0	Caribbean/American isl.	0.0	0.0	0.0
VEN	2011	0.1258294739990335	316482190800.364	28888369.0	Latin America	0.0	0.0	0.0
VEN	2012	0.1331864575499098	381286237847.6671	29362449.0	Latin America	0.0	0.0	0.0
VEN	2013	0.135383502594125	371005379786.5661	29783571.0	Latin America	0.0	0.0	0.0
VEN	2014	0.18006681584644182	482359318767.7029	30045134.0	Latin America	0.0	0.0	0.0
VEN	2015	0.20279104878902893	344375000000.0	30081829.0	Latin America	0.0	0.0	0.0
VEN	2016		291376000000.0	29846179.0	Latin America	0.0	0.0	0.0
VEN	2017		255093000000.0	29390409.0	Latin America	0.0	0.0	0.0
VEN	2018		255093000000.0	28870195.0	Latin America	0.0	0.0	0.0
VEN	2019		255093000000.0	28515829.0	Latin America	0.0	0.0	0.0
VEN	2020		255093000000.0	28515829.0	Latin America	0.0	0.0	0.0
VEN	2021		255093000000.0	28515829.0	Latin America	0.0	0.0	0.0
VEN	2022		255093000000.0	28515829.0	Latin America	0.0	0.0	0.0
VEN	2023		255093000000.0	28515829.0	Latin America	0.0	0.0	0.0
VEN	2024		255093000000.0	28515829.0	Latin America	0.0	0.0	0.0
VEN	2025		255093000000.0	28515829.0	Latin America	0.0	0.0	0.0
VEN	2026		255093000000.0	28515829.0	Latin America	0.0	0.0	0.0
VGB	2011		891800000.0	28319.0	Caribbean/American isl.	1.0	0.0	1.0
VGB	2012		907600000.0	28650.0	Caribbean/American isl.	1.0	0.0	1.0
VGB	2013		923400000.0	28847.0	Caribbean/American isl.	1.0	0.0	1.0
VGB	2014		939200000.0	28989.0	Caribbean/American isl.	1.0	0.0	1.0
VGB	2015		955000000.0	29152.0	Caribbean/American isl.	1.0	0.0	1.0
VGB	2016		971000000.0	29355.0	Caribbean/American isl.	1.0	0.0	1.0
VGB	2017		996000000.0	29577.0	Caribbean/American isl.	1.0	0.0	1.0
VGB	2018		996000000.0	29802.0	Caribbean/American isl.	1.0	0.0	1.0
VGB	2019		996000000.0	30030.0	Caribbean/American isl.	1.0	0.0	1.0
VGB	2020		996000000.0	30030.0	Caribbean/American isl.	1.0	0.0	1.0
VIR	2011		4239000000.0	108292.0	Caribbean/American isl.	0.0	0.0	1.0
VIR	2012		4095000000.0	108191.0	Caribbean/American isl.	0.0	0.0	1.0
VIR	2013		3762000000.0	108044.0	Caribbean/American isl.	0.0	0.0	1.0
VIR	2014		3622000000.0	107884.0	Caribbean/American isl.	0.0	0.0	1.0
VIR	2015		3748000000.0	107710.0	Caribbean/American isl.	0.0	0.0	1.0
VIR	2016		3863000000.0	107510.0	Caribbean/American isl.	0.0	0.0	1.0
VIR	2017		3855000000.0	107268.0	Caribbean/American isl.	0.0	0.0	1.0
VIR	2018		3855000000.0	106977.0	Caribbean/American isl.	0.0	0.0	1.0
VIR	2019		3855000000.0	106631.0	Caribbean/American isl.	0.0	0.0	1.0
VIR	2020		3855000000.0	106631.0	Caribbean/American isl.	0.0	0.0	1.0
VNM	2011	0.2187144583159661	135539438559.709	88871561.0	Asia	0.0	0.0	0.0
VNM	2012	0.19011411372278766	155820001920.492	89802487.0	Asia	0.0	0.0	0.0
VNM	2013	0.19111328300615849	171222025117.38098	90753472.0	Asia	0.0	0.0	0.0
VNM	2014	0.1820787720240309	186204652922.262	91714595.0	Asia	0.0	0.0	0.0
VNM	2015	0.1803064217914436	193241108709.536	92677076.0	Asia	0.0	0.0	0.0
VNM	2016	0.1794465721094083	205276172134.901	93638724.0	Asia	0.0	0.0	0.0
VNM	2017	0.18737606723679745	223779865815.183	94596642.0	Asia	0.0	0.0	0.0
VNM	2018		245213686369.1569	95540395.0	Asia	0.0	0.0	0.0
VNM	2019		261921244843.172	96462106.0	Asia	0.0	0.0	0.0
VNM	2020		261921244843.172	96462106.0	Asia	0.0	0.0	0.0
VNM	2021		261921244843.172	96462106.0	Asia	0.0	0.0	0.0
VNM	2022		261921244843.172	96462106.0	Asia	0.0	0.0	0.0
VNM	2023		261921244843.172	96462106.0	Asia	0.0	0.0	0.0
VNM	2024		261921244843.172	96462106.0	Asia	0.0	0.0	0.0
VNM	2025		261921244843.172	96462106.0	Asia	0.0	0.0	0.0
VNM	2026		261921244843.172	96462106.0	Asia	0.0	0.0	0.0
VUT	2011	0.16409634134296558	792149700.679116	242653.0	Oceania	0.0	0.0	0.0
VUT	2012	0.16546295656977145	781702874.106058	249499.0	Oceania	0.0	0.0	0.0
VUT	2013	0.17240742450826485	801787555.8611209	256635.0	Oceania	0.0	0.0	0.0
VUT	2014	0.1737728956250237	814954306.971033	263888.0	Oceania	0.0	0.0	0.0
VUT	2015	0.16264885625256648	759689950.930918	271130.0	Oceania	0.0	0.0	0.0
VUT	2016	0.16310601719197707	804332795.575017	278330.0	Oceania	0.0	0.0	0.0
VUT	2017	0.17153034662282504	880043553.7484418	285510.0	Oceania	0.0	0.0	0.0
VUT	2018		906050106.9726948	292680.0	Oceania	0.0	0.0	0.0
VUT	2019		917058850.8165632	299882.0	Oceania	0.0	0.0	0.0
VUT	2020		917058850.8165632	299882.0	Oceania	0.0	0.0	0.0
VUT	2021		917058850.8165632	299882.0	Oceania	0.0	0.0	0.0
VUT	2022		917058850.8165632	299882.0	Oceania	0.0	0.0	0.0
VUT	2023		917058850.8165632	299882.0	Oceania	0.0	0.0	0.0
VUT	2024		917058850.8165632	299882.0	Oceania	0.0	0.0	0.0
VUT	2025		917058850.8165632	299882.0	Oceania	0.0	0.0	0.0
VUT	2026		917058850.8165632	299882.0	Oceania	0.0	0.0	0.0
WBG	2011	0.052519537912608084						0.0
WBG	2012	0.045623877318574535						0.0
WBG	2013	0.04805542934545425						0.0
WBG	2014	0.05712686910865378						0.0
WBG	2015	0.05594661474510559						0.0
WBG	2016							0.0
WBG	2017							0.0
WBG	2018							0.0
WBG	2019							0.0
WBG	2020							0.0
WLD	2011		73448341079239.0	7002860604.0				
WLD	2012		75145997061963.8	7085763408.0				
WLD	2013		77302022602630.1	7169640142.0				
WLD	2014		79450807677429.6	7254228377.0				
WLD	2015		75198758494969.0	7338964960.0				
WLD	2016		76335795445380.4	7424282488.0				
WLD	2017		81229182706392.5	7509065705.0				
WLD	2018		86408955453299.2	7591932906.5				
WLD	2019		87751540848579.4	7673533972.0				
WLF	2011		195000000.0	13150.0	Oceania	0.0	0.0	1.0
WLF	2012		195000000.0	12900.0	Oceania	0.0	0.0	1.0
WLF	2013		195000000.0	12650.0	Oceania	0.0	0.0	1.0
WLF	2014		195000000.0	12400.0	Oceania	0.0	0.0	1.0
WLF	2015		195000000.0	12150.0	Oceania	0.0	0.0	1.0
WLF	2016		195000000.0	11900.0	Oceania	0.0	0.0	1.0
WLF	2017		195000000.0	11800.0	Oceania	0.0	0.0	1.0
WLF	2018		195000000.0	15763.0	Oceania	0.0	0.0	1.0
WLF	2019		195000000.0	11400.0	Oceania	0.0	0.0	1.0
WLF	2020		195000000.0	11400.0	Oceania	0.0	0.0	1.0
WSH	2011		900000000.0					
WSH	2012		900000000.0					
WSH	2013		900000000.0					
WSH	2014		900000000.0					
WSH	2015		900000000.0					
WSH	2016		900000000.0	538755.0				
WSM	2011	0.19410522067988667	737401692.217475	187469.0	Oceania	0.0	0.0	0.0
WSM	2012	0.195623401356484	760549587.136028	189088.0	Oceania	0.0	0.0	0.0
WSM	2013	0.22078818646003265	770021663.9677888	190717.0	Oceania	0.0	0.0	0.0
WSM	2014	0.2306323656538049	756919917.3340219	192221.0	Oceania	0.0	0.0	0.0
WSM	2015	0.22679442857362755	788307330.55567	193513.0	Oceania	0.0	0.0	0.0
WSM	2016	0.2421226732554745	799376439.5301678	194535.0	Oceania	0.0	0.0	0.0
WSM	2017	0.2425953979934365	831903809.749172	195352.0	Oceania	0.0	0.0	0.0
WSM	2018		820491817.331671	196130.0	Oceania	0.0	0.0	0.0
WSM	2019		850655017.220488	197097.0	Oceania	0.0	0.0	0.0
WSM	2020		850655017.220488	197097.0	Oceania	0.0	0.0	0.0
WSM	2021		850655017.220488	197097.0	Oceania	0.0	0.0	0.0
WSM	2022		850655017.220488	197097.0	Oceania	0.0	0.0	0.0
WSM	2023		850655017.220488	197097.0	Oceania	0.0	0.0	0.0
WSM	2024		850655017.220488	197097.0	Oceania	0.0	0.0	0.0
WSM	2025		850655017.220488	197097.0	Oceania	0.0	0.0	0.0
WSM	2026		850655017.220488	197097.0	Oceania	0.0	0.0	0.0
XKX	2011		6701698218.26281	1791000.0	Europe	0.0	0.0	
XKX	2012		6499807272.26006	1807106.0	Europe	0.0	0.0	
XKX	2013		7074777526.896	1818117.0	Europe	0.0	0.0	
XKX	2014		7396705194.632659	1812771.0	Europe	0.0	0.0	
XKX	2015		6442915788.3057785	1788196.0	Europe	0.0	0.0	
XKX	2016		6719172016.82533	1777557.0	Europe	0.0	0.0	
XKX	2017		7245707184.816991	1791003.0	Europe	0.0	0.0	
XKX	2018		7942961738.308929	1797085.0	Europe	0.0	0.0	
XKX	2019		7926108374.38424	1794248.0	Europe	0.0	0.0	
XKX	2020		7926108374.38424	1794248.0	Europe	0.0	0.0	
XKX	2021		7926108374.38424	1794248.0	Europe	0.0	0.0	
XKX	2022		7926108374.38424	1794248.0	Europe	0.0	0.0	
XKX	2023		7926108374.38424	1794248.0	Europe	0.0	0.0	
XKX	2024		7926108374.38424	1794248.0	Europe	0.0	0.0	
XKX	2025		7926108374.38424	1794248.0	Europe	0.0	0.0	
XKX	2026		7926108374.38424	1794248.0	Europe	0.0	0.0	
YEM	2011	0.05388094283932274	32726417212.348	23807588.0	Asia	0.0	0.0	0.0
YEM	2012	0.07038772564604465	35401341663.0425	24473178.0	Asia	0.0	0.0	0.0
YEM	2013		40415235701.9871	25147109.0	Asia	0.0	0.0	0.0
YEM	2014		43206469767.4419	25823485.0	Asia	0.0	0.0	0.0
YEM	2015		36976204506.0659	26497889.0	Asia	0.0	0.0	0.0
YEM	2016		28084676409.1858	27168210.0	Asia	0.0	0.0	0.0
YEM	2017		24561327989.312	27834821.0	Asia	0.0	0.0	0.0
YEM	2018		27591261663.286	28498687.0	Asia	0.0	0.0	0.0
YEM	2019		27591261663.286	29161922.0	Asia	0.0	0.0	0.0
YEM	2020		27591261663.286	29161922.0	Asia	0.0	0.0	0.0
YEM	2021		27591261663.286	29161922.0	Asia	0.0	0.0	0.0
YEM	2022		27591261663.286	29161922.0	Asia	0.0	0.0	0.0
YEM	2023		27591261663.286	29161922.0	Asia	0.0	0.0	0.0
YEM	2024		27591261663.286	29161922.0	Asia	0.0	0.0	0.0
YEM	2025		27591261663.286	29161922.0	Asia	0.0	0.0	0.0
YEM	2026		27591261663.286	29161922.0	Asia	0.0	0.0	0.0
YUG	2011					0.0	0.0	0.0
YUG	2012					0.0	0.0	0.0
YUG	2013					0.0	0.0	0.0
YUG	2014					0.0	0.0	0.0
YUG	2015					0.0	0.0	0.0
YUG	2016					0.0	0.0	0.0
YUG	2017					0.0	0.0	0.0
YUG	2018					0.0	0.0	0.0
YUG	2019					0.0	0.0	0.0
YUG	2020					0.0	0.0	0.0
YUGf	2011							
YUGf	2012							
YUGf	2013							
YUGf	2014							
YUGf	2015							
YUGf	2016							
YUGf	2017							
YUGf	2018							
ZAF	2011	0.2655107603072965	416418874936.304	52004172.0	Africa	0.0	0.0	0.0
ZAF	2012	0.2699188435571833	396332702639.496	52834005.0	Africa	0.0	0.0	0.0
ZAF	2013	0.2749955412228933	366829390478.954	53689236.0	Africa	0.0	0.0	0.0
ZAF	2014	0.28090717035656115	350904575292.317	54545991.0	Africa	0.0	0.0	0.0
ZAF	2015	0.2885232974013057	317620522794.82697	55386367.0	Africa	0.0	0.0	0.0
ZAF	2016	0.28683794391990475	296357282715.109	56203654.0	Africa	0.0	0.0	0.0
ZAF	2017	0.2859808015345326	349554116683.818	57000451.0	Africa	0.0	0.0	0.0
ZAF	2018		368288939768.322	57779622.0	Africa	0.0	0.0	0.0
ZAF	2019		351431649241.43896	58558270.0	Africa	0.0	0.0	0.0
ZAF	2020		351431649241.43896	58558270.0	Africa	0.0	0.0	0.0
ZAF	2021		351431649241.43896	58558270.0	Africa	0.0	0.0	0.0
ZAF	2022		351431649241.43896	58558270.0	Africa	0.0	0.0	0.0
ZAF	2023		351431649241.43896	58558270.0	Africa	0.0	0.0	0.0
ZAF	2024		351431649241.43896	58558270.0	Africa	0.0	0.0	0.0
ZAF	2025		351431649241.43896	58558270.0	Africa	0.0	0.0	0.0
ZAF	2026		351431649241.43896	58558270.0	Africa	0.0	0.0	0.0
ZMB	2011	0.1580068927415748	23459515275.5776	14023193.0	Africa	0.0	0.0	0.0
ZMB	2012	0.14671602906897024	25503060420.026	14465121.0	Africa	0.0	0.0	0.0
ZMB	2013	0.14079732506888873	28045512870.8834	14926504.0	Africa	0.0	0.0	0.0
ZMB	2014	0.1546644158705074	27150646908.7245	15399753.0	Africa	0.0	0.0	0.0
ZMB	2015	0.14416433545459995	21243347377.3226	15879361.0	Africa	0.0	0.0	0.0
ZMB	2016	0.12970041370119112	20954761767.1586	16363507.0	Africa	0.0	0.0	0.0
ZMB	2017		25868142076.7897	16853688.0	Africa	0.0	0.0	0.0
ZMB	2018		27005238896.1666	17351822.0	Africa	0.0	0.0	0.0
ZMB	2019		23064722446.3513	17861030.0	Africa	0.0	0.0	0.0
ZMB	2020		23064722446.3513	17861030.0	Africa	0.0	0.0	0.0
ZMB	2021		23064722446.3513	17861030.0	Africa	0.0	0.0	0.0
ZMB	2022		23064722446.3513	17861030.0	Africa	0.0	0.0	0.0
ZMB	2023		23064722446.3513	17861030.0	Africa	0.0	0.0	0.0
ZMB	2024		23064722446.3513	17861030.0	Africa	0.0	0.0	0.0
ZMB	2025		23064722446.3513	17861030.0	Africa	0.0	0.0	0.0
ZMB	2026		23064722446.3513	17861030.0	Africa	0.0	0.0	0.0
ZWE	2011	0.1886257268472557	14101920300.0	12894316.0	Africa	0.0	0.0	0.0
ZWE	2012	0.1915863277826468	17114849900.0	13115131.0	Africa	0.0	0.0	0.0
ZWE	2013	0.17882771986800064	19091020000.0	13350356.0	Africa	0.0	0.0	0.0
ZWE	2014	0.18049856380796064	19495519600.0	13586681.0	Africa	0.0	0.0	0.0
ZWE	2015	0.1777287982768121	19963120600.0	13814629.0	Africa	0.0	0.0	0.0
ZWE	2016	0.155580121118908	20548678100.0	14030390.0	Africa	0.0	0.0	0.0
ZWE	2017	0.13131033173372694	22040902300.0	14236745.0	Africa	0.0	0.0	0.0
ZWE	2018		24311560500.0	14439018.0	Africa	0.0	0.0	0.0
ZWE	2019		21440758800.0	14645468.0	Africa	0.0	0.0	0.0
ZWE	2020		21440758800.0	14645468.0	Africa	0.0	0.0	0.0
ZWE	2021		21440758800.0	14645468.0	Africa	0.0	0.0	0.0
ZWE	2022		21440758800.0	14645468.0	Africa	0.0	0.0	0.0
ZWE	2023		21440758800.0	14645468.0	Africa	0.0	0.0	0.0
ZWE	2024		21440758800.0	14645468.0	Africa	0.0	0.0	0.0
ZWE	2025		21440758800.0	14645468.0	Africa	0.0	0.0	0.0
ZWE	2026		21440758800.0	14645468.0	Africa	0.0	0.0	0.0
