iso	year	pi	source	type	emp	wages	at	t_at	txt	revenue_unrelated	revenue_total	net_interest	etr
ABW	2004		BEA_income	all_groups									
ABW	2005		BEA_income	all_groups									
ABW	2006		BEA_income	all_groups									
ABW	2007		BEA_income	all_groups									
ABW	2008		BEA_income	all_groups									
ABW	2009		BEA_income	all_groups									
ABW	2010		BEA_income	all_groups									
ABW	2011		BEA_income	all_groups									
ABW	2012		BEA_income	all_groups									
ABW	2013		BEA_income	all_groups									
ABW	2014		BEA_income	all_groups									
ABW	2015		BEA_income	all_groups									
ABW	2016		BEA_income	all_groups									
ABW	2017		BEA_income	all_groups									
ABW	2018		BEA_income	all_groups									
ABW	2019		BEA_income	all_groups									
ABW	2020		BEA_income	all_groups									
ABW	2021		BEA_income	all_groups									
AFG	2004		BEA_income	all_groups									
AFG	2005		BEA_income	all_groups									
AFG	2006		BEA_income	all_groups									
AFG	2007		BEA_income	all_groups									
AFG	2008		BEA_income	all_groups									
AFG	2009		BEA_income	all_groups									
AFG	2010		BEA_income	all_groups									
AFG	2011		BEA_income	all_groups									
AFG	2012		BEA_income	all_groups									
AFG	2013		BEA_income	all_groups									
AFG	2014		BEA_income	all_groups									
AFG	2015		BEA_income	all_groups									
AFG	2016		BEA_income	all_groups									
AFG	2017		BEA_income	all_groups									
AFG	2018		BEA_income	all_groups									
AFG	2019		BEA_income	all_groups									
AFG	2020		BEA_income	all_groups									
AFG	2021		BEA_income	all_groups									
AGO	2004		BEA_income	all_groups									
AGO	2005		BEA_income	all_groups									
AGO	2006		BEA_income	all_groups									
AGO	2007		BEA_income	all_groups									
AGO	2008		BEA_income	all_groups									
AGO	2009		BEA_income	all_groups									
AGO	2010		BEA_income	all_groups									
AGO	2011		BEA_income	all_groups									
AGO	2012		BEA_income	all_groups									
AGO	2013		BEA_income	all_groups									
AGO	2014		BEA_income	all_groups									
AGO	2015		BEA_income	all_groups									
AGO	2016		BEA_income	all_groups									
AGO	2017		BEA_income	all_groups									
AGO	2018		BEA_income	all_groups									
AGO	2019		BEA_income	all_groups									
AGO	2020		BEA_income	all_groups									
AGO	2021		BEA_income	all_groups									
AIA	2004		BEA_income	all_groups									
AIA	2005		BEA_income	all_groups									
AIA	2006		BEA_income	all_groups									
AIA	2007		BEA_income	all_groups									
AIA	2008		BEA_income	all_groups									
AIA	2009		BEA_income	all_groups									
AIA	2010		BEA_income	all_groups									
AIA	2011		BEA_income	all_groups									
AIA	2012		BEA_income	all_groups									
AIA	2013		BEA_income	all_groups									
AIA	2014		BEA_income	all_groups									
AIA	2015		BEA_income	all_groups									
AIA	2016		BEA_income	all_groups									
AIA	2017		BEA_income	all_groups									
AIA	2018		BEA_income	all_groups									
AIA	2019		BEA_income	all_groups									
AIA	2020		BEA_income	all_groups									
AIA	2021		BEA_income	all_groups									
ALB	2004		BEA_income	all_groups									
ALB	2005		BEA_income	all_groups									
ALB	2006		BEA_income	all_groups									
ALB	2007		BEA_income	all_groups									
ALB	2008		BEA_income	all_groups									
ALB	2009		BEA_income	all_groups									
ALB	2010		BEA_income	all_groups									
ALB	2011		BEA_income	all_groups									
ALB	2012		BEA_income	all_groups									
ALB	2013		BEA_income	all_groups									
ALB	2014		BEA_income	all_groups									
ALB	2015		BEA_income	all_groups									
ALB	2016		BEA_income	all_groups									
ALB	2017		BEA_income	all_groups									
ALB	2018		BEA_income	all_groups									
ALB	2019		BEA_income	all_groups									
ALB	2020		BEA_income	all_groups									
ALB	2021		BEA_income	all_groups									
AND	2004		BEA_income	all_groups									
AND	2005		BEA_income	all_groups									
AND	2006		BEA_income	all_groups									
AND	2007		BEA_income	all_groups									
AND	2008		BEA_income	all_groups									
AND	2009		BEA_income	all_groups									
AND	2010		BEA_income	all_groups									
AND	2011		BEA_income	all_groups									
AND	2012		BEA_income	all_groups									
AND	2013		BEA_income	all_groups									
AND	2019		BEA_income	all_groups									
AND	2020		BEA_income	all_groups									
AND	2021		BEA_income	all_groups									
ANT	2004		BEA_income	all_groups									
ANT	2005		BEA_income	all_groups									
ANT	2006		BEA_income	all_groups									
ANT	2007		BEA_income	all_groups									
ANT	2008		BEA_income	all_groups									
ANT	2009		BEA_income	all_groups									
ANT	2010		BEA_income	all_groups									
ARE	2004	720232676.6218677	BEA_income	all_groups									
ARE	2005	136119393.5686679	BEA_income	all_groups									
ARE	2006	1405478276.1991763	BEA_income	all_groups									
ARE	2007	420158550.32887965	BEA_income	all_groups									
ARE	2008	420130253.75212145	BEA_income	all_groups									
ARE	2009	603498634.9602363	BEA_income	all_groups									
ARE	2010	761152553.4876801	BEA_income	all_groups									
ARE	2011	1125695566.4856372	BEA_income	all_groups									
ARE	2012	1534806047.347146	BEA_income	all_groups									
ARE	2013	1835835357.509179	BEA_income	all_groups									
ARE	2014	1922325895.1161227	BEA_income	all_groups									
ARE	2015	1826792083.1888678	BEA_income	all_groups									
ARE	2016	3474639282.827111	BEA_income	all_groups									
ARE	2017	1630598110.8396287	BEA_income	all_groups									
ARE	2018	1429813720.2945118	BEA_income	all_groups									
ARE	2019	1456410971.154071	BEA_income	all_groups									
ARE	2020	1427257227.095021	BEA_income	all_groups									
ARE	2021		BEA_income	all_groups									
ARG	2004	1982697668.3576272	BEA_income	all_groups									
ARG	2005	2167752133.399532	BEA_income	all_groups									
ARG	2006	3215119967.5526805	BEA_income	all_groups									
ARG	2007	3178018528.8731403	BEA_income	all_groups									
ARG	2008	2790069829.73698	BEA_income	all_groups									
ARG	2009	2172185239.585231	BEA_income	all_groups									
ARG	2010	2804460477.823591	BEA_income	all_groups									
ARG	2011	4085218296.785873	BEA_income	all_groups									
ARG	2012	3513362384.245589	BEA_income	all_groups									
ARG	2013	3225418377.284953	BEA_income	all_groups									
ARG	2014	983963333.7679257	BEA_income	all_groups									
ARG	2015	4028233067.9051375	BEA_income	all_groups									
ARG	2016	3728731847.121957	BEA_income	all_groups									
ARG	2017	2700646213.632322	BEA_income	all_groups									
ARG	2018	1993971814.36354	BEA_income	all_groups									
ARG	2019	350598582.2792166	BEA_income	all_groups									
ARG	2020	295152253.75934637	BEA_income	all_groups									
ARG	2021		BEA_income	all_groups									
ARM	2004		BEA_income	all_groups									
ARM	2005		BEA_income	all_groups									
ARM	2006		BEA_income	all_groups									
ARM	2007		BEA_income	all_groups									
ARM	2008		BEA_income	all_groups									
ARM	2009		BEA_income	all_groups									
ARM	2010		BEA_income	all_groups									
ARM	2011		BEA_income	all_groups									
ARM	2012		BEA_income	all_groups									
ARM	2013		BEA_income	all_groups									
ARM	2014		BEA_income	all_groups									
ARM	2015		BEA_income	all_groups									
ARM	2016		BEA_income	all_groups									
ARM	2017		BEA_income	all_groups									
ARM	2018		BEA_income	all_groups									
ARM	2019		BEA_income	all_groups									
ARM	2020		BEA_income	all_groups									
ARM	2021		BEA_income	all_groups									
ATG	2004		BEA_income	all_groups									
ATG	2005		BEA_income	all_groups									
ATG	2006		BEA_income	all_groups									
ATG	2007		BEA_income	all_groups									
ATG	2008		BEA_income	all_groups									
ATG	2009		BEA_income	all_groups									
ATG	2010		BEA_income	all_groups									
ATG	2011		BEA_income	all_groups									
ATG	2012		BEA_income	all_groups									
ATG	2013		BEA_income	all_groups									
ATG	2014		BEA_income	all_groups									
ATG	2015		BEA_income	all_groups									
ATG	2016		BEA_income	all_groups									
ATG	2017		BEA_income	all_groups									
ATG	2018		BEA_income	all_groups									
ATG	2019		BEA_income	all_groups									
ATG	2020		BEA_income	all_groups									
ATG	2021		BEA_income	all_groups									
AUS	2004	6906002464.979966	BEA_income	all_groups									
AUS	2005	8058471262.539123	BEA_income	all_groups									
AUS	2006	9987888397.001335	BEA_income	all_groups									
AUS	2007	11172167717.781174	BEA_income	all_groups									
AUS	2008	12841812696.01364	BEA_income	all_groups									
AUS	2009	9787128966.282135	BEA_income	all_groups									
AUS	2010	14424247922.0426	BEA_income	all_groups									
AUS	2011	16193557431.601599	BEA_income	all_groups									
AUS	2012	20052220653.072594	BEA_income	all_groups									
AUS	2013	14646022054.812986	BEA_income	all_groups									
AUS	2014	12775309731.011576	BEA_income	all_groups									
AUS	2015	11074863889.62538	BEA_income	all_groups									
AUS	2016	8157493811.136541	BEA_income	all_groups									
AUS	2017	10901625566.333572	BEA_income	all_groups									
AUS	2018	13449856010.776108	BEA_income	all_groups									
AUS	2019	12269931197.84735	BEA_income	all_groups									
AUS	2020	10283888841.649954	BEA_income	all_groups									
AUS	2021		BEA_income	all_groups									
AUT	2004	938360287.2559191	BEA_income	all_groups									
AUT	2005	2050933250.8592575	BEA_income	all_groups									
AUT	2006	3324244089.644349	BEA_income	all_groups									
AUT	2007	2960346026.895528	BEA_income	all_groups									
AUT	2008	2574436711.546132	BEA_income	all_groups									
AUT	2009	1819717445.9921556	BEA_income	all_groups									
AUT	2010	2569398659.8347487	BEA_income	all_groups									
AUT	2011	2562278175.701062	BEA_income	all_groups									
AUT	2012	2448768799.679863	BEA_income	all_groups									
AUT	2013	1628465250.6808996	BEA_income	all_groups									
AUT	2014	2294225527.9614663	BEA_income	all_groups									
AUT	2015	433219349.7446237	BEA_income	all_groups									
AUT	2016	649007513.6205704	BEA_income	all_groups									
AUT	2017	685116676.5018102	BEA_income	all_groups									
AUT	2018	893250315.6092947	BEA_income	all_groups									
AUT	2019	943762462.76324	BEA_income	all_groups									
AUT	2020	436536375.3153969	BEA_income	all_groups									
AUT	2021		BEA_income	all_groups									
AZE	2004		BEA_income	all_groups									
AZE	2005		BEA_income	all_groups									
AZE	2006		BEA_income	all_groups									
AZE	2007		BEA_income	all_groups									
AZE	2008		BEA_income	all_groups									
AZE	2009		BEA_income	all_groups									
AZE	2010		BEA_income	all_groups									
AZE	2011		BEA_income	all_groups									
AZE	2012		BEA_income	all_groups									
AZE	2013		BEA_income	all_groups									
AZE	2014		BEA_income	all_groups									
AZE	2015		BEA_income	all_groups									
AZE	2016		BEA_income	all_groups									
AZE	2017		BEA_income	all_groups									
AZE	2018		BEA_income	all_groups									
AZE	2019		BEA_income	all_groups									
AZE	2020		BEA_income	all_groups									
AZE	2021		BEA_income	all_groups									
BDI	2004		BEA_income	all_groups									
BDI	2005		BEA_income	all_groups									
BDI	2006		BEA_income	all_groups									
BDI	2007		BEA_income	all_groups									
BDI	2008		BEA_income	all_groups									
BDI	2009		BEA_income	all_groups									
BDI	2010		BEA_income	all_groups									
BDI	2011		BEA_income	all_groups									
BDI	2012		BEA_income	all_groups									
BDI	2013		BEA_income	all_groups									
BDI	2014		BEA_income	all_groups									
BDI	2015		BEA_income	all_groups									
BDI	2016		BEA_income	all_groups									
BDI	2017		BEA_income	all_groups									
BDI	2018		BEA_income	all_groups									
BDI	2019		BEA_income	all_groups									
BDI	2020		BEA_income	all_groups									
BDI	2021		BEA_income	all_groups									
BEA_Other_Europe	2004	2231692393.7040443	BEA_income	all_groups									
BEA_Other_Europe	2005	3632559338.817585	BEA_income	all_groups									
BEA_Other_Europe	2006	4576140268.084881	BEA_income	all_groups									
BEA_Other_Europe	2007	9703131436.99273	BEA_income	all_groups									
BEA_Other_Europe	2008	10314957001.157507	BEA_income	all_groups									
BEA_Other_Europe	2009	5633337003.414906	BEA_income	all_groups									
BEA_Other_Europe	2010	3777270425.863995	BEA_income	all_groups									
BEA_Other_Europe	2011	11834027038.289442	BEA_income	all_groups									
BEA_Other_Europe	2012	9732990869.218008	BEA_income	all_groups									
BEA_Other_Europe	2013	3085138599.136411	BEA_income	all_groups									
BEA_Other_Europe	2014	4606691364.890824	BEA_income	all_groups									
BEA_Other_Europe	2015	-1215841718.1643984	BEA_income	all_groups									
BEA_Other_Europe	2016	-6235982571.910858	BEA_income	all_groups									
BEA_Other_Europe	2017	4626324383.352759	BEA_income	all_groups									
BEA_Other_Europe	2018	9622370390.688227	BEA_income	all_groups									
BEA_Other_Europe	2019	3598731377.9881215	BEA_income	all_groups									
BEA_Other_Europe	2020	5911301082.285091	BEA_income	all_groups									
BEA_Other_Europe	2021		BEA_income	all_groups									
BEA_Other_Western	2004	4331685097.968661	BEA_income	all_groups									
BEA_Other_Western	2005	6982721726.79868	BEA_income	all_groups									
BEA_Other_Western	2006	8769335700.311035	BEA_income	all_groups									
BEA_Other_Western	2007	8038696119.545312	BEA_income	all_groups									
BEA_Other_Western	2008	13435056861.55278	BEA_income	all_groups									
BEA_Other_Western	2009	4916106028.080159	BEA_income	all_groups									
BEA_Other_Western	2010	6974518183.963315	BEA_income	all_groups									
BEA_Other_Western	2011	6715566511.254568	BEA_income	all_groups									
BEA_Other_Western	2012	4360151927.609531	BEA_income	all_groups									
BEA_Other_Western	2013	5373325415.168062	BEA_income	all_groups									
BEA_Other_Western	2014	5153900633.92757	BEA_income	all_groups									
BEA_Other_Western	2015	3506148210.520591	BEA_income	all_groups									
BEA_Other_Western	2016	696968760.6963044	BEA_income	all_groups									
BEA_Other_Western	2017	1498884174.5225892	BEA_income	all_groups									
BEA_Other_Western	2018	5285916055.298939	BEA_income	all_groups									
BEA_Other_Western	2019	3631345199.5954905	BEA_income	all_groups									
BEA_Other_Western	2020	3382898908.4725084	BEA_income	all_groups									
BEA_Other_Western	2021		BEA_income	all_groups									
BEL	2004	4305962502.375023	BEA_income	all_groups									
BEL	2005	4877950208.333905	BEA_income	all_groups									
BEL	2006	5147021091.99037	BEA_income	all_groups									
BEL	2007	5381066734.934929	BEA_income	all_groups									
BEL	2008	4404787311.025254	BEA_income	all_groups									
BEL	2009	3101511660.4832516	BEA_income	all_groups									
BEL	2010	1924250639.9000041	BEA_income	all_groups									
BEL	2011	4200022989.035762	BEA_income	all_groups									
BEL	2012	3617175525.379149	BEA_income	all_groups									
BEL	2013	4323260119.31702	BEA_income	all_groups									
BEL	2014	5140727077.45076	BEA_income	all_groups									
BEL	2015	5186514173.166404	BEA_income	all_groups									
BEL	2016	6312516476.818945	BEA_income	all_groups									
BEL	2017	8403144929.373916	BEA_income	all_groups									
BEL	2018	8570706117.5052	BEA_income	all_groups									
BEL	2019	8919880209.615417	BEA_income	all_groups									
BEL	2020	9036199768.93999	BEA_income	all_groups									
BEL	2021		BEA_income	all_groups									
BEN	2004		BEA_income	all_groups									
BEN	2005		BEA_income	all_groups									
BEN	2006		BEA_income	all_groups									
BEN	2007		BEA_income	all_groups									
BEN	2008		BEA_income	all_groups									
BEN	2009		BEA_income	all_groups									
BEN	2010		BEA_income	all_groups									
BEN	2011		BEA_income	all_groups									
BEN	2012		BEA_income	all_groups									
BEN	2013		BEA_income	all_groups									
BEN	2014		BEA_income	all_groups									
BEN	2015		BEA_income	all_groups									
BEN	2016		BEA_income	all_groups									
BEN	2017		BEA_income	all_groups									
BEN	2018		BEA_income	all_groups									
BEN	2019		BEA_income	all_groups									
BEN	2020		BEA_income	all_groups									
BEN	2021		BEA_income	all_groups									
BFA	2004		BEA_income	all_groups									
BGD	2004		BEA_income	all_groups									
BGD	2005		BEA_income	all_groups									
BGD	2006		BEA_income	all_groups									
BGD	2007		BEA_income	all_groups									
BGD	2008		BEA_income	all_groups									
BGD	2009		BEA_income	all_groups									
BGD	2010		BEA_income	all_groups									
BGD	2011		BEA_income	all_groups									
BGD	2012		BEA_income	all_groups									
BGD	2013		BEA_income	all_groups									
BGD	2014		BEA_income	all_groups									
BGD	2015		BEA_income	all_groups									
BGD	2016		BEA_income	all_groups									
BGD	2017		BEA_income	all_groups									
BGD	2018		BEA_income	all_groups									
BGD	2019		BEA_income	all_groups									
BGD	2020		BEA_income	all_groups									
BGD	2021		BEA_income	all_groups									
BGR	2004		BEA_income	all_groups									
BGR	2005		BEA_income	all_groups									
BGR	2006		BEA_income	all_groups									
BGR	2007		BEA_income	all_groups									
BGR	2008		BEA_income	all_groups									
BGR	2009		BEA_income	all_groups									
BGR	2010		BEA_income	all_groups									
BGR	2011		BEA_income	all_groups									
BGR	2012		BEA_income	all_groups									
BGR	2013		BEA_income	all_groups									
BGR	2014		BEA_income	all_groups									
BGR	2015		BEA_income	all_groups									
BGR	2016		BEA_income	all_groups									
BGR	2017		BEA_income	all_groups									
BGR	2018		BEA_income	all_groups									
BGR	2019		BEA_income	all_groups									
BGR	2020		BEA_income	all_groups									
BGR	2021		BEA_income	all_groups									
BHR	2004		BEA_income	all_groups									
BHR	2005		BEA_income	all_groups									
BHR	2006		BEA_income	all_groups									
BHR	2007		BEA_income	all_groups									
BHR	2008		BEA_income	all_groups									
BHR	2009		BEA_income	all_groups									
BHR	2010		BEA_income	all_groups									
BHR	2011		BEA_income	all_groups									
BHR	2012		BEA_income	all_groups									
BHR	2013		BEA_income	all_groups									
BHR	2014		BEA_income	all_groups									
BHR	2015		BEA_income	all_groups									
BHR	2016		BEA_income	all_groups									
BHR	2017		BEA_income	all_groups									
BHR	2018		BEA_income	all_groups									
BHR	2019		BEA_income	all_groups									
BHR	2020		BEA_income	all_groups									
BHR	2021		BEA_income	all_groups									
BHS	2004		BEA_income	all_groups									
BHS	2005		BEA_income	all_groups									
BHS	2006		BEA_income	all_groups									
BHS	2007		BEA_income	all_groups									
BHS	2008		BEA_income	all_groups									
BHS	2009		BEA_income	all_groups									
BHS	2010		BEA_income	all_groups									
BHS	2011		BEA_income	all_groups									
BHS	2012		BEA_income	all_groups									
BHS	2013		BEA_income	all_groups									
BHS	2014		BEA_income	all_groups									
BHS	2015		BEA_income	all_groups									
BHS	2016		BEA_income	all_groups									
BHS	2017		BEA_income	all_groups									
BHS	2018		BEA_income	all_groups									
BHS	2019		BEA_income	all_groups									
BHS	2020		BEA_income	all_groups									
BHS	2021		BEA_income	all_groups									
BIH	2004		BEA_income	all_groups									
BIH	2005		BEA_income	all_groups									
BIH	2006		BEA_income	all_groups									
BIH	2007		BEA_income	all_groups									
BIH	2008		BEA_income	all_groups									
BIH	2009		BEA_income	all_groups									
BIH	2010		BEA_income	all_groups									
BIH	2011		BEA_income	all_groups									
BIH	2012		BEA_income	all_groups									
BIH	2013		BEA_income	all_groups									
BIH	2014		BEA_income	all_groups									
BIH	2015		BEA_income	all_groups									
BIH	2016		BEA_income	all_groups									
BIH	2017		BEA_income	all_groups									
BIH	2018		BEA_income	all_groups									
BIH	2019		BEA_income	all_groups									
BIH	2020		BEA_income	all_groups									
BIH	2021		BEA_income	all_groups									
BLR	2004		BEA_income	all_groups									
BLR	2005		BEA_income	all_groups									
BLR	2006		BEA_income	all_groups									
BLR	2007		BEA_income	all_groups									
BLR	2008		BEA_income	all_groups									
BLR	2009		BEA_income	all_groups									
BLR	2010		BEA_income	all_groups									
BLR	2011		BEA_income	all_groups									
BLR	2012		BEA_income	all_groups									
BLR	2013		BEA_income	all_groups									
BLR	2014		BEA_income	all_groups									
BLR	2015		BEA_income	all_groups									
BLR	2016		BEA_income	all_groups									
BLR	2017		BEA_income	all_groups									
BLR	2018		BEA_income	all_groups									
BLR	2019		BEA_income	all_groups									
BLR	2020		BEA_income	all_groups									
BLR	2021		BEA_income	all_groups									
BLZ	2004		BEA_income	all_groups									
BLZ	2005		BEA_income	all_groups									
BLZ	2006		BEA_income	all_groups									
BLZ	2007		BEA_income	all_groups									
BLZ	2008		BEA_income	all_groups									
BLZ	2009		BEA_income	all_groups									
BLZ	2010		BEA_income	all_groups									
BLZ	2011		BEA_income	all_groups									
BLZ	2012		BEA_income	all_groups									
BLZ	2013		BEA_income	all_groups									
BLZ	2014		BEA_income	all_groups									
BLZ	2015		BEA_income	all_groups									
BLZ	2016		BEA_income	all_groups									
BLZ	2017		BEA_income	all_groups									
BLZ	2018		BEA_income	all_groups									
BLZ	2019		BEA_income	all_groups									
BLZ	2020		BEA_income	all_groups									
BLZ	2021		BEA_income	all_groups									
BMU	2004	10880657936.10893	BEA_income	all_groups									
BMU	2005	12141037253.229244	BEA_income	all_groups									
BMU	2006	16358514228.371433	BEA_income	all_groups									
BMU	2007	23855893786.504555	BEA_income	all_groups									
BMU	2008	25734243494.88898	BEA_income	all_groups									
BMU	2009	30083740952.576397	BEA_income	all_groups									
BMU	2010	29387815166.743584	BEA_income	all_groups									
BMU	2011	32721369232.674114	BEA_income	all_groups									
BMU	2012	29524660893.563236	BEA_income	all_groups									
BMU	2013	34331950921.65837	BEA_income	all_groups									
BMU	2014	35270677440.9129	BEA_income	all_groups									
BMU	2015	39450226380.24119	BEA_income	all_groups									
BMU	2016	44671309616.75172	BEA_income	all_groups									
BMU	2017	50057422030.07115	BEA_income	all_groups									
BMU	2018	45962532258.10206	BEA_income	all_groups									
BMU	2019	41091376861.43446	BEA_income	all_groups									
BMU	2020	42102540197.97221	BEA_income	all_groups									
BMU	2021		BEA_income	all_groups									
BOL	2004		BEA_income	all_groups									
BOL	2005		BEA_income	all_groups									
BOL	2006		BEA_income	all_groups									
BOL	2007		BEA_income	all_groups									
BOL	2008		BEA_income	all_groups									
BOL	2009		BEA_income	all_groups									
BOL	2010		BEA_income	all_groups									
BOL	2011		BEA_income	all_groups									
BOL	2012		BEA_income	all_groups									
BOL	2013		BEA_income	all_groups									
BOL	2014		BEA_income	all_groups									
BOL	2015		BEA_income	all_groups									
BOL	2016		BEA_income	all_groups									
BOL	2017		BEA_income	all_groups									
BOL	2018		BEA_income	all_groups									
BOL	2019		BEA_income	all_groups									
BOL	2020		BEA_income	all_groups									
BOL	2021		BEA_income	all_groups									
BRA	2004	4074459142.03228	BEA_income	all_groups									
BRA	2005	4298934877.482108	BEA_income	all_groups									
BRA	2006	7039516283.450511	BEA_income	all_groups									
BRA	2007	10837053307.759827	BEA_income	all_groups									
BRA	2008	13202213588.388954	BEA_income	all_groups									
BRA	2009	10157015226.419054	BEA_income	all_groups									
BRA	2010	13545055667.74667	BEA_income	all_groups									
BRA	2011	15091229191.85709	BEA_income	all_groups									
BRA	2012	12207204066.23453	BEA_income	all_groups									
BRA	2013	11134961520.573393	BEA_income	all_groups									
BRA	2014	6285813140.4350605	BEA_income	all_groups									
BRA	2015	3486961339.5528803	BEA_income	all_groups									
BRA	2016	2662359438.7359567	BEA_income	all_groups									
BRA	2017	5003087503.515454	BEA_income	all_groups									
BRA	2018	5356435817.057567	BEA_income	all_groups									
BRA	2019	5983617083.0269785	BEA_income	all_groups									
BRA	2020	3991779431.962069	BEA_income	all_groups									
BRA	2021		BEA_income	all_groups									
BRB	2004	767562252.5141618	BEA_income	all_groups									
BRB	2005	695834213.392071	BEA_income	all_groups									
BRB	2006	640599013.0196102	BEA_income	all_groups									
BRB	2007	1569266874.7223215	BEA_income	all_groups									
BRB	2008	1852622564.7382705	BEA_income	all_groups									
BRB	2009	235661606.18141654	BEA_income	all_groups									
BRB	2010	1718698747.1132243	BEA_income	all_groups									
BRB	2011	2029909514.2944975	BEA_income	all_groups									
BRB	2012	1663045809.923897	BEA_income	all_groups									
BRB	2013	1097841742.0320673	BEA_income	all_groups									
BRB	2014	2023660944.9377422	BEA_income	all_groups									
BRB	2015	1459212028.8600962	BEA_income	all_groups									
BRB	2016	1234746999.1837897	BEA_income	all_groups									
BRB	2017	1233414225.356463	BEA_income	all_groups									
BRB	2018	3298076394.131801	BEA_income	all_groups									
BRB	2019	3712879753.6139126	BEA_income	all_groups									
BRB	2020	4835956157.74929	BEA_income	all_groups									
BRB	2021		BEA_income	all_groups									
BRN	2004		BEA_income	all_groups									
BRN	2005		BEA_income	all_groups									
BRN	2006		BEA_income	all_groups									
BRN	2007		BEA_income	all_groups									
BRN	2008		BEA_income	all_groups									
BRN	2009		BEA_income	all_groups									
BRN	2010		BEA_income	all_groups									
BRN	2011		BEA_income	all_groups									
BRN	2012		BEA_income	all_groups									
BRN	2013		BEA_income	all_groups									
BRN	2014		BEA_income	all_groups									
BRN	2015		BEA_income	all_groups									
BRN	2016		BEA_income	all_groups									
BRN	2017		BEA_income	all_groups									
BRN	2018		BEA_income	all_groups									
BRN	2019		BEA_income	all_groups									
BRN	2020		BEA_income	all_groups									
BRN	2021		BEA_income	all_groups									
BTN	2004		BEA_income	all_groups									
BTN	2005		BEA_income	all_groups									
BTN	2006		BEA_income	all_groups									
BTN	2007		BEA_income	all_groups									
BTN	2009		BEA_income	all_groups									
BTN	2010		BEA_income	all_groups									
BTN	2011		BEA_income	all_groups									
BTN	2012		BEA_income	all_groups									
BTN	2013		BEA_income	all_groups									
BTN	2014		BEA_income	all_groups									
BTN	2015		BEA_income	all_groups									
BTN	2016		BEA_income	all_groups									
BTN	2017		BEA_income	all_groups									
BTN	2018		BEA_income	all_groups									
BTN	2019		BEA_income	all_groups									
BTN	2020		BEA_income	all_groups									
BTN	2021		BEA_income	all_groups									
BWA	2004		BEA_income	all_groups									
BWA	2005		BEA_income	all_groups									
BWA	2006		BEA_income	all_groups									
BWA	2007		BEA_income	all_groups									
BWA	2008		BEA_income	all_groups									
BWA	2009		BEA_income	all_groups									
BWA	2010		BEA_income	all_groups									
BWA	2011		BEA_income	all_groups									
BWA	2012		BEA_income	all_groups									
BWA	2013		BEA_income	all_groups									
BWA	2014		BEA_income	all_groups									
BWA	2015		BEA_income	all_groups									
BWA	2016		BEA_income	all_groups									
BWA	2017		BEA_income	all_groups									
BWA	2018		BEA_income	all_groups									
BWA	2019		BEA_income	all_groups									
BWA	2020		BEA_income	all_groups									
BWA	2021		BEA_income	all_groups									
CAF	2009		BEA_income	all_groups									
CAF	2010		BEA_income	all_groups									
CAF	2011		BEA_income	all_groups									
CAF	2012		BEA_income	all_groups									
CAF	2013		BEA_income	all_groups									
CAF	2014		BEA_income	all_groups									
CAF	2015		BEA_income	all_groups									
CAF	2016		BEA_income	all_groups									
CAF	2017		BEA_income	all_groups									
CAF	2018		BEA_income	all_groups									
CAF	2019		BEA_income	all_groups									
CAF	2020		BEA_income	all_groups									
CAF	2021		BEA_income	all_groups									
CAN	2004	32371372102.681717	BEA_income	all_groups									
CAN	2005	31915934526.37296	BEA_income	all_groups									
CAN	2006	32152210084.064693	BEA_income	all_groups									
CAN	2007	31772085846.79735	BEA_income	all_groups									
CAN	2008	41371187830.92577	BEA_income	all_groups									
CAN	2009	23167585118.99135	BEA_income	all_groups									
CAN	2010	34401449700.21123	BEA_income	all_groups									
CAN	2011	45093860756.73737	BEA_income	all_groups									
CAN	2012	41600571869.54061	BEA_income	all_groups									
CAN	2013	39502988830.65571	BEA_income	all_groups									
CAN	2014	41441981975.04953	BEA_income	all_groups									
CAN	2015	26887875072.96119	BEA_income	all_groups									
CAN	2016	23319370599.461124	BEA_income	all_groups									
CAN	2017	32034054558.223236	BEA_income	all_groups									
CAN	2018	40136986721.51971	BEA_income	all_groups									
CAN	2019	35498106455.770676	BEA_income	all_groups									
CAN	2020	27504887647.53182	BEA_income	all_groups									
CAN	2021		BEA_income	all_groups									
CHE	2004	16087940188.085033	BEA_income	all_groups									
CHE	2005	17037272156.221626	BEA_income	all_groups									
CHE	2006	15969506941.285393	BEA_income	all_groups									
CHE	2007	16399345055.96914	BEA_income	all_groups									
CHE	2008	21708079593.269253	BEA_income	all_groups									
CHE	2009	19665448727.999687	BEA_income	all_groups									
CHE	2010	21606353166.048008	BEA_income	all_groups									
CHE	2011	23306368497.45534	BEA_income	all_groups									
CHE	2012	21501533525.368572	BEA_income	all_groups									
CHE	2013	26809701948.475685	BEA_income	all_groups									
CHE	2014	25581019976.96964	BEA_income	all_groups									
CHE	2015	32373300499.098244	BEA_income	all_groups									
CHE	2016	34307598440.131413	BEA_income	all_groups									
CHE	2017	34013847756.042923	BEA_income	all_groups									
CHE	2018	26633985383.041443	BEA_income	all_groups									
CHE	2019	23709229126.632023	BEA_income	all_groups									
CHE	2020	22214851099.383533	BEA_income	all_groups									
CHE	2021		BEA_income	all_groups									
CHL	2004	1008325747.2706147	BEA_income	all_groups									
CHL	2005	1194600051.020548	BEA_income	all_groups									
CHL	2006	2295648198.076584	BEA_income	all_groups									
CHL	2007	6319589569.043053	BEA_income	all_groups									
CHL	2008	5330086231.337155	BEA_income	all_groups									
CHL	2009	4641509026.094856	BEA_income	all_groups									
CHL	2010	5865352029.816829	BEA_income	all_groups									
CHL	2011	5676228456.638317	BEA_income	all_groups									
CHL	2012	4381525221.372323	BEA_income	all_groups									
CHL	2013	5061253734.794132	BEA_income	all_groups									
CHL	2014	2800900777.0695643	BEA_income	all_groups									
CHL	2015	2960837140.9119735	BEA_income	all_groups									
CHL	2016	2526639314.032284	BEA_income	all_groups									
CHL	2017	2965095124.5324244	BEA_income	all_groups									
CHL	2018	3580155441.166315	BEA_income	all_groups									
CHL	2019	2931167216.9622874	BEA_income	all_groups									
CHL	2020	2179585873.915173	BEA_income	all_groups									
CHL	2021		BEA_income	all_groups									
CHN	2004	4411939596.220813	BEA_income	all_groups									
CHN	2005	5217232875.885659	BEA_income	all_groups									
CHN	2006	6408010947.271873	BEA_income	all_groups									
CHN	2007	7345181403.942222	BEA_income	all_groups									
CHN	2008	9832060299.856876	BEA_income	all_groups									
CHN	2009	9710282790.35341	BEA_income	all_groups									
CHN	2010	11939308703.30341	BEA_income	all_groups									
CHN	2011	12848981795.436691	BEA_income	all_groups									
CHN	2012	10178776710.556238	BEA_income	all_groups									
CHN	2013	14627724692.445786	BEA_income	all_groups									
CHN	2014	13774473322.252745	BEA_income	all_groups									
CHN	2015	16079607706.255579	BEA_income	all_groups									
CHN	2016	17309928386.0782	BEA_income	all_groups									
CHN	2017	19761174600.62002	BEA_income	all_groups									
CHN	2018	19263137240.96566	BEA_income	all_groups									
CHN	2019	17212963535.21421	BEA_income	all_groups									
CHN	2020	16924814551.235247	BEA_income	all_groups									
CHN	2021		BEA_income	all_groups									
CIV	2004		BEA_income	all_groups									
CIV	2005		BEA_income	all_groups									
CIV	2006		BEA_income	all_groups									
CIV	2007		BEA_income	all_groups									
CIV	2008		BEA_income	all_groups									
CIV	2009		BEA_income	all_groups									
CIV	2010		BEA_income	all_groups									
CIV	2011		BEA_income	all_groups									
CIV	2012		BEA_income	all_groups									
CIV	2013		BEA_income	all_groups									
CIV	2014		BEA_income	all_groups									
CIV	2015		BEA_income	all_groups									
CIV	2016		BEA_income	all_groups									
CIV	2017		BEA_income	all_groups									
CIV	2018		BEA_income	all_groups									
CIV	2019		BEA_income	all_groups									
CIV	2020		BEA_income	all_groups									
CIV	2021		BEA_income	all_groups									
CMR	2004		BEA_income	all_groups									
CMR	2005		BEA_income	all_groups									
CMR	2006		BEA_income	all_groups									
CMR	2007		BEA_income	all_groups									
CMR	2008		BEA_income	all_groups									
CMR	2009		BEA_income	all_groups									
CMR	2010		BEA_income	all_groups									
CMR	2011		BEA_income	all_groups									
CMR	2012		BEA_income	all_groups									
CMR	2013		BEA_income	all_groups									
CMR	2014		BEA_income	all_groups									
CMR	2015		BEA_income	all_groups									
CMR	2016		BEA_income	all_groups									
CMR	2017		BEA_income	all_groups									
CMR	2018		BEA_income	all_groups									
CMR	2019		BEA_income	all_groups									
CMR	2020		BEA_income	all_groups									
CMR	2021		BEA_income	all_groups									
COD	2004		BEA_income	all_groups									
COD	2005		BEA_income	all_groups									
COD	2006		BEA_income	all_groups									
COD	2007		BEA_income	all_groups									
COD	2008		BEA_income	all_groups									
COD	2009		BEA_income	all_groups									
COD	2010		BEA_income	all_groups									
COD	2011		BEA_income	all_groups									
COD	2012		BEA_income	all_groups									
COD	2013		BEA_income	all_groups									
COD	2014		BEA_income	all_groups									
COD	2015		BEA_income	all_groups									
COD	2016		BEA_income	all_groups									
COD	2017		BEA_income	all_groups									
COD	2018		BEA_income	all_groups									
COD	2019		BEA_income	all_groups									
COD	2020		BEA_income	all_groups									
COD	2021		BEA_income	all_groups									
COG	2004		BEA_income	all_groups									
COG	2005		BEA_income	all_groups									
COG	2006		BEA_income	all_groups									
COG	2007		BEA_income	all_groups									
COG	2008		BEA_income	all_groups									
COG	2009		BEA_income	all_groups									
COG	2010		BEA_income	all_groups									
COG	2011		BEA_income	all_groups									
COG	2012		BEA_income	all_groups									
COG	2013		BEA_income	all_groups									
COG	2014		BEA_income	all_groups									
COG	2015		BEA_income	all_groups									
COG	2016		BEA_income	all_groups									
COG	2017		BEA_income	all_groups									
COG	2018		BEA_income	all_groups									
COG	2019		BEA_income	all_groups									
COG	2020		BEA_income	all_groups									
COG	2021		BEA_income	all_groups									
COL	2004	828267578.1151478	BEA_income	all_groups									
COL	2005	1289070973.4226832	BEA_income	all_groups									
COL	2006	1399415824.9718614	BEA_income	all_groups									
COL	2007	1561167432.788271	BEA_income	all_groups									
COL	2008	2096601820.531671	BEA_income	all_groups									
COL	2009	1749018964.1377306	BEA_income	all_groups									
COL	2010	2065694764.1443725	BEA_income	all_groups									
COL	2011	2402770771.424668	BEA_income	all_groups									
COL	2012	2370400055.8829594	BEA_income	all_groups									
COL	2013	1934437810.2657628	BEA_income	all_groups									
COL	2014	821827254.0533345	BEA_income	all_groups									
COL	2015	683658507.6389517	BEA_income	all_groups									
COL	2016	968409010.10365	BEA_income	all_groups									
COL	2017	1349812587.683149	BEA_income	all_groups									
COL	2018	1741531507.7783046	BEA_income	all_groups									
COL	2019	1587885439.5087774	BEA_income	all_groups									
COL	2020	694536597.1330074	BEA_income	all_groups									
COL	2021		BEA_income	all_groups									
COM	2004		BEA_income	all_groups									
COM	2005		BEA_income	all_groups									
COM	2006		BEA_income	all_groups									
COM	2007		BEA_income	all_groups									
COM	2008		BEA_income	all_groups									
COM	2014		BEA_income	all_groups									
COM	2015		BEA_income	all_groups									
COM	2016		BEA_income	all_groups									
COM	2017		BEA_income	all_groups									
COM	2018		BEA_income	all_groups									
CPV	2019		BEA_income	all_groups									
CPV	2020		BEA_income	all_groups									
CPV	2021		BEA_income	all_groups									
CRI	2004	419792760.08817434	BEA_income	all_groups									
CRI	2005	326077054.7428537	BEA_income	all_groups									
CRI	2006	245529274.70625436	BEA_income	all_groups									
CRI	2007	272343735.0324545	BEA_income	all_groups									
CRI	2008	167039739.44361454	BEA_income	all_groups									
CRI	2009	84018485.68207026	BEA_income	all_groups									
CRI	2010	286958582.99936604	BEA_income	all_groups									
CRI	2011	258056564.88028145	BEA_income	all_groups									
CRI	2012	264621732.30123207	BEA_income	all_groups									
CRI	2013	363914207.0810001	BEA_income	all_groups									
CRI	2014	231043913.59329256	BEA_income	all_groups									
CRI	2015	353442359.93151116	BEA_income	all_groups									
CRI	2016	233683522.986023	BEA_income	all_groups									
CRI	2017	337963666.05379903	BEA_income	all_groups									
CRI	2018	273902842.77264416	BEA_income	all_groups									
CRI	2019	372001402.7090525	BEA_income	all_groups									
CRI	2020	284832244.886642	BEA_income	all_groups									
CRI	2021		BEA_income	all_groups									
CUB	2004		BEA_income	all_groups									
CUB	2005		BEA_income	all_groups									
CUB	2006		BEA_income	all_groups									
CUB	2007		BEA_income	all_groups									
CUB	2008		BEA_income	all_groups									
CUB	2009		BEA_income	all_groups									
CUB	2010		BEA_income	all_groups									
CUB	2011		BEA_income	all_groups									
CUB	2012		BEA_income	all_groups									
CUB	2013		BEA_income	all_groups									
CUW	2011		BEA_income	all_groups									
CUW	2011		BEA_income	all_groups									
CUW	2012		BEA_income	all_groups									
CUW	2012		BEA_income	all_groups									
CUW	2013		BEA_income	all_groups									
CUW	2013		BEA_income	all_groups									
CUW	2014		BEA_income	all_groups									
CUW	2014		BEA_income	all_groups									
CUW	2015		BEA_income	all_groups									
CUW	2015		BEA_income	all_groups									
CUW	2016		BEA_income	all_groups									
CUW	2016		BEA_income	all_groups									
CUW	2017		BEA_income	all_groups									
CUW	2017		BEA_income	all_groups									
CUW	2018		BEA_income	all_groups									
CUW	2018		BEA_income	all_groups									
CUW	2019		BEA_income	all_groups									
CUW	2019		BEA_income	all_groups									
CUW	2020		BEA_income	all_groups									
CUW	2020		BEA_income	all_groups									
CUW	2021		BEA_income	all_groups									
CUW	2021		BEA_income	all_groups									
CYP	2004		BEA_income	all_groups									
CYP	2005		BEA_income	all_groups									
CYP	2006		BEA_income	all_groups									
CYP	2007		BEA_income	all_groups									
CYP	2008		BEA_income	all_groups									
CYP	2009		BEA_income	all_groups									
CYP	2010		BEA_income	all_groups									
CYP	2011		BEA_income	all_groups									
CYP	2012		BEA_income	all_groups									
CYP	2013		BEA_income	all_groups									
CYP	2014		BEA_income	all_groups									
CYP	2015		BEA_income	all_groups									
CYP	2016		BEA_income	all_groups									
CYP	2017		BEA_income	all_groups									
CYP	2018		BEA_income	all_groups									
CYP	2019		BEA_income	all_groups									
CYP	2020		BEA_income	all_groups									
CYP	2021		BEA_income	all_groups									
CZE	2004	616313390.4235697	BEA_income	all_groups									
CZE	2005	489623490.29923826	BEA_income	all_groups									
CZE	2006	737598232.6566489	BEA_income	all_groups									
CZE	2007	851453833.317079	BEA_income	all_groups									
CZE	2008	897965144.7665825	BEA_income	all_groups									
CZE	2009	876046405.5874398	BEA_income	all_groups									
CZE	2010	1006390207.7530957	BEA_income	all_groups									
CZE	2011	1102328239.7445095	BEA_income	all_groups									
CZE	2012	917016080.0131158	BEA_income	all_groups									
CZE	2013	785770061.658137	BEA_income	all_groups									
CZE	2014	1044764363.6608975	BEA_income	all_groups									
CZE	2015	601861847.197659	BEA_income	all_groups									
CZE	2016	756154980.491891	BEA_income	all_groups									
CZE	2017	699411212.22614	BEA_income	all_groups									
CZE	2018	561092017.470827	BEA_income	all_groups									
CZE	2019	744002805.418105	BEA_income	all_groups									
CZE	2020	676992582.0494099	BEA_income	all_groups									
CZE	2021		BEA_income	all_groups									
DEU	2004	9751950441.460089	BEA_income	all_groups									
DEU	2005	10867203525.355291	BEA_income	all_groups									
DEU	2006	12408827253.77576	BEA_income	all_groups									
DEU	2007	16206983310.035435	BEA_income	all_groups									
DEU	2008	12528992820.328325	BEA_income	all_groups									
DEU	2009	8114956178.073127	BEA_income	all_groups									
DEU	2010	9545952011.05338	BEA_income	all_groups									
DEU	2011	9932129835.70721	BEA_income	all_groups									
DEU	2012	7674030236.73573	BEA_income	all_groups									
DEU	2013	5822627313.296001	BEA_income	all_groups									
DEU	2014	2888048919.9161572	BEA_income	all_groups									
DEU	2015	11274811281.815207	BEA_income	all_groups									
DEU	2016	8840176242.91667	BEA_income	all_groups									
DEU	2017	11149737864.977299	BEA_income	all_groups									
DEU	2018	10502334374.371983	BEA_income	all_groups									
DEU	2019	12281142199.024883	BEA_income	all_groups									
DEU	2020	9989768588.777878	BEA_income	all_groups									
DEU	2021		BEA_income	all_groups									
DJI	2004		BEA_income	all_groups									
DJI	2005		BEA_income	all_groups									
DJI	2006		BEA_income	all_groups									
DJI	2007		BEA_income	all_groups									
DJI	2009		BEA_income	all_groups									
DJI	2010		BEA_income	all_groups									
DJI	2011		BEA_income	all_groups									
DJI	2012		BEA_income	all_groups									
DJI	2013		BEA_income	all_groups									
DJI	2014		BEA_income	all_groups									
DJI	2015		BEA_income	all_groups									
DJI	2016		BEA_income	all_groups									
DJI	2017		BEA_income	all_groups									
DJI	2018		BEA_income	all_groups									
DJI	2019		BEA_income	all_groups									
DJI	2020		BEA_income	all_groups									
DJI	2021		BEA_income	all_groups									
DMA	2004		BEA_income	all_groups									
DMA	2005		BEA_income	all_groups									
DMA	2006		BEA_income	all_groups									
DMA	2007		BEA_income	all_groups									
DMA	2008		BEA_income	all_groups									
DMA	2009		BEA_income	all_groups									
DMA	2010		BEA_income	all_groups									
DMA	2011		BEA_income	all_groups									
DMA	2012		BEA_income	all_groups									
DMA	2013		BEA_income	all_groups									
DMA	2014		BEA_income	all_groups									
DMA	2015		BEA_income	all_groups									
DMA	2016		BEA_income	all_groups									
DMA	2017		BEA_income	all_groups									
DMA	2018		BEA_income	all_groups									
DMA	2019		BEA_income	all_groups									
DMA	2020		BEA_income	all_groups									
DMA	2021		BEA_income	all_groups									
DNK	2004	1663737482.9965143	BEA_income	all_groups									
DNK	2005	2029601107.0910332	BEA_income	all_groups									
DNK	2006	2037994020.9157	BEA_income	all_groups									
DNK	2007	2574610104.7863636	BEA_income	all_groups									
DNK	2008	6435585597.836713	BEA_income	all_groups									
DNK	2009	4456053588.1868725	BEA_income	all_groups									
DNK	2010	4962755352.084781	BEA_income	all_groups									
DNK	2011	4189863281.7570105	BEA_income	all_groups									
DNK	2012	3819712928.1789384	BEA_income	all_groups									
DNK	2013	2315632859.582453	BEA_income	all_groups									
DNK	2014	2953916702.30021	BEA_income	all_groups									
DNK	2015	1007815643.4618518	BEA_income	all_groups									
DNK	2016	1313321808.222758	BEA_income	all_groups									
DNK	2017	800494000.5624727	BEA_income	all_groups									
DNK	2018	407788187.56076497	BEA_income	all_groups									
DNK	2019	1251555404.1827848	BEA_income	all_groups									
DNK	2020	661512568.7403532	BEA_income	all_groups									
DNK	2021		BEA_income	all_groups									
DOM	2004	164624611.79928404	BEA_income	all_groups									
DOM	2005	220432152.27164876	BEA_income	all_groups									
DOM	2006	202081707.57716408	BEA_income	all_groups									
DOM	2007	179200152.79087156	BEA_income	all_groups									
DOM	2008	132619429.49765761	BEA_income	all_groups									
DOM	2009	128076959.88120465	BEA_income	all_groups									
DOM	2010	315450924.5737712	BEA_income	all_groups									
DOM	2011	406388291.1500495	BEA_income	all_groups									
DOM	2012	404057029.706112	BEA_income	all_groups									
DOM	2013	340534244.05624306	BEA_income	all_groups									
DOM	2014	254350975.05226505	BEA_income	all_groups									
DOM	2015	458465232.5968745	BEA_income	all_groups									
DOM	2016	426548963.3544001	BEA_income	all_groups									
DOM	2017	487035252.89323914	BEA_income	all_groups									
DOM	2018	450713259.93558234	BEA_income	all_groups									
DOM	2019	436209863.9985602	BEA_income	all_groups									
DOM	2020	370488318.53008866	BEA_income	all_groups									
DOM	2021		BEA_income	all_groups									
DZA	2004		BEA_income	all_groups									
DZA	2005		BEA_income	all_groups									
DZA	2006		BEA_income	all_groups									
DZA	2007		BEA_income	all_groups									
DZA	2008		BEA_income	all_groups									
DZA	2009		BEA_income	all_groups									
DZA	2010		BEA_income	all_groups									
DZA	2011		BEA_income	all_groups									
DZA	2012		BEA_income	all_groups									
DZA	2013		BEA_income	all_groups									
DZA	2014		BEA_income	all_groups									
DZA	2015		BEA_income	all_groups									
DZA	2016		BEA_income	all_groups									
DZA	2017		BEA_income	all_groups									
DZA	2018		BEA_income	all_groups									
DZA	2019		BEA_income	all_groups									
DZA	2020		BEA_income	all_groups									
DZA	2021		BEA_income	all_groups									
ECU	2004	421850567.7356654	BEA_income	all_groups									
ECU	2005	531271961.46577096	BEA_income	all_groups									
ECU	2006	253612543.00934094	BEA_income	all_groups									
ECU	2007	113392187.07670969	BEA_income	all_groups									
ECU	2008	125532895.09701942	BEA_income	all_groups									
ECU	2009	184430822.2289347	BEA_income	all_groups									
ECU	2010	220815647.2016398	BEA_income	all_groups									
ECU	2011	241801033.23427945	BEA_income	all_groups									
ECU	2012	162844142.95460436	BEA_income	all_groups									
ECU	2013	172808422.35689947	BEA_income	all_groups									
ECU	2014	261444428.53977844	BEA_income	all_groups									
ECU	2015	127239249.57534403	BEA_income	all_groups									
ECU	2016	165313234.60146606	BEA_income	all_groups									
ECU	2017	153155739.90353432	BEA_income	all_groups									
ECU	2018	-27594689.383811165	BEA_income	all_groups									
ECU	2019	226258387.40112233	BEA_income	all_groups									
ECU	2020	111456095.82520773	BEA_income	all_groups									
ECU	2021		BEA_income	all_groups									
EGY	2004	1193528435.5448093	BEA_income	all_groups									
EGY	2005	1759393952.6935284	BEA_income	all_groups									
EGY	2006	1995556862.3244953	BEA_income	all_groups									
EGY	2007	2500702697.138151	BEA_income	all_groups									
EGY	2008	3348893685.330163	BEA_income	all_groups									
EGY	2009	1661926631.4185114	BEA_income	all_groups									
EGY	2010	3334621547.8330584	BEA_income	all_groups									
EGY	2011	2549070556.2386856	BEA_income	all_groups									
EGY	2012	4466000620.530025	BEA_income	all_groups									
EGY	2013	3269128742.9399333	BEA_income	all_groups									
EGY	2014	1135965908.500355	BEA_income	all_groups									
EGY	2015	1161310611.2035367	BEA_income	all_groups									
EGY	2016	718398254.0705686	BEA_income	all_groups									
EGY	2017	593223232.5596895	BEA_income	all_groups									
EGY	2018	2215751354.966763	BEA_income	all_groups									
EGY	2019	1642921263.4712126	BEA_income	all_groups									
EGY	2020	959760825.161511	BEA_income	all_groups									
EGY	2021		BEA_income	all_groups									
ERI	2004		BEA_income	all_groups									
ERI	2005		BEA_income	all_groups									
ERI	2006		BEA_income	all_groups									
ERI	2009		BEA_income	all_groups									
ERI	2010		BEA_income	all_groups									
ERI	2011		BEA_income	all_groups									
ERI	2012		BEA_income	all_groups									
ERI	2013		BEA_income	all_groups									
ERI	2014		BEA_income	all_groups									
ERI	2015		BEA_income	all_groups									
ERI	2016		BEA_income	all_groups									
ERI	2017		BEA_income	all_groups									
ERI	2018		BEA_income	all_groups									
ESP	2004	5668231165.014099	BEA_income	all_groups									
ESP	2005	6338694148.272296	BEA_income	all_groups									
ESP	2006	6469645868.082909	BEA_income	all_groups									
ESP	2007	9676808250.707064	BEA_income	all_groups									
ESP	2008	9173012600.597525	BEA_income	all_groups									
ESP	2009	5241933814.017943	BEA_income	all_groups									
ESP	2010	9824769925.031487	BEA_income	all_groups									
ESP	2011	4311779769.102025	BEA_income	all_groups									
ESP	2012	1892045385.9538093	BEA_income	all_groups									
ESP	2013	4029485801.3102913	BEA_income	all_groups									
ESP	2014	3559900300.2334948	BEA_income	all_groups									
ESP	2015	3914121677.412964	BEA_income	all_groups									
ESP	2016	2852163522.90801	BEA_income	all_groups									
ESP	2017	4299592138.22522	BEA_income	all_groups									
ESP	2018	3865300564.7990303	BEA_income	all_groups									
ESP	2019	4822768870.189689	BEA_income	all_groups									
ESP	2020	4071243500.2818933	BEA_income	all_groups									
ESP	2021		BEA_income	all_groups									
EST	2004		BEA_income	all_groups									
EST	2005		BEA_income	all_groups									
EST	2006		BEA_income	all_groups									
EST	2007		BEA_income	all_groups									
EST	2008		BEA_income	all_groups									
EST	2009		BEA_income	all_groups									
EST	2010		BEA_income	all_groups									
EST	2011		BEA_income	all_groups									
EST	2012		BEA_income	all_groups									
EST	2013		BEA_income	all_groups									
EST	2014		BEA_income	all_groups									
EST	2015		BEA_income	all_groups									
EST	2016		BEA_income	all_groups									
EST	2017		BEA_income	all_groups									
EST	2018		BEA_income	all_groups									
EST	2019		BEA_income	all_groups									
EST	2020		BEA_income	all_groups									
EST	2021		BEA_income	all_groups									
ETH	2004		BEA_income	all_groups									
ETH	2005		BEA_income	all_groups									
ETH	2006		BEA_income	all_groups									
ETH	2007		BEA_income	all_groups									
ETH	2008		BEA_income	all_groups									
ETH	2009		BEA_income	all_groups									
ETH	2010		BEA_income	all_groups									
ETH	2011		BEA_income	all_groups									
ETH	2012		BEA_income	all_groups									
ETH	2013		BEA_income	all_groups									
ETH	2014		BEA_income	all_groups									
ETH	2015		BEA_income	all_groups									
ETH	2016		BEA_income	all_groups									
ETH	2017		BEA_income	all_groups									
ETH	2018		BEA_income	all_groups									
ETH	2019		BEA_income	all_groups									
ETH	2020		BEA_income	all_groups									
ETH	2021		BEA_income	all_groups									
FIN	2004	518567527.16774476	BEA_income	all_groups									
FIN	2005	783194421.2047981	BEA_income	all_groups									
FIN	2006	519349988.4733117	BEA_income	all_groups									
FIN	2007	441419585.40576273	BEA_income	all_groups									
FIN	2008	443414581.0685041	BEA_income	all_groups									
FIN	2009	74796944.57062352	BEA_income	all_groups									
FIN	2010	204534309.1591226	BEA_income	all_groups									
FIN	2011	304791218.36253715	BEA_income	all_groups									
FIN	2012	89564278.6250324	BEA_income	all_groups									
FIN	2013	45743405.9180028	BEA_income	all_groups									
FIN	2014	172269584.69675323	BEA_income	all_groups									
FIN	2015	171672003.39530542	BEA_income	all_groups									
FIN	2016	-50002151.206616275	BEA_income	all_groups									
FIN	2017	146008472.04136938	BEA_income	all_groups									
FIN	2018	211559285.27588558	BEA_income	all_groups									
FIN	2019	238488570.5038857	BEA_income	all_groups									
FIN	2020	537672462.2679002	BEA_income	all_groups									
FIN	2021		BEA_income	all_groups									
FJI	2004		BEA_income	all_groups									
FJI	2005		BEA_income	all_groups									
FJI	2006		BEA_income	all_groups									
FJI	2007		BEA_income	all_groups									
FJI	2008		BEA_income	all_groups									
FJI	2009		BEA_income	all_groups									
FJI	2010		BEA_income	all_groups									
FJI	2011		BEA_income	all_groups									
FJI	2012		BEA_income	all_groups									
FJI	2013		BEA_income	all_groups									
FJI	2014		BEA_income	all_groups									
FJI	2015		BEA_income	all_groups									
FJI	2016		BEA_income	all_groups									
FJI	2017		BEA_income	all_groups									
FJI	2018		BEA_income	all_groups									
FJI	2019		BEA_income	all_groups									
FJI	2020		BEA_income	all_groups									
FJI	2021		BEA_income	all_groups									
FRA	2004	8042941190.218771	BEA_income	all_groups									
FRA	2005	7159473775.163965	BEA_income	all_groups									
FRA	2006	8673346889.211884	BEA_income	all_groups									
FRA	2007	9162493687.894846	BEA_income	all_groups									
FRA	2008	9151752997.395609	BEA_income	all_groups									
FRA	2009	5071847611.295704	BEA_income	all_groups									
FRA	2010	7655281630.866066	BEA_income	all_groups									
FRA	2011	6970575163.951224	BEA_income	all_groups									
FRA	2012	5624229587.294648	BEA_income	all_groups									
FRA	2013	6689718985.475032	BEA_income	all_groups									
FRA	2014	8067283316.299132	BEA_income	all_groups									
FRA	2015	4979497933.777947	BEA_income	all_groups									
FRA	2016	6123732844.712332	BEA_income	all_groups									
FRA	2017	6129292710.939444	BEA_income	all_groups									
FRA	2018	4345652565.183891	BEA_income	all_groups									
FRA	2019	7111851474.256899	BEA_income	all_groups									
FRA	2020	4933996242.039983	BEA_income	all_groups									
FRA	2021		BEA_income	all_groups									
FSM	2004		BEA_income	all_groups									
FSM	2005		BEA_income	all_groups									
FSM	2006		BEA_income	all_groups									
FSM	2007		BEA_income	all_groups									
FSM	2008		BEA_income	all_groups									
FSM	2009		BEA_income	all_groups									
FSM	2010		BEA_income	all_groups									
FSM	2011		BEA_income	all_groups									
FSM	2012		BEA_income	all_groups									
FSM	2013		BEA_income	all_groups									
FSM	2014		BEA_income	all_groups									
FSM	2015		BEA_income	all_groups									
FSM	2016		BEA_income	all_groups									
FSM	2017		BEA_income	all_groups									
FSM	2018		BEA_income	all_groups									
FSM	2019		BEA_income	all_groups									
FSM	2020		BEA_income	all_groups									
FSM	2021		BEA_income	all_groups									
GAB	2004		BEA_income	all_groups									
GAB	2005		BEA_income	all_groups									
GAB	2006		BEA_income	all_groups									
GAB	2007		BEA_income	all_groups									
GAB	2008		BEA_income	all_groups									
GAB	2009		BEA_income	all_groups									
GAB	2010		BEA_income	all_groups									
GAB	2011		BEA_income	all_groups									
GAB	2012		BEA_income	all_groups									
GAB	2013		BEA_income	all_groups									
GAB	2014		BEA_income	all_groups									
GAB	2015		BEA_income	all_groups									
GAB	2016		BEA_income	all_groups									
GAB	2017		BEA_income	all_groups									
GAB	2018		BEA_income	all_groups									
GAB	2019		BEA_income	all_groups									
GAB	2020		BEA_income	all_groups									
GAB	2021		BEA_income	all_groups									
GBR	2004	25351161313.266	BEA_income	all_groups									
GBR	2005	42110667614.84424	BEA_income	all_groups									
GBR	2006	44135655343.390526	BEA_income	all_groups									
GBR	2007	35168789307.88986	BEA_income	all_groups									
GBR	2008	36250660545.43606	BEA_income	all_groups									
GBR	2009	45286988398.31491	BEA_income	all_groups									
GBR	2010	42812795966.42669	BEA_income	all_groups									
GBR	2011	43745667600.847084	BEA_income	all_groups									
GBR	2012	42108442040.38029	BEA_income	all_groups									
GBR	2013	41352038949.874535	BEA_income	all_groups									
GBR	2014	42039858768.997086	BEA_income	all_groups									
GBR	2015	46437276918.430115	BEA_income	all_groups									
GBR	2016	49233750801.33909	BEA_income	all_groups									
GBR	2017	60606789394.626595	BEA_income	all_groups									
GBR	2018	59249886209.1735	BEA_income	all_groups									
GBR	2019	61003134134.658455	BEA_income	all_groups									
GBR	2020	54381286754.715935	BEA_income	all_groups									
GBR	2021		BEA_income	all_groups									
GEO	2004		BEA_income	all_groups									
GEO	2005		BEA_income	all_groups									
GEO	2006		BEA_income	all_groups									
GEO	2007		BEA_income	all_groups									
GEO	2008		BEA_income	all_groups									
GEO	2009		BEA_income	all_groups									
GEO	2010		BEA_income	all_groups									
GEO	2011		BEA_income	all_groups									
GEO	2012		BEA_income	all_groups									
GEO	2013		BEA_income	all_groups									
GEO	2014		BEA_income	all_groups									
GEO	2015		BEA_income	all_groups									
GEO	2016		BEA_income	all_groups									
GEO	2017		BEA_income	all_groups									
GEO	2018		BEA_income	all_groups									
GEO	2019		BEA_income	all_groups									
GEO	2020		BEA_income	all_groups									
GEO	2021		BEA_income	all_groups									
GHA	2004		BEA_income	all_groups									
GHA	2005		BEA_income	all_groups									
GHA	2006		BEA_income	all_groups									
GHA	2007		BEA_income	all_groups									
GHA	2008		BEA_income	all_groups									
GHA	2009		BEA_income	all_groups									
GHA	2010		BEA_income	all_groups									
GHA	2011		BEA_income	all_groups									
GHA	2012		BEA_income	all_groups									
GHA	2013		BEA_income	all_groups									
GHA	2014		BEA_income	all_groups									
GHA	2015		BEA_income	all_groups									
GHA	2016		BEA_income	all_groups									
GHA	2017		BEA_income	all_groups									
GHA	2018		BEA_income	all_groups									
GHA	2019		BEA_income	all_groups									
GHA	2020		BEA_income	all_groups									
GHA	2021		BEA_income	all_groups									
GIB	2004		BEA_income	all_groups									
GIB	2005		BEA_income	all_groups									
GIB	2006		BEA_income	all_groups									
GIB	2007		BEA_income	all_groups									
GIB	2008		BEA_income	all_groups									
GIB	2009		BEA_income	all_groups									
GIB	2010		BEA_income	all_groups									
GIB	2011		BEA_income	all_groups									
GIB	2012		BEA_income	all_groups									
GIB	2013		BEA_income	all_groups									
GIB	2014		BEA_income	all_groups									
GIB	2015		BEA_income	all_groups									
GIB	2016		BEA_income	all_groups									
GIB	2017		BEA_income	all_groups									
GIB	2018		BEA_income	all_groups									
GIB	2019		BEA_income	all_groups									
GIB	2020		BEA_income	all_groups									
GIB	2021		BEA_income	all_groups									
GIN	2004		BEA_income	all_groups									
GIN	2005		BEA_income	all_groups									
GIN	2006		BEA_income	all_groups									
GIN	2007		BEA_income	all_groups									
GIN	2008		BEA_income	all_groups									
GIN	2009		BEA_income	all_groups									
GIN	2010		BEA_income	all_groups									
GIN	2011		BEA_income	all_groups									
GIN	2012		BEA_income	all_groups									
GIN	2013		BEA_income	all_groups									
GIN	2014		BEA_income	all_groups									
GIN	2015		BEA_income	all_groups									
GIN	2016		BEA_income	all_groups									
GIN	2017		BEA_income	all_groups									
GIN	2018		BEA_income	all_groups									
GIN	2019		BEA_income	all_groups									
GIN	2020		BEA_income	all_groups									
GIN	2021		BEA_income	all_groups									
GMB	2004		BEA_income	all_groups									
GMB	2005		BEA_income	all_groups									
GMB	2006		BEA_income	all_groups									
GMB	2007		BEA_income	all_groups									
GMB	2008		BEA_income	all_groups									
GMB	2009		BEA_income	all_groups									
GMB	2010		BEA_income	all_groups									
GMB	2011		BEA_income	all_groups									
GMB	2012		BEA_income	all_groups									
GMB	2013		BEA_income	all_groups									
GMB	2019		BEA_income	all_groups									
GMB	2020		BEA_income	all_groups									
GMB	2021		BEA_income	all_groups									
GNQ	2004		BEA_income	all_groups									
GNQ	2005		BEA_income	all_groups									
GNQ	2006		BEA_income	all_groups									
GNQ	2007		BEA_income	all_groups									
GNQ	2008		BEA_income	all_groups									
GNQ	2009		BEA_income	all_groups									
GNQ	2010		BEA_income	all_groups									
GNQ	2011		BEA_income	all_groups									
GNQ	2012		BEA_income	all_groups									
GNQ	2013		BEA_income	all_groups									
GNQ	2014		BEA_income	all_groups									
GNQ	2015		BEA_income	all_groups									
GNQ	2016		BEA_income	all_groups									
GNQ	2017		BEA_income	all_groups									
GNQ	2018		BEA_income	all_groups									
GNQ	2019		BEA_income	all_groups									
GNQ	2020		BEA_income	all_groups									
GNQ	2021		BEA_income	all_groups									
GRC	2004	456833297.7430132	BEA_income	all_groups									
GRC	2005	406326547.9661728	BEA_income	all_groups									
GRC	2006	396080146.8512416	BEA_income	all_groups									
GRC	2007	495078388.2188485	BEA_income	all_groups									
GRC	2008	344203099.4595694	BEA_income	all_groups									
GRC	2009	360664719.0254723	BEA_income	all_groups									
GRC	2010	-138391373.36139637	BEA_income	all_groups									
GRC	2011	-229609384.49977797	BEA_income	all_groups									
GRC	2012	-53942122.35371269	BEA_income	all_groups									
GRC	2013	34561684.47137989	BEA_income	all_groups									
GRC	2014	224963810.60399538	BEA_income	all_groups									
GRC	2015	100983531.4090032	BEA_income	all_groups									
GRC	2016	127556508.18014356	BEA_income	all_groups									
GRC	2017	256280604.7719141	BEA_income	all_groups									
GRC	2018	253462332.11796921	BEA_income	all_groups									
GRC	2019	216066568.1488195	BEA_income	all_groups									
GRC	2020	126936109.13426435	BEA_income	all_groups									
GRC	2021		BEA_income	all_groups									
GRD	2004		BEA_income	all_groups									
GRD	2005		BEA_income	all_groups									
GRD	2006		BEA_income	all_groups									
GRD	2007		BEA_income	all_groups									
GRD	2008		BEA_income	all_groups									
GRD	2009		BEA_income	all_groups									
GRD	2010		BEA_income	all_groups									
GRD	2011		BEA_income	all_groups									
GRD	2012		BEA_income	all_groups									
GRD	2013		BEA_income	all_groups									
GRD	2014		BEA_income	all_groups									
GRD	2015		BEA_income	all_groups									
GRD	2016		BEA_income	all_groups									
GRD	2017		BEA_income	all_groups									
GRD	2018		BEA_income	all_groups									
GRD	2019		BEA_income	all_groups									
GRD	2020		BEA_income	all_groups									
GRD	2021		BEA_income	all_groups									
GRL	2009		BEA_income	all_groups									
GRL	2010		BEA_income	all_groups									
GRL	2011		BEA_income	all_groups									
GRL	2012		BEA_income	all_groups									
GRL	2013		BEA_income	all_groups									
GRL	2014		BEA_income	all_groups									
GRL	2015		BEA_income	all_groups									
GRL	2016		BEA_income	all_groups									
GRL	2017		BEA_income	all_groups									
GRL	2018		BEA_income	all_groups									
GTM	2004		BEA_income	all_groups									
GTM	2005		BEA_income	all_groups									
GTM	2006		BEA_income	all_groups									
GTM	2007		BEA_income	all_groups									
GTM	2008		BEA_income	all_groups									
GTM	2009		BEA_income	all_groups									
GTM	2010		BEA_income	all_groups									
GTM	2011		BEA_income	all_groups									
GTM	2012		BEA_income	all_groups									
GTM	2013		BEA_income	all_groups									
GTM	2014		BEA_income	all_groups									
GTM	2015		BEA_income	all_groups									
GTM	2016		BEA_income	all_groups									
GTM	2017		BEA_income	all_groups									
GTM	2018		BEA_income	all_groups									
GTM	2019		BEA_income	all_groups									
GTM	2020		BEA_income	all_groups									
GTM	2021		BEA_income	all_groups									
GUF	2009		BEA_income	all_groups									
GUF	2010		BEA_income	all_groups									
GUF	2011		BEA_income	all_groups									
GUF	2012		BEA_income	all_groups									
GUF	2013		BEA_income	all_groups									
GUF	2014		BEA_income	all_groups									
GUF	2015		BEA_income	all_groups									
GUF	2016		BEA_income	all_groups									
GUF	2017		BEA_income	all_groups									
GUF	2018		BEA_income	all_groups									
GUF	2019		BEA_income	all_groups									
GUF	2020		BEA_income	all_groups									
GUF	2021		BEA_income	all_groups									
GUY	2004		BEA_income	all_groups									
GUY	2005		BEA_income	all_groups									
GUY	2006		BEA_income	all_groups									
GUY	2007		BEA_income	all_groups									
GUY	2008		BEA_income	all_groups									
GUY	2009		BEA_income	all_groups									
GUY	2010		BEA_income	all_groups									
GUY	2011		BEA_income	all_groups									
GUY	2012		BEA_income	all_groups									
GUY	2013		BEA_income	all_groups									
GUY	2014		BEA_income	all_groups									
GUY	2015		BEA_income	all_groups									
GUY	2016		BEA_income	all_groups									
GUY	2017		BEA_income	all_groups									
GUY	2018		BEA_income	all_groups									
GUY	2019		BEA_income	all_groups									
GUY	2020		BEA_income	all_groups									
GUY	2021		BEA_income	all_groups									
HKG	2004	5656913222.952898	BEA_income	all_groups									
HKG	2005	6078645157.573945	BEA_income	all_groups									
HKG	2006	9238165261.890057	BEA_income	all_groups									
HKG	2007	8993417837.521538	BEA_income	all_groups									
HKG	2008	6269558220.450333	BEA_income	all_groups									
HKG	2009	6686641921.477932	BEA_income	all_groups									
HKG	2010	7293021859.420057	BEA_income	all_groups									
HKG	2011	6316290015.199645	BEA_income	all_groups									
HKG	2012	6142277517.068983	BEA_income	all_groups									
HKG	2013	6559604408.641602	BEA_income	all_groups									
HKG	2014	6697233442.710835	BEA_income	all_groups									
HKG	2015	7007247244.470732	BEA_income	all_groups									
HKG	2016	6401295806.512324	BEA_income	all_groups									
HKG	2017	9013725812.456005	BEA_income	all_groups									
HKG	2018	13019583261.495201	BEA_income	all_groups									
HKG	2019	12051826265.84807	BEA_income	all_groups									
HKG	2020	13452131565.57021	BEA_income	all_groups									
HKG	2021		BEA_income	all_groups									
HND	2004	93630247.9608428	BEA_income	all_groups									
HND	2005	65012247.67458765	BEA_income	all_groups									
HND	2006	173790268.51636112	BEA_income	all_groups									
HND	2007	49609081.846060485	BEA_income	all_groups									
HND	2008	7086534.400638193	BEA_income	all_groups									
HND	2009	51230783.95248186	BEA_income	all_groups									
HND	2010	99723195.51041798	BEA_income	all_groups									
HND	2011	89405424.0530109	BEA_income	all_groups									
HND	2012	98724261.66622889	BEA_income	all_groups									
HND	2013	42693845.523469284	BEA_income	all_groups									
HND	2014	40534019.928647816	BEA_income	all_groups									
HND	2015	99973696.09491315	BEA_income	all_groups									
HND	2016	162251878.4051426	BEA_income	all_groups									
HND	2017	110272132.7305447	BEA_income	all_groups									
HND	2018	119576987.32984838	BEA_income	all_groups									
HND	2019	325119034.14845955	BEA_income	all_groups									
HND	2020	55728047.91260386	BEA_income	all_groups									
HND	2021		BEA_income	all_groups									
HRV	2004		BEA_income	all_groups									
HRV	2005		BEA_income	all_groups									
HRV	2006		BEA_income	all_groups									
HRV	2007		BEA_income	all_groups									
HRV	2008		BEA_income	all_groups									
HRV	2009		BEA_income	all_groups									
HRV	2010		BEA_income	all_groups									
HRV	2011		BEA_income	all_groups									
HRV	2012		BEA_income	all_groups									
HRV	2013		BEA_income	all_groups									
HRV	2014		BEA_income	all_groups									
HRV	2015		BEA_income	all_groups									
HRV	2016		BEA_income	all_groups									
HRV	2017		BEA_income	all_groups									
HRV	2018		BEA_income	all_groups									
HRV	2019		BEA_income	all_groups									
HRV	2020		BEA_income	all_groups									
HRV	2021		BEA_income	all_groups									
HTI	2004		BEA_income	all_groups									
HTI	2005		BEA_income	all_groups									
HTI	2006		BEA_income	all_groups									
HTI	2007		BEA_income	all_groups									
HTI	2008		BEA_income	all_groups									
HTI	2009		BEA_income	all_groups									
HTI	2010		BEA_income	all_groups									
HTI	2011		BEA_income	all_groups									
HTI	2012		BEA_income	all_groups									
HTI	2013		BEA_income	all_groups									
HTI	2014		BEA_income	all_groups									
HTI	2015		BEA_income	all_groups									
HTI	2016		BEA_income	all_groups									
HTI	2017		BEA_income	all_groups									
HTI	2018		BEA_income	all_groups									
HTI	2019		BEA_income	all_groups									
HTI	2020		BEA_income	all_groups									
HTI	2021		BEA_income	all_groups									
HUN	2004	639978178.3697168	BEA_income	all_groups									
HUN	2005	357567362.2102321	BEA_income	all_groups									
HUN	2006	411236274.9195289	BEA_income	all_groups									
HUN	2007	1438663373.5357542	BEA_income	all_groups									
HUN	2008	901002230.9382845	BEA_income	all_groups									
HUN	2009	389353958.0388621	BEA_income	all_groups									
HUN	2010	339872931.637547	BEA_income	all_groups									
HUN	2011	818872406.6673498	BEA_income	all_groups									
HUN	2012	883429475.5287286	BEA_income	all_groups									
HUN	2013	534689589.17487717	BEA_income	all_groups									
HUN	2014	969776426.792899	BEA_income	all_groups									
HUN	2015	596812670.6272088	BEA_income	all_groups									
HUN	2016	699009664.8271867	BEA_income	all_groups									
HUN	2017	745357934.1972003	BEA_income	all_groups									
HUN	2018	728704204.8391615	BEA_income	all_groups									
HUN	2019	556473331.1757333	BEA_income	all_groups									
HUN	2020	829728713.3654352	BEA_income	all_groups									
HUN	2021		BEA_income	all_groups									
IDN	2004	3576469691.339446	BEA_income	all_groups									
IDN	2005	4363947125.156696	BEA_income	all_groups									
IDN	2006	5916952397.8593645	BEA_income	all_groups									
IDN	2007	5865008390.494457	BEA_income	all_groups									
IDN	2008	6511512752.129266	BEA_income	all_groups									
IDN	2009	6360814135.540148	BEA_income	all_groups									
IDN	2010	8234286715.003084	BEA_income	all_groups									
IDN	2011	8903967459.097586	BEA_income	all_groups									
IDN	2012	7150893427.494063	BEA_income	all_groups									
IDN	2013	5936477568.025252	BEA_income	all_groups									
IDN	2014	2260784961.520332	BEA_income	all_groups									
IDN	2015	2724535677.414906	BEA_income	all_groups									
IDN	2016	2815427248.552129	BEA_income	all_groups									
IDN	2017	3535855515.2395954	BEA_income	all_groups									
IDN	2018	5142832480.716214	BEA_income	all_groups									
IDN	2019	2295197695.6185923	BEA_income	all_groups									
IDN	2020	2518082164.939878	BEA_income	all_groups									
IDN	2021		BEA_income	all_groups									
IND	2004	1433263026.4775167	BEA_income	all_groups									
IND	2005	1535914351.3121333	BEA_income	all_groups									
IND	2006	2114785069.7950222	BEA_income	all_groups									
IND	2007	2867202444.653945	BEA_income	all_groups									
IND	2008	3101877343.3650603	BEA_income	all_groups									
IND	2009	4249081221.0188456	BEA_income	all_groups									
IND	2010	4699201192.521533	BEA_income	all_groups									
IND	2011	5109316790.483997	BEA_income	all_groups									
IND	2012	5550949722.9650755	BEA_income	all_groups									
IND	2013	4814239342.836917	BEA_income	all_groups									
IND	2014	6082129690.293605	BEA_income	all_groups									
IND	2015	5439982837.003002	BEA_income	all_groups									
IND	2016	6549261356.001291	BEA_income	all_groups									
IND	2017	7401506390.404801	BEA_income	all_groups									
IND	2018	7812363172.216761	BEA_income	all_groups									
IND	2019	7711130446.292304	BEA_income	all_groups									
IND	2020	7275606255.256616	BEA_income	all_groups									
IND	2021		BEA_income	all_groups									
IRL	2004	16613710042.018997	BEA_income	all_groups									
IRL	2005	20047136060.28105	BEA_income	all_groups									
IRL	2006	20585053142.34782	BEA_income	all_groups									
IRL	2007	25802797141.401993	BEA_income	all_groups									
IRL	2008	34201639741.594387	BEA_income	all_groups									
IRL	2009	27839832615.45769	BEA_income	all_groups									
IRL	2010	30620108939.836605	BEA_income	all_groups									
IRL	2011	34500333977.18346	BEA_income	all_groups									
IRL	2012	42496214655.79094	BEA_income	all_groups									
IRL	2013	39459278465.000725	BEA_income	all_groups									
IRL	2014	48144282170.25145	BEA_income	all_groups									
IRL	2015	61062721772.39605	BEA_income	all_groups									
IRL	2016	59718895773.746895	BEA_income	all_groups									
IRL	2017	67807151246.624756	BEA_income	all_groups									
IRL	2018	67246213977.28234	BEA_income	all_groups									
IRL	2019	69074035800.55705	BEA_income	all_groups									
IRL	2020	65141960006.284836	BEA_income	all_groups									
IRL	2021		BEA_income	all_groups									
IRN	2004		BEA_income	all_groups									
IRN	2005		BEA_income	all_groups									
IRN	2006		BEA_income	all_groups									
IRN	2007		BEA_income	all_groups									
IRN	2008		BEA_income	all_groups									
IRN	2009		BEA_income	all_groups									
IRN	2010		BEA_income	all_groups									
IRN	2011		BEA_income	all_groups									
IRN	2012		BEA_income	all_groups									
IRN	2013		BEA_income	all_groups									
IRN	2019		BEA_income	all_groups									
IRN	2020		BEA_income	all_groups									
IRN	2021		BEA_income	all_groups									
IRQ	2004		BEA_income	all_groups									
IRQ	2005		BEA_income	all_groups									
IRQ	2006		BEA_income	all_groups									
IRQ	2007		BEA_income	all_groups									
IRQ	2008		BEA_income	all_groups									
IRQ	2009		BEA_income	all_groups									
IRQ	2010		BEA_income	all_groups									
IRQ	2011		BEA_income	all_groups									
IRQ	2012		BEA_income	all_groups									
IRQ	2013		BEA_income	all_groups									
IRQ	2014		BEA_income	all_groups									
IRQ	2015		BEA_income	all_groups									
IRQ	2016		BEA_income	all_groups									
IRQ	2017		BEA_income	all_groups									
IRQ	2018		BEA_income	all_groups									
IRQ	2019		BEA_income	all_groups									
IRQ	2020		BEA_income	all_groups									
IRQ	2021		BEA_income	all_groups									
ISL	2004		BEA_income	all_groups									
ISL	2005		BEA_income	all_groups									
ISL	2006		BEA_income	all_groups									
ISL	2007		BEA_income	all_groups									
ISL	2008		BEA_income	all_groups									
ISL	2009		BEA_income	all_groups									
ISL	2010		BEA_income	all_groups									
ISL	2011		BEA_income	all_groups									
ISL	2012		BEA_income	all_groups									
ISL	2013		BEA_income	all_groups									
ISL	2014		BEA_income	all_groups									
ISL	2015		BEA_income	all_groups									
ISL	2016		BEA_income	all_groups									
ISL	2017		BEA_income	all_groups									
ISL	2018		BEA_income	all_groups									
ISL	2019		BEA_income	all_groups									
ISL	2020		BEA_income	all_groups									
ISL	2021		BEA_income	all_groups									
ISR	2004	708914734.5606669	BEA_income	all_groups									
ISR	2005	759830644.6967431	BEA_income	all_groups									
ISR	2006	1098314080.681887	BEA_income	all_groups									
ISR	2007	870690007.9104494	BEA_income	all_groups									
ISR	2008	609441958.4548846	BEA_income	all_groups									
ISR	2009	275621617.6643524	BEA_income	all_groups									
ISR	2010	900561510.4767338	BEA_income	all_groups									
ISR	2011	927581274.549988	BEA_income	all_groups									
ISR	2012	1042202514.9094678	BEA_income	all_groups									
ISR	2013	938248081.3848131	BEA_income	all_groups									
ISR	2014	367846230.852479	BEA_income	all_groups									
ISR	2015	655383118.8444307	BEA_income	all_groups									
ISR	2016	1284749150.390406	BEA_income	all_groups									
ISR	2017	1373296467.801691	BEA_income	all_groups									
ISR	2018	1480914996.931199	BEA_income	all_groups									
ISR	2019	1055872474.5385709	BEA_income	all_groups									
ISR	2020	945312812.7397248	BEA_income	all_groups									
ISR	2021		BEA_income	all_groups									
ITA	2004	3374804541.885323	BEA_income	all_groups									
ITA	2005	4077486908.840544	BEA_income	all_groups									
ITA	2006	5451154061.894001	BEA_income	all_groups									
ITA	2007	5658472621.176165	BEA_income	all_groups									
ITA	2008	3937076040.583133	BEA_income	all_groups									
ITA	2009	3650705664.4538574	BEA_income	all_groups									
ITA	2010	2578556912.483665	BEA_income	all_groups									
ITA	2011	3595520405.950063	BEA_income	all_groups									
ITA	2012	3213118495.673037	BEA_income	all_groups									
ITA	2013	2526052526.805266	BEA_income	all_groups									
ITA	2014	3683529061.0158706	BEA_income	all_groups									
ITA	2015	3116351779.2818384	BEA_income	all_groups									
ITA	2016	2865429399.758745	BEA_income	all_groups									
ITA	2017	3175429007.333278	BEA_income	all_groups									
ITA	2018	3084473057.7904477	BEA_income	all_groups									
ITA	2019	3738359301.74467	BEA_income	all_groups									
ITA	2020	2562458203.0925074	BEA_income	all_groups									
ITA	2021		BEA_income	all_groups									
JAM	2004		BEA_income	all_groups									
JAM	2005		BEA_income	all_groups									
JAM	2006		BEA_income	all_groups									
JAM	2007		BEA_income	all_groups									
JAM	2008		BEA_income	all_groups									
JAM	2009		BEA_income	all_groups									
JAM	2010		BEA_income	all_groups									
JAM	2011		BEA_income	all_groups									
JAM	2012		BEA_income	all_groups									
JAM	2013		BEA_income	all_groups									
JAM	2014		BEA_income	all_groups									
JAM	2015		BEA_income	all_groups									
JAM	2016		BEA_income	all_groups									
JAM	2017		BEA_income	all_groups									
JAM	2018		BEA_income	all_groups									
JAM	2019		BEA_income	all_groups									
JAM	2020		BEA_income	all_groups									
JAM	2021		BEA_income	all_groups									
JOR	2004		BEA_income	all_groups									
JOR	2005		BEA_income	all_groups									
JOR	2006		BEA_income	all_groups									
JOR	2007		BEA_income	all_groups									
JOR	2008		BEA_income	all_groups									
JOR	2009		BEA_income	all_groups									
JOR	2010		BEA_income	all_groups									
JOR	2011		BEA_income	all_groups									
JOR	2012		BEA_income	all_groups									
JOR	2013		BEA_income	all_groups									
JOR	2014		BEA_income	all_groups									
JOR	2015		BEA_income	all_groups									
JOR	2016		BEA_income	all_groups									
JOR	2017		BEA_income	all_groups									
JOR	2018		BEA_income	all_groups									
JOR	2019		BEA_income	all_groups									
JOR	2020		BEA_income	all_groups									
JOR	2021		BEA_income	all_groups									
JPN	2004	16067362111.610123	BEA_income	all_groups									
JPN	2005	17716853307.69505	BEA_income	all_groups									
JPN	2006	16143297209.801754	BEA_income	all_groups									
JPN	2007	14859438658.257751	BEA_income	all_groups									
JPN	2008	12033947774.340885	BEA_income	all_groups									
JPN	2009	13539271582.961906	BEA_income	all_groups									
JPN	2010	14560604128.148682	BEA_income	all_groups									
JPN	2011	18244802331.181473	BEA_income	all_groups									
JPN	2012	17480300970.28331	BEA_income	all_groups									
JPN	2013	14543353521.530357	BEA_income	all_groups									
JPN	2014	9047193248.074194	BEA_income	all_groups									
JPN	2015	18049796404.04523	BEA_income	all_groups									
JPN	2016	20127396538.76121	BEA_income	all_groups									
JPN	2017	17838559545.697655	BEA_income	all_groups									
JPN	2018	20544757259.01378	BEA_income	all_groups									
JPN	2019	20565052887.296604	BEA_income	all_groups									
JPN	2020	20429489564.405666	BEA_income	all_groups									
JPN	2021		BEA_income	all_groups									
KAZ	2004		BEA_income	all_groups									
KAZ	2005		BEA_income	all_groups									
KAZ	2006		BEA_income	all_groups									
KAZ	2007		BEA_income	all_groups									
KAZ	2008		BEA_income	all_groups									
KAZ	2009		BEA_income	all_groups									
KAZ	2010		BEA_income	all_groups									
KAZ	2011		BEA_income	all_groups									
KAZ	2012		BEA_income	all_groups									
KAZ	2013		BEA_income	all_groups									
KAZ	2014		BEA_income	all_groups									
KAZ	2015		BEA_income	all_groups									
KAZ	2016		BEA_income	all_groups									
KAZ	2017		BEA_income	all_groups									
KAZ	2018		BEA_income	all_groups									
KAZ	2019		BEA_income	all_groups									
KAZ	2020		BEA_income	all_groups									
KAZ	2021		BEA_income	all_groups									
KEN	2004		BEA_income	all_groups									
KEN	2005		BEA_income	all_groups									
KEN	2006		BEA_income	all_groups									
KEN	2007		BEA_income	all_groups									
KEN	2008		BEA_income	all_groups									
KEN	2009		BEA_income	all_groups									
KEN	2010		BEA_income	all_groups									
KEN	2011		BEA_income	all_groups									
KEN	2012		BEA_income	all_groups									
KEN	2013		BEA_income	all_groups									
KEN	2014		BEA_income	all_groups									
KEN	2015		BEA_income	all_groups									
KEN	2016		BEA_income	all_groups									
KEN	2017		BEA_income	all_groups									
KEN	2018		BEA_income	all_groups									
KEN	2019		BEA_income	all_groups									
KEN	2020		BEA_income	all_groups									
KEN	2021		BEA_income	all_groups									
KGZ	2009		BEA_income	all_groups									
KGZ	2010		BEA_income	all_groups									
KGZ	2011		BEA_income	all_groups									
KGZ	2012		BEA_income	all_groups									
KGZ	2013		BEA_income	all_groups									
KGZ	2014		BEA_income	all_groups									
KGZ	2015		BEA_income	all_groups									
KGZ	2016		BEA_income	all_groups									
KGZ	2017		BEA_income	all_groups									
KGZ	2018		BEA_income	all_groups									
KGZ	2019		BEA_income	all_groups									
KGZ	2020		BEA_income	all_groups									
KGZ	2021		BEA_income	all_groups									
KHM	2004		BEA_income	all_groups									
KHM	2005		BEA_income	all_groups									
KHM	2006		BEA_income	all_groups									
KHM	2007		BEA_income	all_groups									
KHM	2008		BEA_income	all_groups									
KHM	2009		BEA_income	all_groups									
KHM	2010		BEA_income	all_groups									
KHM	2011		BEA_income	all_groups									
KHM	2012		BEA_income	all_groups									
KHM	2013		BEA_income	all_groups									
KHM	2014		BEA_income	all_groups									
KHM	2015		BEA_income	all_groups									
KHM	2016		BEA_income	all_groups									
KHM	2017		BEA_income	all_groups									
KHM	2018		BEA_income	all_groups									
KHM	2019		BEA_income	all_groups									
KHM	2020		BEA_income	all_groups									
KHM	2021		BEA_income	all_groups									
KIR	2004		BEA_income	all_groups									
KIR	2005		BEA_income	all_groups									
KIR	2006		BEA_income	all_groups									
KIR	2007		BEA_income	all_groups									
KIR	2008		BEA_income	all_groups									
KNA	2004		BEA_income	all_groups									
KNA	2005		BEA_income	all_groups									
KNA	2006		BEA_income	all_groups									
KNA	2007		BEA_income	all_groups									
KNA	2008		BEA_income	all_groups									
KNA	2009		BEA_income	all_groups									
KNA	2010		BEA_income	all_groups									
KNA	2011		BEA_income	all_groups									
KNA	2012		BEA_income	all_groups									
KNA	2013		BEA_income	all_groups									
KNA	2014		BEA_income	all_groups									
KNA	2015		BEA_income	all_groups									
KNA	2016		BEA_income	all_groups									
KNA	2017		BEA_income	all_groups									
KNA	2018		BEA_income	all_groups									
KNA	2019		BEA_income	all_groups									
KNA	2020		BEA_income	all_groups									
KNA	2021		BEA_income	all_groups									
KOR	2004	2817138669.4152484	BEA_income	all_groups									
KOR	2005	3362352184.42008	BEA_income	all_groups									
KOR	2006	3915333084.3075542	BEA_income	all_groups									
KOR	2007	4571122541.52986	BEA_income	all_groups									
KOR	2008	4202314899.5784483	BEA_income	all_groups									
KOR	2009	4216293519.289257	BEA_income	all_groups									
KOR	2010	5269048024.009636	BEA_income	all_groups									
KOR	2011	5146907707.415378	BEA_income	all_groups									
KOR	2012	4370329686.544194	BEA_income	all_groups									
KOR	2012	4370329686.544194	BEA_income	all_groups									
KOR	2013	3594415185.023509	BEA_income	all_groups									
KOR	2014	3463632002.902956	BEA_income	all_groups									
KOR	2015	4073675657.039189	BEA_income	all_groups									
KOR	2016	3818531628.880778	BEA_income	all_groups									
KOR	2017	3362279010.0155897	BEA_income	all_groups									
KOR	2018	4167820122.4882193	BEA_income	all_groups									
KOR	2019	4361079458.060371	BEA_income	all_groups									
KOR	2020	4109427533.1108994	BEA_income	all_groups									
KOR	2021		BEA_income	all_groups									
KWT	2004		BEA_income	all_groups									
KWT	2005		BEA_income	all_groups									
KWT	2006		BEA_income	all_groups									
KWT	2007		BEA_income	all_groups									
KWT	2008		BEA_income	all_groups									
KWT	2009		BEA_income	all_groups									
KWT	2010		BEA_income	all_groups									
KWT	2011		BEA_income	all_groups									
KWT	2012		BEA_income	all_groups									
KWT	2013		BEA_income	all_groups									
KWT	2014		BEA_income	all_groups									
KWT	2015		BEA_income	all_groups									
KWT	2016		BEA_income	all_groups									
KWT	2017		BEA_income	all_groups									
KWT	2018		BEA_income	all_groups									
KWT	2019		BEA_income	all_groups									
KWT	2020		BEA_income	all_groups									
KWT	2021		BEA_income	all_groups									
LAO	2004		BEA_income	all_groups									
LAO	2005		BEA_income	all_groups									
LAO	2006		BEA_income	all_groups									
LAO	2007		BEA_income	all_groups									
LAO	2008		BEA_income	all_groups									
LAO	2009		BEA_income	all_groups									
LAO	2010		BEA_income	all_groups									
LAO	2011		BEA_income	all_groups									
LAO	2014		BEA_income	all_groups									
LAO	2015		BEA_income	all_groups									
LAO	2016		BEA_income	all_groups									
LAO	2017		BEA_income	all_groups									
LAO	2018		BEA_income	all_groups									
LAO	2019		BEA_income	all_groups									
LAO	2020		BEA_income	all_groups									
LAO	2021		BEA_income	all_groups									
LBN	2004		BEA_income	all_groups									
LBN	2005		BEA_income	all_groups									
LBN	2006		BEA_income	all_groups									
LBN	2007		BEA_income	all_groups									
LBN	2008		BEA_income	all_groups									
LBN	2009		BEA_income	all_groups									
LBN	2010		BEA_income	all_groups									
LBN	2011		BEA_income	all_groups									
LBN	2012		BEA_income	all_groups									
LBN	2013		BEA_income	all_groups									
LBN	2014		BEA_income	all_groups									
LBN	2015		BEA_income	all_groups									
LBN	2016		BEA_income	all_groups									
LBN	2017		BEA_income	all_groups									
LBN	2018		BEA_income	all_groups									
LBN	2019		BEA_income	all_groups									
LBN	2020		BEA_income	all_groups									
LBN	2021		BEA_income	all_groups									
LBR	2004		BEA_income	all_groups									
LBR	2005		BEA_income	all_groups									
LBR	2006		BEA_income	all_groups									
LBR	2007		BEA_income	all_groups									
LBR	2008		BEA_income	all_groups									
LBR	2009		BEA_income	all_groups									
LBR	2010		BEA_income	all_groups									
LBR	2011		BEA_income	all_groups									
LBR	2012		BEA_income	all_groups									
LBR	2013		BEA_income	all_groups									
LBR	2014		BEA_income	all_groups									
LBR	2015		BEA_income	all_groups									
LBR	2016		BEA_income	all_groups									
LBR	2017		BEA_income	all_groups									
LBR	2018		BEA_income	all_groups									
LBR	2019		BEA_income	all_groups									
LBR	2020		BEA_income	all_groups									
LBR	2021		BEA_income	all_groups									
LBY	2004		BEA_income	all_groups									
LBY	2005		BEA_income	all_groups									
LBY	2006		BEA_income	all_groups									
LBY	2007		BEA_income	all_groups									
LBY	2008		BEA_income	all_groups									
LBY	2009		BEA_income	all_groups									
LBY	2010		BEA_income	all_groups									
LBY	2011		BEA_income	all_groups									
LBY	2012		BEA_income	all_groups									
LBY	2013		BEA_income	all_groups									
LBY	2014		BEA_income	all_groups									
LBY	2015		BEA_income	all_groups									
LBY	2016		BEA_income	all_groups									
LBY	2017		BEA_income	all_groups									
LBY	2018		BEA_income	all_groups									
LBY	2019		BEA_income	all_groups									
LBY	2020		BEA_income	all_groups									
LBY	2021		BEA_income	all_groups									
LCA	2004		BEA_income	all_groups									
LCA	2005		BEA_income	all_groups									
LCA	2006		BEA_income	all_groups									
LCA	2007		BEA_income	all_groups									
LCA	2008		BEA_income	all_groups									
LCA	2009		BEA_income	all_groups									
LCA	2010		BEA_income	all_groups									
LCA	2011		BEA_income	all_groups									
LCA	2012		BEA_income	all_groups									
LCA	2013		BEA_income	all_groups									
LCA	2014		BEA_income	all_groups									
LCA	2015		BEA_income	all_groups									
LCA	2016		BEA_income	all_groups									
LCA	2017		BEA_income	all_groups									
LCA	2018		BEA_income	all_groups									
LCA	2019		BEA_income	all_groups									
LCA	2020		BEA_income	all_groups									
LCA	2021		BEA_income	all_groups									
LIE	2004		BEA_income	all_groups									
LIE	2005		BEA_income	all_groups									
LIE	2006		BEA_income	all_groups									
LIE	2007		BEA_income	all_groups									
LIE	2008		BEA_income	all_groups									
LIE	2009		BEA_income	all_groups									
LIE	2010		BEA_income	all_groups									
LIE	2011		BEA_income	all_groups									
LIE	2012		BEA_income	all_groups									
LIE	2013		BEA_income	all_groups									
LIE	2014		BEA_income	all_groups									
LIE	2015		BEA_income	all_groups									
LIE	2016		BEA_income	all_groups									
LIE	2017		BEA_income	all_groups									
LIE	2018		BEA_income	all_groups									
LIE	2019		BEA_income	all_groups									
LIE	2020		BEA_income	all_groups									
LIE	2021		BEA_income	all_groups									
LKA	2004		BEA_income	all_groups									
LKA	2005		BEA_income	all_groups									
LKA	2006		BEA_income	all_groups									
LKA	2007		BEA_income	all_groups									
LKA	2008		BEA_income	all_groups									
LKA	2009		BEA_income	all_groups									
LKA	2010		BEA_income	all_groups									
LKA	2011		BEA_income	all_groups									
LKA	2012		BEA_income	all_groups									
LKA	2013		BEA_income	all_groups									
LKA	2014		BEA_income	all_groups									
LKA	2015		BEA_income	all_groups									
LKA	2016		BEA_income	all_groups									
LKA	2017		BEA_income	all_groups									
LKA	2018		BEA_income	all_groups									
LKA	2019		BEA_income	all_groups									
LKA	2020		BEA_income	all_groups									
LKA	2021		BEA_income	all_groups									
LSO	2004		BEA_income	all_groups									
LSO	2005		BEA_income	all_groups									
LSO	2006		BEA_income	all_groups									
LSO	2007		BEA_income	all_groups									
LSO	2008		BEA_income	all_groups									
LSO	2009		BEA_income	all_groups									
LSO	2010		BEA_income	all_groups									
LSO	2011		BEA_income	all_groups									
LSO	2012		BEA_income	all_groups									
LSO	2013		BEA_income	all_groups									
LSO	2014		BEA_income	all_groups									
LSO	2015		BEA_income	all_groups									
LSO	2016		BEA_income	all_groups									
LSO	2017		BEA_income	all_groups									
LSO	2018		BEA_income	all_groups									
LSO	2019		BEA_income	all_groups									
LSO	2020		BEA_income	all_groups									
LSO	2021		BEA_income	all_groups									
LTU	2004		BEA_income	all_groups									
LTU	2005		BEA_income	all_groups									
LTU	2006		BEA_income	all_groups									
LTU	2007		BEA_income	all_groups									
LTU	2008		BEA_income	all_groups									
LTU	2009		BEA_income	all_groups									
LTU	2010		BEA_income	all_groups									
LTU	2011		BEA_income	all_groups									
LTU	2012		BEA_income	all_groups									
LTU	2013		BEA_income	all_groups									
LTU	2014		BEA_income	all_groups									
LTU	2015		BEA_income	all_groups									
LTU	2016		BEA_income	all_groups									
LTU	2017		BEA_income	all_groups									
LTU	2018		BEA_income	all_groups									
LTU	2019		BEA_income	all_groups									
LTU	2020		BEA_income	all_groups									
LTU	2021		BEA_income	all_groups									
LUX	2004	9003937361.597092	BEA_income	all_groups									
LUX	2005	12950642900.051844	BEA_income	all_groups									
LUX	2006	18096416913.535046	BEA_income	all_groups									
LUX	2007	20696099001.983032	BEA_income	all_groups									
LUX	2008	21405383338.15628	BEA_income	all_groups									
LUX	2009	22197274070.93134	BEA_income	all_groups									
LUX	2010	34385168362.16872	BEA_income	all_groups									
LUX	2011	25246872587.696827	BEA_income	all_groups									
LUX	2012	30518010165.586323	BEA_income	all_groups									
LUX	2013	38109339730.35389	BEA_income	all_groups									
LUX	2014	42449252370.27643	BEA_income	all_groups									
LUX	2015	29529604254.620712	BEA_income	all_groups									
LUX	2016	37665906187.49823	BEA_income	all_groups									
LUX	2017	45085986712.80243	BEA_income	all_groups									
LUX	2018	44076895150.2083	BEA_income	all_groups									
LUX	2019	40601150355.3987	BEA_income	all_groups									
LUX	2020	37112815908.01963	BEA_income	all_groups									
LUX	2021		BEA_income	all_groups									
LVA	2004		BEA_income	all_groups									
LVA	2005		BEA_income	all_groups									
LVA	2006		BEA_income	all_groups									
LVA	2007		BEA_income	all_groups									
LVA	2008		BEA_income	all_groups									
LVA	2009		BEA_income	all_groups									
LVA	2010		BEA_income	all_groups									
LVA	2011		BEA_income	all_groups									
LVA	2012		BEA_income	all_groups									
LVA	2013		BEA_income	all_groups									
LVA	2014		BEA_income	all_groups									
LVA	2015		BEA_income	all_groups									
LVA	2016		BEA_income	all_groups									
LVA	2017		BEA_income	all_groups									
LVA	2018		BEA_income	all_groups									
LVA	2019		BEA_income	all_groups									
LVA	2020		BEA_income	all_groups									
LVA	2021		BEA_income	all_groups									
MAC	2004		BEA_income	all_groups									
MAC	2005		BEA_income	all_groups									
MAC	2006		BEA_income	all_groups									
MAC	2007		BEA_income	all_groups									
MAC	2008		BEA_income	all_groups									
MAC	2009		BEA_income	all_groups									
MAC	2010		BEA_income	all_groups									
MAC	2011		BEA_income	all_groups									
MAC	2012		BEA_income	all_groups									
MAC	2013		BEA_income	all_groups									
MAC	2014		BEA_income	all_groups									
MAC	2015		BEA_income	all_groups									
MAC	2016		BEA_income	all_groups									
MAC	2017		BEA_income	all_groups									
MAC	2018		BEA_income	all_groups									
MAC	2019		BEA_income	all_groups									
MAC	2020		BEA_income	all_groups									
MAC	2021		BEA_income	all_groups									
MAR	2004		BEA_income	all_groups									
MAR	2005		BEA_income	all_groups									
MAR	2006		BEA_income	all_groups									
MAR	2007		BEA_income	all_groups									
MAR	2008		BEA_income	all_groups									
MAR	2009		BEA_income	all_groups									
MAR	2010		BEA_income	all_groups									
MAR	2011		BEA_income	all_groups									
MAR	2012		BEA_income	all_groups									
MAR	2013		BEA_income	all_groups									
MAR	2014		BEA_income	all_groups									
MAR	2015		BEA_income	all_groups									
MAR	2016		BEA_income	all_groups									
MAR	2017		BEA_income	all_groups									
MAR	2018		BEA_income	all_groups									
MAR	2019		BEA_income	all_groups									
MAR	2020		BEA_income	all_groups									
MAR	2021		BEA_income	all_groups									
MCO	2007		BEA_income	all_groups									
MCO	2008		BEA_income	all_groups									
MCO	2009		BEA_income	all_groups									
MCO	2010		BEA_income	all_groups									
MCO	2011		BEA_income	all_groups									
MCO	2012		BEA_income	all_groups									
MCO	2013		BEA_income	all_groups									
MCO	2014		BEA_income	all_groups									
MCO	2015		BEA_income	all_groups									
MCO	2016		BEA_income	all_groups									
MCO	2017		BEA_income	all_groups									
MCO	2018		BEA_income	all_groups									
MCO	2019		BEA_income	all_groups									
MCO	2020		BEA_income	all_groups									
MCO	2021		BEA_income	all_groups									
MDA	2004		BEA_income	all_groups									
MDA	2005		BEA_income	all_groups									
MDA	2006		BEA_income	all_groups									
MDA	2007		BEA_income	all_groups									
MDA	2008		BEA_income	all_groups									
MDA	2009		BEA_income	all_groups									
MDA	2010		BEA_income	all_groups									
MDA	2011		BEA_income	all_groups									
MDA	2012		BEA_income	all_groups									
MDA	2013		BEA_income	all_groups									
MDA	2014		BEA_income	all_groups									
MDA	2015		BEA_income	all_groups									
MDA	2016		BEA_income	all_groups									
MDA	2017		BEA_income	all_groups									
MDA	2018		BEA_income	all_groups									
MDA	2019		BEA_income	all_groups									
MDA	2020		BEA_income	all_groups									
MDA	2021		BEA_income	all_groups									
MDG	2004		BEA_income	all_groups									
MDG	2005		BEA_income	all_groups									
MDG	2006		BEA_income	all_groups									
MDG	2007		BEA_income	all_groups									
MDG	2008		BEA_income	all_groups									
MDG	2009		BEA_income	all_groups									
MDG	2010		BEA_income	all_groups									
MDG	2011		BEA_income	all_groups									
MDG	2012		BEA_income	all_groups									
MDG	2013		BEA_income	all_groups									
MDG	2014		BEA_income	all_groups									
MDG	2015		BEA_income	all_groups									
MDG	2016		BEA_income	all_groups									
MDG	2017		BEA_income	all_groups									
MDG	2018		BEA_income	all_groups									
MDG	2019		BEA_income	all_groups									
MDG	2020		BEA_income	all_groups									
MDG	2021		BEA_income	all_groups									
MDV	2004		BEA_income	all_groups									
MDV	2005		BEA_income	all_groups									
MDV	2006		BEA_income	all_groups									
MDV	2007		BEA_income	all_groups									
MDV	2008		BEA_income	all_groups									
MDV	2009		BEA_income	all_groups									
MDV	2010		BEA_income	all_groups									
MDV	2011		BEA_income	all_groups									
MDV	2012		BEA_income	all_groups									
MDV	2013		BEA_income	all_groups									
MDV	2014		BEA_income	all_groups									
MDV	2015		BEA_income	all_groups									
MDV	2016		BEA_income	all_groups									
MDV	2017		BEA_income	all_groups									
MDV	2018		BEA_income	all_groups									
MDV	2019		BEA_income	all_groups									
MDV	2020		BEA_income	all_groups									
MDV	2021		BEA_income	all_groups									
MEX	2004	9631568694.081861	BEA_income	all_groups									
MEX	2005	11112015270.504911	BEA_income	all_groups									
MEX	2006	12710939406.60362	BEA_income	all_groups									
MEX	2007	15491195129.113705	BEA_income	all_groups									
MEX	2008	13073643607.120232	BEA_income	all_groups									
MEX	2009	11717504905.61165	BEA_income	all_groups									
MEX	2010	13679376706.597437	BEA_income	all_groups									
MEX	2011	20737994497.387028	BEA_income	all_groups									
MEX	2012	17051817319.134008	BEA_income	all_groups									
MEX	2013	14361396417.989857	BEA_income	all_groups									
MEX	2014	7151214465.911692	BEA_income	all_groups									
MEX	2015	12364423585.718351	BEA_income	all_groups									
MEX	2016	11568865065.906301	BEA_income	all_groups									
MEX	2017	14558984635.22997	BEA_income	all_groups									
MEX	2018	14255212130.570301	BEA_income	all_groups									
MEX	2019	15018664850.193417	BEA_income	all_groups									
MEX	2020	11233329657.93876	BEA_income	all_groups									
MEX	2021		BEA_income	all_groups									
MHL	2004		BEA_income	all_groups									
MHL	2005		BEA_income	all_groups									
MHL	2006		BEA_income	all_groups									
MHL	2007		BEA_income	all_groups									
MHL	2008		BEA_income	all_groups									
MHL	2009		BEA_income	all_groups									
MHL	2010		BEA_income	all_groups									
MHL	2011		BEA_income	all_groups									
MHL	2012		BEA_income	all_groups									
MHL	2013		BEA_income	all_groups									
MHL	2014		BEA_income	all_groups									
MHL	2015		BEA_income	all_groups									
MHL	2016		BEA_income	all_groups									
MHL	2017		BEA_income	all_groups									
MHL	2018		BEA_income	all_groups									
MHL	2019		BEA_income	all_groups									
MHL	2020		BEA_income	all_groups									
MHL	2021		BEA_income	all_groups									
MKD	2004		BEA_income	all_groups									
MKD	2005		BEA_income	all_groups									
MKD	2006		BEA_income	all_groups									
MKD	2007		BEA_income	all_groups									
MKD	2008		BEA_income	all_groups									
MKD	2009		BEA_income	all_groups									
MKD	2010		BEA_income	all_groups									
MKD	2011		BEA_income	all_groups									
MKD	2012		BEA_income	all_groups									
MKD	2013		BEA_income	all_groups									
MKD	2014		BEA_income	all_groups									
MKD	2015		BEA_income	all_groups									
MKD	2016		BEA_income	all_groups									
MKD	2017		BEA_income	all_groups									
MKD	2018		BEA_income	all_groups									
MKD	2019		BEA_income	all_groups									
MKD	2020		BEA_income	all_groups									
MKD	2021		BEA_income	all_groups									
MLI	2004		BEA_income	all_groups									
MLI	2009		BEA_income	all_groups									
MLI	2010		BEA_income	all_groups									
MLI	2011		BEA_income	all_groups									
MLI	2012		BEA_income	all_groups									
MLI	2013		BEA_income	all_groups									
MLI	2014		BEA_income	all_groups									
MLI	2015		BEA_income	all_groups									
MLI	2016		BEA_income	all_groups									
MLI	2017		BEA_income	all_groups									
MLI	2018		BEA_income	all_groups									
MLI	2019		BEA_income	all_groups									
MLI	2020		BEA_income	all_groups									
MLI	2021		BEA_income	all_groups									
MLT	2004		BEA_income	all_groups									
MLT	2005		BEA_income	all_groups									
MLT	2006		BEA_income	all_groups									
MLT	2007		BEA_income	all_groups									
MLT	2008		BEA_income	all_groups									
MLT	2009		BEA_income	all_groups									
MLT	2010		BEA_income	all_groups									
MLT	2011		BEA_income	all_groups									
MLT	2012		BEA_income	all_groups									
MLT	2013		BEA_income	all_groups									
MLT	2014		BEA_income	all_groups									
MLT	2015		BEA_income	all_groups									
MLT	2016		BEA_income	all_groups									
MLT	2017		BEA_income	all_groups									
MLT	2018		BEA_income	all_groups									
MLT	2019		BEA_income	all_groups									
MLT	2020		BEA_income	all_groups									
MLT	2021		BEA_income	all_groups									
MMR	2004		BEA_income	all_groups									
MMR	2005		BEA_income	all_groups									
MMR	2006		BEA_income	all_groups									
MMR	2007		BEA_income	all_groups									
MMR	2008		BEA_income	all_groups									
MMR	2009		BEA_income	all_groups									
MMR	2010		BEA_income	all_groups									
MMR	2011		BEA_income	all_groups									
MMR	2012		BEA_income	all_groups									
MMR	2013		BEA_income	all_groups									
MMR	2014		BEA_income	all_groups									
MMR	2015		BEA_income	all_groups									
MMR	2016		BEA_income	all_groups									
MMR	2017		BEA_income	all_groups									
MMR	2018		BEA_income	all_groups									
MMR	2019		BEA_income	all_groups									
MMR	2020		BEA_income	all_groups									
MMR	2021		BEA_income	all_groups									
MNE	2004		BEA_income	all_groups									
MNE	2005		BEA_income	all_groups									
MNE	2006		BEA_income	all_groups									
MNE	2007		BEA_income	all_groups									
MNE	2008		BEA_income	all_groups									
MNE	2009		BEA_income	all_groups									
MNE	2010		BEA_income	all_groups									
MNE	2011		BEA_income	all_groups									
MNE	2012		BEA_income	all_groups									
MNE	2013		BEA_income	all_groups									
MNE	2014		BEA_income	all_groups									
MNE	2015		BEA_income	all_groups									
MNE	2016		BEA_income	all_groups									
MNE	2017		BEA_income	all_groups									
MNE	2018		BEA_income	all_groups									
MNE	2019		BEA_income	all_groups									
MNE	2020		BEA_income	all_groups									
MNE	2021		BEA_income	all_groups									
MNG	2004		BEA_income	all_groups									
MNG	2005		BEA_income	all_groups									
MNG	2006		BEA_income	all_groups									
MNG	2007		BEA_income	all_groups									
MNG	2008		BEA_income	all_groups									
MNG	2009		BEA_income	all_groups									
MNG	2010		BEA_income	all_groups									
MNG	2011		BEA_income	all_groups									
MNG	2012		BEA_income	all_groups									
MNG	2013		BEA_income	all_groups									
MNG	2014		BEA_income	all_groups									
MNG	2015		BEA_income	all_groups									
MNG	2016		BEA_income	all_groups									
MNG	2017		BEA_income	all_groups									
MNG	2018		BEA_income	all_groups									
MNG	2019		BEA_income	all_groups									
MNG	2020		BEA_income	all_groups									
MNG	2021		BEA_income	all_groups									
MOZ	2004		BEA_income	all_groups									
MOZ	2005		BEA_income	all_groups									
MOZ	2006		BEA_income	all_groups									
MOZ	2007		BEA_income	all_groups									
MOZ	2008		BEA_income	all_groups									
MOZ	2009		BEA_income	all_groups									
MOZ	2010		BEA_income	all_groups									
MOZ	2011		BEA_income	all_groups									
MOZ	2012		BEA_income	all_groups									
MOZ	2013		BEA_income	all_groups									
MOZ	2014		BEA_income	all_groups									
MOZ	2015		BEA_income	all_groups									
MOZ	2016		BEA_income	all_groups									
MOZ	2017		BEA_income	all_groups									
MOZ	2018		BEA_income	all_groups									
MOZ	2019		BEA_income	all_groups									
MOZ	2020		BEA_income	all_groups									
MOZ	2021		BEA_income	all_groups									
MRT	2004		BEA_income	all_groups									
MRT	2005		BEA_income	all_groups									
MRT	2006		BEA_income	all_groups									
MRT	2007		BEA_income	all_groups									
MRT	2008		BEA_income	all_groups									
MRT	2009		BEA_income	all_groups									
MRT	2010		BEA_income	all_groups									
MRT	2011		BEA_income	all_groups									
MRT	2012		BEA_income	all_groups									
MRT	2013		BEA_income	all_groups									
MRT	2014		BEA_income	all_groups									
MRT	2015		BEA_income	all_groups									
MRT	2016		BEA_income	all_groups									
MRT	2017		BEA_income	all_groups									
MRT	2018		BEA_income	all_groups									
MRT	2019		BEA_income	all_groups									
MRT	2020		BEA_income	all_groups									
MRT	2021		BEA_income	all_groups									
MUS	2004		BEA_income	all_groups									
MUS	2005		BEA_income	all_groups									
MUS	2006		BEA_income	all_groups									
MUS	2007		BEA_income	all_groups									
MUS	2008		BEA_income	all_groups									
MUS	2009		BEA_income	all_groups									
MUS	2010		BEA_income	all_groups									
MUS	2011		BEA_income	all_groups									
MUS	2012		BEA_income	all_groups									
MUS	2013		BEA_income	all_groups									
MUS	2014		BEA_income	all_groups									
MUS	2015		BEA_income	all_groups									
MUS	2016		BEA_income	all_groups									
MUS	2017		BEA_income	all_groups									
MUS	2018		BEA_income	all_groups									
MUS	2019		BEA_income	all_groups									
MUS	2020		BEA_income	all_groups									
MUS	2021		BEA_income	all_groups									
MWI	2004		BEA_income	all_groups									
MWI	2005		BEA_income	all_groups									
MWI	2006		BEA_income	all_groups									
MWI	2007		BEA_income	all_groups									
MWI	2008		BEA_income	all_groups									
MWI	2009		BEA_income	all_groups									
MWI	2010		BEA_income	all_groups									
MWI	2011		BEA_income	all_groups									
MWI	2012		BEA_income	all_groups									
MWI	2013		BEA_income	all_groups									
MWI	2014		BEA_income	all_groups									
MWI	2015		BEA_income	all_groups									
MWI	2016		BEA_income	all_groups									
MWI	2017		BEA_income	all_groups									
MWI	2018		BEA_income	all_groups									
MWI	2019		BEA_income	all_groups									
MWI	2020		BEA_income	all_groups									
MWI	2021		BEA_income	all_groups									
MYS	2004	2933404801.4984927	BEA_income	all_groups									
MYS	2005	3484250148.809932	BEA_income	all_groups									
MYS	2006	3578867041.191576	BEA_income	all_groups									
MYS	2007	4111479211.7724824	BEA_income	all_groups									
MYS	2008	5307814266.078007	BEA_income	all_groups									
MYS	2009	3741896459.889275	BEA_income	all_groups									
MYS	2010	4561827402.787794	BEA_income	all_groups									
MYS	2011	4443855963.725792	BEA_income	all_groups									
MYS	2012	4020214779.191795	BEA_income	all_groups									
MYS	2013	4288698434.84564	BEA_income	all_groups									
MYS	2014	2851568301.980374	BEA_income	all_groups									
MYS	2015	1372366191.8483534	BEA_income	all_groups									
MYS	2016	1216378862.0058491	BEA_income	all_groups									
MYS	2017	1991024618.745946	BEA_income	all_groups									
MYS	2018	2093108291.0387135	BEA_income	all_groups									
MYS	2019	2108687403.301451	BEA_income	all_groups									
MYS	2020	1654297422.2945182	BEA_income	all_groups									
MYS	2021		BEA_income	all_groups									
NAM	2004		BEA_income	all_groups									
NAM	2005		BEA_income	all_groups									
NAM	2006		BEA_income	all_groups									
NAM	2007		BEA_income	all_groups									
NAM	2008		BEA_income	all_groups									
NAM	2009		BEA_income	all_groups									
NAM	2010		BEA_income	all_groups									
NAM	2011		BEA_income	all_groups									
NAM	2012		BEA_income	all_groups									
NAM	2013		BEA_income	all_groups									
NAM	2014		BEA_income	all_groups									
NAM	2015		BEA_income	all_groups									
NAM	2016		BEA_income	all_groups									
NAM	2017		BEA_income	all_groups									
NAM	2018		BEA_income	all_groups									
NAM	2019		BEA_income	all_groups									
NAM	2020		BEA_income	all_groups									
NAM	2021		BEA_income	all_groups									
NER	2004		BEA_income	all_groups									
NER	2005		BEA_income	all_groups									
NER	2006		BEA_income	all_groups									
NER	2007		BEA_income	all_groups									
NER	2008		BEA_income	all_groups									
NER	2009		BEA_income	all_groups									
NER	2010		BEA_income	all_groups									
NER	2011		BEA_income	all_groups									
NER	2012		BEA_income	all_groups									
NER	2013		BEA_income	all_groups									
NER	2019		BEA_income	all_groups									
NER	2020		BEA_income	all_groups									
NER	2021		BEA_income	all_groups									
NGA	2004	3829580031.980845	BEA_income	all_groups									
NGA	2005	5396016556.990775	BEA_income	all_groups									
NGA	2006	1612612026.4657695	BEA_income	all_groups									
NGA	2007	1236177325.1844869	BEA_income	all_groups									
NGA	2008	1476023879.4472122	BEA_income	all_groups									
NGA	2009	945720271.7628151	BEA_income	all_groups									
NGA	2010	1389001651.7522504	BEA_income	all_groups									
NGA	2011	1473157555.4189296	BEA_income	all_groups									
NGA	2012	1571445979.511932	BEA_income	all_groups									
NGA	2013	1394665620.4333298	BEA_income	all_groups									
NGA	2014	1115698898.5360312	BEA_income	all_groups									
NGA	2015	1131015551.7808359	BEA_income	all_groups									
NGA	2016	707173281.3507159	BEA_income	all_groups									
NGA	2017	534003013.130323	BEA_income	all_groups									
NGA	2018	249374229.98703423	BEA_income	all_groups									
NGA	2019	686928617.6052092	BEA_income	all_groups									
NGA	2020	405576348.6972837	BEA_income	all_groups									
NGA	2021		BEA_income	all_groups									
NIC	2004		BEA_income	all_groups									
NIC	2005		BEA_income	all_groups									
NIC	2006		BEA_income	all_groups									
NIC	2007		BEA_income	all_groups									
NIC	2008		BEA_income	all_groups									
NIC	2009		BEA_income	all_groups									
NIC	2010		BEA_income	all_groups									
NIC	2011		BEA_income	all_groups									
NIC	2012		BEA_income	all_groups									
NIC	2013		BEA_income	all_groups									
NIC	2014		BEA_income	all_groups									
NIC	2015		BEA_income	all_groups									
NIC	2016		BEA_income	all_groups									
NIC	2017		BEA_income	all_groups									
NIC	2018		BEA_income	all_groups									
NIC	2019		BEA_income	all_groups									
NIC	2020		BEA_income	all_groups									
NIC	2021		BEA_income	all_groups									
NLD	2004	33957941798.897316	BEA_income	all_groups									
NLD	2005	38693461346.44872	BEA_income	all_groups									
NLD	2006	40046531990.566605	BEA_income	all_groups									
NLD	2007	47476903756.921646	BEA_income	all_groups									
NLD	2008	51818764261.58093	BEA_income	all_groups									
NLD	2009	60176703446.264244	BEA_income	all_groups									
NLD	2010	71664344561.39487	BEA_income	all_groups									
NLD	2011	82868668389.86235	BEA_income	all_groups									
NLD	2012	80752374939.40137	BEA_income	all_groups									
NLD	2013	83634193820.08179	BEA_income	all_groups									
NLD	2014	75723629329.70343	BEA_income	all_groups									
NLD	2015	75029754001.57529	BEA_income	all_groups									
NLD	2016	76932901665.67363	BEA_income	all_groups									
NLD	2017	86594255341.4583	BEA_income	all_groups									
NLD	2018	89928026625.24239	BEA_income	all_groups									
NLD	2019	90322959759.68317	BEA_income	all_groups									
NLD	2020	73558959242.86255	BEA_income	all_groups									
NLD	2021		BEA_income	all_groups									
NOR	2004	7655044448.666708	BEA_income	all_groups									
NOR	2005	8135673306.652696	BEA_income	all_groups									
NOR	2006	10608279239.26323	BEA_income	all_groups									
NOR	2007	14276278839.006102	BEA_income	all_groups									
NOR	2008	25158209484.32282	BEA_income	all_groups									
NOR	2009	15112056650.303099	BEA_income	all_groups									
NOR	2010	20099311813.48751	BEA_income	all_groups									
NOR	2011	21420726826.51911	BEA_income	all_groups									
NOR	2012	19693963538.572464	BEA_income	all_groups									
NOR	2013	17748441496.185085	BEA_income	all_groups									
NOR	2014	4116229723.754186	BEA_income	all_groups									
NOR	2015	4601819526.308275	BEA_income	all_groups									
NOR	2016	2363366983.5617	BEA_income	all_groups									
NOR	2017	4437432304.138401	BEA_income	all_groups									
NOR	2018	4455009297.186402	BEA_income	all_groups									
NOR	2019	3814797946.136941	BEA_income	all_groups									
NOR	2020	1420033220.884128	BEA_income	all_groups									
NOR	2021		BEA_income	all_groups									
NPL	2004		BEA_income	all_groups									
NPL	2005		BEA_income	all_groups									
NPL	2006		BEA_income	all_groups									
NPL	2007		BEA_income	all_groups									
NPL	2008		BEA_income	all_groups									
NPL	2009		BEA_income	all_groups									
NPL	2010		BEA_income	all_groups									
NPL	2011		BEA_income	all_groups									
NPL	2012		BEA_income	all_groups									
NPL	2013		BEA_income	all_groups									
NPL	2014		BEA_income	all_groups									
NPL	2015		BEA_income	all_groups									
NPL	2016		BEA_income	all_groups									
NPL	2017		BEA_income	all_groups									
NPL	2018		BEA_income	all_groups									
NPL	2019		BEA_income	all_groups									
NPL	2020		BEA_income	all_groups									
NPL	2021		BEA_income	all_groups									
NZL	2004	328220319.7748226	BEA_income	all_groups									
NZL	2005	1053401575.602303	BEA_income	all_groups									
NZL	2006	981106690.2871317	BEA_income	all_groups									
NZL	2007	910174787.3389465	BEA_income	all_groups									
NZL	2008	827099800.7602005	BEA_income	all_groups									
NZL	2009	838135625.4626032	BEA_income	all_groups									
NZL	2010	560688578.8391868	BEA_income	all_groups									
NZL	2011	855447352.8708543	BEA_income	all_groups									
NZL	2012	790811869.2232974	BEA_income	all_groups									
NZL	2013	554003471.6735895	BEA_income	all_groups									
NZL	2014	438780765.7276126	BEA_income	all_groups									
NZL	2015	740209285.2279934	BEA_income	all_groups									
NZL	2016	668396102.8639523	BEA_income	all_groups									
NZL	2017	1089447829.8471408	BEA_income	all_groups									
NZL	2018	684757106.9316103	BEA_income	all_groups									
NZL	2019	730753440.3901113	BEA_income	all_groups									
NZL	2020	915384787.0088819	BEA_income	all_groups									
NZL	2021		BEA_income	all_groups									
OMN	2004		BEA_income	all_groups									
OMN	2005		BEA_income	all_groups									
OMN	2006		BEA_income	all_groups									
OMN	2007		BEA_income	all_groups									
OMN	2008		BEA_income	all_groups									
OMN	2009		BEA_income	all_groups									
OMN	2010		BEA_income	all_groups									
OMN	2011		BEA_income	all_groups									
OMN	2012		BEA_income	all_groups									
OMN	2013		BEA_income	all_groups									
OMN	2014		BEA_income	all_groups									
OMN	2015		BEA_income	all_groups									
OMN	2016		BEA_income	all_groups									
OMN	2017		BEA_income	all_groups									
OMN	2018		BEA_income	all_groups									
OMN	2019		BEA_income	all_groups									
OMN	2020		BEA_income	all_groups									
OMN	2021		BEA_income	all_groups									
PAK	2004		BEA_income	all_groups									
PAK	2005		BEA_income	all_groups									
PAK	2006		BEA_income	all_groups									
PAK	2007		BEA_income	all_groups									
PAK	2008		BEA_income	all_groups									
PAK	2009		BEA_income	all_groups									
PAK	2010		BEA_income	all_groups									
PAK	2011		BEA_income	all_groups									
PAK	2012		BEA_income	all_groups									
PAK	2013		BEA_income	all_groups									
PAK	2014		BEA_income	all_groups									
PAK	2015		BEA_income	all_groups									
PAK	2016		BEA_income	all_groups									
PAK	2017		BEA_income	all_groups									
PAK	2018		BEA_income	all_groups									
PAK	2019		BEA_income	all_groups									
PAK	2020		BEA_income	all_groups									
PAK	2021		BEA_income	all_groups									
PAN	2004	435226317.4443572	BEA_income	all_groups									
PAN	2005	615584720.1687518	BEA_income	all_groups									
PAN	2006	519349988.4733117	BEA_income	all_groups									
PAN	2007	661116947.8668877	BEA_income	all_groups									
PAN	2008	664109509.5455221	BEA_income	all_groups									
PAN	2009	537923231.5010595	BEA_income	all_groups									
PAN	2010	355136686.0524069	BEA_income	all_groups									
PAN	2011	217417735.7652765	BEA_income	all_groups									
PAN	2012	323652734.1222761	BEA_income	all_groups									
PAN	2013	186023184.0665447	BEA_income	all_groups									
PAN	2014	183416440.17713138	BEA_income	all_groups									
PAN	2015	364550548.38650155	BEA_income	all_groups									
PAN	2016	544921402.9455733	BEA_income	all_groups									
PAN	2017	685116676.5018102	BEA_income	all_groups									
PAN	2018	676580902.6697404	BEA_income	all_groups									
PAN	2019	809230448.6328429	BEA_income	all_groups									
PAN	2020	108360093.1633964	BEA_income	all_groups									
PAN	2021		BEA_income	all_groups									
PER	2004	1729587327.716228	BEA_income	all_groups									
PER	2005	2423737858.618221	BEA_income	all_groups									
PER	2006	2919070265.952135	BEA_income	all_groups									
PER	2007	3214466017.5763683	BEA_income	all_groups									
PER	2008	2241369594.716137	BEA_income	all_groups									
PER	2009	2506209950.9554124	BEA_income	all_groups									
PER	2010	3177913669.17383	BEA_income	all_groups									
PER	2011	3202339734.26239	BEA_income	all_groups									
PER	2012	2853843605.2794414	BEA_income	all_groups									
PER	2013	2057436746.1786149	BEA_income	all_groups									
PER	2014	2095608830.3110921	BEA_income	all_groups									
PER	2015	787671544.990225	BEA_income	all_groups									
PER	2016	740848199.5102738	BEA_income	all_groups									
PER	2017	2737403591.20917	BEA_income	all_groups									
PER	2018	1446166128.8182516	BEA_income	all_groups									
PER	2019	1837585011.1901963	BEA_income	all_groups									
PER	2020	1981441703.5592484	BEA_income	all_groups									
PER	2021		BEA_income	all_groups									
PHL	2004	1306707856.1568172	BEA_income	all_groups									
PHL	2005	1396747508.6337192	BEA_income	all_groups									
PHL	2006	1697486343.6481783	BEA_income	all_groups									
PHL	2007	1724168701.711041	BEA_income	all_groups									
PHL	2008	1304934691.7746615	BEA_income	all_groups									
PHL	2009	1200849575.8461747	BEA_income	all_groups									
PHL	2010	1093902399.7316258	BEA_income	all_groups									
PHL	2011	1175478132.1515183	BEA_income	all_groups									
PHL	2012	1076806895.2873213	BEA_income	all_groups									
PHL	2013	1307244889.123369	BEA_income	all_groups									
PHL	2014	1178526629.4254353	BEA_income	all_groups									
PHL	2015	812917427.8424757	BEA_income	all_groups									
PHL	2016	1227603834.7257016	BEA_income	all_groups									
PHL	2017	1328370784.0966542	BEA_income	all_groups									
PHL	2018	755276868.6902388	BEA_income	all_groups									
PHL	2019	1084409568.4450188	BEA_income	all_groups									
PHL	2020	626424538.5731583	BEA_income	all_groups									
PHL	2021		BEA_income	all_groups									
PLW	2009		BEA_income	all_groups									
PLW	2010		BEA_income	all_groups									
PLW	2011		BEA_income	all_groups									
PLW	2012		BEA_income	all_groups									
PLW	2013		BEA_income	all_groups									
PLW	2014		BEA_income	all_groups									
PLW	2015		BEA_income	all_groups									
PLW	2016		BEA_income	all_groups									
PLW	2017		BEA_income	all_groups									
PLW	2018		BEA_income	all_groups									
PLW	2019		BEA_income	all_groups									
PLW	2020		BEA_income	all_groups									
PLW	2021		BEA_income	all_groups									
PNG	2004		BEA_income	all_groups									
PNG	2005		BEA_income	all_groups									
PNG	2006		BEA_income	all_groups									
PNG	2007		BEA_income	all_groups									
PNG	2008		BEA_income	all_groups									
PNG	2009		BEA_income	all_groups									
PNG	2010		BEA_income	all_groups									
PNG	2011		BEA_income	all_groups									
PNG	2012		BEA_income	all_groups									
PNG	2013		BEA_income	all_groups									
PNG	2014		BEA_income	all_groups									
PNG	2015		BEA_income	all_groups									
PNG	2016		BEA_income	all_groups									
PNG	2017		BEA_income	all_groups									
PNG	2018		BEA_income	all_groups									
PNG	2019		BEA_income	all_groups									
PNG	2020		BEA_income	all_groups									
PNG	2021		BEA_income	all_groups									
POL	2004	1251147049.6745586	BEA_income	all_groups									
POL	2005	761862277.4365741	BEA_income	all_groups									
POL	2006	1233708824.758587	BEA_income	all_groups									
POL	2007	1938803912.9633844	BEA_income	all_groups									
POL	2008	2063193872.6429482	BEA_income	all_groups									
POL	2009	761289449.5338805	BEA_income	all_groups									
POL	2010	989091286.0829211	BEA_income	all_groups									
POL	2011	1362416746.0805411	BEA_income	all_groups									
POL	2012	1283415401.6609755	BEA_income	all_groups									
POL	2013	1079544379.6648662	BEA_income	all_groups									
POL	2014	1135965908.500355	BEA_income	all_groups									
POL	2015	881586229.2005979	BEA_income	all_groups									
POL	2016	1567414372.517604	BEA_income	all_groups									
POL	2017	1271192641.1993349	BEA_income	all_groups									
POL	2018	2013390299.4854813	BEA_income	all_groups									
POL	2019	1534887979.396803	BEA_income	all_groups									
POL	2020	1215697045.2045805	BEA_income	all_groups									
POL	2021		BEA_income	all_groups									
PRT	2004	558694776.2938203	BEA_income	all_groups									
PRT	2005	605426556.4695975	BEA_income	all_groups									
PRT	2006	755785586.3385937	BEA_income	all_groups									
PRT	2007	690477424.8778214	BEA_income	all_groups									
PRT	2008	534527166.2195666	BEA_income	all_groups									
PRT	2009	394477036.4341103	BEA_income	all_groups									
PRT	2010	482334639.5095727	BEA_income	all_groups									
PRT	2011	205226087.030775	BEA_income	all_groups									
PRT	2012	108902020.60089166	BEA_income	all_groups									
PRT	2013	244981351.69419277	BEA_income	all_groups									
PRT	2014	452967672.7026394	BEA_income	all_groups									
PRT	2015	209035910.0166366	BEA_income	all_groups									
PRT	2016	220417646.1352881	BEA_income	all_groups									
PRT	2017	289974867.5506916	BEA_income	all_groups									
PRT	2018	307629685.35285777	BEA_income	all_groups									
PRT	2019	385250767.7370461	BEA_income	all_groups									
PRT	2020	127968110.02153479	BEA_income	all_groups									
PRT	2021		BEA_income	all_groups									
PRY	2004		BEA_income	all_groups									
PRY	2005		BEA_income	all_groups									
PRY	2006		BEA_income	all_groups									
PRY	2007		BEA_income	all_groups									
PRY	2008		BEA_income	all_groups									
PRY	2009		BEA_income	all_groups									
PRY	2010		BEA_income	all_groups									
PRY	2011		BEA_income	all_groups									
PRY	2012		BEA_income	all_groups									
PRY	2013		BEA_income	all_groups									
PRY	2014		BEA_income	all_groups									
PRY	2015		BEA_income	all_groups									
PRY	2016		BEA_income	all_groups									
PRY	2017		BEA_income	all_groups									
PRY	2018		BEA_income	all_groups									
PRY	2019		BEA_income	all_groups									
PRY	2020		BEA_income	all_groups									
PRY	2021		BEA_income	all_groups									
QAT	2004		BEA_income	all_groups									
QAT	2005		BEA_income	all_groups									
QAT	2006		BEA_income	all_groups									
QAT	2007		BEA_income	all_groups									
QAT	2008		BEA_income	all_groups									
QAT	2009		BEA_income	all_groups									
QAT	2010		BEA_income	all_groups									
QAT	2011		BEA_income	all_groups									
QAT	2012		BEA_income	all_groups									
QAT	2013		BEA_income	all_groups									
QAT	2014		BEA_income	all_groups									
QAT	2015		BEA_income	all_groups									
QAT	2016		BEA_income	all_groups									
QAT	2017		BEA_income	all_groups									
QAT	2018		BEA_income	all_groups									
QAT	2019		BEA_income	all_groups									
QAT	2020		BEA_income	all_groups									
QAT	2021		BEA_income	all_groups									
ROU	2004		BEA_income	all_groups									
ROU	2005		BEA_income	all_groups									
ROU	2006		BEA_income	all_groups									
ROU	2007		BEA_income	all_groups									
ROU	2008		BEA_income	all_groups									
ROU	2009		BEA_income	all_groups									
ROU	2010		BEA_income	all_groups									
ROU	2011		BEA_income	all_groups									
ROU	2012		BEA_income	all_groups									
ROU	2013		BEA_income	all_groups									
ROU	2014		BEA_income	all_groups									
ROU	2015		BEA_income	all_groups									
ROU	2016		BEA_income	all_groups									
ROU	2017		BEA_income	all_groups									
ROU	2018		BEA_income	all_groups									
ROU	2019		BEA_income	all_groups									
ROU	2020		BEA_income	all_groups									
ROU	2021		BEA_income	all_groups									
RUS	2004	827238674.2914023	BEA_income	all_groups									
RUS	2005	1551151596.8608649	BEA_income	all_groups									
RUS	2006	2401741094.554595	BEA_income	all_groups									
RUS	2007	3912030454.1464844	BEA_income	all_groups									
RUS	2008	3437981546.366758	BEA_income	all_groups									
RUS	2009	2657853071.4547586	BEA_income	all_groups									
RUS	2010	1719716330.7408814	BEA_income	all_groups									
RUS	2011	2316413259.555282	BEA_income	all_groups									
RUS	2012	2454875455.0406604	BEA_income	all_groups									
RUS	2013	1739265945.0156176	BEA_income	all_groups									
RUS	2014	334405664.4113445	BEA_income	all_groups									
RUS	2015	1260274471.9843597	BEA_income	all_groups									
RUS	2016	1566393920.452163	BEA_income	all_groups									
RUS	2017	2339198667.4599805	BEA_income	all_groups									
RUS	2018	2001125993.0926762	BEA_income	all_groups									
RUS	2019	2026133667.357798	BEA_income	all_groups									
RUS	2020	1630561401.887298	BEA_income	all_groups									
RUS	2021		BEA_income	all_groups									
RWA	2004		BEA_income	all_groups									
RWA	2005		BEA_income	all_groups									
RWA	2006		BEA_income	all_groups									
RWA	2007		BEA_income	all_groups									
RWA	2008		BEA_income	all_groups									
RWA	2009		BEA_income	all_groups									
RWA	2010		BEA_income	all_groups									
RWA	2011		BEA_income	all_groups									
RWA	2012		BEA_income	all_groups									
RWA	2013		BEA_income	all_groups									
RWA	2014		BEA_income	all_groups									
RWA	2015		BEA_income	all_groups									
RWA	2016		BEA_income	all_groups									
RWA	2017		BEA_income	all_groups									
RWA	2018		BEA_income	all_groups									
RWA	2019		BEA_income	all_groups									
RWA	2020		BEA_income	all_groups									
RWA	2021		BEA_income	all_groups									
Rest	2004	310968689362.08136	BEA_income	all_groups									
Rest	2005	377904005935.939	BEA_income	all_groups									
Rest	2006	422493236440.11487	BEA_income	all_groups									
Rest	2007	481327560675.31396	BEA_income	all_groups									
Rest	2008	540194369015.96265	BEA_income	all_groups									
Rest	2009	460526836952.6871	BEA_income	all_groups									
Rest	2010	557233882423.2902	BEA_income	all_groups									
Rest	2011	621888890151.8257	BEA_income	all_groups									
Rest	2012	601257215720.5641	BEA_income	all_groups									
Rest	2013	597202527702.4198	BEA_income	all_groups									
Rest	2014	598166612190.0452	BEA_income	all_groups									
Rest	2015	529916130245.3147	BEA_income	all_groups									
Rest	2016	528480899719.251	BEA_income	all_groups									
Rest	2017	637351485378.9619	BEA_income	all_groups									
Rest	2018	669875393149.4742	BEA_income	all_groups									
Rest	2019	641885872419.657	BEA_income	all_groups									
Rest	2020	562969900017.5605	BEA_income	all_groups									
Rest	2021		BEA_income	all_groups									
SAU	2004	1824246479.5008163	BEA_income	all_groups									
SAU	2005	1984905186.8147542	BEA_income	all_groups									
SAU	2006	1661111636.284289	BEA_income	all_groups									
SAU	2007	2799369618.45627	BEA_income	all_groups									
SAU	2008	2275789904.662094	BEA_income	all_groups									
SAU	2009	1369911162.889365	BEA_income	all_groups									
SAU	2010	1665784398.4750433	BEA_income	all_groups									
SAU	2011	1814523719.984971	BEA_income	all_groups									
SAU	2012	1693579086.7278852	BEA_income	all_groups									
SAU	2013	1682340817.650992	BEA_income	all_groups									
SAU	2014	1918272493.123258	BEA_income	all_groups									
SAU	2015	1530910336.1604884	BEA_income	all_groups									
SAU	2016	1073515572.8440882	BEA_income	all_groups									
SAU	2017	1345728434.6190548	BEA_income	all_groups									
SAU	2018	875875881.552821	BEA_income	all_groups									
SAU	2019	875477273.7728112	BEA_income	all_groups									
SAU	2020	830760714.2527057	BEA_income	all_groups									
SAU	2021		BEA_income	all_groups									
SDN	2009		BEA_income	all_groups									
SDN	2010		BEA_income	all_groups									
SDN	2011		BEA_income	all_groups									
SDN	2012		BEA_income	all_groups									
SDN	2013		BEA_income	all_groups									
SDN	2019		BEA_income	all_groups									
SDN	2020		BEA_income	all_groups									
SDN	2021		BEA_income	all_groups									
SEN	2004		BEA_income	all_groups									
SEN	2005		BEA_income	all_groups									
SEN	2006		BEA_income	all_groups									
SEN	2007		BEA_income	all_groups									
SEN	2008		BEA_income	all_groups									
SEN	2009		BEA_income	all_groups									
SEN	2010		BEA_income	all_groups									
SEN	2011		BEA_income	all_groups									
SEN	2012		BEA_income	all_groups									
SEN	2013		BEA_income	all_groups									
SEN	2014		BEA_income	all_groups									
SEN	2015		BEA_income	all_groups									
SEN	2016		BEA_income	all_groups									
SEN	2017		BEA_income	all_groups									
SEN	2018		BEA_income	all_groups									
SEN	2019		BEA_income	all_groups									
SEN	2020		BEA_income	all_groups									
SEN	2021		BEA_income	all_groups									
SGP	2004	9818829190.003548	BEA_income	all_groups									
SGP	2005	16708147652.369026	BEA_income	all_groups									
SGP	2006	17011238143.845673	BEA_income	all_groups									
SGP	2007	20307325789.148598	BEA_income	all_groups									
SGP	2008	18406766924.62909	BEA_income	all_groups									
SGP	2009	10551492262.853163	BEA_income	all_groups									
SGP	2010	17639812185.43975	BEA_income	all_groups									
SGP	2011	23748315764.08102	BEA_income	all_groups									
SGP	2012	23539120864.08806	BEA_income	all_groups									
SGP	2013	28852907412.813145	BEA_income	all_groups									
SGP	2014	33389898916.22364	BEA_income	all_groups									
SGP	2015	24917686375.17154	BEA_income	all_groups									
SGP	2016	26701148744.33309	BEA_income	all_groups									
SGP	2017	33685073434.383335	BEA_income	all_groups									
SGP	2018	45790831968.60279	BEA_income	all_groups									
SGP	2019	38788025710.414024	BEA_income	all_groups									
SGP	2020	38785689346.28502	BEA_income	all_groups									
SGP	2021		BEA_income	all_groups									
SLB	2004		BEA_income	all_groups									
SLB	2005		BEA_income	all_groups									
SLB	2006		BEA_income	all_groups									
SLB	2007		BEA_income	all_groups									
SLB	2008		BEA_income	all_groups									
SLE	2004		BEA_income	all_groups									
SLE	2005		BEA_income	all_groups									
SLE	2006		BEA_income	all_groups									
SLE	2007		BEA_income	all_groups									
SLE	2008		BEA_income	all_groups									
SLE	2009		BEA_income	all_groups									
SLE	2010		BEA_income	all_groups									
SLE	2011		BEA_income	all_groups									
SLE	2012		BEA_income	all_groups									
SLE	2013		BEA_income	all_groups									
SLE	2014		BEA_income	all_groups									
SLE	2015		BEA_income	all_groups									
SLE	2016		BEA_income	all_groups									
SLE	2017		BEA_income	all_groups									
SLE	2018		BEA_income	all_groups									
SLE	2019		BEA_income	all_groups									
SLE	2020		BEA_income	all_groups									
SLE	2021		BEA_income	all_groups									
SLV	2004		BEA_income	all_groups									
SLV	2005		BEA_income	all_groups									
SLV	2006		BEA_income	all_groups									
SLV	2007		BEA_income	all_groups									
SLV	2008		BEA_income	all_groups									
SLV	2009		BEA_income	all_groups									
SLV	2010		BEA_income	all_groups									
SLV	2011		BEA_income	all_groups									
SLV	2012		BEA_income	all_groups									
SLV	2013		BEA_income	all_groups									
SLV	2014		BEA_income	all_groups									
SLV	2015		BEA_income	all_groups									
SLV	2016		BEA_income	all_groups									
SLV	2017		BEA_income	all_groups									
SLV	2018		BEA_income	all_groups									
SLV	2019		BEA_income	all_groups									
SLV	2020		BEA_income	all_groups									
SLV	2021		BEA_income	all_groups									
SOM	2004		BEA_income	all_groups									
SOM	2005		BEA_income	all_groups									
SOM	2006		BEA_income	all_groups									
SOM	2007		BEA_income	all_groups									
SOM	2008		BEA_income	all_groups									
SOM	2009		BEA_income	all_groups									
SOM	2010		BEA_income	all_groups									
SOM	2011		BEA_income	all_groups									
SOM	2012		BEA_income	all_groups									
SOM	2013		BEA_income	all_groups									
SRB	2004		BEA_income	all_groups									
SRB	2005		BEA_income	all_groups									
SRB	2006		BEA_income	all_groups									
SRB	2007		BEA_income	all_groups									
SRB	2008		BEA_income	all_groups									
SRB	2009		BEA_income	all_groups									
SRB	2010		BEA_income	all_groups									
SRB	2011		BEA_income	all_groups									
SRB	2012		BEA_income	all_groups									
SRB	2013		BEA_income	all_groups									
SRB	2014		BEA_income	all_groups									
SRB	2015		BEA_income	all_groups									
SRB	2016		BEA_income	all_groups									
SRB	2017		BEA_income	all_groups									
SRB	2018		BEA_income	all_groups									
SRB	2019		BEA_income	all_groups									
SRB	2020		BEA_income	all_groups									
SRB	2021		BEA_income	all_groups									
SSD	2014		BEA_income	all_groups									
SSD	2015		BEA_income	all_groups									
SSD	2016		BEA_income	all_groups									
SSD	2017		BEA_income	all_groups									
SSD	2018		BEA_income	all_groups									
STP	2004		BEA_income	all_groups									
STP	2005		BEA_income	all_groups									
STP	2006		BEA_income	all_groups									
STP	2007		BEA_income	all_groups									
STP	2008		BEA_income	all_groups									
STP	2009		BEA_income	all_groups									
STP	2010		BEA_income	all_groups									
STP	2011		BEA_income	all_groups									
STP	2012		BEA_income	all_groups									
STP	2013		BEA_income	all_groups									
STP	2014		BEA_income	all_groups									
STP	2015		BEA_income	all_groups									
STP	2016		BEA_income	all_groups									
STP	2017		BEA_income	all_groups									
STP	2018		BEA_income	all_groups									
STP	2019		BEA_income	all_groups									
STP	2020		BEA_income	all_groups									
STP	2021		BEA_income	all_groups									
SUR	2004		BEA_income	all_groups									
SUR	2005		BEA_income	all_groups									
SUR	2006		BEA_income	all_groups									
SUR	2007		BEA_income	all_groups									
SUR	2008		BEA_income	all_groups									
SUR	2009		BEA_income	all_groups									
SUR	2010		BEA_income	all_groups									
SUR	2011		BEA_income	all_groups									
SUR	2012		BEA_income	all_groups									
SUR	2013		BEA_income	all_groups									
SUR	2014		BEA_income	all_groups									
SUR	2015		BEA_income	all_groups									
SUR	2016		BEA_income	all_groups									
SUR	2017		BEA_income	all_groups									
SUR	2018		BEA_income	all_groups									
SUR	2019		BEA_income	all_groups									
SUR	2020		BEA_income	all_groups									
SUR	2021		BEA_income	all_groups									
SVK	2004		BEA_income	all_groups									
SVK	2005		BEA_income	all_groups									
SVK	2006		BEA_income	all_groups									
SVK	2007		BEA_income	all_groups									
SVK	2008		BEA_income	all_groups									
SVK	2009		BEA_income	all_groups									
SVK	2010		BEA_income	all_groups									
SVK	2011		BEA_income	all_groups									
SVK	2012		BEA_income	all_groups									
SVK	2013		BEA_income	all_groups									
SVK	2014		BEA_income	all_groups									
SVK	2015		BEA_income	all_groups									
SVK	2016		BEA_income	all_groups									
SVK	2017		BEA_income	all_groups									
SVK	2018		BEA_income	all_groups									
SVK	2019		BEA_income	all_groups									
SVK	2020		BEA_income	all_groups									
SVK	2021		BEA_income	all_groups									
SVN	2004		BEA_income	all_groups									
SVN	2005		BEA_income	all_groups									
SVN	2006		BEA_income	all_groups									
SVN	2007		BEA_income	all_groups									
SVN	2008		BEA_income	all_groups									
SVN	2009		BEA_income	all_groups									
SVN	2010		BEA_income	all_groups									
SVN	2011		BEA_income	all_groups									
SVN	2012		BEA_income	all_groups									
SVN	2013		BEA_income	all_groups									
SVN	2014		BEA_income	all_groups									
SVN	2015		BEA_income	all_groups									
SVN	2016		BEA_income	all_groups									
SVN	2017		BEA_income	all_groups									
SVN	2018		BEA_income	all_groups									
SVN	2019		BEA_income	all_groups									
SVN	2020		BEA_income	all_groups									
SVN	2021		BEA_income	all_groups									
SWE	2004	2025911628.9549394	BEA_income	all_groups									
SWE	2005	2501955719.1017094	BEA_income	all_groups									
SWE	2006	1421644812.8053493	BEA_income	all_groups									
SWE	2007	1569266874.7223215	BEA_income	all_groups									
SWE	2008	1948796960.175503	BEA_income	all_groups									
SWE	2009	-668049422.7403635	BEA_income	all_groups									
SWE	2010	1334052135.8587549	BEA_income	all_groups									
SWE	2011	2058356694.675001	BEA_income	all_groups									
SWE	2012	1776018934.0986538	BEA_income	all_groups									
SWE	2013	2192633923.669601	BEA_income	all_groups									
SWE	2014	2060141562.8735254	BEA_income	all_groups									
SWE	2015	1469310382.0009964	BEA_income	all_groups									
SWE	2016	2634807232.9690456	BEA_income	all_groups									
SWE	2017	3548107974.431878	BEA_income	all_groups									
SWE	2018	2048139167.5984285	BEA_income	all_groups									
SWE	2019	4345791729.181917	BEA_income	all_groups									
SWE	2020	2486090137.4344945	BEA_income	all_groups									
SWE	2021		BEA_income	all_groups									
SWZ	2004		BEA_income	all_groups									
SWZ	2005		BEA_income	all_groups									
SWZ	2006		BEA_income	all_groups									
SWZ	2007		BEA_income	all_groups									
SWZ	2008		BEA_income	all_groups									
SWZ	2009		BEA_income	all_groups									
SWZ	2010		BEA_income	all_groups									
SWZ	2011		BEA_income	all_groups									
SWZ	2012		BEA_income	all_groups									
SWZ	2013		BEA_income	all_groups									
SWZ	2014		BEA_income	all_groups									
SWZ	2015		BEA_income	all_groups									
SWZ	2016		BEA_income	all_groups									
SWZ	2017		BEA_income	all_groups									
SWZ	2018		BEA_income	all_groups									
SWZ	2019		BEA_income	all_groups									
SWZ	2020		BEA_income	all_groups									
SWZ	2021		BEA_income	all_groups									
SXM	2011		BEA_income	all_groups									
SXM	2012		BEA_income	all_groups									
SXM	2013		BEA_income	all_groups									
SXM	2014		BEA_income	all_groups									
SXM	2015		BEA_income	all_groups									
SXM	2016		BEA_income	all_groups									
SXM	2017		BEA_income	all_groups									
SXM	2018		BEA_income	all_groups									
SXM	2019		BEA_income	all_groups									
SXM	2020		BEA_income	all_groups									
SXM	2021		BEA_income	all_groups									
SYC	2004		BEA_income	all_groups									
SYC	2005		BEA_income	all_groups									
SYC	2006		BEA_income	all_groups									
SYC	2007		BEA_income	all_groups									
SYC	2008		BEA_income	all_groups									
SYC	2009		BEA_income	all_groups									
SYC	2010		BEA_income	all_groups									
SYC	2011		BEA_income	all_groups									
SYC	2012		BEA_income	all_groups									
SYC	2013		BEA_income	all_groups									
SYC	2014		BEA_income	all_groups									
SYC	2015		BEA_income	all_groups									
SYC	2016		BEA_income	all_groups									
SYC	2017		BEA_income	all_groups									
SYC	2018		BEA_income	all_groups									
SYC	2019		BEA_income	all_groups									
SYC	2020		BEA_income	all_groups									
SYC	2021		BEA_income	all_groups									
SYR	2004		BEA_income	all_groups									
SYR	2005		BEA_income	all_groups									
SYR	2006		BEA_income	all_groups									
SYR	2007		BEA_income	all_groups									
SYR	2008		BEA_income	all_groups									
SYR	2009		BEA_income	all_groups									
SYR	2010		BEA_income	all_groups									
SYR	2011		BEA_income	all_groups									
SYR	2012		BEA_income	all_groups									
SYR	2013		BEA_income	all_groups									
SYR	2014		BEA_income	all_groups									
SYR	2015		BEA_income	all_groups									
SYR	2016		BEA_income	all_groups									
SYR	2017		BEA_income	all_groups									
SYR	2018		BEA_income	all_groups									
TCD	2004		BEA_income	all_groups									
TCD	2005		BEA_income	all_groups									
TCD	2006		BEA_income	all_groups									
TCD	2007		BEA_income	all_groups									
TCD	2008		BEA_income	all_groups									
TCD	2009		BEA_income	all_groups									
TCD	2010		BEA_income	all_groups									
TCD	2011		BEA_income	all_groups									
TCD	2012		BEA_income	all_groups									
TCD	2013		BEA_income	all_groups									
TCD	2014		BEA_income	all_groups									
TCD	2015		BEA_income	all_groups									
TCD	2016		BEA_income	all_groups									
TCD	2017		BEA_income	all_groups									
TCD	2018		BEA_income	all_groups									
TCD	2019		BEA_income	all_groups									
TCD	2020		BEA_income	all_groups									
TCD	2021		BEA_income	all_groups									
TGO	2004		BEA_income	all_groups									
TGO	2005		BEA_income	all_groups									
TGO	2006		BEA_income	all_groups									
TGO	2007		BEA_income	all_groups									
TGO	2008		BEA_income	all_groups									
TGO	2009		BEA_income	all_groups									
TGO	2010		BEA_income	all_groups									
TGO	2011		BEA_income	all_groups									
TGO	2012		BEA_income	all_groups									
TGO	2013		BEA_income	all_groups									
TGO	2014		BEA_income	all_groups									
TGO	2015		BEA_income	all_groups									
TGO	2016		BEA_income	all_groups									
TGO	2017		BEA_income	all_groups									
TGO	2018		BEA_income	all_groups									
TGO	2019		BEA_income	all_groups									
TGO	2020		BEA_income	all_groups									
TGO	2021		BEA_income	all_groups									
THA	2004	2639138307.9072723	BEA_income	all_groups									
THA	2005	2880855225.0801654	BEA_income	all_groups									
THA	2006	3443472297.1148763	BEA_income	all_groups									
THA	2007	3586027916.300944	BEA_income	all_groups									
THA	2008	3981619971.1014304	BEA_income	all_groups									
THA	2009	3488816387.164015	BEA_income	all_groups									
THA	2010	4987177359.148557	BEA_income	all_groups									
THA	2011	3355751314.171534	BEA_income	all_groups									
THA	2012	3563233403.0254364	BEA_income	all_groups									
THA	2013	3176625410.972417	BEA_income	all_groups									
THA	2014	1666961569.5656416	BEA_income	all_groups									
THA	2015	2277178633.273022	BEA_income	all_groups									
THA	2016	2423573655.4227276	BEA_income	all_groups									
THA	2017	3268343489.5414224	BEA_income	all_groups									
THA	2018	2682817023.4260855	BEA_income	all_groups									
THA	2019	2528590356.4963264	BEA_income	all_groups									
THA	2020	1402489205.8005304	BEA_income	all_groups									
THA	2021		BEA_income	all_groups									
TJK	2004		BEA_income	all_groups									
TJK	2005		BEA_income	all_groups									
TJK	2006		BEA_income	all_groups									
TJK	2007		BEA_income	all_groups									
TJK	2008		BEA_income	all_groups									
TJK	2014		BEA_income	all_groups									
TJK	2015		BEA_income	all_groups									
TJK	2016		BEA_income	all_groups									
TJK	2017		BEA_income	all_groups									
TJK	2018		BEA_income	all_groups									
TJK	2019		BEA_income	all_groups									
TJK	2020		BEA_income	all_groups									
TJK	2021		BEA_income	all_groups									
TKM	2004		BEA_income	all_groups									
TKM	2005		BEA_income	all_groups									
TKM	2006		BEA_income	all_groups									
TKM	2007		BEA_income	all_groups									
TKM	2008		BEA_income	all_groups									
TKM	2009		BEA_income	all_groups									
TKM	2010		BEA_income	all_groups									
TKM	2011		BEA_income	all_groups									
TKM	2012		BEA_income	all_groups									
TKM	2013		BEA_income	all_groups									
TKM	2014		BEA_income	all_groups									
TKM	2015		BEA_income	all_groups									
TKM	2016		BEA_income	all_groups									
TKM	2017		BEA_income	all_groups									
TKM	2018		BEA_income	all_groups									
TKM	2019		BEA_income	all_groups									
TKM	2020		BEA_income	all_groups									
TKM	2021		BEA_income	all_groups									
TLS	2004		BEA_income	all_groups									
TLS	2005		BEA_income	all_groups									
TLS	2006		BEA_income	all_groups									
TLS	2007		BEA_income	all_groups									
TLS	2008		BEA_income	all_groups									
TLS	2009		BEA_income	all_groups									
TLS	2010		BEA_income	all_groups									
TLS	2011		BEA_income	all_groups									
TLS	2012		BEA_income	all_groups									
TLS	2013		BEA_income	all_groups									
TON	2004		BEA_income	all_groups									
TON	2005		BEA_income	all_groups									
TON	2006		BEA_income	all_groups									
TON	2007		BEA_income	all_groups									
TON	2008		BEA_income	all_groups									
TTO	2004		BEA_income	all_groups									
TTO	2005		BEA_income	all_groups									
TTO	2006		BEA_income	all_groups									
TTO	2007		BEA_income	all_groups									
TTO	2008		BEA_income	all_groups									
TTO	2009		BEA_income	all_groups									
TTO	2010		BEA_income	all_groups									
TTO	2011		BEA_income	all_groups									
TTO	2012		BEA_income	all_groups									
TTO	2013		BEA_income	all_groups									
TTO	2014		BEA_income	all_groups									
TTO	2015		BEA_income	all_groups									
TTO	2016		BEA_income	all_groups									
TTO	2017		BEA_income	all_groups									
TTO	2018		BEA_income	all_groups									
TTO	2019		BEA_income	all_groups									
TTO	2020		BEA_income	all_groups									
TTO	2021		BEA_income	all_groups									
TUN	2004		BEA_income	all_groups									
TUN	2005		BEA_income	all_groups									
TUN	2006		BEA_income	all_groups									
TUN	2007		BEA_income	all_groups									
TUN	2008		BEA_income	all_groups									
TUN	2009		BEA_income	all_groups									
TUN	2010		BEA_income	all_groups									
TUN	2011		BEA_income	all_groups									
TUN	2012		BEA_income	all_groups									
TUN	2013		BEA_income	all_groups									
TUN	2014		BEA_income	all_groups									
TUN	2015		BEA_income	all_groups									
TUN	2016		BEA_income	all_groups									
TUN	2017		BEA_income	all_groups									
TUN	2018		BEA_income	all_groups									
TUN	2019		BEA_income	all_groups									
TUN	2020		BEA_income	all_groups									
TUN	2021		BEA_income	all_groups									
TUR	2004	295295397.41496575	BEA_income	all_groups									
TUR	2005	428674508.10431236	BEA_income	all_groups									
TUR	2006	846722354.7483175	BEA_income	all_groups									
TUR	2007	1322233895.7337754	BEA_income	all_groups									
TUR	2008	873668455.3929658	BEA_income	all_groups									
TUR	2009	428289353.84274834	BEA_income	all_groups									
TUR	2010	814066902.125861	BEA_income	all_groups									
TUR	2011	507985363.9375619	BEA_income	all_groups									
TUR	2012	365381545.7543935	BEA_income	all_groups									
TUR	2013	434054096.15527105	BEA_income	all_groups									
TUR	2014	653611071.349446	BEA_income	all_groups									
TUR	2015	657402789.4726108	BEA_income	all_groups									
TUR	2016	571453156.6470431	BEA_income	all_groups									
TUR	2017	949565587.4019127	BEA_income	all_groups									
TUR	2018	866677651.7582173	BEA_income	all_groups									
TUR	2019	853055271.417745	BEA_income	all_groups									
TUR	2020	334368287.4756232	BEA_income	all_groups									
TUR	2021		BEA_income	all_groups									
TUV	2004		BEA_income	all_groups									
TUV	2005		BEA_income	all_groups									
TUV	2006		BEA_income	all_groups									
TUV	2007		BEA_income	all_groups									
TUV	2008		BEA_income	all_groups									
TUV	2009		BEA_income	all_groups									
TUV	2010		BEA_income	all_groups									
TUV	2011		BEA_income	all_groups									
TUV	2012		BEA_income	all_groups									
TUV	2013		BEA_income	all_groups									
TWN	2004	2627820365.8460717	BEA_income	all_groups									
TWN	2005	2575094497.7356205	BEA_income	all_groups									
TWN	2006	2639187100.957763	BEA_income	all_groups									
TWN	2007	2679902849.929023	BEA_income	all_groups									
TWN	2008	2151269371.6223087	BEA_income	all_groups									
TWN	2009	1959065178.3429062	BEA_income	all_groups									
TWN	2010	2887902335.291492	BEA_income	all_groups									
TWN	2011	2765472321.276087	BEA_income	all_groups									
TWN	2012	2452839903.253728	BEA_income	all_groups									
TWN	2013	1754513746.9882853	BEA_income	all_groups									
TWN	2014	1916245792.1268256	BEA_income	all_groups									
TWN	2015	1667238103.5626428	BEA_income	all_groups									
TWN	2016	1865386375.6264195	BEA_income	all_groups									
TWN	2017	2035950302.4509828	BEA_income	all_groups									
TWN	2018	2025654605.8782861	BEA_income	all_groups									
TWN	2019	1715283180.1625626	BEA_income	all_groups									
TWN	2020	1431385230.6441028	BEA_income	all_groups									
TWN	2021		BEA_income	all_groups									
TZA	2004		BEA_income	all_groups									
TZA	2005		BEA_income	all_groups									
TZA	2006		BEA_income	all_groups									
TZA	2007		BEA_income	all_groups									
TZA	2008		BEA_income	all_groups									
TZA	2009		BEA_income	all_groups									
TZA	2010		BEA_income	all_groups									
TZA	2011		BEA_income	all_groups									
TZA	2012		BEA_income	all_groups									
TZA	2013		BEA_income	all_groups									
TZA	2014		BEA_income	all_groups									
TZA	2015		BEA_income	all_groups									
TZA	2016		BEA_income	all_groups									
TZA	2017		BEA_income	all_groups									
TZA	2018		BEA_income	all_groups									
TZA	2019		BEA_income	all_groups									
TZA	2020		BEA_income	all_groups									
TZA	2021		BEA_income	all_groups									
UGA	2004		BEA_income	all_groups									
UGA	2005		BEA_income	all_groups									
UGA	2006		BEA_income	all_groups									
UGA	2007		BEA_income	all_groups									
UGA	2008		BEA_income	all_groups									
UGA	2009		BEA_income	all_groups									
UGA	2010		BEA_income	all_groups									
UGA	2011		BEA_income	all_groups									
UGA	2012		BEA_income	all_groups									
UGA	2013		BEA_income	all_groups									
UGA	2014		BEA_income	all_groups									
UGA	2015		BEA_income	all_groups									
UGA	2016		BEA_income	all_groups									
UGA	2017		BEA_income	all_groups									
UGA	2018		BEA_income	all_groups									
UGA	2019		BEA_income	all_groups									
UGA	2020		BEA_income	all_groups									
UGA	2021		BEA_income	all_groups									
UKR	2004		BEA_income	all_groups									
UKR	2005		BEA_income	all_groups									
UKR	2006		BEA_income	all_groups									
UKR	2007		BEA_income	all_groups									
UKR	2008		BEA_income	all_groups									
UKR	2009		BEA_income	all_groups									
UKR	2010		BEA_income	all_groups									
UKR	2011		BEA_income	all_groups									
UKR	2012		BEA_income	all_groups									
UKR	2013		BEA_income	all_groups									
UKR	2014		BEA_income	all_groups									
UKR	2015		BEA_income	all_groups									
UKR	2016		BEA_income	all_groups									
UKR	2017		BEA_income	all_groups									
UKR	2018		BEA_income	all_groups									
UKR	2019		BEA_income	all_groups									
UKR	2020		BEA_income	all_groups									
UKR	2021		BEA_income	all_groups									
UK_Caribbean	2004	7637553083.663034	BEA_income	all_groups									
UK_Caribbean	2005	9757932049.40764	BEA_income	all_groups									
UK_Caribbean	2006	5523903476.62178	BEA_income	all_groups									
UK_Caribbean	2007	11248099985.912899	BEA_income	all_groups									
UK_Caribbean	2008	13940225528.11256	BEA_income	all_groups									
UK_Caribbean	2009	17783229725.585503	BEA_income	all_groups									
UK_Caribbean	2010	21102649270.35763	BEA_income	all_groups									
UK_Caribbean	2011	20837559628.71879	BEA_income	all_groups									
UK_Caribbean	2012	24788949661.26465	BEA_income	all_groups									
UK_Caribbean	2013	20672969914.542732	BEA_income	all_groups									
UK_Caribbean	2014	25369229722.842453	BEA_income	all_groups									
UK_Caribbean	2015	24455181801.318302	BEA_income	all_groups									
UK_Caribbean	2016	26389910864.373543	BEA_income	all_groups									
UK_Caribbean	2017	33166385995.243366	BEA_income	all_groups									
UK_Caribbean	2018	35939527858.58221	BEA_income	all_groups									
UK_Caribbean	2019	35169929875.84653	BEA_income	all_groups									
UK_Caribbean	2020	29978593774.319065	BEA_income	all_groups									
UK_Caribbean	2021		BEA_income	all_groups									
URY	2004		BEA_income	all_groups									
URY	2005		BEA_income	all_groups									
URY	2006		BEA_income	all_groups									
URY	2007		BEA_income	all_groups									
URY	2008		BEA_income	all_groups									
URY	2009		BEA_income	all_groups									
URY	2010		BEA_income	all_groups									
URY	2011		BEA_income	all_groups									
URY	2012		BEA_income	all_groups									
URY	2013		BEA_income	all_groups									
URY	2014		BEA_income	all_groups									
URY	2015		BEA_income	all_groups									
URY	2016		BEA_income	all_groups									
URY	2017		BEA_income	all_groups									
URY	2018		BEA_income	all_groups									
URY	2019		BEA_income	all_groups									
URY	2020		BEA_income	all_groups									
URY	2021		BEA_income	all_groups									
UZB	2004		BEA_income	all_groups									
UZB	2005		BEA_income	all_groups									
UZB	2006		BEA_income	all_groups									
UZB	2007		BEA_income	all_groups									
UZB	2008		BEA_income	all_groups									
UZB	2009		BEA_income	all_groups									
UZB	2010		BEA_income	all_groups									
UZB	2011		BEA_income	all_groups									
UZB	2012		BEA_income	all_groups									
UZB	2013		BEA_income	all_groups									
UZB	2014		BEA_income	all_groups									
UZB	2015		BEA_income	all_groups									
UZB	2016		BEA_income	all_groups									
UZB	2017		BEA_income	all_groups									
UZB	2018		BEA_income	all_groups									
UZB	2019		BEA_income	all_groups									
UZB	2020		BEA_income	all_groups									
UZB	2021		BEA_income	all_groups									
VCT	2004		BEA_income	all_groups									
VCT	2005		BEA_income	all_groups									
VCT	2006		BEA_income	all_groups									
VCT	2007		BEA_income	all_groups									
VCT	2008		BEA_income	all_groups									
VCT	2009		BEA_income	all_groups									
VCT	2010		BEA_income	all_groups									
VCT	2011		BEA_income	all_groups									
VCT	2012		BEA_income	all_groups									
VCT	2013		BEA_income	all_groups									
VCT	2014		BEA_income	all_groups									
VCT	2015		BEA_income	all_groups									
VCT	2016		BEA_income	all_groups									
VCT	2017		BEA_income	all_groups									
VCT	2018		BEA_income	all_groups									
VCT	2019		BEA_income	all_groups									
VCT	2020		BEA_income	all_groups									
VCT	2021		BEA_income	all_groups									
VEN	2004	2437473158.4531493	BEA_income	all_groups									
VEN	2005	2727466953.222935	BEA_income	all_groups									
VEN	2006	3638481144.9268394	BEA_income	all_groups									
VEN	2007	1874008377.4909787	BEA_income	all_groups									
VEN	2008	3297263220.4112277	BEA_income	all_groups									
VEN	2009	2736748478.741581	BEA_income	all_groups									
VEN	2010	2459499628.0477576	BEA_income	all_groups									
VEN	2011	2943267198.654234	BEA_income	all_groups									
VEN	2012	2845701398.131711	BEA_income	all_groups									
VEN	2013	2284120735.5056067	BEA_income	all_groups									
VEN	2014	1668988270.562074	BEA_income	all_groups									
VEN	2015	1427907134.123305	BEA_income	all_groups									
VEN	2016	-234703975.05146417	BEA_income	all_groups									
VEN	2017	22462841.852518365	BEA_income	all_groups									
VEN	2018	353620834.3258764	BEA_income	all_groups									
VEN	2019	-160011562.2611541	BEA_income	all_groups									
VEN	2020	33024028.39265414	BEA_income	all_groups									
VEN	2021		BEA_income	all_groups									
VNM	2004		BEA_income	all_groups									
VNM	2005		BEA_income	all_groups									
VNM	2006		BEA_income	all_groups									
VNM	2007		BEA_income	all_groups									
VNM	2008		BEA_income	all_groups									
VNM	2009		BEA_income	all_groups									
VNM	2010		BEA_income	all_groups									
VNM	2011		BEA_income	all_groups									
VNM	2012		BEA_income	all_groups									
VNM	2013		BEA_income	all_groups									
VNM	2014		BEA_income	all_groups									
VNM	2015		BEA_income	all_groups									
VNM	2016		BEA_income	all_groups									
VNM	2017		BEA_income	all_groups									
VNM	2018		BEA_income	all_groups									
VNM	2019		BEA_income	all_groups									
VNM	2020		BEA_income	all_groups									
VNM	2021		BEA_income	all_groups									
VUT	2004		BEA_income	all_groups									
VUT	2005		BEA_income	all_groups									
VUT	2006		BEA_income	all_groups									
VUT	2007		BEA_income	all_groups									
VUT	2008		BEA_income	all_groups									
VUT	2009		BEA_income	all_groups									
VUT	2010		BEA_income	all_groups									
VUT	2011		BEA_income	all_groups									
VUT	2012		BEA_income	all_groups									
VUT	2013		BEA_income	all_groups									
VUT	2014		BEA_income	all_groups									
VUT	2015		BEA_income	all_groups									
VUT	2016		BEA_income	all_groups									
VUT	2017		BEA_income	all_groups									
VUT	2018		BEA_income	all_groups									
WSM	2004		BEA_income	all_groups									
WSM	2005		BEA_income	all_groups									
WSM	2006		BEA_income	all_groups									
WSM	2007		BEA_income	all_groups									
WSM	2008		BEA_income	all_groups									
WSM	2009		BEA_income	all_groups									
WSM	2010		BEA_income	all_groups									
WSM	2011		BEA_income	all_groups									
WSM	2012		BEA_income	all_groups									
WSM	2013		BEA_income	all_groups									
WSM	2014		BEA_income	all_groups									
WSM	2015		BEA_income	all_groups									
WSM	2016		BEA_income	all_groups									
WSM	2017		BEA_income	all_groups									
WSM	2018		BEA_income	all_groups									
WSM	2019		BEA_income	all_groups									
WSM	2020		BEA_income	all_groups									
WSM	2021		BEA_income	all_groups									
XKX	2016		BEA_income	all_groups									
XKX	2017		BEA_income	all_groups									
XKX	2018		BEA_income	all_groups									
XKX	2019		BEA_income	all_groups									
XKX	2020		BEA_income	all_groups									
XKX	2021		BEA_income	all_groups									
YEM	2004		BEA_income	all_groups									
YEM	2005		BEA_income	all_groups									
YEM	2006		BEA_income	all_groups									
YEM	2007		BEA_income	all_groups									
YEM	2008		BEA_income	all_groups									
YEM	2009		BEA_income	all_groups									
YEM	2010		BEA_income	all_groups									
YEM	2011		BEA_income	all_groups									
YEM	2012		BEA_income	all_groups									
YEM	2013		BEA_income	all_groups									
YEM	2014		BEA_income	all_groups									
YEM	2015		BEA_income	all_groups									
YEM	2016		BEA_income	all_groups									
YEM	2017		BEA_income	all_groups									
YEM	2018		BEA_income	all_groups									
YEM	2019		BEA_income	all_groups									
YEM	2020		BEA_income	all_groups									
YEM	2021		BEA_income	all_groups									
ZAF	2004	1098869283.760221	BEA_income	all_groups									
ZAF	2005	1917861306.4003358	BEA_income	all_groups									
ZAF	2006	1951098886.6575193	BEA_income	all_groups									
ZAF	2007	2114966775.028987	BEA_income	all_groups									
ZAF	2008	466698908.38488674	BEA_income	all_groups									
ZAF	2009	1516431204.993463	BEA_income	all_groups									
ZAF	2010	1123412324.9336882	BEA_income	all_groups									
ZAF	2011	1013938786.4193735	BEA_income	all_groups									
ZAF	2012	1044238066.6964004	BEA_income	all_groups									
ZAF	2013	967727165.198637	BEA_income	all_groups									
ZAF	2014	950522767.3267914	BEA_income	all_groups									
ZAF	2015	743238791.1702635	BEA_income	all_groups									
ZAF	2016	580637225.2360135	BEA_income	all_groups									
ZAF	2017	962839084.860219	BEA_income	all_groups									
ZAF	2018	886096136.8801584	BEA_income	all_groups									
ZAF	2019	856112817.1934358	BEA_income	all_groups									
ZAF	2020	702792604.2311709	BEA_income	all_groups									
ZAF	2021		BEA_income	all_groups									
ZMB	2004		BEA_income	all_groups									
ZMB	2005		BEA_income	all_groups									
ZMB	2006		BEA_income	all_groups									
ZMB	2007		BEA_income	all_groups									
ZMB	2008		BEA_income	all_groups									
ZMB	2009		BEA_income	all_groups									
ZMB	2010		BEA_income	all_groups									
ZMB	2011		BEA_income	all_groups									
ZMB	2012		BEA_income	all_groups									
ZMB	2013		BEA_income	all_groups									
ZMB	2014		BEA_income	all_groups									
ZMB	2015		BEA_income	all_groups									
ZMB	2016		BEA_income	all_groups									
ZMB	2017		BEA_income	all_groups									
ZMB	2018		BEA_income	all_groups									
ZMB	2019		BEA_income	all_groups									
ZMB	2020		BEA_income	all_groups									
ZMB	2021		BEA_income	all_groups									
ZWE	2004		BEA_income	all_groups									
ZWE	2005		BEA_income	all_groups									
ZWE	2006		BEA_income	all_groups									
ZWE	2007		BEA_income	all_groups									
ZWE	2008		BEA_income	all_groups									
ZWE	2009		BEA_income	all_groups									
ZWE	2010		BEA_income	all_groups									
ZWE	2011		BEA_income	all_groups									
ZWE	2012		BEA_income	all_groups									
ZWE	2013		BEA_income	all_groups									
ZWE	2014		BEA_income	all_groups									
ZWE	2015		BEA_income	all_groups									
ZWE	2016		BEA_income	all_groups									
ZWE	2017		BEA_income	all_groups									
ZWE	2018		BEA_income	all_groups									
ZWE	2019		BEA_income	all_groups									
ZWE	2020		BEA_income	all_groups									
ZWE	2021		BEA_income	all_groups									
USA	2004	501374000000.0	BEA_income	all_groups									
USA	2005	577749000000.0	BEA_income	all_groups									
USA	2006	671005000000.0	BEA_income	all_groups									
USA	2007	634172000000.0	BEA_income	all_groups									
USA	2008	493292000000.0	BEA_income	all_groups									
USA	2009	478896000000.0	BEA_income	all_groups									
USA	2010	705057000000.0	BEA_income	all_groups									
USA	2011	846797000000.0	BEA_income	all_groups									
USA	2012	842024000000.0	BEA_income	all_groups									
USA	2013	1019150000000.0	BEA_income	all_groups									
USA	2014	1124857000000.0	BEA_income	all_groups									
USA	2015	1043510000000.0	BEA_income	all_groups									
USA	2016	1032917000000.0	BEA_income	all_groups									
USA	2017	978191000000.0	BEA_income	all_groups									
USA	2018	1202740000000.0	BEA_income	all_groups									
USA	2019	1139434000000.0	BEA_income	all_groups									
USA	2020	817256000000.0	BEA_income	all_groups									
USA	2021	1738953000000.0	BEA_income	all_groups									
ABW	2004		BEA_return	all_groups	1600.0	90000000.0	2353000000.0	714000000.0					
ABW	2005		BEA_return	all_groups	2200.0	98000000.0	2400000000.0						
ABW	2006		BEA_return	all_groups	2200.0	99000000.0							
ABW	2007		BEA_return	all_groups	2200.0	111000000.0							
ABW	2008		BEA_return	all_groups	2100.0	107000000.0							
ABW	2009		BEA_return	all_groups	2400.0	105000000.0	2560000000.0	1057000000.0					
ABW	2010		BEA_return	all_groups	2500.0	114000000.0	2474000000.0	1048000000.0					
ABW	2011		BEA_return	all_groups	2400.0	113000000.0	2634000000.0	1060000000.0					
ABW	2012		BEA_return	all_groups	2200.0	151000000.0	942000000.0	217000000.0					
ABW	2013		BEA_return	all_groups	2000.0	72000000.0	1097000000.0	223000000.0					
ABW	2014		BEA_return	all_groups	3100.0	131000000.0	2217000000.0	447000000.0					
ABW	2015		BEA_return	all_groups	2800.0	120000000.0	2062000000.0	477000000.0					
ABW	2016		BEA_return	all_groups	2800.0	113000000.0	2285000000.0	471000000.0					
ABW	2017		BEA_return	all_groups	2700.0	104000000.0	1995000000.0	387000000.0					
ABW	2018		BEA_return	all_groups	2000.0	77000000.0	1461000000.0	315000000.0					
ABW	2019		BEA_return	all_groups	2500.0	85000000.0	1487000000.0	381000000.0					
ABW	2020		BEA_return	all_groups	2300.0	71000000.0	1744000000.0	347000000.0					
ABW	2021		BEA_return	all_groups	2300.0	84000000.0	1744000000.0	329000000.0					
AFG	2004		BEA_return	all_groups	0.0	0.0							
AFG	2005		BEA_return	all_groups	0.0	0.0							
AFG	2006		BEA_return	all_groups	0.0	0.0							
AFG	2007		BEA_return	all_groups	0.0	0.0							
AFG	2008		BEA_return	all_groups	0.0	0.0							
AFG	2009		BEA_return	all_groups			4000000.0	1000000.0					
AFG	2010		BEA_return	all_groups			4000000.0	1000000.0					
AFG	2011		BEA_return	all_groups			4000000.0	1000000.0					
AFG	2012		BEA_return	all_groups			4000000.0	1000000.0					
AFG	2013		BEA_return	all_groups			4000000.0	1000000.0					
AFG	2014		BEA_return	all_groups	500.0	7000000.0		3000000.0					
AFG	2015		BEA_return	all_groups	500.0	7000000.0		3000000.0					
AFG	2016		BEA_return	all_groups	900.0	9000000.0		3000000.0					
AFG	2017		BEA_return	all_groups	900.0	9000000.0		3000000.0					
AFG	2018		BEA_return	all_groups	900.0	9000000.0		3000000.0					
AFG	2019		BEA_return	all_groups	2300.0	17000000.0	125000000.0						
AFG	2020		BEA_return	all_groups	2300.0	16000000.0	130000000.0	37000000.0					
AFG	2021		BEA_return	all_groups	2100.0	14000000.0	120000000.0	29000000.0					
AGO	2004		BEA_return	all_groups	4200.0	185000000.0							
AGO	2005		BEA_return	all_groups	4300.0	229000000.0							
AGO	2006		BEA_return	all_groups	5700.0	339000000.0	19893000000.0						
AGO	2007		BEA_return	all_groups	6100.0	358000000.0							
AGO	2008		BEA_return	all_groups	5600.0	417000000.0							
AGO	2009		BEA_return	all_groups	5700.0	467000000.0	42358000000.0	15030000000.0					
AGO	2010		BEA_return	all_groups	6000.0	587000000.0		16407000000.0					
AGO	2011		BEA_return	all_groups	5900.0	612000000.0							
AGO	2012		BEA_return	all_groups	6500.0	698000000.0	50061000000.0						
AGO	2013		BEA_return	all_groups	6300.0	771000000.0	56122000000.0	17411000000.0					
AGO	2014		BEA_return	all_groups	6900.0	791000000.0	60504000000.0	20274000000.0					
AGO	2015		BEA_return	all_groups	6200.0	718000000.0	57917000000.0						
AGO	2016		BEA_return	all_groups	5500.0	658000000.0							
AGO	2017		BEA_return	all_groups	5100.0	605000000.0							
AGO	2018		BEA_return	all_groups	5200.0	559000000.0							
AGO	2019		BEA_return	all_groups	4300.0	549000000.0							
AGO	2020		BEA_return	all_groups	4000.0	545000000.0							
AGO	2021		BEA_return	all_groups	4100.0	517000000.0							
AIA	2004		BEA_return	all_groups		0.0	7000000.0	1000000.0					
AIA	2005		BEA_return	all_groups		0.0	7000000.0						
AIA	2006		BEA_return	all_groups		0.0	7000000.0						
AIA	2007		BEA_return	all_groups		0.0	7000000.0						
AIA	2008		BEA_return	all_groups		0.0	7000000.0						
AIA	2009		BEA_return	all_groups		1000000.0	5000000.0	3000000.0					
AIA	2010		BEA_return	all_groups		1000000.0	5000000.0	3000000.0					
AIA	2011		BEA_return	all_groups		1000000.0	5000000.0	3000000.0					
AIA	2012		BEA_return	all_groups		1000000.0	5000000.0	3000000.0					
AIA	2013		BEA_return	all_groups		1000000.0	5000000.0	3000000.0					
AIA	2014		BEA_return	all_groups	200.0	1000000.0	504000000.0	62000000.0					
AIA	2015		BEA_return	all_groups	200.0	1000000.0	236000000.0	62000000.0					
AIA	2016		BEA_return	all_groups	200.0	1000000.0	353000000.0	60000000.0					
AIA	2017		BEA_return	all_groups	200.0	1000000.0	443000000.0	59000000.0					
AIA	2018		BEA_return	all_groups	200.0	1000000.0	539000000.0	61000000.0					
AIA	2019		BEA_return	all_groups	200.0	1000000.0	304000000.0						
AIA	2020		BEA_return	all_groups	200.0	1000000.0	308000000.0						
AIA	2021		BEA_return	all_groups	200.0	1000000.0	190000000.0						
ALB	2004		BEA_return	all_groups			2000000.0						
ALB	2005		BEA_return	all_groups			2000000.0						
ALB	2006		BEA_return	all_groups			2000000.0						
ALB	2007		BEA_return	all_groups									
ALB	2008		BEA_return	all_groups									
ALB	2009		BEA_return	all_groups				1000000.0					
ALB	2010		BEA_return	all_groups				1000000.0					
ALB	2011		BEA_return	all_groups				1000000.0					
ALB	2012		BEA_return	all_groups				1000000.0					
ALB	2013		BEA_return	all_groups				1000000.0					
ALB	2014		BEA_return	all_groups	300.0	7000000.0	42000000.0	5000000.0					
ALB	2015		BEA_return	all_groups	300.0	7000000.0		5000000.0					
ALB	2016		BEA_return	all_groups		7000000.0	43000000.0	5000000.0					
ALB	2017		BEA_return	all_groups		7000000.0	45000000.0	5000000.0					
ALB	2018		BEA_return	all_groups	300.0	7000000.0	46000000.0	5000000.0					
ALB	2019		BEA_return	all_groups	200.0	9000000.0	98000000.0	24000000.0					
ALB	2020		BEA_return	all_groups	200.0	9000000.0	99000000.0	24000000.0					
ALB	2021		BEA_return	all_groups	200.0	9000000.0	102000000.0	24000000.0					
AND	2004		BEA_return	all_groups			1000000.0						
AND	2005		BEA_return	all_groups			1000000.0						
AND	2006		BEA_return	all_groups			1000000.0						
AND	2007		BEA_return	all_groups			1000000.0						
AND	2008		BEA_return	all_groups			1000000.0						
AND	2009		BEA_return	all_groups		2000000.0							
AND	2010		BEA_return	all_groups		2000000.0							
AND	2011		BEA_return	all_groups		2000000.0							
AND	2012		BEA_return	all_groups		2000000.0							
AND	2013		BEA_return	all_groups		2000000.0							
AND	2019		BEA_return	all_groups	0.0	0.0		1000000.0					
AND	2020		BEA_return	all_groups	0.0	0.0		1000000.0					
AND	2021		BEA_return	all_groups	0.0	0.0		1000000.0					
ANT	2004		BEA_return	all_groups									
ANT	2005		BEA_return	all_groups			85454000000.0						
ANT	2006		BEA_return	all_groups									
ANT	2007		BEA_return	all_groups									
ANT	2008		BEA_return	all_groups									
ANT	2009		BEA_return	all_groups	1200.0	41000000.0	166113000000.0	343000000.0					
ANT	2010		BEA_return	all_groups	1200.0	42000000.0	98561000000.0	409000000.0					
ARE	2004	702000000.0	BEA_return	all_groups	10100.0	381000000.0			359000000.0			30000000.0	0.5113960113960114
ARE	2005	60000000.0	BEA_return	all_groups	11200.0	386000000.0	10085000000.0		-266000000.0			36000000.0	-4.433333333333334
ARE	2006		BEA_return	all_groups	8900.0	426000000.0			992000000.0			19000000.0	
ARE	2007	3052000000.0	BEA_return	all_groups	10500.0	502000000.0	12348000000.0						
ARE	2008		BEA_return	all_groups	12900.0	624000000.0						-41000000.0	
ARE	2009	3027000000.0	BEA_return	all_groups	18800.0	1110000000.0	16478000000.0	2315000000.0					
ARE	2010	3754000000.0	BEA_return	all_groups	19800.0	1169000000.0	19151000000.0	2510000000.0					
ARE	2011	9560000000.0	BEA_return	all_groups	21500.0	1397000000.0	24205000000.0	3581000000.0					
ARE	2012	10866000000.0	BEA_return	all_groups	23300.0	1471000000.0	30469000000.0	4822000000.0					
ARE	2013	11193000000.0	BEA_return	all_groups	24000.0	1642000000.0	34564000000.0	6617000000.0				-105000000.0	
ARE	2014	7334000000.0	BEA_return	all_groups	28400.0	2002000000.0	40884000000.0	7433000000.0				-3000000.0	
ARE	2015	4888000000.0	BEA_return	all_groups	29000.0	2268000000.0	45108000000.0	9126000000.0					
ARE	2016	3781000000.0	BEA_return	all_groups	28200.0	2542000000.0	45389000000.0	9040000000.0	2030000000.0				0.5368950013224015
ARE	2017	5202000000.0	BEA_return	all_groups	29900.0	2797000000.0	50459000000.0	9615000000.0					
ARE	2018	5774000000.0	BEA_return	all_groups	31600.0	2871000000.0	51968000000.0	10722000000.0					
ARE	2019	5134000000.0	BEA_return	all_groups	31800.0	3394000000.0	59420000000.0	11355000000.0		19206000000.0	27532000000.0		
ARE	2020	3711000000.0	BEA_return	all_groups	34700.0	3631000000.0	84774000000.0	11839000000.0		18773000000.0	25855000000.0	-1114000000.0	
ARE	2021	5803000000.0	BEA_return	all_groups	34300.0	3984000000.0	89107000000.0	11297000000.0		20683000000.0	30111000000.0		
ARG	2004	1814000000.0	BEA_return	all_groups	98800.0	1606000000.0	32396000000.0	12275000000.0	846000000.0			216000000.0	0.4663726571113561
ARG	2005	2526000000.0	BEA_return	all_groups	97900.0	1767000000.0	32822000000.0		568000000.0			207000000.0	0.22486144101346
ARG	2006	3554000000.0	BEA_return	all_groups	107800.0	2067000000.0	40416000000.0		1282000000.0			116000000.0	0.36072031513787284
ARG	2007	3447000000.0	BEA_return	all_groups	123500.0	2399000000.0	44301000000.0		1288000000.0			102000000.0	0.37365825355381493
ARG	2008	3457000000.0	BEA_return	all_groups	131700.0	2995000000.0	46299000000.0		1283000000.0			148000000.0	0.37113103847266415
ARG	2009	3559000000.0	BEA_return	all_groups	137100.0	3407000000.0	50196000000.0	17795000000.0	1432000000.0				0.4023602135431301
ARG	2010	5039000000.0	BEA_return	all_groups	141200.0	3936000000.0	58259000000.0	18807000000.0	1464000000.0			-106000000.0	0.290533836078587
ARG	2011	5440000000.0	BEA_return	all_groups	139000.0	4504000000.0	56710000000.0	17440000000.0	2301000000.0	37374000000.0	48511000000.0	-122000000.0	0.4229779411764706
ARG	2012	4560000000.0	BEA_return	all_groups	134300.0	5040000000.0	59451000000.0	17574000000.0	2155000000.0			-205000000.0	0.4725877192982456
ARG	2013	4324000000.0	BEA_return	all_groups	133900.0	5291000000.0	60406000000.0	17760000000.0	2313000000.0	38545000000.0	50140000000.0	-204000000.0	0.5349213691026827
ARG	2014	5181000000.0	BEA_return	all_groups	138100.0	5600000000.0	66597000000.0	18758000000.0				-35000000.0	
ARG	2015	4307000000.0	BEA_return	all_groups	136400.0	6133000000.0	68716000000.0	20019000000.0	2538000000.0	36298000000.0	45348000000.0	-159000000.0	0.5892732760622242
ARG	2016	3372000000.0	BEA_return	all_groups	131200.0	5518000000.0	67075000000.0	20263000000.0	1956000000.0	32643000000.0	41748000000.0	-216000000.0	0.5800711743772242
ARG	2017	4342000000.0	BEA_return	all_groups	133400.0	5774000000.0	66768000000.0	20731000000.0	834000000.0	33062000000.0	42486000000.0	-119000000.0	0.19207738369415017
ARG	2018	2658000000.0	BEA_return	all_groups	127500.0	4987000000.0	52636000000.0	10677000000.0	874000000.0	27761000000.0	38527000000.0	108000000.0	0.3288186606471031
ARG	2019	1551000000.0	BEA_return	all_groups	124600.0	4553000000.0	51231000000.0	10553000000.0		22230000000.0	34107000000.0	-120000000.0	
ARG	2020	408000000.0	BEA_return	all_groups	109900.0	4012000000.0	53114000000.0	10316000000.0	443000000.0	18363000000.0	28569000000.0	-95000000.0	1.0857843137254901
ARG	2021	2309000000.0	BEA_return	all_groups	101000.0	3789000000.0	53284000000.0	9787000000.0	665000000.0	20898000000.0	31565000000.0	-119000000.0	0.28800346470333477
ARM	2004		BEA_return	all_groups		3000000.0	6000000.0	1000000.0					
ARM	2005		BEA_return	all_groups		3000000.0	6000000.0						
ARM	2006		BEA_return	all_groups		3000000.0	6000000.0						
ARM	2007		BEA_return	all_groups		3000000.0	6000000.0						
ARM	2008		BEA_return	all_groups		3000000.0	6000000.0						
ARM	2009		BEA_return	all_groups		3000000.0	9000000.0	1000000.0					
ARM	2010		BEA_return	all_groups	400.0	3000000.0	9000000.0	1000000.0					
ARM	2011		BEA_return	all_groups	400.0	3000000.0	9000000.0	1000000.0					
ARM	2012		BEA_return	all_groups	400.0	3000000.0	9000000.0	1000000.0					
ARM	2013		BEA_return	all_groups	400.0	3000000.0	9000000.0	1000000.0					
ARM	2014		BEA_return	all_groups	1400.0	18000000.0	85000000.0	4000000.0					
ARM	2015		BEA_return	all_groups	1500.0	18000000.0	87000000.0	4000000.0					
ARM	2016		BEA_return	all_groups	1400.0	17000000.0	82000000.0	3000000.0					
ARM	2017		BEA_return	all_groups	1400.0	17000000.0	78000000.0	3000000.0					
ARM	2018		BEA_return	all_groups	1400.0	17000000.0	76000000.0	3000000.0					
ARM	2019		BEA_return	all_groups	1500.0	29000000.0	103000000.0	12000000.0					
ARM	2020		BEA_return	all_groups	1500.0	29000000.0	104000000.0	12000000.0					
ARM	2021		BEA_return	all_groups	1500.0	29000000.0	102000000.0	12000000.0					
ATG	2004		BEA_return	all_groups									
ATG	2005		BEA_return	all_groups	200.0	4000000.0	72000000.0						
ATG	2006		BEA_return	all_groups	100.0	3000000.0	43000000.0						
ATG	2007		BEA_return	all_groups									
ATG	2008		BEA_return	all_groups									
ATG	2009		BEA_return	all_groups		2000000.0	12000000.0	2000000.0					
ATG	2010		BEA_return	all_groups		2000000.0	12000000.0	2000000.0					
ATG	2011		BEA_return	all_groups		2000000.0	12000000.0	2000000.0					
ATG	2012		BEA_return	all_groups		2000000.0	12000000.0	2000000.0					
ATG	2013		BEA_return	all_groups		2000000.0	12000000.0	2000000.0					
ATG	2014		BEA_return	all_groups			11000000.0	1000000.0					
ATG	2015		BEA_return	all_groups			10000000.0	1000000.0					
ATG	2016		BEA_return	all_groups			10000000.0	1000000.0					
ATG	2017		BEA_return	all_groups			10000000.0	1000000.0					
ATG	2018		BEA_return	all_groups			10000000.0	1000000.0					
ATG	2019		BEA_return	all_groups			35000000.0						
ATG	2020		BEA_return	all_groups			35000000.0						
ATG	2021		BEA_return	all_groups			35000000.0						
AUS	2004	7438000000.0	BEA_return	all_groups	321800.0	14316000000.0	175583000000.0	32722000000.0	1485000000.0			-418000000.0	0.19965044366765258
AUS	2005	10364000000.0	BEA_return	all_groups	321900.0	16046000000.0	222551000000.0		1664000000.0			-1385000000.0	0.1605557699729834
AUS	2006	11317000000.0	BEA_return	all_groups	315000.0	16871000000.0	225696000000.0		3289000000.0			202000000.0	0.29062472386674915
AUS	2007	11958000000.0	BEA_return	all_groups	327900.0	19179000000.0	297057000000.0		3195000000.0			1260000000.0	0.2671851480180632
AUS	2008	13809000000.0	BEA_return	all_groups	318300.0	19756000000.0	282965000000.0		4097000000.0			2396000000.0	0.2966905641248461
AUS	2009	10200000000.0	BEA_return	all_groups	294600.0	19998000000.0	420953000000.0	54758000000.0	4009000000.0				0.39303921568627453
AUS	2010	16762000000.0	BEA_return	all_groups	290900.0	21876000000.0	494608000000.0	56337000000.0	3995000000.0	121906000000.0	142916000000.0	-591000000.0	0.2383367139959432
AUS	2011	20425000000.0	BEA_return	all_groups	305500.0	25062000000.0	566883000000.0	69937000000.0	4528000000.0	143496000000.0	167082000000.0	-171000000.0	0.2216891064871481
AUS	2012	16032000000.0	BEA_return	all_groups	308100.0	26863000000.0	573811000000.0	85123000000.0	4922000000.0	151427000000.0	175633000000.0	248000000.0	0.3070109780439122
AUS	2013	9418000000.0	BEA_return	all_groups	309400.0	27042000000.0	582424000000.0	94158000000.0	2455000000.0	147935000000.0	177503000000.0	184000000.0	0.2606710554257804
AUS	2014	14042000000.0	BEA_return	all_groups	343400.0	29666000000.0	677567000000.0	103415000000.0	3528000000.0	148353000000.0	174888000000.0	292000000.0	0.25124626121635096
AUS	2015	6108000000.0	BEA_return	all_groups	324800.0	26826000000.0	632314000000.0	79329000000.0	2224000000.0	123363000000.0	144327000000.0	911000000.0	0.36411263916175507
AUS	2016	3446000000.0	BEA_return	all_groups	310200.0	25798000000.0	690220000000.0	79618000000.0	1871000000.0	115428000000.0	135454000000.0	1392000000.0	0.5429483459082994
AUS	2017	7454000000.0	BEA_return	all_groups	322800.0	26421000000.0	761976000000.0	76889000000.0	2652000000.0	128833000000.0	149503000000.0	606000000.0	0.35578213039978535
AUS	2018	4228000000.0	BEA_return	all_groups	324400.0	26265000000.0	771662000000.0	75415000000.0	2915000000.0	139445000000.0	163071000000.0	-292000000.0	0.6894512771996215
AUS	2019	4908000000.0	BEA_return	all_groups	332000.0	26186000000.0	757933000000.0	74627000000.0	2958000000.0	137647000000.0	161888000000.0	-184000000.0	0.6026894865525673
AUS	2020	7622000000.0	BEA_return	all_groups	316100.0	25399000000.0	808803000000.0	72618000000.0	2617000000.0	127300000000.0	147878000000.0	-775000000.0	0.34334820257150356
AUS	2021	13018000000.0	BEA_return	all_groups	328100.0	27924000000.0	798964000000.0	73531000000.0	3606000000.0	157712000000.0	182120000000.0	-266000000.0	0.2770010754340144
AUT	2004	1260000000.0	BEA_return	all_groups	35600.0	2218000000.0	30078000000.0	3567000000.0	281000000.0			-70000000.0	0.22301587301587303
AUT	2005	1344000000.0	BEA_return	all_groups	40500.0	2603000000.0	36848000000.0		164000000.0			-61000000.0	0.12202380952380952
AUT	2006	1207000000.0	BEA_return	all_groups	40600.0	2758000000.0			220000000.0			-69000000.0	0.18227009113504558
AUT	2007	1291000000.0	BEA_return	all_groups	40400.0	3024000000.0			266000000.0			36000000.0	0.20604182804027885
AUT	2008	1051000000.0	BEA_return	all_groups	44900.0	3239000000.0			300000000.0			293000000.0	0.285442435775452
AUT	2009	828000000.0	BEA_return	all_groups	41000.0	3317000000.0	40217000000.0	4250000000.0	279000000.0			244000000.0	0.33695652173913043
AUT	2010	1325000000.0	BEA_return	all_groups	40300.0	3288000000.0	35340000000.0	3641000000.0	180000000.0	14464000000.0	20005000000.0	331000000.0	0.13584905660377358
AUT	2011	360000000.0	BEA_return	all_groups	43800.0	3568000000.0	40027000000.0	4086000000.0	220000000.0	16909000000.0	21801000000.0	292000000.0	0.6111111111111112
AUT	2012	-267000000.0	BEA_return	all_groups	46100.0	3671000000.0	43544000000.0	4327000000.0	209000000.0	14692000000.0	20783000000.0	219000000.0	-0.7827715355805244
AUT	2013	1121000000.0	BEA_return	all_groups	46100.0	3815000000.0	46997000000.0	4602000000.0	226000000.0	15725000000.0	21182000000.0	85000000.0	0.2016057091882248
AUT	2014	1183000000.0	BEA_return	all_groups	47900.0	3991000000.0	37158000000.0	3975000000.0		17762000000.0	22318000000.0	54000000.0	
AUT	2015	-22000000.0	BEA_return	all_groups	49900.0	3972000000.0	47692000000.0	4007000000.0	257000000.0	15964000000.0	19901000000.0	51000000.0	-11.681818181818182
AUT	2016	1215000000.0	BEA_return	all_groups	47900.0	3571000000.0	40490000000.0	4259000000.0	245000000.0	14189000000.0	21537000000.0	-67000000.0	0.20164609053497942
AUT	2017	1810000000.0	BEA_return	all_groups	49800.0	3792000000.0	42049000000.0	4827000000.0	325000000.0	15856000000.0	23372000000.0	-52000000.0	0.17955801104972377
AUT	2018	1078000000.0	BEA_return	all_groups	47000.0	3691000000.0	39637000000.0	4530000000.0	204000000.0	16515000000.0	24419000000.0	-5000000.0	0.18923933209647495
AUT	2019	1229000000.0	BEA_return	all_groups	41600.0	3278000000.0	38839000000.0	4236000000.0	262000000.0	16565000000.0	24140000000.0	-8000000.0	0.21318144833197722
AUT	2020	856000000.0	BEA_return	all_groups	28800.0	2508000000.0	29427000000.0	3702000000.0	139000000.0	16820000000.0	22457000000.0	22000000.0	0.16238317757009346
AUT	2021	561000000.0	BEA_return	all_groups	29700.0	2724000000.0	30174000000.0	3885000000.0	191000000.0	17950000000.0	24349000000.0	20000000.0	0.3404634581105169
AZE	2004		BEA_return	all_groups	300.0	11000000.0	4897000000.0	4065000000.0					
AZE	2005		BEA_return	all_groups	600.0	18000000.0	7504000000.0						
AZE	2006		BEA_return	all_groups	700.0	20000000.0	10384000000.0						
AZE	2007		BEA_return	all_groups	1300.0	61000000.0	14266000000.0						
AZE	2008		BEA_return	all_groups	1100.0	47000000.0	14529000000.0						
AZE	2009		BEA_return	all_groups	1000.0	53000000.0	6844000000.0	4608000000.0					
AZE	2010		BEA_return	all_groups	900.0	52000000.0	6035000000.0	4499000000.0					
AZE	2011		BEA_return	all_groups	900.0	61000000.0	6130000000.0	4410000000.0					
AZE	2012		BEA_return	all_groups	1000.0	72000000.0	5982000000.0	4342000000.0					
AZE	2013		BEA_return	all_groups	1100.0	117000000.0	5343000000.0						
AZE	2014		BEA_return	all_groups	2000.0	100000000.0	5004000000.0						
AZE	2015		BEA_return	all_groups	1800.0	85000000.0	4281000000.0						
AZE	2016		BEA_return	all_groups	1700.0	84000000.0	3581000000.0						
AZE	2017		BEA_return	all_groups	1700.0	75000000.0	3663000000.0						
AZE	2018		BEA_return	all_groups	1700.0	74000000.0	3580000000.0						
AZE	2019		BEA_return	all_groups	1700.0	84000000.0	3679000000.0						
AZE	2020		BEA_return	all_groups	1700.0	82000000.0	3544000000.0						
AZE	2021		BEA_return	all_groups	1600.0	74000000.0	3597000000.0						
BDI	2004		BEA_return	all_groups			1000000.0						
BDI	2005		BEA_return	all_groups			1000000.0						
BDI	2006		BEA_return	all_groups			1000000.0						
BDI	2007		BEA_return	all_groups			1000000.0						
BDI	2008		BEA_return	all_groups			1000000.0						
BDI	2009		BEA_return	all_groups	0.0	0.0							
BDI	2010		BEA_return	all_groups	0.0	0.0							
BDI	2011		BEA_return	all_groups	0.0	0.0							
BDI	2012		BEA_return	all_groups	0.0	0.0							
BDI	2013		BEA_return	all_groups	0.0	0.0							
BDI	2014		BEA_return	all_groups	100.0	1000000.0	3000000.0						
BDI	2015		BEA_return	all_groups	100.0	1000000.0	3000000.0						
BDI	2016		BEA_return	all_groups	100.0	1000000.0	3000000.0						
BDI	2017		BEA_return	all_groups	100.0	1000000.0	3000000.0						
BDI	2018		BEA_return	all_groups	100.0	1000000.0	3000000.0						
BDI	2019		BEA_return	all_groups			1000000.0						
BDI	2020		BEA_return	all_groups			1000000.0						
BDI	2021		BEA_return	all_groups			1000000.0						
BEA_Other_Europe	2004	4229000000.0	BEA_return	all_groups	120900.0	1818000000.0	51903000000.0	17335000000.0	941000000.0			14000000.0	0.2225112319697328
BEA_Other_Europe	2005	5773000000.0	BEA_return	all_groups	125800.0	1914000000.0	65052000000.0		1507000000.0			103000000.0	0.26104278538021825
BEA_Other_Europe	2006	8854000000.0	BEA_return	all_groups	128199.99999999999	2012000000.0	81220000000.0		1522000000.0			50000000.0	0.1718997063474136
BEA_Other_Europe	2007	13599000000.0	BEA_return	all_groups	138800.0	2559000000.0	101448000000.0		3822000000.0			377000000.0	0.28105007721155967
BEA_Other_Europe	2008	16116000000.0	BEA_return	all_groups	143300.0	3018000000.0	113890000000.0		5235000000.0			711000000.0	0.3248324646314222
BEA_Other_Europe	2009	6767000000.0	BEA_return	all_groups	139900.0	3164000000.0	144570000000.0	32414000000.0	2599000000.0				0.38406975025860796
BEA_Other_Europe	2010	12147000000.0	BEA_return	all_groups	139300.0	3308000000.0	145617000000.0	32582000000.0				-243000000.0	
BEA_Other_Europe	2011	18291000000.0	BEA_return	all_groups	144300.0	3483000000.0	180172000000.0	33399000000.0	6470000000.0			-618000000.0	0.3537258761139358
BEA_Other_Europe	2012	17328000000.0	BEA_return	all_groups	148400.0	3538000000.0	221985000000.0	33802000000.0	6103000000.0			-954000000.0	0.3522045244690674
BEA_Other_Europe	2013	19672000000.0	BEA_return	all_groups	152100.0	3755000000.0	246438000000.0	32030000000.0				-581000000.0	
BEA_Other_Europe	2014	16378000000.0	BEA_return	all_groups	192300.0	4717000000.0	301813000000.0	34666000000.0	5415000000.0				0.3306264501160093
BEA_Other_Europe	2015		BEA_return	all_groups	200000.0	4783000000.0	277481000000.0	43566000000.0					
BEA_Other_Europe	2016	-1310000000.0	BEA_return	all_groups	219500.0	4956000000.0	286056000000.0	46791000000.0					
BEA_Other_Europe	2017	-6928000000.0	BEA_return	all_groups	222100.0	5214000000.0	287004000000.0	49292000000.0	2195000000.0				-0.31683025404157045
BEA_Other_Europe	2018	-5136000000.0	BEA_return	all_groups	221200.0	5430000000.0	282291000000.0	54278000000.0	2080000000.0				-0.40498442367601245
BEA_Other_Europe	2019	-4983000000.0	BEA_return	all_groups	240100.0	5810000000.0	281901000000.0	59813000000.0	2398000000.0				-0.48123620309050774
BEA_Other_Europe	2020	-5189000000.0	BEA_return	all_groups	248600.0	5952000000.0	285761000000.0	59487000000.0					
BEA_Other_Europe	2021	7834000000.0	BEA_return	all_groups	232300.0	6150000000.0	383740000000.0	58246000000.0	2444000000.0				0.31197344906816443
BEA_Other_Western	2004	2385000000.0	BEA_return	all_groups			98986000000.0	11752000000.0	446000000.0			-294000000.0	0.1870020964360587
BEA_Other_Western	2005	3025000000.0	BEA_return	all_groups	29300.0	737000000.0	124250000000.0		831000000.0			-501000000.0	0.2747107438016529
BEA_Other_Western	2006	4605000000.0	BEA_return	all_groups	29300.0	732000000.0			1405000000.0			-629000000.0	0.30510314875135724
BEA_Other_Western	2007	5058000000.0	BEA_return	all_groups			159033000000.0		1428000000.0			-726000000.0	0.2823250296559905
BEA_Other_Western	2008	7931000000.0	BEA_return	all_groups			257936000000.0		2708000000.0			-2611000000.0	0.3414449628041861
BEA_Other_Western	2009	4110000000.0	BEA_return	all_groups	15900.0	561000000.0	615330000000.0	7154000000.0					
BEA_Other_Western	2010	3927000000.0	BEA_return	all_groups	15900.0	565000000.0	593878000000.0	6801000000.0	1238000000.0			-483000000.0	0.3152533740769035
BEA_Other_Western	2011	3997000000.0	BEA_return	all_groups	16200.0	577000000.0	660018000000.0	8433000000.0	1544000000.0			-350000000.0	0.38628971728796596
BEA_Other_Western	2012	4185000000.0	BEA_return	all_groups	15400.0	615000000.0	426458000000.0	7627000000.0	1285000000.0			-324000000.0	0.3070489844683393
BEA_Other_Western	2013	4090000000.0	BEA_return	all_groups	15800.0	584000000.0	362117000000.0	8212000000.0	1427000000.0			-612000000.0	0.3488997555012225
BEA_Other_Western	2014	13454000000.0	BEA_return	all_groups	28700.0	1015000000.0	309859000000.0	12239000000.0				-282000000.0	
BEA_Other_Western	2015	14665000000.0	BEA_return	all_groups	28600.0	1048000000.0	288400000000.0	12883000000.0	67000000.0				0.004568700988748721
BEA_Other_Western	2016	11606000000.0	BEA_return	all_groups	27500.0	1042000000.0	170519000000.0	13368000000.0	-56000000.0				-0.0048250904704463205
BEA_Other_Western	2017	12097000000.0	BEA_return	all_groups	27100.0	994000000.0	173099000000.0	12906000000.0					
BEA_Other_Western	2018	14078000000.0	BEA_return	all_groups	24400.0	935000000.0	188327000000.0	11922000000.0	370000000.0				0.026282142349765593
BEA_Other_Western	2019	560000000.0	BEA_return	all_groups	28700.0	980000000.0	167817000000.0	10207000000.0	-198000000.0			-33000000.0	-0.3535714285714286
BEA_Other_Western	2020	-1806000000.0	BEA_return	all_groups	29200.0	840000000.0	143478000000.0	9834000000.0				-221000000.0	
BEA_Other_Western	2021	2266000000.0	BEA_return	all_groups	29200.0	927000000.0	159626000000.0	10559000000.0	805000000.0	8826000000.0		-132000000.0	0.3552515445719329
BEL	2004	5190000000.0	BEA_return	all_groups	128199.99999999999	9326000000.0	246011000000.0	15759000000.0	880000000.0			-1925000000.0	0.16955684007707128
BEL	2005	7764000000.0	BEA_return	all_groups	130000.0	9270000000.0	238100000000.0		1612000000.0			-1362000000.0	0.2076249356002061
BEL	2006	6695000000.0	BEA_return	all_groups	133900.0	10197000000.0	266319000000.0		1693000000.0			-1398000000.0	0.2528752800597461
BEL	2007	8260000000.0	BEA_return	all_groups	139800.0	11553000000.0	307856000000.0		1011000000.0			-2362000000.0	0.12239709443099274
BEL	2008	7988000000.0	BEA_return	all_groups	142800.0	12267000000.0	339757000000.0		1404000000.0			-2838000000.0	0.1757636454682023
BEL	2009	6942000000.0	BEA_return	all_groups	135800.0	11543000000.0	350360000000.0	18092000000.0	702000000.0			-1766000000.0	0.10112359550561797
BEL	2010	8084000000.0	BEA_return	all_groups	132500.0	11080000000.0	346331000000.0	15643000000.0		74421000000.0	118385000000.0	-1084000000.0	
BEL	2011	7038000000.0	BEA_return	all_groups	132200.0	12232000000.0	399583000000.0	16217000000.0	1549000000.0	90317000000.0	140947000000.0	-2000000000.0	0.2200909349246945
BEL	2012	6943000000.0	BEA_return	all_groups	130500.0	11907000000.0	421898000000.0	15978000000.0	1316000000.0	81177000000.0	134687000000.0	-1576000000.0	0.18954342503240673
BEL	2013	5644000000.0	BEA_return	all_groups	125900.0	11792000000.0	419525000000.0	16726000000.0	1183000000.0	78921000000.0	130656000000.0	-426000000.0	0.20960311835577605
BEL	2014	6774000000.0	BEA_return	all_groups	129600.0	11719000000.0	387351000000.0	15183000000.0	1590000000.0	79982000000.0	137350000000.0	-308000000.0	0.23472099202834368
BEL	2015	7228000000.0	BEA_return	all_groups	130100.0	11364000000.0	373828000000.0	14240000000.0	1892000000.0	70668000000.0	115587000000.0	-215000000.0	0.26175982291090205
BEL	2016	7345000000.0	BEA_return	all_groups	123500.0	10779000000.0	391852000000.0	15852000000.0	1628000000.0	68997000000.0	133791000000.0	107000000.0	0.22164737916950306
BEL	2017	8551000000.0	BEA_return	all_groups	123700.0	10912000000.0	423602000000.0	17268000000.0	2212000000.0	72332000000.0	155305000000.0	121000000.0	0.2586831949479593
BEL	2018	7750000000.0	BEA_return	all_groups	125000.0	11105000000.0	379347000000.0	17576000000.0	2195000000.0	77347000000.0	167182000000.0	84000000.0	0.2832258064516129
BEL	2019	7100000000.0	BEA_return	all_groups	123800.0	11142000000.0	405475000000.0	18771000000.0	2104000000.0	70200000000.0	174501000000.0	-116000000.0	0.2963380281690141
BEL	2020	9301000000.0	BEA_return	all_groups	116100.0	11029000000.0	405330000000.0	18734000000.0	1756000000.0	61572000000.0	166156000000.0	-173000000.0	0.1887969035587571
BEL	2021	10708000000.0	BEA_return	all_groups	115800.0	11609000000.0	390878000000.0	18347000000.0	1867000000.0	75316000000.0	215855000000.0	-149000000.0	0.17435562196488608
BEN	2004		BEA_return	all_groups									
BEN	2005		BEA_return	all_groups		1000000.0							
BEN	2006		BEA_return	all_groups		1000000.0							
BEN	2007		BEA_return	all_groups									
BEN	2008		BEA_return	all_groups									
BEN	2009		BEA_return	all_groups	0.0								
BEN	2010		BEA_return	all_groups	0.0	0.0							
BEN	2011		BEA_return	all_groups	0.0	0.0							
BEN	2012		BEA_return	all_groups	0.0	0.0							
BEN	2013		BEA_return	all_groups	0.0	0.0							
BEN	2014		BEA_return	all_groups			4000000.0						
BEN	2015		BEA_return	all_groups			4000000.0						
BEN	2016		BEA_return	all_groups			4000000.0						
BEN	2017		BEA_return	all_groups			4000000.0						
BEN	2018		BEA_return	all_groups			4000000.0						
BEN	2019		BEA_return	all_groups			2000000.0						
BEN	2020		BEA_return	all_groups			2000000.0						
BEN	2021		BEA_return	all_groups			2000000.0						
BFA	2004		BEA_return	all_groups									
BGD	2004		BEA_return	all_groups	1800.0	20000000.0							
BGD	2005		BEA_return	all_groups	1800.0	19000000.0	2954000000.0						
BGD	2006		BEA_return	all_groups	1800.0	24000000.0							
BGD	2007		BEA_return	all_groups	1700.0	27000000.0							
BGD	2008		BEA_return	all_groups	1000.0	17000000.0	2135000000.0						
BGD	2009		BEA_return	all_groups	1100.0	39000000.0	2765000000.0						
BGD	2010		BEA_return	all_groups	1200.0	38000000.0	2667000000.0						
BGD	2011		BEA_return	all_groups	1200.0	40000000.0	2704000000.0						
BGD	2012		BEA_return	all_groups	1400.0	51000000.0	2923000000.0						
BGD	2013		BEA_return	all_groups	2900.0	70000000.0							
BGD	2014		BEA_return	all_groups	4200.0	97000000.0							
BGD	2015		BEA_return	all_groups	4000.0	99000000.0	4284000000.0						
BGD	2016		BEA_return	all_groups	3800.0	107000000.0	4302000000.0						
BGD	2017		BEA_return	all_groups	3700.0	91000000.0	4087000000.0						
BGD	2018		BEA_return	all_groups	4000.0	86000000.0							
BGD	2019		BEA_return	all_groups	4000.0	82000000.0	4133000000.0						
BGD	2020		BEA_return	all_groups	3700.0	81000000.0	4358000000.0						
BGD	2021		BEA_return	all_groups	4500.0	89000000.0	4331000000.0						
BGR	2004		BEA_return	all_groups									
BGR	2005		BEA_return	all_groups			1602000000.0						
BGR	2006		BEA_return	all_groups	6500.0	67000000.0	1039000000.0						
BGR	2007		BEA_return	all_groups	3900.0	48000000.0							
BGR	2008		BEA_return	all_groups	4100.0	55000000.0							
BGR	2009		BEA_return	all_groups	5900.0	97000000.0	3068000000.0	2031000000.0					
BGR	2010		BEA_return	all_groups	4800.0	104000000.0	3094000000.0	1977000000.0					
BGR	2011		BEA_return	all_groups	4900.0	111000000.0	3265000000.0	1798000000.0					
BGR	2012		BEA_return	all_groups	4400.0	104000000.0	3164000000.0	1791000000.0					
BGR	2013		BEA_return	all_groups	6500.0	149000000.0	3860000000.0	1895000000.0					
BGR	2014		BEA_return	all_groups	9800.0	201000000.0	4338000000.0	1860000000.0					
BGR	2015		BEA_return	all_groups	9800.0	199000000.0	4127000000.0	1691000000.0					
BGR	2016		BEA_return	all_groups	9800.0	201000000.0	3693000000.0	1598000000.0					
BGR	2017		BEA_return	all_groups	9400.0	214000000.0	4833000000.0	1702000000.0					
BGR	2018		BEA_return	all_groups	11200.0	261000000.0	4375000000.0	1643000000.0					
BGR	2019		BEA_return	all_groups	9800.0	265000000.0	4176000000.0	1601000000.0					
BGR	2020		BEA_return	all_groups	10500.0	290000000.0	4513000000.0	1719000000.0					
BGR	2021		BEA_return	all_groups	10800.0	278000000.0	4448000000.0	1595000000.0					
BHR	2004		BEA_return	all_groups	1000.0	44000000.0							
BHR	2005		BEA_return	all_groups	1000.0	29000000.0	349000000.0						
BHR	2006		BEA_return	all_groups	700.0	18000000.0							
BHR	2007		BEA_return	all_groups	700.0	22000000.0	349000000.0						
BHR	2008		BEA_return	all_groups	500.0	19000000.0	331000000.0						
BHR	2009		BEA_return	all_groups	1300.0	77000000.0		103000000.0					
BHR	2010		BEA_return	all_groups	1400.0	82000000.0		370000000.0					
BHR	2011		BEA_return	all_groups	1500.0	95000000.0	14115000000.0	467000000.0					
BHR	2012		BEA_return	all_groups	1600.0	112000000.0	12545000000.0	1067000000.0					
BHR	2013		BEA_return	all_groups	1400.0	97000000.0	5091000000.0	969000000.0					
BHR	2014		BEA_return	all_groups	2800.0	134000000.0	3429000000.0	316000000.0					
BHR	2015		BEA_return	all_groups	2800.0	115000000.0	3095000000.0	326000000.0					
BHR	2016		BEA_return	all_groups	3200.0	120000000.0	3005000000.0	403000000.0					
BHR	2017		BEA_return	all_groups	3100.0	104000000.0	2791000000.0	423000000.0					
BHR	2018		BEA_return	all_groups	3100.0	102000000.0	3247000000.0	591000000.0					
BHR	2019		BEA_return	all_groups	2700.0	99000000.0	3216000000.0	527000000.0					
BHR	2020		BEA_return	all_groups	2500.0	74000000.0	3174000000.0	655000000.0					
BHR	2021		BEA_return	all_groups	2500.0	80000000.0	3952000000.0	681000000.0					
BHS	2004		BEA_return	all_groups	2000.0	95000000.0	19908000000.0	2417000000.0					
BHS	2005		BEA_return	all_groups	2300.0	117000000.0	26630000000.0						
BHS	2006		BEA_return	all_groups	2500.0	110000000.0							
BHS	2007		BEA_return	all_groups	1500.0	105000000.0							
BHS	2008		BEA_return	all_groups	2200.0	168000000.0							
BHS	2009		BEA_return	all_groups	1400.0	93000000.0	421231000000.0	493000000.0					
BHS	2010		BEA_return	all_groups	1400.0	93000000.0	468553000000.0	493000000.0					
BHS	2011		BEA_return	all_groups	1500.0	118000000.0	541174000000.0	1680000000.0					
BHS	2012		BEA_return	all_groups	1500.0	110000000.0	278148000000.0	1821000000.0					
BHS	2013		BEA_return	all_groups	1800.0	122000000.0	222565000000.0	1841000000.0					
BHS	2014		BEA_return	all_groups	11100.0	371000000.0	183404000000.0	3826000000.0					
BHS	2015		BEA_return	all_groups	11000.0	353000000.0	160005000000.0	3585000000.0					
BHS	2016		BEA_return	all_groups	11600.0	364000000.0	85458000000.0	3511000000.0					
BHS	2017		BEA_return	all_groups	11700.0	371000000.0	86600000000.0	3563000000.0					
BHS	2018		BEA_return	all_groups	10100.0	333000000.0	102693000000.0	3482000000.0					
BHS	2019		BEA_return	all_groups	10800.0	387000000.0	104176000000.0						
BHS	2020		BEA_return	all_groups	10300.0	328000000.0	87678000000.0	2428000000.0					
BHS	2021		BEA_return	all_groups	10300.0	324000000.0	104221000000.0	2406000000.0					
BIH	2004		BEA_return	all_groups									
BIH	2005		BEA_return	all_groups	100.0	2000000.0							
BIH	2006		BEA_return	all_groups	100.0	2000000.0							
BIH	2007		BEA_return	all_groups									
BIH	2008		BEA_return	all_groups									
BIH	2009		BEA_return	all_groups	300.0	6000000.0	106000000.0	12000000.0					
BIH	2010		BEA_return	all_groups	400.0	7000000.0	104000000.0	12000000.0					
BIH	2011		BEA_return	all_groups	400.0	7000000.0	100000000.0	11000000.0					
BIH	2012		BEA_return	all_groups	300.0	8000000.0	102000000.0	11000000.0					
BIH	2013		BEA_return	all_groups	300.0	6000000.0	107000000.0	10000000.0					
BIH	2014		BEA_return	all_groups	600.0	11000000.0	178000000.0	44000000.0					
BIH	2015		BEA_return	all_groups	600.0	10000000.0	175000000.0	43000000.0					
BIH	2016		BEA_return	all_groups	600.0	10000000.0	175000000.0	44000000.0					
BIH	2017		BEA_return	all_groups	600.0	11000000.0	189000000.0	48000000.0					
BIH	2018		BEA_return	all_groups	600.0	11000000.0	190000000.0	48000000.0					
BIH	2019		BEA_return	all_groups	500.0	9000000.0	163000000.0	41000000.0					
BIH	2020		BEA_return	all_groups	500.0	9000000.0	174000000.0	45000000.0					
BIH	2021		BEA_return	all_groups	500.0	10000000.0	172000000.0	45000000.0					
BLR	2004		BEA_return	all_groups									
BLR	2005		BEA_return	all_groups	700.0	3000000.0							
BLR	2006		BEA_return	all_groups	700.0	3000000.0							
BLR	2007		BEA_return	all_groups									
BLR	2008		BEA_return	all_groups									
BLR	2009		BEA_return	all_groups	600.0	9000000.0		3000000.0					
BLR	2010		BEA_return	all_groups	600.0	9000000.0		3000000.0					
BLR	2011		BEA_return	all_groups	600.0	9000000.0		3000000.0					
BLR	2012		BEA_return	all_groups	600.0	9000000.0		3000000.0					
BLR	2013		BEA_return	all_groups	600.0	9000000.0		3000000.0					
BLR	2014		BEA_return	all_groups			169000000.0	52000000.0					
BLR	2015		BEA_return	all_groups			147000000.0	11000000.0					
BLR	2016		BEA_return	all_groups			300000000.0	58000000.0					
BLR	2017		BEA_return	all_groups				56000000.0					
BLR	2018		BEA_return	all_groups			311000000.0	62000000.0					
BLR	2019		BEA_return	all_groups			309000000.0						
BLR	2020		BEA_return	all_groups									
BLR	2021		BEA_return	all_groups									
BLZ	2004		BEA_return	all_groups	200.0	5000000.0	151000000.0	20000000.0					
BLZ	2005		BEA_return	all_groups	200.0	5000000.0	163000000.0						
BLZ	2006		BEA_return	all_groups	200.0	5000000.0	189000000.0						
BLZ	2007		BEA_return	all_groups	200.0	5000000.0	52000000.0						
BLZ	2008		BEA_return	all_groups	200.0	4000000.0	59000000.0						
BLZ	2009		BEA_return	all_groups	100.0	3000000.0	56000000.0	14000000.0					
BLZ	2010		BEA_return	all_groups	100.0	2000000.0	54000000.0	15000000.0					
BLZ	2011		BEA_return	all_groups	100.0	2000000.0	44000000.0						
BLZ	2012		BEA_return	all_groups	100.0	1000000.0	22000000.0	2000000.0					
BLZ	2013		BEA_return	all_groups	100.0	1000000.0	22000000.0	3000000.0					
BLZ	2014		BEA_return	all_groups	700.0	11000000.0	219000000.0	21000000.0					
BLZ	2015		BEA_return	all_groups	700.0	11000000.0	216000000.0	21000000.0					
BLZ	2016		BEA_return	all_groups	700.0	11000000.0	217000000.0	21000000.0					
BLZ	2017		BEA_return	all_groups	700.0	11000000.0	224000000.0	22000000.0					
BLZ	2018		BEA_return	all_groups	700.0	11000000.0	221000000.0	22000000.0					
BLZ	2019		BEA_return	all_groups	400.0	5000000.0	175000000.0	16000000.0					
BLZ	2020		BEA_return	all_groups	300.0	5000000.0	175000000.0	16000000.0					
BLZ	2021		BEA_return	all_groups	300.0	5000000.0	173000000.0	16000000.0					
BMU	2004	8276000000.0	BEA_return	all_groups	6500.0	369000000.0	465963000000.0	5955000000.0	489000000.0			-3116000000.0	0.059086515224746256
BMU	2005	8745000000.0	BEA_return	all_groups			553948000000.0		405000000.0			-3809000000.0	0.04631217838765009
BMU	2006	9997000000.0	BEA_return	all_groups			623897000000.0		604000000.0			-3897000000.0	0.06041812543763129
BMU	2007	10471000000.0	BEA_return	all_groups			742136000000.0		387000000.0			-3511000000.0	0.036959220704803744
BMU	2008	11879000000.0	BEA_return	all_groups			691821000000.0		387000000.0			-4249000000.0	0.03257849987372675
BMU	2009	9469000000.0	BEA_return	all_groups	3400.0	374000000.0	876418000000.0	7577000000.0	-64000000.0			-6252000000.0	-0.006758897454852677
BMU	2010	12522000000.0	BEA_return	all_groups	3200.0	378000000.0	928086000000.0	7953000000.0	231000000.0	9501000000.0	28071000000.0	-5296000000.0	0.018447532343076185
BMU	2011	6984000000.0	BEA_return	all_groups	3000.0	293000000.0	978601000000.0	7708000000.0	255000000.0	9744000000.0	28114000000.0	-4394000000.0	0.03651202749140894
BMU	2012	11697000000.0	BEA_return	all_groups	6600.0	697000000.0	1028399000000.0	7861000000.0	-334000000.0	11674000000.0	38000000000.0	-4614000000.0	-0.028554330170129094
BMU	2013	12884000000.0	BEA_return	all_groups	7600.0	805000000.0	1033153000000.0	9550000000.0	176000000.0	14370000000.0	38914000000.0	-3980000000.0	0.013660353927351754
BMU	2014	7594000000.0	BEA_return	all_groups	9800.0	1248000000.0	1191373000000.0	8114000000.0		17149000000.0	42736000000.0		
BMU	2015	7177000000.0	BEA_return	all_groups	10300.0	1200000000.0	1272633000000.0	7603000000.0	709000000.0	17809000000.0	39927000000.0	-5263000000.0	0.09878779434304026
BMU	2016	-5544000000.0	BEA_return	all_groups	10800.0	986000000.0	1297147000000.0	9194000000.0	746000000.0	15662000000.0	36531000000.0	-5038000000.0	-0.13455988455988455
BMU	2017	4388000000.0	BEA_return	all_groups	13800.0	1220000000.0	1458532000000.0	5901000000.0	838000000.0	15262000000.0	35676000000.0	-5700000000.0	0.190975387420237
BMU	2018	8644000000.0	BEA_return	all_groups	14100.0	1181000000.0	1315327000000.0	5858000000.0	1043000000.0	21486000000.0	43447000000.0	-6662000000.0	0.12066173068024062
BMU	2019	9673000000.0	BEA_return	all_groups	16100.000000000002	1253000000.0	1276176000000.0	6549000000.0	-240000000.0	20842000000.0	36691000000.0	-7575000000.0	-0.02481133050759847
BMU	2020	6031000000.0	BEA_return	all_groups	12200.0	885000000.0	960930000000.0	5258000000.0		15911000000.0	26691000000.0	-6962000000.0	
BMU	2021	9503000000.0	BEA_return	all_groups	10400.0	853000000.0	848861000000.0	4553000000.0	820000000.0	18148000000.0	27690000000.0	-5869000000.0	0.08628854046090709
BOL	2004		BEA_return	all_groups	3000.0	50000000.0							
BOL	2005		BEA_return	all_groups	2900.0	51000000.0	1809000000.0						
BOL	2006		BEA_return	all_groups									
BOL	2007		BEA_return	all_groups									
BOL	2008		BEA_return	all_groups	2600.0	55000000.0							
BOL	2009		BEA_return	all_groups	2800.0	52000000.0	990000000.0	241000000.0					
BOL	2010		BEA_return	all_groups	2800.0	53000000.0	1098000000.0	244000000.0					
BOL	2011		BEA_return	all_groups	2900.0	60000000.0		294000000.0					
BOL	2012		BEA_return	all_groups	3300.0	78000000.0	1489000000.0	482000000.0					
BOL	2013		BEA_return	all_groups	3500.0	101000000.0	1554000000.0	535000000.0					
BOL	2014		BEA_return	all_groups	3600.0	115000000.0	1537000000.0	509000000.0					
BOL	2015		BEA_return	all_groups	3800.0	121000000.0	1516000000.0	468000000.0					
BOL	2016		BEA_return	all_groups	3100.0	126000000.0	1475000000.0	563000000.0					
BOL	2017		BEA_return	all_groups	2800.0	88000000.0	1293000000.0	349000000.0					
BOL	2018		BEA_return	all_groups	2100.0	65000000.0	1110000000.0	331000000.0					
BOL	2019		BEA_return	all_groups	1600.0	48000000.0	774000000.0	166000000.0					
BOL	2020		BEA_return	all_groups	2200.0	67000000.0	1188000000.0	285000000.0					
BOL	2021		BEA_return	all_groups	2100.0	62000000.0	1090000000.0						
BRA	2004	3283000000.0	BEA_return	all_groups	399400.0	7745000000.0	98192000000.0	25972000000.0	1336000000.0			638000000.0	0.4069448674992385
BRA	2005	3180000000.0	BEA_return	all_groups	435200.0	9148000000.0	112656000000.0		678000000.0			616000000.0	0.21320754716981133
BRA	2006	5484000000.0	BEA_return	all_groups	465900.0	10814000000.0	124258000000.0		1714000000.0			172000000.0	0.312545587162655
BRA	2007	9371000000.0	BEA_return	all_groups	484100.0	12689000000.0	175344000000.0		3087000000.0			-447000000.0	0.32942055276918153
BRA	2008	13062000000.0	BEA_return	all_groups	501200.0	14806000000.0	160112000000.0		3790000000.0			396000000.0	0.29015464706783034
BRA	2009	11510000000.0	BEA_return	all_groups	522400.0	15402000000.0	206617000000.0	38851000000.0	2761000000.0				0.23987836663770634
BRA	2010	15764000000.0	BEA_return	all_groups	565000.0	18068000000.0	241572000000.0	41475000000.0	3325000000.0	139372000000.0	165228000000.0	-1706000000.0	0.21092362344582594
BRA	2011	14745000000.0	BEA_return	all_groups	572600.0	21722000000.0	267711000000.0	45800000000.0	4169000000.0	161072000000.0	194201000000.0	-2613000000.0	0.2827399118345202
BRA	2012	10030000000.0	BEA_return	all_groups	598800.0	22633000000.0	281762000000.0	44155000000.0	3659000000.0	154764000000.0	192023000000.0	-2075000000.0	0.36480558325024925
BRA	2013	10200000000.0	BEA_return	all_groups	626700.0	23645000000.0	267987000000.0	43692000000.0	4282000000.0	158815000000.0	197153000000.0	-1807000000.0	0.41980392156862745
BRA	2014	7500000000.0	BEA_return	all_groups	715200.0	26326000000.0	313988000000.0	55530000000.0	1537000000.0	167715000000.0	204995000000.0	-1413000000.0	0.20493333333333333
BRA	2015	2436000000.0	BEA_return	all_groups	654300.0	23285000000.0	268260000000.0	45225000000.0	1385000000.0	131633000000.0	161066000000.0	-974000000.0	0.5685550082101807
BRA	2016	2116000000.0	BEA_return	all_groups	632900.0	21432000000.0	277255000000.0	46525000000.0	1052000000.0	122728000000.0	149030000000.0	-612000000.0	0.497164461247637
BRA	2017	5498000000.0	BEA_return	all_groups	632000.0	22795000000.0	305746000000.0	48275000000.0	1562000000.0	129311000000.0	164506000000.0	-1905000000.0	0.2841033102946526
BRA	2018	5150000000.0	BEA_return	all_groups	570500.0	20127000000.0	279742000000.0	49857000000.0	1773000000.0	123413000000.0	164613000000.0	-1103000000.0	0.34427184466019417
BRA	2019	5500000000.0	BEA_return	all_groups	544000.0	19027000000.0	298971000000.0	49518000000.0	1767000000.0	124956000000.0	155198000000.0	-781000000.0	0.32127272727272727
BRA	2020	5389000000.0	BEA_return	all_groups	536500.0	16480000000.0	295699000000.0	44547000000.0	1759000000.0	105393000000.0	136677000000.0	-742000000.0	0.3264056411208016
BRA	2021	7978000000.0	BEA_return	all_groups	520299.99999999994	15701000000.0	291188000000.0	42308000000.0	2473000000.0	115715000000.0	150020000000.0	-1114000000.0	0.30997743795437455
BRB	2004	1959000000.0	BEA_return	all_groups	1800.0	72000000.0			51000000.0			-211000000.0	0.026033690658499236
BRB	2005	1019000000.0	BEA_return	all_groups	1800.0	76000000.0	24814000000.0		30000000.0			-166000000.0	0.029440628066732092
BRB	2006	3141000000.0	BEA_return	all_groups	1700.0	74000000.0			128000000.0			-208000000.0	0.04075135307226998
BRB	2007	3128000000.0	BEA_return	all_groups	1800.0	75000000.0			135000000.0			-216000000.0	0.04315856777493606
BRB	2008		BEA_return	all_groups	1600.0	63000000.0			295000000.0			-307000000.0	
BRB	2009	2244000000.0	BEA_return	all_groups	1400.0	52000000.0	46625000000.0	1890000000.0	-169000000.0			-373000000.0	-0.07531194295900179
BRB	2010	1840000000.0	BEA_return	all_groups	1400.0	53000000.0	49941000000.0	2237000000.0	94000000.0	1718000000.0	8389000000.0	-355000000.0	0.051086956521739134
BRB	2011	3085000000.0	BEA_return	all_groups	1300.0	50000000.0	56660000000.0	937000000.0	46000000.0			-264000000.0	0.014910858995137763
BRB	2012	1400000000.0	BEA_return	all_groups	1200.0	36000000.0	52009000000.0	1244000000.0	124000000.0			-305000000.0	0.08857142857142856
BRB	2013	1596000000.0	BEA_return	all_groups	1400.0	56000000.0	52101000000.0	1062000000.0	11000000.0			-330000000.0	0.006892230576441102
BRB	2014	1790000000.0	BEA_return	all_groups	1200.0	51000000.0	61372000000.0	1145000000.0	366000000.0				0.20446927374301677
BRB	2015	1222000000.0	BEA_return	all_groups	1200.0	49000000.0	62291000000.0	1238000000.0	53000000.0			-353000000.0	0.04337152209492635
BRB	2016	1190000000.0	BEA_return	all_groups	1200.0	46000000.0	83328000000.0	1182000000.0	265000000.0				0.22268907563025211
BRB	2017	4843000000.0	BEA_return	all_groups	900.0	22000000.0	131848000000.0	1155000000.0					
BRB	2018	5282000000.0	BEA_return	all_groups	900.0	30000000.0	141286000000.0	1102000000.0	30000000.0				0.005679666792881484
BRB	2019	7352000000.0	BEA_return	all_groups	900.0	31000000.0	144685000000.0	1648000000.0	116000000.0			-1286000000.0	0.015778019586507073
BRB	2020	4247000000.0	BEA_return	all_groups	1800.0	56000000.0	99833000000.0	1507000000.0	45000000.0			-1871000000.0	0.010595714622086179
BRB	2021	4647000000.0	BEA_return	all_groups	1900.0	58000000.0	93089000000.0	422000000.0	1000000.0	1037000000.0		-1598000000.0	0.00021519259737465033
BRN	2004		BEA_return	all_groups	200.0	9000000.0	532000000.0	7000000.0					
BRN	2005		BEA_return	all_groups	200.0	9000000.0	561000000.0						
BRN	2006		BEA_return	all_groups	300.0	12000000.0	733000000.0						
BRN	2007		BEA_return	all_groups	300.0	14000000.0	1014000000.0						
BRN	2008		BEA_return	all_groups	300.0	15000000.0	1138000000.0						
BRN	2009		BEA_return	all_groups	200.0	21000000.0	2382000000.0	71000000.0					
BRN	2010		BEA_return	all_groups	200.0	21000000.0		32000000.0					
BRN	2011		BEA_return	all_groups	300.0	28000000.0		39000000.0					
BRN	2012		BEA_return	all_groups	300.0	34000000.0		36000000.0					
BRN	2013		BEA_return	all_groups	400.0		1181000000.0	99000000.0					
BRN	2014		BEA_return	all_groups	500.0	38000000.0	1165000000.0	86000000.0					
BRN	2015		BEA_return	all_groups	400.0	28000000.0	205000000.0						
BRN	2016		BEA_return	all_groups	400.0	32000000.0	224000000.0						
BRN	2017		BEA_return	all_groups	500.0	41000000.0	216000000.0						
BRN	2018		BEA_return	all_groups	500.0	41000000.0	248000000.0						
BRN	2019		BEA_return	all_groups	600.0		247000000.0						
BRN	2020		BEA_return	all_groups	600.0		223000000.0						
BRN	2021		BEA_return	all_groups	600.0		227000000.0						
BTN	2004		BEA_return	all_groups			3000000.0	1000000.0					
BTN	2005		BEA_return	all_groups			3000000.0						
BTN	2006		BEA_return	all_groups			3000000.0						
BTN	2007		BEA_return	all_groups			3000000.0						
BTN	2009		BEA_return	all_groups									
BTN	2010		BEA_return	all_groups									
BTN	2011		BEA_return	all_groups									
BTN	2012		BEA_return	all_groups									
BTN	2013		BEA_return	all_groups									
BTN	2014		BEA_return	all_groups	100.0	1000000.0	9000000.0						
BTN	2015		BEA_return	all_groups	100.0	1000000.0	9000000.0						
BTN	2016		BEA_return	all_groups	100.0	1000000.0	9000000.0						
BTN	2017		BEA_return	all_groups	100.0	1000000.0	9000000.0						
BTN	2018		BEA_return	all_groups	100.0	1000000.0	9000000.0						
BTN	2019		BEA_return	all_groups	300.0	1000000.0							
BTN	2020		BEA_return	all_groups	300.0	1000000.0							
BTN	2021		BEA_return	all_groups	300.0	1000000.0							
BWA	2004		BEA_return	all_groups									
BWA	2005		BEA_return	all_groups									
BWA	2006		BEA_return	all_groups	300.0	6000000.0	48000000.0						
BWA	2007		BEA_return	all_groups									
BWA	2008		BEA_return	all_groups									
BWA	2009		BEA_return	all_groups	300.0	7000000.0	58000000.0	15000000.0					
BWA	2010		BEA_return	all_groups	300.0	7000000.0	88000000.0	15000000.0					
BWA	2011		BEA_return	all_groups	300.0	7000000.0	78000000.0	17000000.0					
BWA	2012		BEA_return	all_groups	400.0	10000000.0	122000000.0	23000000.0					
BWA	2013		BEA_return	all_groups	400.0	10000000.0	131000000.0	29000000.0					
BWA	2014		BEA_return	all_groups	400.0	10000000.0	99000000.0	19000000.0					
BWA	2015		BEA_return	all_groups	400.0	10000000.0	69000000.0	19000000.0					
BWA	2016		BEA_return	all_groups	400.0	10000000.0	65000000.0	19000000.0					
BWA	2017		BEA_return	all_groups	300.0	9000000.0	62000000.0	26000000.0					
BWA	2018		BEA_return	all_groups	300.0	9000000.0	63000000.0	26000000.0					
BWA	2019		BEA_return	all_groups	400.0	7000000.0	54000000.0	23000000.0					
BWA	2020		BEA_return	all_groups	400.0	7000000.0	53000000.0	23000000.0					
BWA	2021		BEA_return	all_groups	400.0	7000000.0	56000000.0	25000000.0					
CAF	2009		BEA_return	all_groups			1000000.0	1000000.0					
CAF	2010		BEA_return	all_groups		1000000.0		1000000.0					
CAF	2011		BEA_return	all_groups		1000000.0		1000000.0					
CAF	2012		BEA_return	all_groups		1000000.0		1000000.0					
CAF	2013		BEA_return	all_groups		1000000.0		1000000.0					
CAF	2014		BEA_return	all_groups									
CAF	2015		BEA_return	all_groups									
CAF	2016		BEA_return	all_groups	0.0	0.0							
CAF	2017		BEA_return	all_groups	0.0	0.0							
CAF	2018		BEA_return	all_groups	0.0	0.0							
CAF	2019		BEA_return	all_groups									
CAF	2020		BEA_return	all_groups									
CAF	2021		BEA_return	all_groups									
CAN	2004	31032000000.0	BEA_return	all_groups	1104900.0	44129000000.0	655088000000.0	125970000000.0	8627000000.0			-1127000000.0	0.27800335137922144
CAN	2005	35371000000.0	BEA_return	all_groups	1112900.0	46492000000.0	764620000000.0		10707000000.0			-2713000000.0	0.30270560628763676
CAN	2006	30360000000.0	BEA_return	all_groups	1104000.0	50584000000.0	861894000000.0		8279000000.0			-2618000000.0	0.2726943346508564
CAN	2007	32010000000.0	BEA_return	all_groups	1114600.0	54602000000.0	1065258000000.0		10212000000.0			-2247000000.0	0.31902530459231493
CAN	2008	35052000000.0	BEA_return	all_groups	1072300.0	55509000000.0	950209000000.0		9447000000.0			1315000000.0	0.2695138651146867
CAN	2009	24029000000.0	BEA_return	all_groups	1082700.0	56345000000.0	1169619000000.0	163052000000.0	7466000000.0			-291000000.0	0.31070789462732534
CAN	2010	39901000000.0	BEA_return	all_groups	1085500.0	57434000000.0	1170385000000.0	167619000000.0	8554000000.0	428696000000.0	554703000000.0	-2274000000.0	0.21438059196511366
CAN	2011	46197000000.0	BEA_return	all_groups	1116100.0	61730000000.0	1240463000000.0	182662000000.0	8439000000.0	484883000000.0	645622000000.0	-1101000000.0	0.18267419962335216
CAN	2012	39508000000.0	BEA_return	all_groups	1144800.0	63497000000.0	1348630000000.0	212010000000.0	8626000000.0	487468000000.0	648774000000.0	-125000000.0	0.21833552698187708
CAN	2013	36184000000.0	BEA_return	all_groups	1128600.0	62549000000.0	1401740000000.0	224039000000.0	7441000000.0	475769000000.0	627111000000.0	863000000.0	0.2056433782887464
CAN	2014	46406000000.0	BEA_return	all_groups	1194700.0	68578000000.0	1482102000000.0	230289000000.0	9178000000.0	504519000000.0	662516000000.0	-29000000.0	0.19777614963582296
CAN	2015	30905000000.0	BEA_return	all_groups	1158600.0	63111000000.0	1388462000000.0	206859000000.0	5530000000.0	428182000000.0	550716000000.0	524000000.0	0.17893544733861835
CAN	2016	23348000000.0	BEA_return	all_groups	1201900.0	60655000000.0	1361338000000.0	200091000000.0	4526000000.0	417947000000.0	531293000000.0	697000000.0	0.19384958026383417
CAN	2017	32425000000.0	BEA_return	all_groups	1218000.0	61828000000.0	1397333000000.0	211847000000.0	6457000000.0	441521000000.0	570509000000.0	560000000.0	0.19913646877409405
CAN	2018	35621000000.0	BEA_return	all_groups	1223100.0	62821000000.0	1356817000000.0	193594000000.0	8957000000.0	462796000000.0	629241000000.0	-55000000.0	0.2514527946997558
CAN	2019	34281000000.0	BEA_return	all_groups	1186600.0	59869000000.0	1345526000000.0	169557000000.0	8170000000.0	452866000000.0	616548000000.0	-919000000.0	0.2383244362766547
CAN	2020	22252000000.0	BEA_return	all_groups	1146800.0	57479000000.0	1312321000000.0	165083000000.0	5698000000.0	408692000000.0	530762000000.0	-1284000000.0	0.2560668703936725
CAN	2021	41781000000.0	BEA_return	all_groups	1186400.0	63517000000.0	1378792000000.0	172105000000.0	8678000000.0	484897000000.0	667692000000.0	-943000000.0	0.2077020655321797
CHE	2004	8854000000.0	BEA_return	all_groups	79000.0	5878000000.0	318941000000.0	7251000000.0	1142000000.0			-110000000.0	0.1289812514117913
CHE	2005	11089000000.0	BEA_return	all_groups	100700.0	7497000000.0	342953000000.0		1431000000.0			-892000000.0	0.1290468031382451
CHE	2006	14033000000.0	BEA_return	all_groups	109500.0	8142000000.0	401703000000.0		1574000000.0			-510000000.0	0.11216418442243284
CHE	2007	15515000000.0	BEA_return	all_groups	90400.0	8375000000.0	440678000000.0		1655000000.0			-713000000.0	0.10667096358362875
CHE	2008	18415000000.0	BEA_return	all_groups	96600.0	9087000000.0	439642000000.0		1822000000.0			-696000000.0	0.09894108064078197
CHE	2009	22633000000.0	BEA_return	all_groups	88000.0	9313000000.0	535067000000.0	11161000000.0	2188000000.0			-1433000000.0	0.09667299960235055
CHE	2010	21618000000.0	BEA_return	all_groups	88100.0	9749000000.0	535946000000.0	11441000000.0	2373000000.0	143504000000.0	266506000000.0	-1519000000.0	0.10976963641409936
CHE	2011	26838000000.0	BEA_return	all_groups	91900.0	11115000000.0	622317000000.0	11610000000.0	3949000000.0	158268000000.0	303044000000.0	-1566000000.0	0.14714211193084434
CHE	2012	23741000000.0	BEA_return	all_groups	88700.0	11414000000.0	684381000000.0	11433000000.0	2518000000.0	155982000000.0	289772000000.0	-1952000000.0	0.10606124426098311
CHE	2013	34743000000.0	BEA_return	all_groups	87200.0	11191000000.0	714945000000.0	11741000000.0	2859000000.0	148954000000.0	282118000000.0	-1700000000.0	0.08228995768931871
CHE	2014	38185000000.0	BEA_return	all_groups	103100.0	13077000000.0	766307000000.0	10291000000.0	2677000000.0	167680000000.0	335076000000.0	-1578000000.0	0.07010606259002226
CHE	2015	39664000000.0	BEA_return	all_groups	105400.0	13307000000.0	856690000000.0	11438000000.0	3105000000.0	151323000000.0	309085000000.0	-1597000000.0	0.07828257361839451
CHE	2016	42521000000.0	BEA_return	all_groups	97900.0	12886000000.0	926017000000.0	14167000000.0	3649000000.0	148319000000.0	311581000000.0	-2137000000.0	0.08581642012182215
CHE	2017	36891000000.0	BEA_return	all_groups	98700.0	13405000000.0	1076215000000.0	14721000000.0	3781000000.0	175982000000.0	349793000000.0	-2326000000.0	0.10249112249600173
CHE	2018	40290000000.0	BEA_return	all_groups	98700.0	13468000000.0	1060287000000.0	15402000000.0	4583000000.0	236050000000.0	408289000000.0	-923000000.0	0.11375031025068255
CHE	2019	40631000000.0	BEA_return	all_groups	100900.0	13356000000.0	1231078000000.0	15863000000.0	1407000000.0	223750000000.0	391373000000.0	-1237000000.0	0.03462873175654057
CHE	2020	24441000000.0	BEA_return	all_groups	95500.0	12926000000.0	1184939000000.0	14368000000.0	3845000000.0	194424000000.0	349352000000.0	-300000000.0	0.15731762202855856
CHE	2021	34714000000.0	BEA_return	all_groups	93400.0	13512000000.0	1106882000000.0	14323000000.0	6101000000.0	229308000000.0	411838000000.0	15000000.0	0.17575041769891112
CHL	2004	1227000000.0	BEA_return	all_groups	72200.0	1194000000.0	25970000000.0	7279000000.0	207000000.0			254000000.0	0.1687041564792176
CHL	2005	1445000000.0	BEA_return	all_groups	76600.0	1347000000.0	29455000000.0		330000000.0			-28000000.0	0.22837370242214533
CHL	2006	2246000000.0	BEA_return	all_groups	79800.0	1532000000.0	31150000000.0		792000000.0			-21000000.0	0.352626892252894
CHL	2007	9397000000.0	BEA_return	all_groups	82200.0	1910000000.0	37942000000.0		1436000000.0			-234000000.0	0.15281472810471428
CHL	2008	5095000000.0	BEA_return	all_groups	75200.0	1836000000.0	42381000000.0		912000000.0			-373000000.0	0.17899901864573112
CHL	2009	3847000000.0	BEA_return	all_groups	113800.0	2285000000.0	59519000000.0	12639000000.0	668000000.0			-343000000.0	0.17364179880426306
CHL	2010	5899000000.0	BEA_return	all_groups	110000.0	2615000000.0	70837000000.0	11160000000.0	1187000000.0	25244000000.0	27418000000.0	-417000000.0	0.2012205458552297
CHL	2011	6840000000.0	BEA_return	all_groups	116600.0	3000000000.0	71645000000.0	13084000000.0	1759000000.0	29066000000.0	31734000000.0	-641000000.0	0.2571637426900585
CHL	2012	3533000000.0	BEA_return	all_groups	128100.0	3520000000.0	72882000000.0	18472000000.0	1237000000.0	33098000000.0	35757000000.0	-616000000.0	0.35012737050665155
CHL	2013	6075000000.0	BEA_return	all_groups	136900.0	3472000000.0	164878000000.0	20232000000.0	1702000000.0	36615000000.0	39237000000.0	-702000000.0	0.28016460905349794
CHL	2014	4829000000.0	BEA_return	all_groups	142300.0	3936000000.0	175908000000.0	24616000000.0		34822000000.0	37015000000.0	-886000000.0	
CHL	2015	3863000000.0	BEA_return	all_groups	151200.0	3840000000.0	170049000000.0	25991000000.0	841000000.0	32333000000.0	35026000000.0	-652000000.0	0.21770644576753817
CHL	2016	2681000000.0	BEA_return	all_groups	145800.0	3518000000.0	179733000000.0	24848000000.0	812000000.0	28260000000.0	30710000000.0	-583000000.0	0.3028720626631854
CHL	2017	3248000000.0	BEA_return	all_groups	144100.0	3586000000.0	235952000000.0	21498000000.0	835000000.0	31517000000.0	33853000000.0	-591000000.0	0.2570812807881773
CHL	2018	4690000000.0	BEA_return	all_groups	150700.0	3716000000.0	210244000000.0	19692000000.0	950000000.0	32532000000.0	34645000000.0	-271000000.0	0.2025586353944563
CHL	2019	4288000000.0	BEA_return	all_groups	152900.0	3795000000.0	222062000000.0	22382000000.0	855000000.0			-274000000.0	0.1993936567164179
CHL	2020	3808000000.0	BEA_return	all_groups	146900.0	3332000000.0	220573000000.0	19858000000.0	682000000.0			-95000000.0	0.1790966386554622
CHL	2021	5683000000.0	BEA_return	all_groups	150600.0	3518000000.0	197092000000.0	19345000000.0	953000000.0			-602000000.0	0.16769311983107513
CHN	2004	5343000000.0	BEA_return	all_groups	507100.0	4234000000.0	63436000000.0	14665000000.0	871000000.0			101000000.0	0.1630170316301703
CHN	2005	7999000000.0	BEA_return	all_groups	612800.0	5025000000.0	73684000000.0		1368000000.0			41000000.0	0.171021377672209
CHN	2006	8318000000.0	BEA_return	all_groups	704100.0	6148000000.0	97764000000.0		1233000000.0			153000000.0	0.1482327482567925
CHN	2007	9005000000.0	BEA_return	all_groups	788800.0	7846000000.0	129198000000.0		1483000000.0			132000000.0	0.16468628539700167
CHN	2008	10784000000.0	BEA_return	all_groups	952500.0	10163000000.0	162240000000.0		2199000000.0			138000000.0	0.20391320474777447
CHN	2009	10735000000.0	BEA_return	all_groups	941000.0	12086000000.0	190914000000.0	33509000000.0	2483000000.0				0.2312994876571961
CHN	2010	14038000000.0	BEA_return	all_groups	1125300.0	13684000000.0	209320000000.0	37428000000.0	2843000000.0	127356000000.0	168516000000.0	-386000000.0	0.2025217267417011
CHN	2011	18989000000.0	BEA_return	all_groups	1252700.0	16127000000.0	244991000000.0	41887000000.0	3709000000.0	156649000000.0	209001000000.0	-510000000.0	0.19532360840486598
CHN	2012	17812000000.0	BEA_return	all_groups	1342800.0	17895000000.0	264432000000.0	44633000000.0	4006000000.0	177835000000.0	232007000000.0	-532000000.0	0.22490455872445542
CHN	2013	20022000000.0	BEA_return	all_groups	1413600.0	20317000000.0	294272000000.0	48302000000.0	4704000000.0	204184000000.0	261774000000.0	-711000000.0	0.23494156427929277
CHN	2014	27927000000.0	BEA_return	all_groups	1705600.0	27734000000.0	371946000000.0	55255000000.0		273193000000.0	340998000000.0	-399000000.0	
CHN	2015	25018000000.0	BEA_return	all_groups	1713700.0	28776000000.0	391464000000.0	56404000000.0	5249000000.0	288941000000.0	355358000000.0	-273000000.0	0.20980893756495322
CHN	2016	23751000000.0	BEA_return	all_groups	1758800.0	29385000000.0	411694000000.0	60889000000.0	4633000000.0	282793000000.0	343808000000.0	-102000000.0	0.1950654709275399
CHN	2017	27416000000.0	BEA_return	all_groups	1723300.0	30332000000.0	441488000000.0	64042000000.0	5720000000.0	295302000000.0	372305000000.0	60000000.0	0.20863729209220894
CHN	2018	30655000000.0	BEA_return	all_groups	1698900.0	32322000000.0	462591000000.0	69519000000.0	5878000000.0	307832000000.0	389957000000.0	186000000.0	0.1917468602185614
CHN	2019	29756000000.0	BEA_return	all_groups	1238600.0	32579000000.0	441370000000.0	67433000000.0	5866000000.0	280875000000.0	368647000000.0	82000000.0	0.19713671192364565
CHN	2020	31813000000.0	BEA_return	all_groups	1197500.0	32130000000.0	486500000000.0	66588000000.0	5686000000.0	266998000000.0	360243000000.0	-660000000.0	0.17873196492000126
CHN	2021	39236000000.0	BEA_return	all_groups	1218200.0	36191000000.0	519461000000.0	73237000000.0	7860000000.0	345294000000.0	468365000000.0	-540000000.0	0.2003262310123356
CIV	2004		BEA_return	all_groups	2500.0	48000000.0	491000000.0	221000000.0					
CIV	2005		BEA_return	all_groups	2500.0	42000000.0	481000000.0						
CIV	2006		BEA_return	all_groups	2500.0	44000000.0	470000000.0						
CIV	2007		BEA_return	all_groups	2700.0	45000000.0	457000000.0						
CIV	2008		BEA_return	all_groups	2500.0	47000000.0	393000000.0						
CIV	2009		BEA_return	all_groups	1200.0	41000000.0	588000000.0	96000000.0					
CIV	2010		BEA_return	all_groups	1200.0	42000000.0	602000000.0	99000000.0					
CIV	2011		BEA_return	all_groups	1200.0	44000000.0	913000000.0	166000000.0					
CIV	2012		BEA_return	all_groups	1200.0	43000000.0	668000000.0	170000000.0					
CIV	2013		BEA_return	all_groups	1200.0	43000000.0	729000000.0	256000000.0					
CIV	2014		BEA_return	all_groups	1000.0	43000000.0	731000000.0	192000000.0					
CIV	2015		BEA_return	all_groups	700.0	31000000.0	607000000.0	168000000.0					
CIV	2016		BEA_return	all_groups	600.0	29000000.0	781000000.0						
CIV	2017		BEA_return	all_groups	600.0	29000000.0	645000000.0	51000000.0					
CIV	2018		BEA_return	all_groups	600.0	29000000.0	624000000.0	51000000.0					
CIV	2019		BEA_return	all_groups	900.0	37000000.0	926000000.0	109000000.0					
CIV	2020		BEA_return	all_groups	900.0	38000000.0	986000000.0	159000000.0					
CIV	2021		BEA_return	all_groups	1000.0	42000000.0	1093000000.0	208000000.0					
CMR	2004		BEA_return	all_groups									
CMR	2005		BEA_return	all_groups			3339000000.0						
CMR	2006		BEA_return	all_groups			3238000000.0						
CMR	2007		BEA_return	all_groups			3486000000.0						
CMR	2008		BEA_return	all_groups			3250000000.0						
CMR	2009		BEA_return	all_groups	5500.0	101000000.0	3825000000.0						
CMR	2010		BEA_return	all_groups	5500.0	127000000.0	4066000000.0						
CMR	2011		BEA_return	all_groups	5600.0	135000000.0	3937000000.0						
CMR	2012		BEA_return	all_groups	5400.0	137000000.0	3791000000.0	2068000000.0					
CMR	2013		BEA_return	all_groups	2000.0	49000000.0	2788000000.0	1392000000.0					
CMR	2014		BEA_return	all_groups	600.0	46000000.0	1668000000.0						
CMR	2015		BEA_return	all_groups	400.0	19000000.0	653000000.0	101000000.0					
CMR	2016		BEA_return	all_groups	300.0	16000000.0	677000000.0	96000000.0					
CMR	2017		BEA_return	all_groups	300.0	16000000.0	734000000.0	99000000.0					
CMR	2018		BEA_return	all_groups	300.0	10000000.0	739000000.0	100000000.0					
CMR	2019		BEA_return	all_groups	200.0	8000000.0	760000000.0						
CMR	2020		BEA_return	all_groups	200.0	8000000.0	787000000.0						
CMR	2021		BEA_return	all_groups	200.0	9000000.0	459000000.0						
COD	2004		BEA_return	all_groups	400.0	7000000.0							
COD	2005		BEA_return	all_groups	400.0	2000000.0							
COD	2006		BEA_return	all_groups	500.0	2000000.0	213000000.0						
COD	2007		BEA_return	all_groups	600.0	2000000.0	263000000.0						
COD	2008		BEA_return	all_groups									
COD	2009		BEA_return	all_groups									
COD	2010		BEA_return	all_groups									
COD	2011		BEA_return	all_groups									
COD	2012		BEA_return	all_groups									
COD	2013		BEA_return	all_groups									
COD	2014		BEA_return	all_groups									
COD	2015		BEA_return	all_groups									
COD	2016		BEA_return	all_groups	1000.0	18000000.0	575000000.0	81000000.0					
COD	2017		BEA_return	all_groups	1000.0	19000000.0	527000000.0	79000000.0					
COD	2018		BEA_return	all_groups	900.0	18000000.0	523000000.0	79000000.0					
COD	2019		BEA_return	all_groups	800.0	17000000.0	720000000.0	78000000.0					
COD	2020		BEA_return	all_groups	800.0	17000000.0	783000000.0						
COD	2021		BEA_return	all_groups	800.0	18000000.0	642000000.0						
COG	2004		BEA_return	all_groups	500.0	19000000.0							
COG	2005		BEA_return	all_groups	500.0	19000000.0	1429000000.0						
COG	2006		BEA_return	all_groups	1000.0	34000000.0							
COG	2007		BEA_return	all_groups	1800.0	35000000.0							
COG	2008		BEA_return	all_groups	600.0	35000000.0							
COG	2009		BEA_return	all_groups	400.0	49000000.0							
COG	2010		BEA_return	all_groups	300.0	32000000.0							
COG	2011		BEA_return	all_groups	300.0	40000000.0							
COG	2012		BEA_return	all_groups	300.0								
COG	2013		BEA_return	all_groups	500.0								
COG	2014		BEA_return	all_groups	400.0	50000000.0							
COG	2015		BEA_return	all_groups	200.0								
COG	2016		BEA_return	all_groups	300.0								
COG	2017		BEA_return	all_groups	300.0								
COG	2018		BEA_return	all_groups	300.0								
COG	2019		BEA_return	all_groups	300.0								
COG	2020		BEA_return	all_groups	300.0	33000000.0							
COG	2021		BEA_return	all_groups	300.0								
COL	2004	995000000.0	BEA_return	all_groups			10816000000.0	2633000000.0	255000000.0			-5000000.0	0.2562814070351759
COL	2005	1443000000.0	BEA_return	all_groups			11647000000.0		475000000.0			-24000000.0	0.32917532917532916
COL	2006	1470000000.0	BEA_return	all_groups			14025000000.0		533000000.0			-26000000.0	0.3625850340136054
COL	2007	1874000000.0	BEA_return	all_groups					664000000.0			-91000000.0	0.35432230522945574
COL	2008	2137000000.0	BEA_return	all_groups					803000000.0			-20000000.0	0.3757604117922321
COL	2009	1957000000.0	BEA_return	all_groups	59800.0	1624000000.0	19826000000.0	4843000000.0	843000000.0			-106000000.0	0.430761369443025
COL	2010	2451000000.0	BEA_return	all_groups	58800.0	1876000000.0	22453000000.0	5348000000.0	791000000.0			44000000.0	0.3227254181966544
COL	2011	2870000000.0	BEA_return	all_groups	62300.0	2247000000.0	25664000000.0	5542000000.0	953000000.0			-197000000.0	0.3320557491289199
COL	2012	3035000000.0	BEA_return	all_groups	63900.0	2372000000.0	29738000000.0	6143000000.0	987000000.0			-295000000.0	0.32520593080724874
COL	2013	2548000000.0	BEA_return	all_groups	65800.0	2452000000.0	30679000000.0	6602000000.0	902000000.0			-190000000.0	0.3540031397174254
COL	2014	1747000000.0	BEA_return	all_groups	83200.0	2946000000.0	32525000000.0	7346000000.0		21842000000.0	24894000000.0	-50000000.0	
COL	2015	629000000.0	BEA_return	all_groups	82400.0	2660000000.0	30133000000.0	6418000000.0	391000000.0	18152000000.0	20854000000.0	-10000000.0	0.6216216216216216
COL	2016	908000000.0	BEA_return	all_groups	87400.0	2467000000.0	31557000000.0	6370000000.0	545000000.0	16770000000.0	19077000000.0	-52000000.0	0.6002202643171806
COL	2017	1099000000.0	BEA_return	all_groups	88900.0	2571000000.0	32634000000.0	6165000000.0	491000000.0	18600000000.0	20027000000.0	-71000000.0	0.4467697907188353
COL	2018	1483000000.0	BEA_return	all_groups	86100.0	2578000000.0	32333000000.0	6008000000.0	574000000.0	17887000000.0	19274000000.0	-80000000.0	0.3870532703978422
COL	2019	1332000000.0	BEA_return	all_groups	104900.0	2598000000.0	33441000000.0	7083000000.0	701000000.0	18089000000.0	19453000000.0	-90000000.0	0.5262762762762763
COL	2020	583000000.0	BEA_return	all_groups	102700.0	2340000000.0	29124000000.0	5792000000.0	341000000.0	15017000000.0	16318000000.0	-78000000.0	0.5849056603773585
COL	2021	821000000.0	BEA_return	all_groups	105500.0	2416000000.0	28831000000.0	5713000000.0	411000000.0	17691000000.0	19037000000.0	-80000000.0	0.5006090133982948
COM	2004		BEA_return	all_groups			2000000.0	1000000.0					
COM	2005		BEA_return	all_groups			2000000.0						
COM	2006		BEA_return	all_groups			2000000.0						
COM	2007		BEA_return	all_groups			2000000.0						
COM	2008		BEA_return	all_groups			2000000.0						
COM	2014		BEA_return	all_groups	0.0	0.0							
COM	2015		BEA_return	all_groups	0.0	0.0							
COM	2016		BEA_return	all_groups	0.0	0.0							
COM	2017		BEA_return	all_groups	0.0	0.0							
COM	2018		BEA_return	all_groups	0.0	0.0							
CPV	2019		BEA_return	all_groups	0.0	0.0	3000000.0	1000000.0					
CPV	2020		BEA_return	all_groups	0.0	0.0	3000000.0	1000000.0					
CPV	2021		BEA_return	all_groups	0.0	0.0	3000000.0	1000000.0					
CRI	2004	400000000.0	BEA_return	all_groups	33800.0	414000000.0	7627000000.0	847000000.0	55000000.0			5000000.0	0.1375
CRI	2005	495000000.0	BEA_return	all_groups	36800.0	487000000.0	5881000000.0					-8000000.0	
CRI	2006	511000000.0	BEA_return	all_groups					49000000.0			-19000000.0	0.0958904109589041
CRI	2007	574000000.0	BEA_return	all_groups					46000000.0			-45000000.0	0.08013937282229965
CRI	2008	495000000.0	BEA_return	all_groups					46000000.0			-20000000.0	0.09292929292929293
CRI	2009	590000000.0	BEA_return	all_groups	48100.0	659000000.0	26120000000.0	1111000000.0	43000000.0			-36000000.0	0.07288135593220339
CRI	2010	870000000.0	BEA_return	all_groups	47000.0	750000000.0	29109000000.0	1183000000.0	52000000.0			-51000000.0	0.059770114942528735
CRI	2011	689000000.0	BEA_return	all_groups	46700.0	821000000.0	29898000000.0	1299000000.0	67000000.0			-37000000.0	0.09724238026124818
CRI	2012	747000000.0	BEA_return	all_groups	53100.0	919000000.0	31652000000.0	1447000000.0	62000000.0			-23000000.0	0.08299866131191433
CRI	2013	680000000.0	BEA_return	all_groups	60800.0	1125000000.0	32929000000.0	2107000000.0	95000000.0			-16000000.0	0.13970588235294118
CRI	2014	693000000.0	BEA_return	all_groups	85300.0	1431000000.0	36735000000.0	3049000000.0		8245000000.0	12881000000.0	-14000000.0	
CRI	2015	863000000.0	BEA_return	all_groups	87400.0	1536000000.0	38344000000.0	2774000000.0	176000000.0	8591000000.0	12944000000.0	-31000000.0	0.20393974507531865
CRI	2016	1087000000.0	BEA_return	all_groups	90300.0	1615000000.0	39471000000.0	2706000000.0	104000000.0	8263000000.0	13429000000.0	-32000000.0	0.09567617295308188
CRI	2017	1122000000.0	BEA_return	all_groups	80100.0	1611000000.0	41186000000.0	2972000000.0	202000000.0	8510000000.0	13910000000.0	-67000000.0	0.1800356506238859
CRI	2018	823000000.0	BEA_return	all_groups	80000.0	1630000000.0	42968000000.0	3030000000.0	125000000.0	8781000000.0	14258000000.0	-84000000.0	0.15188335358444716
CRI	2019	856000000.0	BEA_return	all_groups	83200.0	1690000000.0	15250000000.0	3577000000.0	168000000.0	8510000000.0	12745000000.0	-42000000.0	0.19626168224299065
CRI	2020	1036000000.0	BEA_return	all_groups	95900.0	2105000000.0	15748000000.0	3623000000.0	136000000.0	9035000000.0	13435000000.0	-59000000.0	0.13127413127413126
CRI	2021	1540000000.0	BEA_return	all_groups	94300.0	2121000000.0	16560000000.0	3910000000.0		9652000000.0	15474000000.0	-63000000.0	
CUB	2004		BEA_return	all_groups									
CUB	2005		BEA_return	all_groups									
CUB	2006		BEA_return	all_groups									
CUB	2007		BEA_return	all_groups									
CUB	2008		BEA_return	all_groups									
CUB	2009		BEA_return	all_groups				2000000.0					
CUB	2010		BEA_return	all_groups				2000000.0					
CUB	2011		BEA_return	all_groups				2000000.0					
CUB	2012		BEA_return	all_groups				2000000.0					
CUB	2013		BEA_return	all_groups				2000000.0					
CUW	2011		BEA_return	all_groups	900.0	15000000.0	89422000000.0	46000000.0					
CUW	2011		BEA_return	all_groups	100.0								
CUW	2012		BEA_return	all_groups	900.0	19000000.0	105246000000.0	15000000.0					
CUW	2012		BEA_return	all_groups	100.0								
CUW	2013		BEA_return	all_groups	900.0	21000000.0	92339000000.0	15000000.0					
CUW	2013		BEA_return	all_groups	100.0								
CUW	2014		BEA_return	all_groups	200.0	15000000.0	86351000000.0	97000000.0					
CUW	2014		BEA_return	all_groups	300.0	27000000.0	1737000000.0						
CUW	2015		BEA_return	all_groups	200.0		87436000000.0	82000000.0					
CUW	2015		BEA_return	all_groups	300.0	26000000.0	1233000000.0						
CUW	2016		BEA_return	all_groups	100.0	3000000.0	55187000000.0	31000000.0					
CUW	2016		BEA_return	all_groups	300.0	24000000.0	1233000000.0						
CUW	2017		BEA_return	all_groups		2000000.0	60690000000.0	34000000.0					
CUW	2017		BEA_return	all_groups	300.0	22000000.0	1256000000.0						
CUW	2018		BEA_return	all_groups		2000000.0	60967000000.0	33000000.0					
CUW	2018		BEA_return	all_groups	300.0	22000000.0	1387000000.0						
CUW	2019		BEA_return	all_groups	100.0	5000000.0	42796000000.0	49000000.0					
CUW	2019		BEA_return	all_groups	300.0	8000000.0	732000000.0	29000000.0					
CUW	2020		BEA_return	all_groups			40740000000.0						
CUW	2020		BEA_return	all_groups	300.0	8000000.0	403000000.0	28000000.0					
CUW	2021		BEA_return	all_groups			38516000000.0						
CUW	2021		BEA_return	all_groups	300.0	8000000.0	395000000.0	28000000.0					
CYP	2004		BEA_return	all_groups	1100.0	40000000.0							
CYP	2005		BEA_return	all_groups	2200.0	55000000.0	1570000000.0						
CYP	2006		BEA_return	all_groups	2300.0	61000000.0	2131000000.0						
CYP	2007		BEA_return	all_groups	2300.0	76000000.0	4607000000.0						
CYP	2008		BEA_return	all_groups	2400.0	86000000.0	4591000000.0						
CYP	2009		BEA_return	all_groups	1200.0	62000000.0	5498000000.0	137000000.0					
CYP	2010		BEA_return	all_groups	1700.0	80000000.0	8215000000.0	184000000.0					
CYP	2011		BEA_return	all_groups	1500.0	92000000.0	9676000000.0	196000000.0					
CYP	2012		BEA_return	all_groups	1500.0	92000000.0	11628000000.0	269000000.0					
CYP	2013		BEA_return	all_groups	1500.0	94000000.0	12814000000.0	412000000.0					
CYP	2014		BEA_return	all_groups	2000.0	124000000.0	15521000000.0	396000000.0					
CYP	2015		BEA_return	all_groups	1700.0	100000000.0	-9845000000.0	129000000.0					
CYP	2016		BEA_return	all_groups	1600.0	99000000.0	-14601000000.0	138000000.0					
CYP	2017		BEA_return	all_groups	1600.0	101000000.0	-24965000000.0	139000000.0					
CYP	2018		BEA_return	all_groups	1500.0	79000000.0	-29405000000.0	195000000.0					
CYP	2019		BEA_return	all_groups	1300.0	78000000.0	-27210000000.0	363000000.0					
CYP	2020		BEA_return	all_groups	1800.0	102000000.0	-24922000000.0	366000000.0					
CYP	2021		BEA_return	all_groups	1900.0	103000000.0	48101000000.0	498000000.0					
CZE	2004	782000000.0	BEA_return	all_groups					243000000.0			-52000000.0	0.31074168797953966
CZE	2005	1161000000.0	BEA_return	all_groups			12283000000.0		221000000.0			-104000000.0	0.19035314384151594
CZE	2006	1131000000.0	BEA_return	all_groups					221000000.0			-126000000.0	0.19540229885057472
CZE	2007	1114000000.0	BEA_return	all_groups					283000000.0			-109000000.0	0.2540394973070018
CZE	2008	1090000000.0	BEA_return	all_groups					255000000.0			-57000000.0	0.23394495412844038
CZE	2009	1392000000.0	BEA_return	all_groups	72000.0	2072000000.0	29042000000.0	4074000000.0	234000000.0			-199000000.0	0.16810344827586207
CZE	2010	1472000000.0	BEA_return	all_groups	80200.0	2137000000.0	28740000000.0	3883000000.0	202000000.0	11385000000.0	16220000000.0	-31000000.0	0.13722826086956522
CZE	2011	1608000000.0	BEA_return	all_groups	86000.0	2274000000.0	29394000000.0	3737000000.0	287000000.0	12604000000.0	17889000000.0	14000000.0	0.17848258706467662
CZE	2012	1464000000.0	BEA_return	all_groups	84900.0	2204000000.0	30095000000.0	4585000000.0	267000000.0	11255000000.0	18122000000.0	11000000.0	0.18237704918032788
CZE	2013	1274000000.0	BEA_return	all_groups	84800.0	2102000000.0	30306000000.0	4574000000.0	255000000.0	10205000000.0	17402000000.0	117000000.0	0.2001569858712716
CZE	2014	1424000000.0	BEA_return	all_groups	93800.0	2294000000.0	30662000000.0	4896000000.0	264000000.0	11264000000.0	18797000000.0	24000000.0	0.1853932584269663
CZE	2015	1299000000.0	BEA_return	all_groups	94400.0	2198000000.0	27331000000.0	3431000000.0		10378000000.0	15256000000.0	-13000000.0	
CZE	2016	649000000.0	BEA_return	all_groups	87400.0	2203000000.0	20426000000.0	3608000000.0	130000000.0	10824000000.0	15029000000.0		0.20030816640986132
CZE	2017	1017000000.0	BEA_return	all_groups	85400.0	2254000000.0	22968000000.0	4133000000.0	170000000.0	11542000000.0	16609000000.0	125000000.0	0.1671583087512291
CZE	2018	1014000000.0	BEA_return	all_groups	78900.0	2201000000.0	20459000000.0	3879000000.0	163000000.0	11216000000.0	15823000000.0		0.16074950690335305
CZE	2019	779000000.0	BEA_return	all_groups	74600.0	2135000000.0	19504000000.0	3658000000.0	299000000.0				0.38382541720154045
CZE	2020	933000000.0	BEA_return	all_groups	74500.0	2206000000.0	20191000000.0	3729000000.0	219000000.0	10211000000.0	13847000000.0		0.2347266881028939
CZE	2021	990000000.0	BEA_return	all_groups	73900.0	2500000000.0	21120000000.0	3914000000.0	260000000.0	12294000000.0	16549000000.0		0.26262626262626265
DEU	2004	6527000000.0	BEA_return	all_groups	613900.0	41593000000.0	439643000000.0	72429000000.0	2990000000.0			389000000.0	0.4580971349777846
DEU	2005	9969000000.0	BEA_return	all_groups	647200.0	43947000000.0	445393000000.0		3823000000.0			207000000.0	0.3834888153275153
DEU	2006	13026000000.0	BEA_return	all_groups	665200.0	46114000000.0	522267000000.0		4200000000.0			167000000.0	0.32243205895900506
DEU	2007	13597000000.0	BEA_return	all_groups	684900.0	50098000000.0	629481000000.0		6652000000.0			724000000.0	0.4892255644627491
DEU	2008	14374000000.0	BEA_return	all_groups	665500.0	51448000000.0	598040000000.0		4658000000.0			2624000000.0	0.3240573257270071
DEU	2009	9473000000.0	BEA_return	all_groups	619700.0	49753000000.0	672964000000.0	68082000000.0	4434000000.0				0.468067138182202
DEU	2010	11307000000.0	BEA_return	all_groups	621100.0	48016000000.0	645727000000.0	64447000000.0	3489000000.0	220127000000.0	305959000000.0	604000000.0	0.308569912443619
DEU	2011	13021000000.0	BEA_return	all_groups	620600.0	51063000000.0	672671000000.0	58364000000.0	4833000000.0	249310000000.0	345486000000.0	1069000000.0	0.3711696490284924
DEU	2012	11578000000.0	BEA_return	all_groups	620500.0	49963000000.0	701350000000.0	56252000000.0	4242000000.0	234636000000.0	322398000000.0	1515000000.0	0.36638452237001207
DEU	2013	13703000000.0	BEA_return	all_groups	614200.0	50356000000.0	736460000000.0	58365000000.0	3941000000.0	240688000000.0	330933000000.0	2189000000.0	0.28760125519959134
DEU	2014	14627000000.0	BEA_return	all_groups	701000.0	54948000000.0	804173000000.0	55732000000.0		257435000000.0	357009000000.0	1051000000.0	
DEU	2015	12746000000.0	BEA_return	all_groups	701700.0	53211000000.0	790236000000.0	51313000000.0	4843000000.0	252559000000.0	351704000000.0	693000000.0	0.37996234112662797
DEU	2016	9563000000.0	BEA_return	all_groups	711800.0	53150000000.0	821069000000.0	49715000000.0	3858000000.0	242653000000.0	339519000000.0	821000000.0	0.4034298860190317
DEU	2017	11524000000.0	BEA_return	all_groups	661400.0	50997000000.0	845842000000.0	53362000000.0	4271000000.0	237009000000.0	336574000000.0	389000000.0	0.370617841027421
DEU	2018	10012000000.0	BEA_return	all_groups	674100.0	52910000000.0	903682000000.0	56507000000.0	4918000000.0	253900000000.0	366568000000.0	663000000.0	0.4912105473431882
DEU	2019	8483000000.0	BEA_return	all_groups	673400.0	52573000000.0	952034000000.0	54340000000.0	4879000000.0	250914000000.0	363653000000.0	479000000.0	0.5751503006012024
DEU	2020	6820000000.0	BEA_return	all_groups	638600.0	49743000000.0	1064716000000.0	52195000000.0	4178000000.0	236238000000.0	336517000000.0	1186000000.0	0.6126099706744869
DEU	2021	14423000000.0	BEA_return	all_groups	639600.0	51831000000.0	1178631000000.0	53722000000.0	4857000000.0	272502000000.0	381670000000.0	1409000000.0	0.33675379602024547
DJI	2004		BEA_return	all_groups									
DJI	2005		BEA_return	all_groups		2000000.0							
DJI	2006		BEA_return	all_groups		2000000.0							
DJI	2007		BEA_return	all_groups									
DJI	2009		BEA_return	all_groups		1000000.0	2000000.0	1000000.0					
DJI	2010		BEA_return	all_groups		1000000.0	2000000.0	1000000.0					
DJI	2011		BEA_return	all_groups		1000000.0	2000000.0	1000000.0					
DJI	2012		BEA_return	all_groups		1000000.0	2000000.0	1000000.0					
DJI	2013		BEA_return	all_groups		1000000.0	2000000.0	1000000.0					
DJI	2014		BEA_return	all_groups	100.0		2000000.0						
DJI	2015		BEA_return	all_groups	200.0								
DJI	2016		BEA_return	all_groups	200.0			0.0					
DJI	2017		BEA_return	all_groups	200.0			0.0					
DJI	2018		BEA_return	all_groups	200.0			0.0					
DJI	2019		BEA_return	all_groups	0.0	0.0		0.0					
DJI	2020		BEA_return	all_groups	0.0	0.0		0.0					
DJI	2021		BEA_return	all_groups	200.0								
DMA	2004		BEA_return	all_groups									
DMA	2005		BEA_return	all_groups									
DMA	2006		BEA_return	all_groups	500.0	5000000.0	75000000.0						
DMA	2007		BEA_return	all_groups									
DMA	2008		BEA_return	all_groups									
DMA	2009		BEA_return	all_groups	0.0	0.0		1000000.0					
DMA	2010		BEA_return	all_groups									
DMA	2011		BEA_return	all_groups									
DMA	2012		BEA_return	all_groups	0.0	0.0							
DMA	2013		BEA_return	all_groups	0.0	0.0							
DMA	2014		BEA_return	all_groups	500.0								
DMA	2015		BEA_return	all_groups	500.0								
DMA	2016		BEA_return	all_groups	600.0								
DMA	2017		BEA_return	all_groups	600.0								
DMA	2018		BEA_return	all_groups	500.0								
DMA	2019		BEA_return	all_groups	200.0			72000000.0					
DMA	2020		BEA_return	all_groups		1000000.0							
DMA	2021		BEA_return	all_groups		1000000.0							
DNK	2004	1366000000.0	BEA_return	all_groups	41800.0	3469000000.0	39646000000.0	3269000000.0	686000000.0			-169000000.0	0.5021961932650073
DNK	2005	1868000000.0	BEA_return	all_groups	45500.0	3148000000.0	40007000000.0		852000000.0			-163000000.0	0.45610278372591007
DNK	2006	2364000000.0	BEA_return	all_groups	66400.0	4600000000.0	51045000000.0		988000000.0			-27000000.0	0.4179357021996616
DNK	2007	2211000000.0	BEA_return	all_groups					962000000.0			97000000.0	0.43509724106739034
DNK	2008	7532000000.0	BEA_return	all_groups					4698000000.0			84000000.0	0.6237387148167818
DNK	2009	4360000000.0	BEA_return	all_groups	34200.0	3055000000.0	58261000000.0	4642000000.0	2486000000.0				0.5701834862385321
DNK	2010	4588000000.0	BEA_return	all_groups	32600.0	3051000000.0	56802000000.0	4159000000.0	2998000000.0	12785000000.0	18906000000.0	149000000.0	0.6534437663469922
DNK	2011	5746000000.0	BEA_return	all_groups	32000.0	3073000000.0	60778000000.0	4241000000.0	3631000000.0	13366000000.0	20810000000.0	-87000000.0	0.6319178558997564
DNK	2012	3927000000.0	BEA_return	all_groups	34400.0	3337000000.0	58745000000.0	4678000000.0	2806000000.0	13062000000.0	19812000000.0	79000000.0	0.7145403615991851
DNK	2013	4971000000.0	BEA_return	all_groups	39900.0	3961000000.0	71197000000.0	6780000000.0	1977000000.0	16596000000.0	23004000000.0	115000000.0	0.3977066988533494
DNK	2014	2317000000.0	BEA_return	all_groups	44900.0	4591000000.0	84843000000.0	5779000000.0	2219000000.0	18851000000.0	22873000000.0	62000000.0	0.9577039274924471
DNK	2015	1029000000.0	BEA_return	all_groups	40800.0	3861000000.0	81791000000.0	5799000000.0	330000000.0	12435000000.0	18386000000.0	30000000.0	0.3206997084548105
DNK	2016	587000000.0	BEA_return	all_groups	40300.0	3834000000.0	80727000000.0	5438000000.0	629000000.0			-5000000.0	1.071550255536627
DNK	2017	598000000.0	BEA_return	all_groups	40800.0	3907000000.0	74687000000.0	5714000000.0	333000000.0			-31000000.0	0.5568561872909699
DNK	2018	593000000.0	BEA_return	all_groups	44500.0	3947000000.0	76166000000.0	6014000000.0	438000000.0			-93000000.0	0.7386172006745363
DNK	2019	1110000000.0	BEA_return	all_groups	40800.0	3677000000.0	73841000000.0	5797000000.0	649000000.0			-24000000.0	0.5846846846846847
DNK	2020	-433000000.0	BEA_return	all_groups	37400.0	3707000000.0	73805000000.0	5185000000.0	-17000000.0	13668000000.0	18383000000.0	-29000000.0	0.03926096997690531
DNK	2021	732000000.0	BEA_return	all_groups	37300.0	3815000000.0	66959000000.0	5051000000.0	250000000.0	14762000000.0	19953000000.0	-58000000.0	0.34153005464480873
DOM	2004	258000000.0	BEA_return	all_groups					15000000.0			72000000.0	0.05813953488372093
DOM	2005	639000000.0	BEA_return	all_groups			5132000000.0		147000000.0			50000000.0	0.2300469483568075
DOM	2006	640000000.0	BEA_return	all_groups			4687000000.0		71000000.0			-3000000.0	0.1109375
DOM	2007	383000000.0	BEA_return	all_groups	32000.0	315000000.0			60000000.0			-14000000.0	0.1566579634464752
DOM	2008		BEA_return	all_groups	24600.0	183000000.0			104000000.0			14000000.0	
DOM	2009	639000000.0	BEA_return	all_groups	26000.0	232000000.0	4185000000.0	936000000.0				-11000000.0	
DOM	2010	476000000.0	BEA_return	all_groups	24900.0	228000000.0	4109000000.0	938000000.0	103000000.0	3592000000.0	4630000000.0	58000000.0	0.21638655462184875
DOM	2011	596000000.0	BEA_return	all_groups	23200.0	220000000.0	4178000000.0	1062000000.0	162000000.0	3977000000.0	4882000000.0	46000000.0	0.27181208053691275
DOM	2012	422000000.0	BEA_return	all_groups	20400.0	221000000.0	4790000000.0	1058000000.0	139000000.0			54000000.0	0.3293838862559242
DOM	2013	435000000.0	BEA_return	all_groups	19700.0	217000000.0	5184000000.0	1027000000.0	107000000.0	2630000000.0		62000000.0	0.24597701149425288
DOM	2014	416000000.0	BEA_return	all_groups	21800.0	225000000.0	5204000000.0	1003000000.0	83000000.0	2839000000.0	3813000000.0	34000000.0	0.19951923076923078
DOM	2015	523000000.0	BEA_return	all_groups	23300.0	260000000.0	4931000000.0	1074000000.0	93000000.0				0.17782026768642448
DOM	2016	606000000.0	BEA_return	all_groups	24400.0	257000000.0	5198000000.0	1011000000.0	68000000.0	2243000000.0	3593000000.0	29000000.0	0.11221122112211221
DOM	2017	616000000.0	BEA_return	all_groups	22500.0	242000000.0	4790000000.0	1088000000.0	102000000.0			13000000.0	0.16558441558441558
DOM	2018	670000000.0	BEA_return	all_groups	23100.0	247000000.0	5292000000.0	1279000000.0	79000000.0	2518000000.0	3910000000.0	-3000000.0	0.11791044776119403
DOM	2019	798000000.0	BEA_return	all_groups	25800.0	271000000.0	6043000000.0	1784000000.0	89000000.0			-12000000.0	0.11152882205513784
DOM	2020	537000000.0	BEA_return	all_groups	25600.0	262000000.0	6188000000.0	1909000000.0	75000000.0	2673000000.0	3462000000.0	23000000.0	0.13966480446927373
DOM	2021	646000000.0	BEA_return	all_groups	25900.0	268000000.0	6405000000.0	2005000000.0	87000000.0	3121000000.0		22000000.0	0.1346749226006192
DZA	2004		BEA_return	all_groups	2400.0	184000000.0	6626000000.0	1741000000.0					
DZA	2005		BEA_return	all_groups	2100.0	171000000.0	8681000000.0						
DZA	2006		BEA_return	all_groups	5800.0	190000000.0							
DZA	2007		BEA_return	all_groups	6200.0	175000000.0							
DZA	2008		BEA_return	all_groups	5900.0	164000000.0							
DZA	2009		BEA_return	all_groups	4300.0	161000000.0	13407000000.0	3713000000.0					
DZA	2010		BEA_return	all_groups	4200.0	191000000.0	12745000000.0	3495000000.0					
DZA	2011		BEA_return	all_groups	4300.0	212000000.0	13928000000.0	3663000000.0					
DZA	2012		BEA_return	all_groups	4300.0	195000000.0	16105000000.0	3833000000.0					
DZA	2013		BEA_return	all_groups	4100.0	153000000.0	15072000000.0	2886000000.0					
DZA	2014		BEA_return	all_groups	3500.0	185000000.0	15719000000.0	2839000000.0					
DZA	2015		BEA_return	all_groups	3400.0	133000000.0	14340000000.0	2594000000.0					
DZA	2016		BEA_return	all_groups	3600.0	162000000.0	8610000000.0	2357000000.0					
DZA	2017		BEA_return	all_groups	3200.0	153000000.0	8587000000.0	1942000000.0					
DZA	2018		BEA_return	all_groups	3200.0	158000000.0	6918000000.0						
DZA	2019		BEA_return	all_groups	3800.0	190000000.0	7900000000.0						
DZA	2020		BEA_return	all_groups	3300.0	157000000.0	6817000000.0						
DZA	2021		BEA_return	all_groups	3200.0	143000000.0	7006000000.0						
ECU	2004	488000000.0	BEA_return	all_groups					109000000.0			-5000000.0	0.22336065573770492
ECU	2005	630000000.0	BEA_return	all_groups			3412000000.0		173000000.0			-20000000.0	0.2746031746031746
ECU	2006	257000000.0	BEA_return	all_groups	8600.0	176000000.0			80000000.0			-10000000.0	0.311284046692607
ECU	2007	113000000.0	BEA_return	all_groups	11500.0	198000000.0	4589000000.0		96000000.0			-17000000.0	0.8495575221238938
ECU	2008	191000000.0	BEA_return	all_groups	12400.0	205000000.0	4037000000.0		62000000.0			17000000.0	0.32460732984293195
ECU	2009	205000000.0	BEA_return	all_groups	13600.0	264000000.0	4066000000.0	591000000.0	60000000.0			5000000.0	0.2926829268292683
ECU	2010	326000000.0	BEA_return	all_groups	14900.0	301000000.0	4381000000.0	601000000.0	83000000.0	3181000000.0	4054000000.0	-25000000.0	0.254601226993865
ECU	2011	318000000.0	BEA_return	all_groups	15600.0	301000000.0	4161000000.0	704000000.0	97000000.0	3742000000.0	4591000000.0	-22000000.0	0.3050314465408805
ECU	2012	325000000.0	BEA_return	all_groups	15200.0	345000000.0	4373000000.0	743000000.0	108000000.0			-32000000.0	0.3323076923076923
ECU	2013	367000000.0	BEA_return	all_groups	16700.0	376000000.0	4543000000.0	806000000.0	104000000.0	4007000000.0		-2000000.0	0.28337874659400547
ECU	2014	294000000.0	BEA_return	all_groups	21900.0	535000000.0	5320000000.0	911000000.0	75000000.0	4902000000.0	6214000000.0	10000000.0	0.25510204081632654
ECU	2015	132000000.0	BEA_return	all_groups	18900.0	495000000.0	5108000000.0	764000000.0	27000000.0	4116000000.0	5317000000.0	-10000000.0	0.20454545454545456
ECU	2016	122000000.0	BEA_return	all_groups	16600.0	464000000.0	4878000000.0	700000000.0	15000000.0	3538000000.0	4563000000.0	-13000000.0	0.12295081967213115
ECU	2017	151000000.0	BEA_return	all_groups	17100.0	463000000.0	5031000000.0	712000000.0	23000000.0	3773000000.0	4883000000.0	-20000000.0	0.152317880794702
ECU	2018	169000000.0	BEA_return	all_groups	16100.000000000002	449000000.0	5066000000.0	691000000.0	27000000.0	3705000000.0	4833000000.0	-23000000.0	0.15976331360946747
ECU	2019	429000000.0	BEA_return	all_groups	21700.0	440000000.0	5640000000.0	1153000000.0	83000000.0			28000000.0	0.19347319347319347
ECU	2020	276000000.0	BEA_return	all_groups	22000.0	439000000.0	5517000000.0	1390000000.0	43000000.0	2698000000.0	4279000000.0	-30000000.0	0.15579710144927536
ECU	2021	147000000.0	BEA_return	all_groups	21100.0	451000000.0	5402000000.0	1333000000.0				-9000000.0	
EGY	2004	1175000000.0	BEA_return	all_groups	29800.0	270000000.0			512000000.0			10000000.0	0.4357446808510638
EGY	2005	1728000000.0	BEA_return	all_groups	34100.0	320000000.0	11142000000.0		780000000.0			50000000.0	0.4513888888888889
EGY	2006		BEA_return	all_groups	35000.0	368000000.0	13398000000.0		885000000.0				
EGY	2007	2463000000.0	BEA_return	all_groups	35500.0	403000000.0	16377000000.0		1026000000.0			98000000.0	0.4165651644336175
EGY	2008	3422000000.0	BEA_return	all_groups	38200.0	498000000.0	19213000000.0		1549000000.0			28000000.0	0.4526592635885447
EGY	2009	3407000000.0	BEA_return	all_groups	24900.0	554000000.0	17026000000.0	7731000000.0				-122000000.0	
EGY	2010	3945000000.0	BEA_return	all_groups	30000.0	655000000.0	19614000000.0	7613000000.0	1304000000.0	11796000000.0	12116000000.0	-103000000.0	0.3305449936628644
EGY	2011	5599000000.0	BEA_return	all_groups	32000.0	781000000.0	22512000000.0	8617000000.0		13365000000.0	14185000000.0	-132000000.0	
EGY	2012	5465000000.0	BEA_return	all_groups	26600.0	741000000.0	25617000000.0	8431000000.0	2019000000.0	14004000000.0	14927000000.0	-80000000.0	0.36944190301921315
EGY	2013	4301000000.0	BEA_return	all_groups	25800.0	693000000.0	29582000000.0	8810000000.0	1551000000.0	13235000000.0	14161000000.0	-164000000.0	0.36061381074168797
EGY	2014	3788000000.0	BEA_return	all_groups	31000.0	744000000.0	34178000000.0	8994000000.0		12864000000.0	13796000000.0	-289000000.0	
EGY	2015	2971000000.0	BEA_return	all_groups	27700.0	700000000.0	32651000000.0	8303000000.0	1045000000.0	11374000000.0	12098000000.0	-298000000.0	0.3517334230898687
EGY	2016	998000000.0	BEA_return	all_groups	36900.0	712000000.0	23887000000.0	5800000000.0	524000000.0	10615000000.0	11460000000.0		0.5250501002004008
EGY	2017	1452000000.0	BEA_return	all_groups	41700.0	607000000.0	22760000000.0	5358000000.0		10354000000.0	11291000000.0	-37000000.0	
EGY	2018	2386000000.0	BEA_return	all_groups	41200.0	596000000.0	22203000000.0	5010000000.0	1063000000.0	11896000000.0	12924000000.0	-38000000.0	0.44551550712489524
EGY	2019	2146000000.0	BEA_return	all_groups	40300.0	624000000.0	23783000000.0	4265000000.0	818000000.0	12052000000.0	13016000000.0	-94000000.0	0.3811742777260019
EGY	2020	1412000000.0	BEA_return	all_groups	38600.0	694000000.0	23875000000.0	4255000000.0	661000000.0	10424000000.0	11056000000.0	-31000000.0	0.4681303116147309
EGY	2021	2180000000.0	BEA_return	all_groups	38400.0	624000000.0	26148000000.0	3339000000.0	990000000.0	12064000000.0	13036000000.0	-45000000.0	0.4541284403669725
ERI	2004		BEA_return	all_groups									
ERI	2005		BEA_return	all_groups									
ERI	2006		BEA_return	all_groups									
ERI	2009		BEA_return	all_groups	0.0	0.0		1000000.0					
ERI	2010		BEA_return	all_groups	0.0	0.0		1000000.0					
ERI	2011		BEA_return	all_groups	0.0	0.0		1000000.0					
ERI	2012		BEA_return	all_groups	0.0	0.0		1000000.0					
ERI	2013		BEA_return	all_groups	0.0	0.0		1000000.0					
ERI	2014		BEA_return	all_groups	0.0	0.0	1000000.0						
ERI	2015		BEA_return	all_groups	0.0	0.0	1000000.0						
ERI	2016		BEA_return	all_groups	0.0	0.0	1000000.0						
ERI	2017		BEA_return	all_groups	0.0	0.0	1000000.0						
ERI	2018		BEA_return	all_groups	0.0	0.0	1000000.0						
ESP	2004	3333000000.0	BEA_return	all_groups	219600.0	9815000000.0	130185000000.0	21156000000.0	1010000000.0			-19000000.0	0.30303030303030304
ESP	2005	3851000000.0	BEA_return	all_groups	212300.0	9938000000.0	153174000000.0		1295000000.0			169000000.0	0.33627629187224095
ESP	2006	3683000000.0	BEA_return	all_groups	215600.0	10528000000.0	173618000000.0		1346000000.0			408000000.0	0.3654629378224274
ESP	2007	4240000000.0	BEA_return	all_groups	216800.0	11624000000.0	197117000000.0		1482000000.0			624000000.0	0.34952830188679246
ESP	2008	2378000000.0	BEA_return	all_groups	209000.0	12708000000.0	179495000000.0		1400000000.0			704000000.0	0.5887300252312868
ESP	2009	1651000000.0	BEA_return	all_groups	183500.0	11406000000.0	185459000000.0	15094000000.0				-349000000.0	
ESP	2010	3468000000.0	BEA_return	all_groups	176100.0	10648000000.0	172603000000.0	14006000000.0	981000000.0	59474000000.0	81946000000.0	131000000.0	0.2828719723183391
ESP	2011	3617000000.0	BEA_return	all_groups	179200.0	11455000000.0	169096000000.0	14148000000.0	874000000.0	62108000000.0	86628000000.0	242000000.0	0.24163671551009125
ESP	2012	371000000.0	BEA_return	all_groups	172100.0	10591000000.0	142652000000.0	13620000000.0	990000000.0	54464000000.0	74176000000.0	64000000.0	2.6684636118598384
ESP	2013	2326000000.0	BEA_return	all_groups	167800.0	10295000000.0	155682000000.0	15621000000.0	754000000.0	53081000000.0	76070000000.0	-101000000.0	0.3241616509028375
ESP	2014	2622000000.0	BEA_return	all_groups	180000.0	10952000000.0	159594000000.0	16584000000.0	918000000.0	60270000000.0	82854000000.0	-46000000.0	0.3501144164759725
ESP	2015	2822000000.0	BEA_return	all_groups	176600.0	10330000000.0	154006000000.0	15160000000.0	788000000.0	56979000000.0	79823000000.0	-401000000.0	0.27923458540042523
ESP	2016	4103000000.0	BEA_return	all_groups	179500.0	10643000000.0	162744000000.0	14850000000.0	931000000.0	58121000000.0	82186000000.0	-813000000.0	0.2269071411162564
ESP	2017	4558000000.0	BEA_return	all_groups	176200.0	10483000000.0	173549000000.0	16094000000.0	1275000000.0	62179000000.0	80544000000.0	-1145000000.0	0.27972795085563845
ESP	2018	5315000000.0	BEA_return	all_groups	175900.0	11165000000.0	180316000000.0	16543000000.0	1246000000.0	69658000000.0	90397000000.0	-1851000000.0	0.23443085606773284
ESP	2019	4979000000.0	BEA_return	all_groups	189500.0	11467000000.0	186114000000.0	17467000000.0	925000000.0	67091000000.0	88050000000.0	-1158000000.0	0.18578027716408918
ESP	2020	3201000000.0	BEA_return	all_groups	185800.0	11692000000.0	175558000000.0	17224000000.0	723000000.0	64567000000.0	84627000000.0	-1113000000.0	0.22586691658856609
ESP	2021	3146000000.0	BEA_return	all_groups	180500.0	11841000000.0	165880000000.0	16868000000.0	824000000.0	71685000000.0	86876000000.0	-1094000000.0	0.2619198982835346
EST	2004		BEA_return	all_groups	2200.0	26000000.0	180000000.0	49000000.0					
EST	2005		BEA_return	all_groups	2300.0	28000000.0							
EST	2006		BEA_return	all_groups	2300.0	29000000.0	202000000.0						
EST	2007		BEA_return	all_groups	2500.0	35000000.0	333000000.0						
EST	2008		BEA_return	all_groups	2200.0	34000000.0	318000000.0						
EST	2009		BEA_return	all_groups	1800.0	38000000.0	337000000.0	68000000.0					
EST	2010		BEA_return	all_groups	2200.0	45000000.0	379000000.0	82000000.0					
EST	2011		BEA_return	all_groups	2900.0	57000000.0	439000000.0	103000000.0					
EST	2012		BEA_return	all_groups	3800.0	91000000.0	626000000.0	182000000.0					
EST	2013		BEA_return	all_groups	3700.0	97000000.0	668000000.0	178000000.0					
EST	2014		BEA_return	all_groups	3400.0	105000000.0	610000000.0	174000000.0					
EST	2015		BEA_return	all_groups	4000.0	107000000.0	670000000.0	166000000.0					
EST	2016		BEA_return	all_groups	3500.0	93000000.0	527000000.0	131000000.0					
EST	2017		BEA_return	all_groups	3600.0	97000000.0	554000000.0	141000000.0					
EST	2018		BEA_return	all_groups	3400.0	93000000.0	525000000.0	147000000.0					
EST	2019		BEA_return	all_groups	3100.0	88000000.0	605000000.0	120000000.0					
EST	2020		BEA_return	all_groups	3400.0	91000000.0	654000000.0	130000000.0					
EST	2021		BEA_return	all_groups	3400.0	100000000.0	687000000.0	132000000.0					
ETH	2004		BEA_return	all_groups									
ETH	2005		BEA_return	all_groups									
ETH	2006		BEA_return	all_groups									
ETH	2007		BEA_return	all_groups									
ETH	2008		BEA_return	all_groups									
ETH	2009		BEA_return	all_groups	700.0	3000000.0		1000000.0					
ETH	2010		BEA_return	all_groups	700.0	3000000.0		1000000.0					
ETH	2011		BEA_return	all_groups	700.0	3000000.0		1000000.0					
ETH	2012		BEA_return	all_groups	700.0	3000000.0		1000000.0					
ETH	2013		BEA_return	all_groups	700.0	3000000.0	70000000.0						
ETH	2014		BEA_return	all_groups	800.0	3000000.0	91000000.0						
ETH	2015		BEA_return	all_groups	800.0	3000000.0	98000000.0						
ETH	2016		BEA_return	all_groups	800.0	3000000.0	53000000.0						
ETH	2017		BEA_return	all_groups	800.0	3000000.0	52000000.0						
ETH	2018		BEA_return	all_groups	800.0	3000000.0							
ETH	2019		BEA_return	all_groups	2500.0	12000000.0	72000000.0	20000000.0					
ETH	2020		BEA_return	all_groups	2500.0	12000000.0	72000000.0	21000000.0					
ETH	2021		BEA_return	all_groups	2500.0	12000000.0	74000000.0	21000000.0					
FIN	2004	558000000.0	BEA_return	all_groups	24100.0	1188000000.0			181000000.0			4000000.0	0.32437275985663083
FIN	2005	559000000.0	BEA_return	all_groups	25000.0	1379000000.0	16683000000.0		215000000.0			71000000.0	0.38461538461538464
FIN	2006	565000000.0	BEA_return	all_groups	22900.0	1399000000.0			298000000.0			99000000.0	0.5274336283185841
FIN	2007	892000000.0	BEA_return	all_groups	24000.0	1528000000.0			233000000.0			107000000.0	0.26121076233183854
FIN	2008	844000000.0	BEA_return	all_groups	23400.0	1640000000.0			177000000.0			107000000.0	0.20971563981042654
FIN	2009	419000000.0	BEA_return	all_groups	20700.0	1526000000.0	18162000000.0	1530000000.0				67000000.0	
FIN	2010	392000000.0	BEA_return	all_groups	19800.0	1487000000.0	14861000000.0	1436000000.0	112000000.0	7869000000.0	10248000000.0	-18000000.0	0.2857142857142857
FIN	2011	594000000.0	BEA_return	all_groups	22700.0	1527000000.0	16409000000.0	1776000000.0	137000000.0	8559000000.0	11663000000.0	35000000.0	0.23063973063973064
FIN	2012	518000000.0	BEA_return	all_groups	22600.0	1517000000.0	15560000000.0	1792000000.0		7881000000.0	10550000000.0	2000000.0	
FIN	2013	582000000.0	BEA_return	all_groups	19400.0	1429000000.0	15172000000.0	1761000000.0	49000000.0			1000000.0	0.08419243986254296
FIN	2014	-213000000.0	BEA_return	all_groups	20400.0	1493000000.0	36388000000.0	2436000000.0	105000000.0				-0.49295774647887325
FIN	2015	-1758000000.0	BEA_return	all_groups	25600.0	2038000000.0	35870000000.0	2610000000.0	61000000.0			11000000.0	-0.034698521046643914
FIN	2016	-1030000000.0	BEA_return	all_groups	20400.0	1401000000.0	28212000000.0	2671000000.0	-96000000.0	7779000000.0	13442000000.0		0.09320388349514563
FIN	2017	810000000.0	BEA_return	all_groups	19600.0	1373000000.0	28719000000.0	2618000000.0	58000000.0	6661000000.0	9520000000.0		0.07160493827160494
FIN	2018	838000000.0	BEA_return	all_groups	21300.0	1386000000.0	29573000000.0	2480000000.0	68000000.0	6779000000.0	9856000000.0		0.081145584725537
FIN	2019	596000000.0	BEA_return	all_groups	21200.0	1431000000.0	25394000000.0	1763000000.0	113000000.0	7436000000.0	10131000000.0		0.18959731543624161
FIN	2020	667000000.0	BEA_return	all_groups	20900.0	1406000000.0	27211000000.0	1709000000.0	101000000.0	7992000000.0	9952000000.0		0.15142428785607195
FIN	2021	794000000.0	BEA_return	all_groups	19300.0	1509000000.0	31006000000.0	1778000000.0	148000000.0	8797000000.0	10852000000.0		0.18639798488664988
FJI	2004		BEA_return	all_groups									
FJI	2005		BEA_return	all_groups									
FJI	2006		BEA_return	all_groups	800.0	11000000.0	109000000.0						
FJI	2007		BEA_return	all_groups									
FJI	2008		BEA_return	all_groups	800.0	9000000.0							
FJI	2009		BEA_return	all_groups	1400.0	16000000.0	83000000.0	37000000.0					
FJI	2010		BEA_return	all_groups	1400.0	16000000.0	82000000.0	41000000.0					
FJI	2011		BEA_return	all_groups	1400.0	16000000.0	92000000.0	43000000.0					
FJI	2012		BEA_return	all_groups	1400.0	16000000.0	106000000.0	44000000.0					
FJI	2013		BEA_return	all_groups	1400.0	16000000.0	112000000.0	45000000.0					
FJI	2014		BEA_return	all_groups	3100.0	35000000.0	241000000.0	78000000.0					
FJI	2015		BEA_return	all_groups	3200.0	34000000.0	246000000.0	132000000.0					
FJI	2016		BEA_return	all_groups	3200.0	34000000.0	265000000.0	157000000.0					
FJI	2017		BEA_return	all_groups	3300.0	35000000.0	298000000.0	176000000.0					
FJI	2018		BEA_return	all_groups	2600.0	28000000.0	272000000.0	149000000.0					
FJI	2019		BEA_return	all_groups		18000000.0	282000000.0	151000000.0					
FJI	2020		BEA_return	all_groups		19000000.0	281000000.0	154000000.0					
FJI	2021		BEA_return	all_groups		19000000.0	328000000.0	141000000.0					
FRA	2004	8522000000.0	BEA_return	all_groups	594000.0	29424000000.0	262086000000.0	40736000000.0	2645000000.0			467000000.0	0.31037315184229053
FRA	2005	8431000000.0	BEA_return	all_groups	646300.0	31229000000.0	271894000000.0		2573000000.0			830000000.0	0.30518325228324045
FRA	2006	7425000000.0	BEA_return	all_groups	665400.0	33002000000.0	286132000000.0		2783000000.0			574000000.0	0.3748148148148148
FRA	2007	9042000000.0	BEA_return	all_groups	652800.0	35443000000.0	333993000000.0		3556000000.0			804000000.0	0.39327582393275823
FRA	2008	8928000000.0	BEA_return	all_groups	635400.0	36012000000.0	352484000000.0		3266000000.0			881000000.0	0.3658154121863799
FRA	2009	5970000000.0	BEA_return	all_groups	537400.0	33985000000.0	376478000000.0	31601000000.0	2204000000.0			768000000.0	0.369179229480737
FRA	2010	5197000000.0	BEA_return	all_groups	465400.0	34211000000.0	373084000000.0	27195000000.0	3007000000.0	141821000000.0	194587000000.0	485000000.0	0.5786030402155089
FRA	2011	7736000000.0	BEA_return	all_groups	478000.0	35445000000.0	374838000000.0	28882000000.0	3457000000.0	159425000000.0	216816000000.0	563000000.0	0.4468717683557394
FRA	2012	6950000000.0	BEA_return	all_groups	452500.0	34192000000.0	374171000000.0	28802000000.0	3352000000.0	153382000000.0	208876000000.0	318000000.0	0.4823021582733813
FRA	2013	5860000000.0	BEA_return	all_groups	451700.0	34437000000.0	391152000000.0	29994000000.0	3457000000.0	150659000000.0	209553000000.0	254000000.0	0.5899317406143345
FRA	2014	7444000000.0	BEA_return	all_groups	479000.0	35623000000.0	402180000000.0	30426000000.0	3877000000.0	158196000000.0	216466000000.0	540000000.0	0.5208221386351424
FRA	2015	4847000000.0	BEA_return	all_groups	478500.0	33127000000.0	385409000000.0	28207000000.0	3486000000.0			534000000.0	0.7192077573756963
FRA	2016	6890000000.0	BEA_return	all_groups	476100.0	32315000000.0	367724000000.0	30323000000.0	3285000000.0	144630000000.0	184283000000.0	650000000.0	0.47677793904209
FRA	2017	6451000000.0	BEA_return	all_groups	495000.0	33681000000.0	393913000000.0	33875000000.0	2801000000.0	155252000000.0	196747000000.0	432000000.0	0.43419624864362116
FRA	2018	5121000000.0	BEA_return	all_groups	496700.0	34811000000.0	383390000000.0	32440000000.0	3099000000.0	166331000000.0	209629000000.0	613000000.0	0.6051552431165788
FRA	2019	9329000000.0	BEA_return	all_groups	497200.0	34639000000.0	427000000000.0	33798000000.0	4123000000.0	168075000000.0	206711000000.0	207000000.0	0.4419551934826884
FRA	2020	7063000000.0	BEA_return	all_groups	485300.0	33619000000.0	469366000000.0	35012000000.0	3183000000.0	154625000000.0	187955000000.0	15000000.0	0.4506583604700552
FRA	2021	9490000000.0	BEA_return	all_groups	473600.0	34235000000.0	478676000000.0	32293000000.0	2916000000.0	171603000000.0	208518000000.0	207000000.0	0.3072708113804004
FSM	2004		BEA_return	all_groups									
FSM	2005		BEA_return	all_groups		1000000.0							
FSM	2006		BEA_return	all_groups		1000000.0							
FSM	2007		BEA_return	all_groups									
FSM	2008		BEA_return	all_groups									
FSM	2009		BEA_return	all_groups	0.0	0.0							
FSM	2010		BEA_return	all_groups	0.0	0.0							
FSM	2011		BEA_return	all_groups	0.0	0.0							
FSM	2012		BEA_return	all_groups	0.0	0.0							
FSM	2013		BEA_return	all_groups	0.0	0.0							
FSM	2014		BEA_return	all_groups	0.0	0.0		2000000.0					
FSM	2015		BEA_return	all_groups	0.0	0.0		2000000.0					
FSM	2016		BEA_return	all_groups	0.0	0.0		2000000.0					
FSM	2017		BEA_return	all_groups	0.0	0.0		2000000.0					
FSM	2018		BEA_return	all_groups	0.0	0.0		2000000.0					
FSM	2019		BEA_return	all_groups	100.0	1000000.0		4000000.0					
FSM	2020		BEA_return	all_groups	100.0	1000000.0							
FSM	2021		BEA_return	all_groups		1000000.0							
GAB	2004		BEA_return	all_groups	700.0	34000000.0	770000000.0	228000000.0					
GAB	2005		BEA_return	all_groups	600.0	34000000.0	909000000.0						
GAB	2006		BEA_return	all_groups	600.0	32000000.0							
GAB	2007		BEA_return	all_groups	600.0	28000000.0							
GAB	2008		BEA_return	all_groups	200.0	12000000.0							
GAB	2009		BEA_return	all_groups	300.0	46000000.0	1197000000.0	154000000.0					
GAB	2010		BEA_return	all_groups	300.0	44000000.0	980000000.0	161000000.0					
GAB	2011		BEA_return	all_groups	400.0	49000000.0	281000000.0	45000000.0					
GAB	2012		BEA_return	all_groups	500.0	83000000.0	288000000.0	50000000.0					
GAB	2013		BEA_return	all_groups	600.0	80000000.0	231000000.0	142000000.0					
GAB	2014		BEA_return	all_groups	600.0	83000000.0	494000000.0	130000000.0					
GAB	2015		BEA_return	all_groups	500.0	72000000.0	477000000.0	122000000.0					
GAB	2016		BEA_return	all_groups	600.0	93000000.0	508000000.0	139000000.0					
GAB	2017		BEA_return	all_groups	500.0	72000000.0	520000000.0	29000000.0					
GAB	2018		BEA_return	all_groups	500.0	72000000.0	521000000.0	29000000.0					
GAB	2019		BEA_return	all_groups	200.0		435000000.0	21000000.0					
GAB	2020		BEA_return	all_groups	200.0		351000000.0	21000000.0					
GAB	2021		BEA_return	all_groups	200.0		255000000.0	21000000.0					
GBR	2004	16295000000.0	BEA_return	all_groups	1226900.0	68422000000.0	2154838000000.0	139907000000.0	8381000000.0			-2388000000.0	0.514329548941393
GBR	2005	36778000000.0	BEA_return	all_groups	1244500.0	73825000000.0	2359611000000.0		18619000000.0			-6923000000.0	0.5062537386481049
GBR	2006	34411000000.0	BEA_return	all_groups	1367400.0	81657000000.0	2960005000000.0		16909000000.0			-7079000000.0	0.49138356920752085
GBR	2007	33299000000.0	BEA_return	all_groups	1357800.0	86554000000.0	3683735000000.0		13325000000.0			1645000000.0	0.400162167032043
GBR	2008	29528000000.0	BEA_return	all_groups	1304900.0	78703000000.0	1768662000000.0		11352000000.0			4469000000.0	0.3844486589000271
GBR	2009	34872000000.0	BEA_return	all_groups	1203500.0	79675000000.0	4491386000000.0	110028000000.0	14077000000.0			-3465000000.0	0.40367630190410647
GBR	2010	34568000000.0	BEA_return	all_groups	1213000.0	78843000000.0	4596903000000.0	105987000000.0	13466000000.0	426346000000.0	549472000000.0	-6457000000.0	0.3895510298542004
GBR	2011	31897000000.0	BEA_return	all_groups	1259200.0	83414000000.0	4829393000000.0	121025000000.0	14800000000.0	476984000000.0	612063000000.0	-3431000000.0	0.46399347901056526
GBR	2012	35875000000.0	BEA_return	all_groups	1246100.0	85998000000.0	4839978000000.0	122471000000.0	8864000000.0	492231000000.0	620633000000.0	-1239000000.0	0.2470801393728223
GBR	2013	32567000000.0	BEA_return	all_groups	1241600.0	84639000000.0	4968672000000.0	139384000000.0	8650000000.0	480482000000.0	600063000000.0	-1097000000.0	0.2656062885743237
GBR	2014	35546000000.0	BEA_return	all_groups	1378800.0	100273000000.0	5340599000000.0	147502000000.0	8513000000.0	506999000000.0	636624000000.0	-2947000000.0	0.23949248860631295
GBR	2015	34938000000.0	BEA_return	all_groups	1403400.0	101894000000.0	4991909000000.0	143256000000.0	6963000000.0	462861000000.0	584119000000.0	-4501000000.0	0.19929589558646746
GBR	2016	27576000000.0	BEA_return	all_groups	1465000.0	100846000000.0	5098577000000.0	125540000000.0	8280000000.0	450352000000.0	570531000000.0	-2928000000.0	0.3002610966057441
GBR	2017	41911000000.0	BEA_return	all_groups	1471900.0	101379000000.0	5575597000000.0	133529000000.0	12483000000.0	483708000000.0	607548000000.0	-1451000000.0	0.29784543437283767
GBR	2018	33425000000.0	BEA_return	all_groups	1469200.0	104691000000.0	5370193000000.0	124716000000.0	11701000000.0	515892000000.0	651788000000.0	-1135000000.0	0.35006731488406884
GBR	2019	24031000000.0	BEA_return	all_groups	1485300.0	109739000000.0	5550404000000.0	148893000000.0	9024000000.0	518829000000.0	665816000000.0	-1942000000.0	0.37551495984353545
GBR	2020	14374000000.0	BEA_return	all_groups	1504400.0	114123000000.0	6232052000000.0	143565000000.0	11456000000.0	483430000000.0	614829000000.0	-1330000000.0	0.7969945735355503
GBR	2021	41483000000.0	BEA_return	all_groups	1330000.0	118756000000.0	6472697000000.0	123375000000.0	13101000000.0	545258000000.0	701533000000.0	-3219000000.0	0.31581611744570065
GEO	2004		BEA_return	all_groups	1000.0	9000000.0	226000000.0	69000000.0					
GEO	2005		BEA_return	all_groups									
GEO	2006		BEA_return	all_groups									
GEO	2007		BEA_return	all_groups			1000000.0						
GEO	2008		BEA_return	all_groups			1000000.0						
GEO	2009		BEA_return	all_groups			4000000.0						
GEO	2010		BEA_return	all_groups			4000000.0	1000000.0					
GEO	2011		BEA_return	all_groups			4000000.0	1000000.0					
GEO	2012		BEA_return	all_groups			4000000.0	1000000.0					
GEO	2013		BEA_return	all_groups		2000000.0	17000000.0	2000000.0					
GEO	2014		BEA_return	all_groups	900.0	14000000.0	164000000.0	4000000.0					
GEO	2015		BEA_return	all_groups	900.0	16000000.0	259000000.0	4000000.0					
GEO	2016		BEA_return	all_groups	1600.0	30000000.0	408000000.0	7000000.0					
GEO	2017		BEA_return	all_groups	1500.0	25000000.0	475000000.0	7000000.0					
GEO	2018		BEA_return	all_groups	1500.0	25000000.0	503000000.0	8000000.0					
GEO	2019		BEA_return	all_groups	1900.0	31000000.0	409000000.0	23000000.0					
GEO	2020		BEA_return	all_groups	1900.0	31000000.0	397000000.0	21000000.0					
GEO	2021		BEA_return	all_groups	1400.0	26000000.0	308000000.0	19000000.0					
GHA	2004		BEA_return	all_groups	3900.0	44000000.0	743000000.0	215000000.0					
GHA	2005		BEA_return	all_groups	2600.0	15000000.0	370000000.0						
GHA	2006		BEA_return	all_groups	1700.0	25000000.0	1379000000.0						
GHA	2007		BEA_return	all_groups	2000.0	53000000.0	1369000000.0						
GHA	2008		BEA_return	all_groups	2300.0	82000000.0	1748000000.0						
GHA	2009		BEA_return	all_groups	2000.0	87000000.0	2126000000.0	1453000000.0					
GHA	2010		BEA_return	all_groups		112000000.0	4145000000.0	2681000000.0					
GHA	2011		BEA_return	all_groups	3600.0	85000000.0	4687000000.0	2871000000.0					
GHA	2012		BEA_return	all_groups	2300.0	51000000.0	9707000000.0	2872000000.0					
GHA	2013		BEA_return	all_groups	2600.0	97000000.0	9047000000.0	3281000000.0					
GHA	2014		BEA_return	all_groups	3000.0	114000000.0	8633000000.0	3543000000.0					
GHA	2015		BEA_return	all_groups	3100.0	147000000.0	7137000000.0	4750000000.0					
GHA	2016		BEA_return	all_groups	3100.0	149000000.0	6885000000.0	4655000000.0					
GHA	2017		BEA_return	all_groups	3000.0	152000000.0	5944000000.0	4098000000.0					
GHA	2018		BEA_return	all_groups	3100.0	159000000.0	5321000000.0						
GHA	2019		BEA_return	all_groups	3300.0	212000000.0	8795000000.0	6037000000.0					
GHA	2020		BEA_return	all_groups	3300.0	211000000.0	7447000000.0	4872000000.0					
GHA	2021		BEA_return	all_groups	3200.0	192000000.0	9154000000.0	5209000000.0					
GIB	2004		BEA_return	all_groups	200.0	4000000.0	2371000000.0	38000000.0					
GIB	2005		BEA_return	all_groups	200.0	4000000.0							
GIB	2006		BEA_return	all_groups	200.0	4000000.0							
GIB	2007		BEA_return	all_groups									
GIB	2008		BEA_return	all_groups									
GIB	2009		BEA_return	all_groups	200.0	9000000.0	35879000000.0	61000000.0					
GIB	2010		BEA_return	all_groups	200.0	9000000.0	39624000000.0	66000000.0					
GIB	2011		BEA_return	all_groups	200.0	9000000.0	57979000000.0	14000000.0					
GIB	2012		BEA_return	all_groups			85897000000.0	70000000.0					
GIB	2013		BEA_return	all_groups			95608000000.0						
GIB	2014		BEA_return	all_groups			96784000000.0						
GIB	2015		BEA_return	all_groups			87496000000.0						
GIB	2016		BEA_return	all_groups	100.0	5000000.0	83311000000.0						
GIB	2017		BEA_return	all_groups	100.0	5000000.0	80309000000.0	14000000.0					
GIB	2018		BEA_return	all_groups	100.0	5000000.0	65995000000.0	14000000.0					
GIB	2019		BEA_return	all_groups	100.0	3000000.0		9000000.0					
GIB	2020		BEA_return	all_groups	100.0	3000000.0		9000000.0					
GIB	2021		BEA_return	all_groups	100.0	3000000.0		11000000.0					
GIN	2004		BEA_return	all_groups									
GIN	2005		BEA_return	all_groups									
GIN	2006		BEA_return	all_groups									
GIN	2007		BEA_return	all_groups									
GIN	2008		BEA_return	all_groups									
GIN	2009		BEA_return	all_groups	200.0								
GIN	2010		BEA_return	all_groups	200.0								
GIN	2011		BEA_return	all_groups	200.0								
GIN	2012		BEA_return	all_groups	300.0			1000000.0					
GIN	2013		BEA_return	all_groups	100.0								
GIN	2014		BEA_return	all_groups	900.0			7000000.0					
GIN	2015		BEA_return	all_groups									
GIN	2016		BEA_return	all_groups									
GIN	2017		BEA_return	all_groups	800.0	3000000.0	103000000.0						
GIN	2018		BEA_return	all_groups		3000000.0	102000000.0						
GIN	2019		BEA_return	all_groups									
GIN	2020		BEA_return	all_groups	800.0	4000000.0		2000000.0					
GIN	2021		BEA_return	all_groups	800.0	4000000.0		2000000.0					
GMB	2004		BEA_return	all_groups			1000000.0						
GMB	2005		BEA_return	all_groups			1000000.0						
GMB	2006		BEA_return	all_groups			1000000.0						
GMB	2007		BEA_return	all_groups			1000000.0						
GMB	2008		BEA_return	all_groups			1000000.0						
GMB	2009		BEA_return	all_groups	300.0	1000000.0	1000000.0						
GMB	2010		BEA_return	all_groups	300.0	1000000.0	1000000.0						
GMB	2011		BEA_return	all_groups	300.0	1000000.0	1000000.0						
GMB	2012		BEA_return	all_groups	300.0	1000000.0	1000000.0						
GMB	2013		BEA_return	all_groups	300.0	1000000.0	1000000.0						
GMB	2019		BEA_return	all_groups		1000000.0	1000000.0						
GMB	2020		BEA_return	all_groups		1000000.0	1000000.0						
GMB	2021		BEA_return	all_groups		1000000.0	1000000.0						
GNQ	2004		BEA_return	all_groups	600.0	40000000.0	14596000000.0	6271000000.0					
GNQ	2005		BEA_return	all_groups	800.0	175000000.0	16572000000.0						
GNQ	2006		BEA_return	all_groups	800.0	188000000.0	20032000000.0						
GNQ	2007		BEA_return	all_groups	900.0	117000000.0	21835000000.0						
GNQ	2008		BEA_return	all_groups	900.0	123000000.0							
GNQ	2009		BEA_return	all_groups	800.0	126000000.0	17121000000.0	6638000000.0					
GNQ	2010		BEA_return	all_groups	1100.0	205000000.0	23683000000.0	10522000000.0					
GNQ	2011		BEA_return	all_groups	1100.0	190000000.0	25766000000.0	11474000000.0					
GNQ	2012		BEA_return	all_groups	900.0	129000000.0	25651000000.0	11142000000.0					
GNQ	2013		BEA_return	all_groups	1500.0	171000000.0	31211000000.0	11578000000.0					
GNQ	2014		BEA_return	all_groups	2000.0	187000000.0	27789000000.0	10105000000.0					
GNQ	2015		BEA_return	all_groups	1900.0	190000000.0	22810000000.0	6929000000.0					
GNQ	2016		BEA_return	all_groups	1800.0	170000000.0	21913000000.0	6109000000.0					
GNQ	2017		BEA_return	all_groups	1600.0	146000000.0	17613000000.0	3547000000.0					
GNQ	2018		BEA_return	all_groups	1700.0	143000000.0	16493000000.0	2468000000.0					
GNQ	2019		BEA_return	all_groups	1400.0	125000000.0	16874000000.0	2834000000.0					
GNQ	2020		BEA_return	all_groups	1300.0	119000000.0	16004000000.0	2474000000.0					
GNQ	2021		BEA_return	all_groups	1300.0	100000000.0	17565000000.0	2349000000.0					
GRC	2004	568000000.0	BEA_return	all_groups	54400.0	1461000000.0	16773000000.0	2719000000.0	223000000.0			-4000000.0	0.3926056338028169
GRC	2005		BEA_return	all_groups			18930000000.0		167000000.0			5000000.0	
GRC	2006		BEA_return	all_groups					168000000.0			15000000.0	
GRC	2007		BEA_return	all_groups					204000000.0			51000000.0	
GRC	2008		BEA_return	all_groups					243000000.0			2000000.0	
GRC	2009	595000000.0	BEA_return	all_groups	18100.0	1118000000.0	11928000000.0	885000000.0	253000000.0				0.42521008403361343
GRC	2010	-75000000.0	BEA_return	all_groups	18200.0	1128000000.0	9832000000.0	847000000.0	133000000.0	6646000000.0	6881000000.0		-1.7733333333333334
GRC	2011	-5000000.0	BEA_return	all_groups	17900.0	1100000000.0	10265000000.0	989000000.0		6588000000.0	6926000000.0	-109000000.0	
GRC	2012	73000000.0	BEA_return	all_groups	17000.0	987000000.0	9904000000.0	1184000000.0	57000000.0	5908000000.0	6198000000.0	-59000000.0	0.7808219178082192
GRC	2013	224000000.0	BEA_return	all_groups	16800.0	1004000000.0	9927000000.0	853000000.0	174000000.0	5920000000.0	6232000000.0	-1000000.0	0.7767857142857143
GRC	2014	149000000.0	BEA_return	all_groups	17800.0	1037000000.0	8683000000.0	875000000.0	92000000.0	5502000000.0	6102000000.0		0.6174496644295302
GRC	2015		BEA_return	all_groups	16400.0	869000000.0	9156000000.0	879000000.0	81000000.0	4643000000.0	5225000000.0		
GRC	2016	114000000.0	BEA_return	all_groups	15700.0	842000000.0	9435000000.0	857000000.0		4390000000.0	4996000000.0		
GRC	2017	488000000.0	BEA_return	all_groups	15600.0	827000000.0	10783000000.0	909000000.0	117000000.0				0.23975409836065573
GRC	2018	140000000.0	BEA_return	all_groups	15500.0	823000000.0	10666000000.0	1047000000.0	71000000.0				0.5071428571428571
GRC	2019	228000000.0	BEA_return	all_groups	18200.0	838000000.0	10646000000.0	1648000000.0	133000000.0	4794000000.0	5446000000.0		0.5833333333333334
GRC	2020	237000000.0	BEA_return	all_groups	18200.0	826000000.0	10874000000.0	1372000000.0		4931000000.0	5520000000.0		
GRC	2021	313000000.0	BEA_return	all_groups	18600.0	868000000.0	11119000000.0	1342000000.0		5782000000.0	6520000000.0		
GRD	2004		BEA_return	all_groups									
GRD	2005		BEA_return	all_groups									
GRD	2006		BEA_return	all_groups									
GRD	2007		BEA_return	all_groups									
GRD	2008		BEA_return	all_groups									
GRD	2009		BEA_return	all_groups	100.0	2000000.0	30000000.0	9000000.0					
GRD	2010		BEA_return	all_groups	100.0	2000000.0	32000000.0	10000000.0					
GRD	2011		BEA_return	all_groups	100.0	1000000.0	22000000.0	5000000.0					
GRD	2012		BEA_return	all_groups	100.0	1000000.0	23000000.0	5000000.0					
GRD	2013		BEA_return	all_groups	100.0	1000000.0	23000000.0	5000000.0					
GRD	2014		BEA_return	all_groups	300.0		135000000.0						
GRD	2015		BEA_return	all_groups	300.0		135000000.0						
GRD	2016		BEA_return	all_groups	300.0		133000000.0						
GRD	2017		BEA_return	all_groups	300.0		127000000.0						
GRD	2018		BEA_return	all_groups	300.0		130000000.0						
GRD	2019		BEA_return	all_groups	300.0								
GRD	2020		BEA_return	all_groups		2000000.0	10000000.0						
GRD	2021		BEA_return	all_groups		2000000.0	10000000.0						
GRL	2009		BEA_return	all_groups	0.0	0.0	1000000.0						
GRL	2010		BEA_return	all_groups	0.0	0.0	1000000.0						
GRL	2011		BEA_return	all_groups	0.0	0.0	1000000.0						
GRL	2012		BEA_return	all_groups	0.0	0.0	1000000.0						
GRL	2013		BEA_return	all_groups	0.0	0.0	1000000.0						
GRL	2014		BEA_return	all_groups		1000000.0							
GRL	2015		BEA_return	all_groups		1000000.0							
GRL	2016		BEA_return	all_groups		1000000.0							
GRL	2017		BEA_return	all_groups		1000000.0							
GRL	2018		BEA_return	all_groups		1000000.0							
GTM	2004		BEA_return	all_groups	17500.0	159000000.0		640000000.0					
GTM	2005		BEA_return	all_groups			2963000000.0						
GTM	2006		BEA_return	all_groups	17200.0	176000000.0	2464000000.0						
GTM	2007		BEA_return	all_groups	24600.0	267000000.0	3213000000.0						
GTM	2008		BEA_return	all_groups	26200.0	304000000.0	3155000000.0						
GTM	2009		BEA_return	all_groups	15500.0	224000000.0	3253000000.0	909000000.0					
GTM	2010		BEA_return	all_groups	15200.0	232000000.0	3424000000.0	935000000.0					
GTM	2011		BEA_return	all_groups	15100.0	226000000.0	3609000000.0	953000000.0					
GTM	2012		BEA_return	all_groups	15100.0	209000000.0	3109000000.0	809000000.0					
GTM	2013		BEA_return	all_groups	19300.0	297000000.0	3811000000.0	967000000.0					
GTM	2014		BEA_return	all_groups	24600.0	345000000.0	4509000000.0	1039000000.0					
GTM	2015		BEA_return	all_groups	24300.0	348000000.0	4409000000.0	1053000000.0					
GTM	2016		BEA_return	all_groups	21300.0	330000000.0	3468000000.0	668000000.0					
GTM	2017		BEA_return	all_groups	20900.0	335000000.0	3619000000.0	753000000.0					
GTM	2018		BEA_return	all_groups	22300.0	337000000.0	3546000000.0	722000000.0					
GTM	2019		BEA_return	all_groups	28700.0	447000000.0	3952000000.0	864000000.0					
GTM	2020		BEA_return	all_groups	28700.0	454000000.0	4176000000.0	1056000000.0					
GTM	2021		BEA_return	all_groups	27500.0	476000000.0	4221000000.0	1195000000.0					
GUF	2009		BEA_return	all_groups									
GUF	2010		BEA_return	all_groups									
GUF	2011		BEA_return	all_groups									
GUF	2012		BEA_return	all_groups									
GUF	2013		BEA_return	all_groups									
GUF	2014		BEA_return	all_groups	0.0	0.0							
GUF	2015		BEA_return	all_groups	0.0	0.0							
GUF	2016		BEA_return	all_groups	0.0	0.0							
GUF	2017		BEA_return	all_groups	0.0	0.0							
GUF	2018		BEA_return	all_groups	0.0	0.0							
GUF	2019		BEA_return	all_groups	0.0	0.0							
GUF	2020		BEA_return	all_groups	0.0	0.0							
GUF	2021		BEA_return	all_groups	0.0	0.0							
GUY	2004		BEA_return	all_groups	1400.0	11000000.0	276000000.0	141000000.0					
GUY	2005		BEA_return	all_groups	1100.0	13000000.0							
GUY	2006		BEA_return	all_groups	1100.0	13000000.0	287000000.0						
GUY	2007		BEA_return	all_groups	1100.0	14000000.0	320000000.0						
GUY	2008		BEA_return	all_groups									
GUY	2009		BEA_return	all_groups	800.0								
GUY	2010		BEA_return	all_groups	800.0								
GUY	2011		BEA_return	all_groups	800.0								
GUY	2012		BEA_return	all_groups	700.0								
GUY	2013		BEA_return	all_groups	800.0								
GUY	2014		BEA_return	all_groups	800.0								
GUY	2015		BEA_return	all_groups	900.0								
GUY	2016		BEA_return	all_groups	1000.0	22000000.0							
GUY	2017		BEA_return	all_groups	1000.0								
GUY	2018		BEA_return	all_groups									
GUY	2019		BEA_return	all_groups		71000000.0							
GUY	2020		BEA_return	all_groups		125000000.0							
GUY	2021		BEA_return	all_groups		151000000.0							
HKG	2004	3623000000.0	BEA_return	all_groups	123100.0	3815000000.0	168247000000.0	7191000000.0	676000000.0			-668000000.0	0.18658570245652775
HKG	2005	4385000000.0	BEA_return	all_groups	120100.0	4112000000.0	159811000000.0		928000000.0			-1356000000.0	0.21163055872291905
HKG	2006	5692000000.0	BEA_return	all_groups	124200.0	4703000000.0	197749000000.0		1013000000.0			-1184000000.0	0.17796907940969783
HKG	2007	7170000000.0	BEA_return	all_groups	124400.0	5158000000.0	217601000000.0		1202000000.0			-601000000.0	0.16764295676429566
HKG	2008	7506000000.0	BEA_return	all_groups			126121000000.0		534000000.0			-901000000.0	0.07114308553157474
HKG	2009	7805000000.0	BEA_return	all_groups	112800.0	5974000000.0	268499000000.0	7939000000.0				-1532000000.0	
HKG	2010	6427000000.0	BEA_return	all_groups	117500.0	6572000000.0	270589000000.0	7783000000.0	1133000000.0	76544000000.0	100078000000.0	-899000000.0	0.1762875369534775
HKG	2011	7603000000.0	BEA_return	all_groups	115800.0	6778000000.0	297697000000.0	7597000000.0	1092000000.0	88373000000.0	114661000000.0	-1070000000.0	0.1436275154544259
HKG	2012	7094000000.0	BEA_return	all_groups	116600.0	8073000000.0	317287000000.0	7864000000.0	1187000000.0	91040000000.0	115310000000.0	-817000000.0	0.1673244995771074
HKG	2013	7303000000.0	BEA_return	all_groups	112300.0	8456000000.0	303393000000.0	7716000000.0	1566000000.0	88162000000.0	111864000000.0	-1084000000.0	0.21443242503080925
HKG	2014	7859000000.0	BEA_return	all_groups	142100.0	10286000000.0	334618000000.0	5210000000.0	1372000000.0	76846000000.0	139336000000.0	-704000000.0	0.17457691818297494
HKG	2015	8590000000.0	BEA_return	all_groups	140500.0	10319000000.0	347270000000.0	5074000000.0	1276000000.0	79254000000.0	139840000000.0	-871000000.0	0.14854481955762514
HKG	2016	5875000000.0	BEA_return	all_groups	140400.0	10901000000.0	359657000000.0	5681000000.0	1510000000.0	66528000000.0	130002000000.0	-934000000.0	0.2570212765957447
HKG	2017	7738000000.0	BEA_return	all_groups	144300.0	11119000000.0	417417000000.0	7401000000.0	1670000000.0	64296000000.0	133831000000.0	-1623000000.0	0.2158180408374257
HKG	2018	8136000000.0	BEA_return	all_groups	143000.0	11148000000.0	434481000000.0	9757000000.0	1716000000.0	73393000000.0	151778000000.0	-1395000000.0	0.21091445427728614
HKG	2019	8144000000.0	BEA_return	all_groups	139500.0	11712000000.0	535031000000.0	11004000000.0	1932000000.0	65821000000.0	158907000000.0	-1093000000.0	0.23722986247544203
HKG	2020	9630000000.0	BEA_return	all_groups	131600.0	11811000000.0	590632000000.0	8974000000.0	2272000000.0	69069000000.0	168846000000.0	-1373000000.0	0.23592938733125648
HKG	2021	13084000000.0	BEA_return	all_groups	119300.0	12184000000.0	504016000000.0	8451000000.0	2628000000.0	83464000000.0	194777000000.0	-1300000000.0	0.20085600733720574
HND	2004	98000000.0	BEA_return	all_groups	21300.0	189000000.0			18000000.0			1000000.0	0.1836734693877551
HND	2005		BEA_return	all_groups	20000.0	184000000.0	1455000000.0					4000000.0	
HND	2006		BEA_return	all_groups					114000000.0			6000000.0	
HND	2007		BEA_return	all_groups			2166000000.0					8000000.0	
HND	2008		BEA_return	all_groups								8000000.0	
HND	2009	243000000.0	BEA_return	all_groups	44000.0	381000000.0	2803000000.0	469000000.0					
HND	2010	149000000.0	BEA_return	all_groups	46100.0	402000000.0	2869000000.0	449000000.0	17000000.0				0.11409395973154363
HND	2011	132000000.0	BEA_return	all_groups	45500.0	405000000.0	2671000000.0	482000000.0	4000000.0	1817000000.0		-40000000.0	0.030303030303030304
HND	2012	148000000.0	BEA_return	all_groups	39000.0	388000000.0	2735000000.0	450000000.0	26000000.0				0.17567567567567569
HND	2013	156000000.0	BEA_return	all_groups	44000.0	442000000.0	3018000000.0	531000000.0					
HND	2014	79000000.0	BEA_return	all_groups	42800.0	418000000.0	2935000000.0	633000000.0	24000000.0			-15000000.0	0.3037974683544304
HND	2015	141000000.0	BEA_return	all_groups	46500.0	429000000.0	3254000000.0	762000000.0	38000000.0			-23000000.0	0.2695035460992908
HND	2016	130000000.0	BEA_return	all_groups	45500.0	443000000.0	2985000000.0	728000000.0	45000000.0			-26000000.0	0.34615384615384615
HND	2017	110000000.0	BEA_return	all_groups	47600.0	425000000.0	3108000000.0	826000000.0	34000000.0			-32000000.0	0.3090909090909091
HND	2018	185000000.0	BEA_return	all_groups	48500.0	446000000.0	3279000000.0	856000000.0	21000000.0			-41000000.0	0.11351351351351352
HND	2019	330000000.0	BEA_return	all_groups	45300.0	381000000.0	3357000000.0	863000000.0	37000000.0			-41000000.0	0.11212121212121212
HND	2020	62000000.0	BEA_return	all_groups	48900.0	384000000.0	3407000000.0	823000000.0		2296000000.0	3267000000.0	-33000000.0	
HND	2021	123000000.0	BEA_return	all_groups	43000.0	322000000.0	3382000000.0	834000000.0	24000000.0			-1000000.0	0.1951219512195122
HRV	2004		BEA_return	all_groups	1200.0	30000000.0	128000000.0	28000000.0					
HRV	2005		BEA_return	all_groups	1300.0	32000000.0	151000000.0						
HRV	2006		BEA_return	all_groups	1400.0	41000000.0	214000000.0						
HRV	2007		BEA_return	all_groups	1400.0	43000000.0	483000000.0						
HRV	2008		BEA_return	all_groups	2700.0	62000000.0	685000000.0						
HRV	2009		BEA_return	all_groups	3100.0	82000000.0	719000000.0	337000000.0					
HRV	2010		BEA_return	all_groups	2100.0	71000000.0	661000000.0						
HRV	2011		BEA_return	all_groups	2200.0	71000000.0	601000000.0						
HRV	2012		BEA_return	all_groups	1700.0	56000000.0	531000000.0						
HRV	2013		BEA_return	all_groups	1700.0	56000000.0	556000000.0	53000000.0					
HRV	2014		BEA_return	all_groups	2100.0	74000000.0	822000000.0	224000000.0					
HRV	2015		BEA_return	all_groups	1500.0	66000000.0	584000000.0	48000000.0					
HRV	2016		BEA_return	all_groups	1800.0	85000000.0	873000000.0	83000000.0					
HRV	2017		BEA_return	all_groups	1900.0	89000000.0	1103000000.0	115000000.0					
HRV	2018		BEA_return	all_groups	2000.0	88000000.0	1099000000.0	116000000.0					
HRV	2019		BEA_return	all_groups	2700.0	122000000.0	957000000.0	144000000.0					
HRV	2020		BEA_return	all_groups	2600.0	93000000.0	1054000000.0	147000000.0					
HRV	2021		BEA_return	all_groups	2600.0	100000000.0	1038000000.0	147000000.0					
HTI	2004		BEA_return	all_groups	600.0	5000000.0							
HTI	2005		BEA_return	all_groups	800.0	9000000.0	198000000.0						
HTI	2006		BEA_return	all_groups	1100.0	12000000.0	338000000.0						
HTI	2007		BEA_return	all_groups	1200.0	16000000.0	371000000.0						
HTI	2008		BEA_return	all_groups	1300.0	17000000.0	328000000.0						
HTI	2009		BEA_return	all_groups	600.0								
HTI	2010		BEA_return	all_groups	600.0	9000000.0							
HTI	2011		BEA_return	all_groups	600.0								
HTI	2012		BEA_return	all_groups		1000000.0		1000000.0					
HTI	2013		BEA_return	all_groups		1000000.0		1000000.0					
HTI	2014		BEA_return	all_groups	900.0	9000000.0		4000000.0					
HTI	2015		BEA_return	all_groups	900.0	9000000.0		9000000.0					
HTI	2016		BEA_return	all_groups	1100.0	13000000.0		6000000.0					
HTI	2017		BEA_return	all_groups		11000000.0		8000000.0					
HTI	2018		BEA_return	all_groups		10000000.0		7000000.0					
HTI	2019		BEA_return	all_groups	400.0	5000000.0	90000000.0	9000000.0					
HTI	2020		BEA_return	all_groups	400.0	5000000.0	97000000.0	11000000.0					
HTI	2021		BEA_return	all_groups	400.0	5000000.0	88000000.0	9000000.0					
HUN	2004	319000000.0	BEA_return	all_groups	54600.0	1025000000.0	17490000000.0	2611000000.0	87000000.0			-12000000.0	0.2727272727272727
HUN	2005	900000000.0	BEA_return	all_groups	53300.0	1041000000.0	19602000000.0		96000000.0			-35000000.0	0.10666666666666667
HUN	2006	1365000000.0	BEA_return	all_groups	61300.0	1225000000.0	29417000000.0		192000000.0			-462000000.0	0.14065934065934066
HUN	2007	2357000000.0	BEA_return	all_groups	67600.0	1592000000.0	41126000000.0		242000000.0			-502000000.0	0.10267288926601613
HUN	2008	2756000000.0	BEA_return	all_groups	65099.99999999999	1692000000.0	38459000000.0		327000000.0			-427000000.0	0.11865021770682148
HUN	2009	2468000000.0	BEA_return	all_groups	58000.0	1623000000.0	28958000000.0	3932000000.0	283000000.0			-17000000.0	0.1146677471636953
HUN	2010	181000000.0	BEA_return	all_groups	59700.0	1629000000.0	50767000000.0	3694000000.0		10298000000.0	17805000000.0	741000000.0	
HUN	2011	1526000000.0	BEA_return	all_groups	62100.0	1694000000.0	46634000000.0	3729000000.0	164000000.0	10659000000.0	18799000000.0	493000000.0	0.10747051114023591
HUN	2012	-566000000.0	BEA_return	all_groups	62900.0	1664000000.0	49584000000.0	3458000000.0	246000000.0	10652000000.0	19759000000.0	560000000.0	-0.43462897526501765
HUN	2013	800000000.0	BEA_return	all_groups	62900.0	1686000000.0	49984000000.0	3480000000.0		11115000000.0		59000000.0	
HUN	2014	632000000.0	BEA_return	all_groups	67800.0	1698000000.0	43048000000.0	3639000000.0	433000000.0			138000000.0	0.685126582278481
HUN	2015		BEA_return	all_groups	66900.0	1625000000.0	68975000000.0	3754000000.0		11631000000.0		29000000.0	
HUN	2016	1241000000.0	BEA_return	all_groups	67300.0	1645000000.0	62228000000.0	3678000000.0	238000000.0	10952000000.0	16714000000.0	-11000000.0	0.1917808219178082
HUN	2017	1648000000.0	BEA_return	all_groups	71200.0	1716000000.0	54829000000.0	3967000000.0	198000000.0	10719000000.0	16399000000.0	-119000000.0	0.12014563106796117
HUN	2018	1204000000.0	BEA_return	all_groups	68000.0	1752000000.0	57448000000.0	3794000000.0	243000000.0	11487000000.0	17590000000.0	-103000000.0	0.20182724252491693
HUN	2019	969000000.0	BEA_return	all_groups	62400.0	1608000000.0	64677000000.0	2925000000.0	308000000.0	10025000000.0	14209000000.0	-119000000.0	0.31785345717234265
HUN	2020	691000000.0	BEA_return	all_groups	58700.0	1561000000.0	139445000000.0	2948000000.0	193000000.0	8667000000.0	12660000000.0	-454000000.0	0.2793053545586107
HUN	2021	1175000000.0	BEA_return	all_groups	56300.0	1586000000.0	134094000000.0	2885000000.0	219000000.0	10682000000.0	14562000000.0	-689000000.0	0.18638297872340426
IDN	2004	4237000000.0	BEA_return	all_groups	73300.0	994000000.0	32015000000.0	13058000000.0	1866000000.0			19000000.0	0.4404059476044371
IDN	2005		BEA_return	all_groups	122700.0	1181000000.0	39544000000.0		1977000000.0			46000000.0	
IDN	2006		BEA_return	all_groups	105100.0	1320000000.0	44400000000.0		2750000000.0			68000000.0	
IDN	2007		BEA_return	all_groups	107200.0	1646000000.0	56159000000.0		2512000000.0			465000000.0	
IDN	2008		BEA_return	all_groups	107200.0	1604000000.0	53301000000.0		2959000000.0			159000000.0	
IDN	2009	8141000000.0	BEA_return	all_groups	102300.0	1795000000.0	50224000000.0	17121000000.0	2973000000.0				0.36518855177496623
IDN	2010	9788000000.0	BEA_return	all_groups	100600.0	1971000000.0	52007000000.0	17645000000.0	3873000000.0	15897000000.0	25248000000.0		0.3956885982836126
IDN	2011	10747000000.0	BEA_return	all_groups	101800.0	2165000000.0	57153000000.0	18381000000.0	4266000000.0	16669000000.0	29947000000.0		0.3969479854843212
IDN	2012	9932000000.0	BEA_return	all_groups	110500.0	2316000000.0	65312000000.0	21118000000.0	4053000000.0	17616000000.0	30428000000.0		0.4080749093838099
IDN	2013	8621000000.0	BEA_return	all_groups	117000.0	2376000000.0	71516000000.0	21961000000.0	3358000000.0	17760000000.0	30556000000.0	97000000.0	0.3895139774968101
IDN	2014	6987000000.0	BEA_return	all_groups	121900.0	3084000000.0	74675000000.0	22485000000.0		18658000000.0	29182000000.0	95000000.0	
IDN	2015	3874000000.0	BEA_return	all_groups	118700.0	3030000000.0	66686000000.0	21390000000.0	1709000000.0	16249000000.0	23863000000.0	-8000000.0	0.4411461022199277
IDN	2016	4367000000.0	BEA_return	all_groups	114300.0	2653000000.0	67548000000.0	22025000000.0	1728000000.0	14685000000.0	23059000000.0	-55000000.0	0.39569498511564005
IDN	2017	5787000000.0	BEA_return	all_groups	104200.0	2329000000.0	63083000000.0	19847000000.0	1921000000.0	14797000000.0	24493000000.0	-103000000.0	0.33195092448591673
IDN	2018	7235000000.0	BEA_return	all_groups	101600.0	2215000000.0	68022000000.0	24581000000.0	1903000000.0	15144000000.0	25965000000.0	-192000000.0	0.2630269523151348
IDN	2019	4160000000.0	BEA_return	all_groups	91100.0	2176000000.0	68756000000.0	25615000000.0	1679000000.0	16738000000.0	24204000000.0	-51000000.0	0.40360576923076924
IDN	2020	3172000000.0	BEA_return	all_groups	90000.0	2097000000.0	68898000000.0	26002000000.0	1390000000.0	15874000000.0	22253000000.0	-113000000.0	0.4382093316519546
IDN	2021	7115000000.0	BEA_return	all_groups	97700.0	2142000000.0	69655000000.0	25193000000.0	2051000000.0				0.2882642304989459
IND	2004	1049000000.0	BEA_return	all_groups	182200.0	1959000000.0	23842000000.0	6911000000.0	358000000.0			-118000000.0	0.34127740705433746
IND	2005	1466000000.0	BEA_return	all_groups	210200.0	2266000000.0	24620000000.0		327000000.0			-81000000.0	0.22305593451568895
IND	2006		BEA_return	all_groups	242500.0	2982000000.0	31834000000.0		397000000.0			-211000000.0	
IND	2007	2545000000.0	BEA_return	all_groups	341200.0	4269000000.0	49486000000.0		563000000.0			-383000000.0	0.22121807465618862
IND	2008	3587000000.0	BEA_return	all_groups	404300.0	5431000000.0	47908000000.0		722000000.0			-246000000.0	0.2012824086980764
IND	2009	4928000000.0	BEA_return	all_groups	518000.0	8106000000.0	81193000000.0	9260000000.0	1441000000.0			-598000000.0	0.2924107142857143
IND	2010	5514000000.0	BEA_return	all_groups	712700.0	10359000000.0	88883000000.0	10653000000.0	1444000000.0	37059000000.0	47115000000.0	-947000000.0	0.2618788538266231
IND	2011	6113000000.0	BEA_return	all_groups	817400.0	12282000000.0	97533000000.0	11523000000.0	1830000000.0	42661000000.0	55986000000.0	-1330000000.0	0.29936201537706525
IND	2012	5787000000.0	BEA_return	all_groups	839400.0	13367000000.0	103096000000.0	13625000000.0	1946000000.0	45432000000.0	61048000000.0	-1158000000.0	0.33627095213409364
IND	2013	4045000000.0	BEA_return	all_groups	954400.0	15193000000.0	104550000000.0	14706000000.0	1617000000.0	48663000000.0	68303000000.0	-1011000000.0	0.3997527812113721
IND	2014	6931000000.0	BEA_return	all_groups	1121300.0	17012000000.0	122590000000.0	16249000000.0	2763000000.0	52128000000.0	74563000000.0	-865000000.0	0.39864377434713605
IND	2015	6473000000.0	BEA_return	all_groups	1138700.0	18312000000.0	130679000000.0	16320000000.0	2277000000.0	53523000000.0	77174000000.0	-1005000000.0	0.35176888614243784
IND	2016	7034000000.0	BEA_return	all_groups	1222300.0	20029000000.0	141552000000.0	17945000000.0	2324000000.0	56964000000.0	81384000000.0	-1159000000.0	0.33039522320159226
IND	2017	8943000000.0	BEA_return	all_groups	1297500.0	21924000000.0	164892000000.0	21933000000.0	2898000000.0	61992000000.0	91358000000.0	-1235000000.0	0.32405233143240525
IND	2018	8727000000.0	BEA_return	all_groups	1294700.0	23200000000.0	189645000000.0	23421000000.0	3755000000.0	71765000000.0	102899000000.0	-1366000000.0	0.43027386272487683
IND	2019	7940000000.0	BEA_return	all_groups	1408400.0	27020000000.0	202590000000.0	21126000000.0	3877000000.0	77323000000.0	114048000000.0	-1407000000.0	0.48828715365239295
IND	2020	6596000000.0	BEA_return	all_groups	1463900.0	28020000000.0	209439000000.0	20728000000.0	3456000000.0	73772000000.0	109779000000.0	-1176000000.0	0.5239539114614918
IND	2021	8441000000.0	BEA_return	all_groups	1566900.0	32186000000.0	234259000000.0	24164000000.0	3543000000.0	92554000000.0	134737000000.0	-1058000000.0	0.4197369979860206
IRL	2004	29592000000.0	BEA_return	all_groups	86300.0	4618000000.0	345753000000.0	13850000000.0	1920000000.0			-1443000000.0	0.064882400648824
IRL	2005	30751000000.0	BEA_return	all_groups	93100.0	4951000000.0	402234000000.0		2653000000.0			-1799000000.0	0.08627361711814249
IRL	2006	37855000000.0	BEA_return	all_groups	92300.0	5292000000.0	427640000000.0		2508000000.0			-944000000.0	0.06625280676264694
IRL	2007	47320000000.0	BEA_return	all_groups	95000.0	6184000000.0	539373000000.0		3492000000.0			-3117000000.0	0.07379543533389687
IRL	2008	38421000000.0	BEA_return	all_groups	91000.0	6844000000.0	669799000000.0		3457000000.0			-2729000000.0	0.08997683558470627
IRL	2009	44177000000.0	BEA_return	all_groups	99700.0	7316000000.0	807045000000.0	46477000000.0	2333000000.0			-2883000000.0	0.052810285895375425
IRL	2010	51391000000.0	BEA_return	all_groups	98000.0	7190000000.0	840882000000.0	45603000000.0	3101000000.0	116566000000.0	263998000000.0	-1667000000.0	0.06034130489774474
IRL	2011	62852000000.0	BEA_return	all_groups	98300.0	7421000000.0	1016955000000.0	49002000000.0	2351000000.0	128813000000.0	291832000000.0	-3199000000.0	0.037405333163622476
IRL	2012	69538000000.0	BEA_return	all_groups	106600.0	8158000000.0	1164473000000.0	58310000000.0	2884000000.0	141952000000.0	313011000000.0	-2301000000.0	0.0414737265955305
IRL	2013	61747000000.0	BEA_return	all_groups	106800.0	8267000000.0	1165837000000.0	60666000000.0	3615000000.0	152353000000.0	305920000000.0	-749000000.0	0.058545354430174744
IRL	2014	61572000000.0	BEA_return	all_groups	123600.0	9337000000.0	1311837000000.0	70527000000.0	3840000000.0	176228000000.0	348727000000.0	-603000000.0	0.06236601052426428
IRL	2015	73602000000.0	BEA_return	all_groups	119300.0	8949000000.0	1411228000000.0	72696000000.0	3879000000.0	170995000000.0	348806000000.0	-1471000000.0	0.05270237221814625
IRL	2016	76913000000.0	BEA_return	all_groups	123100.0	9292000000.0	1436619000000.0	71723000000.0	4212000000.0	183784000000.0	358954000000.0	-2488000000.0	0.05476317397579083
IRL	2017	81268000000.0	BEA_return	all_groups	129500.0	9895000000.0	1761677000000.0	66735000000.0	4134000000.0	187287000000.0	350229000000.0	-4218000000.0	0.0508687306196781
IRL	2018	99596000000.0	BEA_return	all_groups	135200.0	10765000000.0	2050008000000.0	57222000000.0	7367000000.0	206154000000.0	421541000000.0	-5931000000.0	0.07396883408972248
IRL	2019	83047000000.0	BEA_return	all_groups	149700.0	11855000000.0	1957645000000.0	75412000000.0	5082000000.0	206933000000.0	444383000000.0	-6296000000.0	0.06119426348934941
IRL	2020	99177000000.0	BEA_return	all_groups	155500.0	12985000000.0	2015411000000.0	80356000000.0	7140000000.0	199249000000.0	458862000000.0	-3039000000.0	0.07199249826068545
IRL	2021	97009000000.0	BEA_return	all_groups	160300.0	14505000000.0	1941109000000.0	60015000000.0	13227000000.0	250070000000.0	508172000000.0	-1296000000.0	0.13634817388077394
IRN	2004		BEA_return	all_groups	100.0	7000000.0							
IRN	2005		BEA_return	all_groups	100.0	7000000.0							
IRN	2006		BEA_return	all_groups		1000000.0							
IRN	2007		BEA_return	all_groups									
IRN	2008		BEA_return	all_groups									
IRN	2009		BEA_return	all_groups	0.0	0.0	3000000.0	2000000.0					
IRN	2010		BEA_return	all_groups	0.0	0.0	3000000.0	2000000.0					
IRN	2011		BEA_return	all_groups	0.0	0.0	3000000.0	2000000.0					
IRN	2012		BEA_return	all_groups	0.0	0.0	3000000.0	2000000.0					
IRN	2013		BEA_return	all_groups	0.0	0.0	3000000.0	2000000.0					
IRN	2019		BEA_return	all_groups	0.0	0.0							
IRN	2020		BEA_return	all_groups	0.0	0.0							
IRN	2021		BEA_return	all_groups	0.0	0.0							
IRQ	2004		BEA_return	all_groups	200.0	4000000.0							
IRQ	2005		BEA_return	all_groups	500.0	48000000.0							
IRQ	2006		BEA_return	all_groups	300.0	24000000.0							
IRQ	2007		BEA_return	all_groups	300.0	24000000.0							
IRQ	2008		BEA_return	all_groups	300.0	24000000.0							
IRQ	2009		BEA_return	all_groups		2000000.0	73000000.0	54000000.0					
IRQ	2010		BEA_return	all_groups	200.0		593000000.0	328000000.0					
IRQ	2011		BEA_return	all_groups	400.0			999000000.0					
IRQ	2012		BEA_return	all_groups	400.0		2838000000.0	1209000000.0					
IRQ	2013		BEA_return	all_groups	400.0	54000000.0	5047000000.0						
IRQ	2014		BEA_return	all_groups	1800.0	147000000.0	7987000000.0	3126000000.0					
IRQ	2015		BEA_return	all_groups	3000.0	97000000.0	7452000000.0	2598000000.0					
IRQ	2016		BEA_return	all_groups	3300.0	142000000.0	7237000000.0	2363000000.0					
IRQ	2017		BEA_return	all_groups	3700.0	180000000.0	6942000000.0	2221000000.0					
IRQ	2018		BEA_return	all_groups	1400.0	111000000.0	6541000000.0	1963000000.0					
IRQ	2019		BEA_return	all_groups	1800.0	123000000.0	6816000000.0	1961000000.0					
IRQ	2020		BEA_return	all_groups	1600.0	94000000.0	5327000000.0	1708000000.0					
IRQ	2021		BEA_return	all_groups	1600.0	79000000.0	3019000000.0	1085000000.0					
ISL	2004		BEA_return	all_groups									
ISL	2005		BEA_return	all_groups	400.0	22000000.0							
ISL	2006		BEA_return	all_groups	500.0	20000000.0							
ISL	2007		BEA_return	all_groups	600.0	28000000.0							
ISL	2008		BEA_return	all_groups	1100.0	76000000.0							
ISL	2009		BEA_return	all_groups	1100.0	65000000.0							
ISL	2010		BEA_return	all_groups	1100.0	73000000.0							
ISL	2011		BEA_return	all_groups	1100.0	81000000.0							
ISL	2012		BEA_return	all_groups	1300.0	96000000.0	10522000000.0						
ISL	2013		BEA_return	all_groups									
ISL	2014		BEA_return	all_groups	1200.0	116000000.0							
ISL	2015		BEA_return	all_groups	1200.0	110000000.0							
ISL	2016		BEA_return	all_groups	1200.0	115000000.0							
ISL	2017		BEA_return	all_groups	1400.0	161000000.0	4532000000.0						
ISL	2018		BEA_return	all_groups	1300.0	168000000.0	3095000000.0						
ISL	2019		BEA_return	all_groups	1700.0	187000000.0	2981000000.0	1850000000.0					
ISL	2020		BEA_return	all_groups	1700.0	185000000.0	2870000000.0						
ISL	2021		BEA_return	all_groups	1800.0	196000000.0	3016000000.0						
ISR	2004	672000000.0	BEA_return	all_groups	66300.0	2237000000.0	22150000000.0	3212000000.0	143000000.0			-80000000.0	0.21279761904761904
ISR	2005	955000000.0	BEA_return	all_groups	69800.0	2693000000.0	26107000000.0		167000000.0			-19000000.0	0.17486910994764399
ISR	2006	1315000000.0	BEA_return	all_groups	63000.0	2837000000.0	29860000000.0		237000000.0				0.18022813688212927
ISR	2007	1368000000.0	BEA_return	all_groups	68300.0	3403000000.0			215000000.0			-7000000.0	0.15716374269005848
ISR	2008	899000000.0	BEA_return	all_groups	77400.0	4030000000.0	32814000000.0		342000000.0			22000000.0	0.3804226918798665
ISR	2009	702000000.0	BEA_return	all_groups	63500.0	3530000000.0	31766000000.0	5057000000.0	188000000.0			-38000000.0	0.2678062678062678
ISR	2010	1560000000.0	BEA_return	all_groups	69800.0	3675000000.0	34913000000.0	4683000000.0	196000000.0				0.12564102564102564
ISR	2011	1560000000.0	BEA_return	all_groups	71000.0	4066000000.0	38281000000.0	6649000000.0	338000000.0			26000000.0	0.21666666666666667
ISR	2012	3606000000.0	BEA_return	all_groups	72000.0	4267000000.0	54366000000.0	7758000000.0	386000000.0			54000000.0	0.10704381586245147
ISR	2013	2139000000.0	BEA_return	all_groups	72500.0	4427000000.0	56063000000.0	7179000000.0	436000000.0	8631000000.0	17932000000.0		0.20383356708742403
ISR	2014	3566000000.0	BEA_return	all_groups	67200.0	5242000000.0	62931000000.0	6733000000.0		10001000000.0	20441000000.0	111000000.0	
ISR	2015	2675000000.0	BEA_return	all_groups	67400.0	5271000000.0	60281000000.0	6315000000.0	389000000.0	9406000000.0	20300000000.0	-2000000.0	0.14542056074766355
ISR	2016	2218000000.0	BEA_return	all_groups	69800.0	5331000000.0	65398000000.0	5610000000.0	422000000.0	9678000000.0	19526000000.0	17000000.0	0.19026149684400362
ISR	2017	2837000000.0	BEA_return	all_groups	74200.0	6070000000.0	71340000000.0	6483000000.0	531000000.0	9897000000.0	20510000000.0		0.187169545294325
ISR	2018	3186000000.0	BEA_return	all_groups	74000.0	6184000000.0	73082000000.0	13445000000.0	646000000.0	10284000000.0	21657000000.0		0.20276208411801633
ISR	2019	3897000000.0	BEA_return	all_groups	87200.0	7345000000.0	96525000000.0	14368000000.0		11666000000.0	26572000000.0		
ISR	2020	4134000000.0	BEA_return	all_groups	89200.0	8375000000.0	104194000000.0	14089000000.0	401000000.0	11647000000.0	29355000000.0	-41000000.0	0.09700048379293662
ISR	2021	5171000000.0	BEA_return	all_groups	90100.0	9305000000.0	112457000000.0	14348000000.0	657000000.0	15182000000.0	33905000000.0	10000000.0	0.12705472829239992
ITA	2004	3861000000.0	BEA_return	all_groups	263700.0	13257000000.0	144122000000.0	29990000000.0	2279000000.0			275000000.0	0.5902615902615903
ITA	2005	4803000000.0	BEA_return	all_groups	267100.0	13789000000.0	151036000000.0		2084000000.0			293000000.0	0.43389548199042266
ITA	2006	5189000000.0	BEA_return	all_groups	274600.0	14140000000.0	168123000000.0		2305000000.0			560000000.0	0.44420890344960495
ITA	2007	6014000000.0	BEA_return	all_groups	276200.0	14783000000.0	204563000000.0		2910000000.0			594000000.0	0.4838709677419355
ITA	2008	6152000000.0	BEA_return	all_groups	265900.0	16064000000.0	192661000000.0		1620000000.0			958000000.0	0.2633289986996099
ITA	2009	3992000000.0	BEA_return	all_groups	213700.0	14490000000.0	155293000000.0	18361000000.0	1701000000.0			396000000.0	0.42610220440881763
ITA	2010	3393000000.0	BEA_return	all_groups	205600.0	13886000000.0	155883000000.0	15599000000.0	1724000000.0	92383000000.0	110644000000.0	516000000.0	0.5081049218980254
ITA	2011	4575000000.0	BEA_return	all_groups	207900.0	15315000000.0	169229000000.0	16234000000.0	1979000000.0	98427000000.0	118863000000.0	606000000.0	0.43256830601092894
ITA	2012	3475000000.0	BEA_return	all_groups	206700.0	15018000000.0	173422000000.0	15276000000.0	2341000000.0	86309000000.0	110185000000.0	575000000.0	0.6736690647482014
ITA	2013	3980000000.0	BEA_return	all_groups	204900.0	14972000000.0	179956000000.0	16219000000.0	1884000000.0	92154000000.0	110682000000.0	715000000.0	0.4733668341708543
ITA	2014	3494000000.0	BEA_return	all_groups	217700.0	16040000000.0	180436000000.0	17689000000.0	2220000000.0	98386000000.0	117715000000.0		0.6353749284487693
ITA	2015	4321000000.0	BEA_return	all_groups	214900.0	14603000000.0	168758000000.0	16253000000.0	1464000000.0	91249000000.0	108271000000.0	192000000.0	0.3388104605415413
ITA	2016	3777000000.0	BEA_return	all_groups	223700.0	14370000000.0	167274000000.0	16344000000.0	1188000000.0	88356000000.0	106278000000.0	110000000.0	0.3145353455123114
ITA	2017	5224000000.0	BEA_return	all_groups	232500.0	15112000000.0	189095000000.0	18527000000.0	1589000000.0	94232000000.0	112887000000.0	-6000000.0	0.3041730474732006
ITA	2018	4328000000.0	BEA_return	all_groups	249400.0	16385000000.0	182698000000.0	23603000000.0	1459000000.0	102792000000.0	124755000000.0	-201000000.0	0.33710720887245843
ITA	2019	7143000000.0	BEA_return	all_groups	254800.0	16370000000.0	205604000000.0	25313000000.0	1884000000.0	99389000000.0	116982000000.0	-40000000.0	0.2637547249055019
ITA	2020	4900000000.0	BEA_return	all_groups	237100.0	15793000000.0	209938000000.0	19411000000.0	1352000000.0	89005000000.0	103027000000.0	-297000000.0	0.27591836734693875
ITA	2021	5683000000.0	BEA_return	all_groups	234100.0	16923000000.0	202338000000.0	18391000000.0	1569000000.0			-268000000.0	0.27608657399260955
JAM	2004		BEA_return	all_groups			5056000000.0	1031000000.0					
JAM	2005		BEA_return	all_groups	5900.0	124000000.0	2191000000.0						
JAM	2006		BEA_return	all_groups									
JAM	2007		BEA_return	all_groups	4400.0	64000000.0	1893000000.0						
JAM	2008		BEA_return	all_groups	4200.0	60000000.0	1966000000.0						
JAM	2009		BEA_return	all_groups	4900.0	112000000.0	2208000000.0	642000000.0					
JAM	2010		BEA_return	all_groups	4800.0	106000000.0	2152000000.0	648000000.0					
JAM	2011		BEA_return	all_groups	4800.0	104000000.0	2232000000.0	616000000.0					
JAM	2012		BEA_return	all_groups	4700.0	101000000.0	1955000000.0	526000000.0					
JAM	2013		BEA_return	all_groups	4700.0	103000000.0	1947000000.0	508000000.0					
JAM	2014		BEA_return	all_groups	5200.0	97000000.0	902000000.0	287000000.0					
JAM	2015		BEA_return	all_groups	5900.0	145000000.0	1002000000.0	364000000.0					
JAM	2016		BEA_return	all_groups	3800.0	118000000.0	931000000.0	342000000.0					
JAM	2017		BEA_return	all_groups	3800.0	118000000.0	962000000.0	346000000.0					
JAM	2018		BEA_return	all_groups	3800.0	118000000.0	953000000.0	354000000.0					
JAM	2019		BEA_return	all_groups	6800.0	150000000.0	1071000000.0	455000000.0					
JAM	2020		BEA_return	all_groups	6700.0	148000000.0	1095000000.0	452000000.0					
JAM	2021		BEA_return	all_groups	6700.0	129000000.0	1075000000.0	447000000.0					
JOR	2004		BEA_return	all_groups	2300.0	22000000.0							
JOR	2005		BEA_return	all_groups	2400.0	23000000.0	253000000.0						
JOR	2006		BEA_return	all_groups	1700.0	20000000.0							
JOR	2007		BEA_return	all_groups	1700.0	20000000.0							
JOR	2008		BEA_return	all_groups	1700.0	24000000.0							
JOR	2009		BEA_return	all_groups	2100.0	28000000.0	895000000.0	150000000.0					
JOR	2010		BEA_return	all_groups	2400.0	31000000.0	947000000.0	168000000.0					
JOR	2011		BEA_return	all_groups		35000000.0	983000000.0						
JOR	2012		BEA_return	all_groups	1500.0	34000000.0	722000000.0	91000000.0					
JOR	2013		BEA_return	all_groups	1400.0	33000000.0	766000000.0	97000000.0					
JOR	2014		BEA_return	all_groups	1900.0	56000000.0	902000000.0	142000000.0					
JOR	2015		BEA_return	all_groups	1900.0	57000000.0	985000000.0	149000000.0					
JOR	2016		BEA_return	all_groups	1800.0	60000000.0	1112000000.0	147000000.0					
JOR	2017		BEA_return	all_groups	1100.0	36000000.0	898000000.0	99000000.0					
JOR	2018		BEA_return	all_groups	1300.0	46000000.0	944000000.0	141000000.0					
JOR	2019		BEA_return	all_groups	2300.0	73000000.0	1232000000.0	159000000.0					
JOR	2020		BEA_return	all_groups	2400.0	73000000.0	1234000000.0	158000000.0					
JOR	2021		BEA_return	all_groups	2400.0	79000000.0	1436000000.0	199000000.0					
JPN	2004	14960000000.0	BEA_return	all_groups	537900.0	31941000000.0	545517000000.0	60096000000.0	6089000000.0			-3434000000.0	0.40701871657754013
JPN	2005	16803000000.0	BEA_return	all_groups	619700.0	34489000000.0	585486000000.0		6638000000.0			-2728000000.0	0.3950485032434684
JPN	2006	15718000000.0	BEA_return	all_groups	594100.0	31694000000.0	621842000000.0		8350000000.0			-3358000000.0	0.5312380710013996
JPN	2007	16277000000.0	BEA_return	all_groups	619500.0	31628000000.0	654603000000.0		6815000000.0			-2882000000.0	0.4186889475947656
JPN	2008	17830000000.0	BEA_return	all_groups	581900.0	31868000000.0	591268000000.0		4396000000.0			-6040000000.0	0.24655075715086933
JPN	2009	15574000000.0	BEA_return	all_groups	311100.0	27943000000.0	860671000000.0	42617000000.0	404000000.0			-6925000000.0	0.025940670348015924
JPN	2010	11916000000.0	BEA_return	all_groups	311900.0	28021000000.0	951445000000.0	33494000000.0	5319000000.0	173848000000.0	215979000000.0	-7866000000.0	0.44637462235649544
JPN	2011	19481000000.0	BEA_return	all_groups	319900.0	30828000000.0	1029082000000.0	33823000000.0	8252000000.0	206222000000.0	256518000000.0	-6811000000.0	0.42359221805862124
JPN	2012	21977000000.0	BEA_return	all_groups	321400.0	32303000000.0	1017303000000.0	25619000000.0	7529000000.0	184966000000.0	209276000000.0	-6645000000.0	0.34258543022250537
JPN	2013	18982000000.0	BEA_return	all_groups	321700.0	28252000000.0	892888000000.0	23411000000.0	5096000000.0	168064000000.0	190694000000.0	-6504000000.0	0.2684648614476873
JPN	2014	21044000000.0	BEA_return	all_groups	337900.0	27205000000.0	932829000000.0	26056000000.0		173785000000.0	196841000000.0	-5961000000.0	
JPN	2015	22406000000.0	BEA_return	all_groups	367400.0	25984000000.0	897397000000.0	27345000000.0	5509000000.0	157561000000.0	182602000000.0	-7579000000.0	0.24587164152459162
JPN	2016	21183000000.0	BEA_return	all_groups	344200.0	25289000000.0	1029070000000.0	28632000000.0	6852000000.0	166268000000.0	193577000000.0	-8540000000.0	0.3234669310295992
JPN	2017	22730000000.0	BEA_return	all_groups	361600.0	25433000000.0	1021529000000.0	28644000000.0	5015000000.0	176390000000.0	202269000000.0	-9038000000.0	0.22063352397712274
JPN	2018	24949000000.0	BEA_return	all_groups	370100.0	25603000000.0	1030302000000.0	30285000000.0	7469000000.0	182025000000.0	208299000000.0	-8683000000.0	0.2993707162611728
JPN	2019	24133000000.0	BEA_return	all_groups	380500.0	26048000000.0	1047375000000.0	34673000000.0	8057000000.0	183635000000.0	207930000000.0	-6797000000.0	0.33385820246135994
JPN	2020	23507000000.0	BEA_return	all_groups	386300.0	26771000000.0	1099594000000.0	35894000000.0	4897000000.0	204839000000.0	223545000000.0	-9540000000.0	0.20832092568171184
JPN	2021	23370000000.0	BEA_return	all_groups	353200.0	26458000000.0	1066576000000.0	36945000000.0	6154000000.0	224816000000.0	245385000000.0	-8501000000.0	0.263329054343175
KAZ	2004		BEA_return	all_groups	8700.0	231000000.0							
KAZ	2005		BEA_return	all_groups	8800.0	226000000.0	28096000000.0						
KAZ	2006		BEA_return	all_groups	9200.0	243000000.0							
KAZ	2007		BEA_return	all_groups	9900.0	300000000.0							
KAZ	2008		BEA_return	all_groups	7500.0	298000000.0							
KAZ	2009		BEA_return	all_groups	7400.0	287000000.0	46023000000.0	15790000000.0					
KAZ	2010		BEA_return	all_groups	7500.0	333000000.0	50128000000.0	16634000000.0					
KAZ	2011		BEA_return	all_groups	6600.0	301000000.0	65367000000.0	17390000000.0					
KAZ	2012		BEA_return	all_groups	8500.0	335000000.0	71470000000.0	17986000000.0					
KAZ	2013		BEA_return	all_groups	9400.0	388000000.0							
KAZ	2014		BEA_return	all_groups	8900.0	367000000.0							
KAZ	2015		BEA_return	all_groups	9900.0	484000000.0							
KAZ	2016		BEA_return	all_groups	8800.0	383000000.0							
KAZ	2017		BEA_return	all_groups	7500.0	343000000.0							
KAZ	2018		BEA_return	all_groups	7000.0	338000000.0							
KAZ	2019		BEA_return	all_groups	6700.0	321000000.0							
KAZ	2020		BEA_return	all_groups									
KAZ	2021		BEA_return	all_groups									
KEN	2004		BEA_return	all_groups			724000000.0	285000000.0					
KEN	2005		BEA_return	all_groups			675000000.0						
KEN	2006		BEA_return	all_groups			595000000.0						
KEN	2007		BEA_return	all_groups			753000000.0						
KEN	2008		BEA_return	all_groups			687000000.0						
KEN	2009		BEA_return	all_groups	3400.0	60000000.0	1225000000.0	207000000.0					
KEN	2010		BEA_return	all_groups	3900.0	62000000.0	1342000000.0	222000000.0					
KEN	2011		BEA_return	all_groups	3800.0	61000000.0	1596000000.0	217000000.0					
KEN	2012		BEA_return	all_groups	4000.0	66000000.0	1587000000.0	228000000.0					
KEN	2013		BEA_return	all_groups	3900.0	78000000.0	2116000000.0	527000000.0					
KEN	2014		BEA_return	all_groups	5600.0	94000000.0	2228000000.0	567000000.0					
KEN	2015		BEA_return	all_groups	5300.0	89000000.0	2049000000.0	485000000.0					
KEN	2016		BEA_return	all_groups	5900.0	92000000.0	2252000000.0	535000000.0					
KEN	2017		BEA_return	all_groups	5900.0	92000000.0	2172000000.0	536000000.0					
KEN	2018		BEA_return	all_groups	5900.0	86000000.0	2079000000.0	525000000.0					
KEN	2019		BEA_return	all_groups	4300.0	105000000.0	2220000000.0	490000000.0					
KEN	2020		BEA_return	all_groups	4400.0	105000000.0	2212000000.0	487000000.0					
KEN	2021		BEA_return	all_groups	4300.0	105000000.0	2396000000.0	500000000.0					
KGZ	2009		BEA_return	all_groups	600.0			7000000.0					
KGZ	2010		BEA_return	all_groups	600.0			7000000.0					
KGZ	2011		BEA_return	all_groups	600.0			7000000.0					
KGZ	2012		BEA_return	all_groups	600.0			7000000.0					
KGZ	2013		BEA_return	all_groups	600.0			7000000.0					
KGZ	2014		BEA_return	all_groups	2100.0	26000000.0	389000000.0	23000000.0					
KGZ	2015		BEA_return	all_groups	2000.0	24000000.0	354000000.0	20000000.0					
KGZ	2016		BEA_return	all_groups	2000.0	20000000.0	281000000.0	19000000.0					
KGZ	2017		BEA_return	all_groups	1900.0	18000000.0	514000000.0	26000000.0					
KGZ	2018		BEA_return	all_groups	2200.0	24000000.0	291000000.0	21000000.0					
KGZ	2019		BEA_return	all_groups	2000.0	22000000.0	330000000.0	21000000.0					
KGZ	2020		BEA_return	all_groups	1900.0	21000000.0	302000000.0	21000000.0					
KGZ	2021		BEA_return	all_groups	2000.0	21000000.0	323000000.0	20000000.0					
KHM	2004		BEA_return	all_groups									
KHM	2005		BEA_return	all_groups	600.0	2000000.0							
KHM	2006		BEA_return	all_groups	600.0	3000000.0							
KHM	2007		BEA_return	all_groups	600.0	3000000.0							
KHM	2008		BEA_return	all_groups	600.0	2000000.0							
KHM	2009		BEA_return	all_groups	800.0	4000000.0	233000000.0	61000000.0					
KHM	2010		BEA_return	all_groups	700.0	5000000.0	259000000.0	67000000.0					
KHM	2011		BEA_return	all_groups	1600.0	15000000.0	314000000.0	101000000.0					
KHM	2012		BEA_return	all_groups	1600.0	15000000.0	314000000.0	101000000.0					
KHM	2013		BEA_return	all_groups	1700.0	16000000.0	226000000.0						
KHM	2014		BEA_return	all_groups	4200.0	21000000.0	545000000.0	118000000.0					
KHM	2015		BEA_return	all_groups	4100.0	17000000.0	585000000.0	136000000.0					
KHM	2016		BEA_return	all_groups	4200.0	18000000.0	475000000.0	156000000.0					
KHM	2017		BEA_return	all_groups	4300.0	19000000.0	515000000.0	162000000.0					
KHM	2018		BEA_return	all_groups	4200.0	20000000.0	515000000.0						
KHM	2019		BEA_return	all_groups	3400.0	21000000.0	456000000.0	200000000.0					
KHM	2020		BEA_return	all_groups	3400.0	21000000.0	474000000.0	186000000.0					
KHM	2021		BEA_return	all_groups	3500.0	24000000.0	565000000.0	233000000.0					
KIR	2004		BEA_return	all_groups		1000000.0							
KIR	2005		BEA_return	all_groups		1000000.0							
KIR	2006		BEA_return	all_groups		1000000.0							
KIR	2007		BEA_return	all_groups		1000000.0							
KIR	2008		BEA_return	all_groups		1000000.0							
KNA	2004		BEA_return	all_groups									
KNA	2005		BEA_return	all_groups									
KNA	2006		BEA_return	all_groups									
KNA	2007		BEA_return	all_groups									
KNA	2008		BEA_return	all_groups									
KNA	2009		BEA_return	all_groups	200.0	7000000.0		4000000.0					
KNA	2010		BEA_return	all_groups	200.0	7000000.0		4000000.0					
KNA	2011		BEA_return	all_groups	200.0	7000000.0		4000000.0					
KNA	2012		BEA_return	all_groups	200.0	7000000.0		4000000.0					
KNA	2013		BEA_return	all_groups	200.0	7000000.0		4000000.0					
KNA	2014		BEA_return	all_groups	800.0	27000000.0	1556000000.0	100000000.0					
KNA	2015		BEA_return	all_groups	800.0	31000000.0	1497000000.0	92000000.0					
KNA	2016		BEA_return	all_groups	800.0	28000000.0	1680000000.0	103000000.0					
KNA	2017		BEA_return	all_groups	800.0	28000000.0	1873000000.0	105000000.0					
KNA	2018		BEA_return	all_groups	700.0	27000000.0	1977000000.0	108000000.0					
KNA	2019		BEA_return	all_groups	700.0	31000000.0	2354000000.0	110000000.0					
KNA	2020		BEA_return	all_groups	700.0	31000000.0	1137000000.0	107000000.0					
KNA	2021		BEA_return	all_groups	700.0	31000000.0	1155000000.0	105000000.0					
KOR	2004	2463000000.0	BEA_return	all_groups	112600.0	4318000000.0	50748000000.0	15460000000.0	660000000.0			224000000.0	0.2679658952496955
KOR	2005	2880000000.0	BEA_return	all_groups	119600.0	5216000000.0	59406000000.0		722000000.0			-26000000.0	0.25069444444444444
KOR	2006	3900000000.0	BEA_return	all_groups	125100.0	5973000000.0	86901000000.0		721000000.0			-44000000.0	0.18487179487179486
KOR	2007	4701000000.0	BEA_return	all_groups	120800.0	6433000000.0	99625000000.0		1258000000.0			-186000000.0	0.26760263773665177
KOR	2008	3056000000.0	BEA_return	all_groups	120200.0	5857000000.0	83903000000.0		808000000.0			-473000000.0	0.2643979057591623
KOR	2009	2818000000.0	BEA_return	all_groups	118200.0	5069000000.0	130996000000.0	9373000000.0	656000000.0			-807000000.0	0.23278921220723917
KOR	2010	3947000000.0	BEA_return	all_groups	118900.0	5352000000.0	134697000000.0	11224000000.0	848000000.0	42655000000.0	51422000000.0	-548000000.0	0.2148467190271092
KOR	2011	5081000000.0	BEA_return	all_groups	122400.0	6104000000.0	136952000000.0	12952000000.0	1147000000.0	49309000000.0	60464000000.0	-690000000.0	0.22574296398346783
KOR	2012	5372000000.0	BEA_return	all_groups	126400.0	6890000000.0	141967000000.0	11212000000.0	1008000000.0	50074000000.0	62866000000.0	-900000000.0	0.18763961280714817
KOR	2012	5372000000.0	BEA_return	all_groups	126400.0	6890000000.0	141967000000.0	11212000000.0	1008000000.0	50074000000.0	62866000000.0	-900000000.0	0.18763961280714817
KOR	2013	4354000000.0	BEA_return	all_groups	122600.0	6974000000.0	142247000000.0	11563000000.0	1031000000.0	45525000000.0	62856000000.0	-948000000.0	0.2367937528709233
KOR	2014	5093000000.0	BEA_return	all_groups	131100.0	8075000000.0	163806000000.0	15403000000.0	1253000000.0	51244000000.0	69799000000.0	-964000000.0	0.2460239544472806
KOR	2015	5399000000.0	BEA_return	all_groups	125300.0	7540000000.0	155812000000.0	15191000000.0	1167000000.0	50687000000.0	68436000000.0	-962000000.0	0.2161511390998333
KOR	2016	5692000000.0	BEA_return	all_groups	121900.0	7339000000.0	152605000000.0	15488000000.0	1104000000.0	50265000000.0	66699000000.0	-998000000.0	0.19395643007730148
KOR	2017	5517000000.0	BEA_return	all_groups	119300.0	7584000000.0	162686000000.0	15725000000.0	1369000000.0	52441000000.0	65586000000.0	-804000000.0	0.248142106217147
KOR	2018	4476000000.0	BEA_return	all_groups	116300.0	7460000000.0	158803000000.0	14168000000.0	1287000000.0	56013000000.0	69120000000.0	-923000000.0	0.2875335120643432
KOR	2019	6089000000.0	BEA_return	all_groups	117500.0	7486000000.0	191627000000.0	15505000000.0	1641000000.0	57521000000.0	69676000000.0	-767000000.0	0.26950238134340615
KOR	2020	6159000000.0	BEA_return	all_groups	121800.0	7565000000.0	184562000000.0	15625000000.0	1469000000.0	55899000000.0	70379000000.0	-978000000.0	0.23851274557558044
KOR	2021	7039000000.0	BEA_return	all_groups	126200.0	8026000000.0	160700000000.0	16998000000.0	1644000000.0	62311000000.0	78666000000.0	-554000000.0	0.23355590282710612
KWT	2004		BEA_return	all_groups	1400.0	90000000.0	2984000000.0	1536000000.0					
KWT	2005		BEA_return	all_groups	1500.0	115000000.0							
KWT	2006		BEA_return	all_groups	2000.0	170000000.0							
KWT	2007		BEA_return	all_groups	1900.0	185000000.0							
KWT	2008		BEA_return	all_groups	2000.0	176000000.0							
KWT	2009		BEA_return	all_groups	2400.0	189000000.0							
KWT	2010		BEA_return	all_groups	2300.0	214000000.0	4192000000.0						
KWT	2011		BEA_return	all_groups	1500.0	90000000.0	1176000000.0	98000000.0					
KWT	2012		BEA_return	all_groups	1500.0	91000000.0		103000000.0					
KWT	2013		BEA_return	all_groups	1500.0	85000000.0		83000000.0					
KWT	2014		BEA_return	all_groups	800.0	78000000.0	1319000000.0	144000000.0					
KWT	2015		BEA_return	all_groups	800.0	76000000.0	1092000000.0	58000000.0					
KWT	2016		BEA_return	all_groups	900.0	97000000.0	1390000000.0						
KWT	2017		BEA_return	all_groups	1700.0	159000000.0	1547000000.0						
KWT	2018		BEA_return	all_groups	2000.0	193000000.0	1719000000.0						
KWT	2019		BEA_return	all_groups	2200.0	224000000.0	2330000000.0	319000000.0					
KWT	2020		BEA_return	all_groups	1900.0	199000000.0	2648000000.0	275000000.0					
KWT	2021		BEA_return	all_groups	3800.0	188000000.0	2422000000.0	209000000.0					
LAO	2004		BEA_return	all_groups									
LAO	2005		BEA_return	all_groups	100.0	1000000.0	8000000.0						
LAO	2006		BEA_return	all_groups	100.0	1000000.0	8000000.0						
LAO	2007		BEA_return	all_groups									
LAO	2008		BEA_return	all_groups									
LAO	2009		BEA_return	all_groups			4000000.0	1000000.0					
LAO	2010		BEA_return	all_groups			5000000.0	1000000.0					
LAO	2011		BEA_return	all_groups			5000000.0	1000000.0					
LAO	2014		BEA_return	all_groups		1000000.0		6000000.0					
LAO	2015		BEA_return	all_groups	100.0	3000000.0							
LAO	2016		BEA_return	all_groups		1000000.0		3000000.0					
LAO	2017		BEA_return	all_groups		1000000.0		3000000.0					
LAO	2018		BEA_return	all_groups		1000000.0		3000000.0					
LAO	2019		BEA_return	all_groups		1000000.0		6000000.0					
LAO	2020		BEA_return	all_groups		1000000.0		6000000.0					
LAO	2021		BEA_return	all_groups		1000000.0		6000000.0					
LBN	2004		BEA_return	all_groups	400.0	16000000.0							
LBN	2005		BEA_return	all_groups	1100.0	28000000.0	632000000.0						
LBN	2006		BEA_return	all_groups	1100.0	29000000.0	637000000.0						
LBN	2007		BEA_return	all_groups			745000000.0						
LBN	2008		BEA_return	all_groups	1100.0	30000000.0	667000000.0						
LBN	2009		BEA_return	all_groups	600.0	25000000.0	837000000.0	27000000.0					
LBN	2010		BEA_return	all_groups	600.0	25000000.0	956000000.0	26000000.0					
LBN	2011		BEA_return	all_groups		25000000.0	999000000.0	26000000.0					
LBN	2012		BEA_return	all_groups	700.0	33000000.0	1150000000.0	34000000.0					
LBN	2013		BEA_return	all_groups	700.0	29000000.0	1232000000.0	32000000.0					
LBN	2014		BEA_return	all_groups	800.0		1255000000.0	30000000.0					
LBN	2015		BEA_return	all_groups	800.0		1242000000.0	28000000.0					
LBN	2016		BEA_return	all_groups	800.0		1208000000.0	28000000.0					
LBN	2017		BEA_return	all_groups	800.0		1305000000.0	27000000.0					
LBN	2018		BEA_return	all_groups	700.0		1258000000.0	28000000.0					
LBN	2019		BEA_return	all_groups	1100.0	41000000.0	1530000000.0	29000000.0					
LBN	2020		BEA_return	all_groups	1100.0	41000000.0	1539000000.0	31000000.0					
LBN	2021		BEA_return	all_groups	1000.0	43000000.0	1610000000.0	27000000.0					
LBR	2004		BEA_return	all_groups	8700.0	119000000.0	3327000000.0	881000000.0					
LBR	2005		BEA_return	all_groups	8400.0	113000000.0	2337000000.0						
LBR	2006		BEA_return	all_groups	8900.0	124000000.0							
LBR	2007		BEA_return	all_groups	9700.0	130000000.0							
LBR	2008		BEA_return	all_groups	9800.0	127000000.0							
LBR	2009		BEA_return	all_groups	9400.0	195000000.0	1630000000.0	357000000.0					
LBR	2010		BEA_return	all_groups	9400.0	141000000.0	1902000000.0	425000000.0					
LBR	2011		BEA_return	all_groups	10200.0	176000000.0	2276000000.0	488000000.0					
LBR	2012		BEA_return	all_groups	11000.0	191000000.0	2537000000.0	670000000.0					
LBR	2013		BEA_return	all_groups	10500.0	187000000.0	2677000000.0	890000000.0					
LBR	2014		BEA_return	all_groups			1985000000.0	808000000.0					
LBR	2015		BEA_return	all_groups			1761000000.0	665000000.0					
LBR	2016		BEA_return	all_groups			1586000000.0	428000000.0					
LBR	2017		BEA_return	all_groups			1672000000.0	432000000.0					
LBR	2018		BEA_return	all_groups			1698000000.0	430000000.0					
LBR	2019		BEA_return	all_groups			1712000000.0	424000000.0					
LBR	2020		BEA_return	all_groups	6800.0		1294000000.0						
LBR	2021		BEA_return	all_groups	6900.0		1664000000.0						
LBY	2004		BEA_return	all_groups	600.0	13000000.0							
LBY	2005		BEA_return	all_groups	600.0	17000000.0							
LBY	2006		BEA_return	all_groups	700.0	20000000.0	3961000000.0						
LBY	2007		BEA_return	all_groups	900.0	32000000.0	3150000000.0						
LBY	2008		BEA_return	all_groups	1000.0	53000000.0	4824000000.0						
LBY	2009		BEA_return	all_groups	600.0	41000000.0	6865000000.0	3262000000.0					
LBY	2010		BEA_return	all_groups	700.0		6549000000.0	3021000000.0					
LBY	2011		BEA_return	all_groups	500.0		5473000000.0	3007000000.0					
LBY	2012		BEA_return	all_groups	600.0		6218000000.0	2940000000.0					
LBY	2013		BEA_return	all_groups	700.0	56000000.0	6137000000.0	2951000000.0					
LBY	2014		BEA_return	all_groups	700.0	62000000.0	6227000000.0	2989000000.0					
LBY	2015		BEA_return	all_groups	100.0	20000000.0	4148000000.0						
LBY	2016		BEA_return	all_groups	100.0	19000000.0	3606000000.0	2078000000.0					
LBY	2017		BEA_return	all_groups	100.0	16000000.0	3375000000.0	2056000000.0					
LBY	2018		BEA_return	all_groups	100.0	14000000.0	3092000000.0	1985000000.0					
LBY	2019		BEA_return	all_groups	100.0	9000000.0	1724000000.0	1150000000.0					
LBY	2020		BEA_return	all_groups	100.0	6000000.0	1583000000.0	1159000000.0					
LBY	2021		BEA_return	all_groups	100.0	8000000.0	2217000000.0	1146000000.0					
LCA	2004		BEA_return	all_groups	400.0	4000000.0	77000000.0	18000000.0					
LCA	2005		BEA_return	all_groups	400.0	5000000.0	106000000.0						
LCA	2006		BEA_return	all_groups	400.0	4000000.0	125000000.0						
LCA	2007		BEA_return	all_groups	400.0	4000000.0	194000000.0						
LCA	2008		BEA_return	all_groups	400.0	5000000.0	237000000.0						
LCA	2009		BEA_return	all_groups	500.0	7000000.0	171000000.0	14000000.0					
LCA	2010		BEA_return	all_groups	500.0	6000000.0	334000000.0	16000000.0					
LCA	2011		BEA_return	all_groups	400.0	6000000.0	266000000.0	8000000.0					
LCA	2012		BEA_return	all_groups	500.0	7000000.0	294000000.0	11000000.0					
LCA	2013		BEA_return	all_groups	500.0	7000000.0	294000000.0	7000000.0					
LCA	2014		BEA_return	all_groups	100.0	2000000.0	291000000.0	7000000.0					
LCA	2015		BEA_return	all_groups	100.0	2000000.0	288000000.0	7000000.0					
LCA	2016		BEA_return	all_groups	100.0	2000000.0	302000000.0	7000000.0					
LCA	2017		BEA_return	all_groups	100.0	2000000.0	458000000.0	7000000.0					
LCA	2018		BEA_return	all_groups	100.0	2000000.0	334000000.0	7000000.0					
LCA	2019		BEA_return	all_groups	200.0	3000000.0	431000000.0	6000000.0					
LCA	2020		BEA_return	all_groups	200.0		533000000.0	6000000.0					
LCA	2021		BEA_return	all_groups	200.0		735000000.0	15000000.0					
LIE	2004		BEA_return	all_groups	200.0	12000000.0	1153000000.0	2000000.0					
LIE	2005		BEA_return	all_groups	300.0	25000000.0	1308000000.0						
LIE	2006		BEA_return	all_groups	200.0	18000000.0	606000000.0						
LIE	2007		BEA_return	all_groups		1000000.0	520000000.0						
LIE	2008		BEA_return	all_groups		1000000.0	538000000.0						
LIE	2009		BEA_return	all_groups									
LIE	2010		BEA_return	all_groups									
LIE	2011		BEA_return	all_groups									
LIE	2012		BEA_return	all_groups			579000000.0						
LIE	2013		BEA_return	all_groups			539000000.0						
LIE	2014		BEA_return	all_groups			953000000.0	4000000.0					
LIE	2015		BEA_return	all_groups	300.0		865000000.0						
LIE	2016		BEA_return	all_groups	400.0		1186000000.0						
LIE	2017		BEA_return	all_groups	300.0		1607000000.0	10000000.0					
LIE	2018		BEA_return	all_groups	300.0		1696000000.0	10000000.0					
LIE	2019		BEA_return	all_groups	200.0		1544000000.0	9000000.0					
LIE	2020		BEA_return	all_groups	200.0		1521000000.0	9000000.0					
LIE	2021		BEA_return	all_groups	200.0		1518000000.0	10000000.0					
LKA	2004		BEA_return	all_groups									
LKA	2005		BEA_return	all_groups	1400.0	8000000.0	293000000.0						
LKA	2006		BEA_return	all_groups	1300.0	8000000.0	204000000.0						
LKA	2007		BEA_return	all_groups	1400.0	8000000.0	245000000.0						
LKA	2008		BEA_return	all_groups	1300.0	8000000.0	232000000.0						
LKA	2009		BEA_return	all_groups	4500.0	58000000.0	506000000.0	102000000.0					
LKA	2010		BEA_return	all_groups	4500.0	58000000.0	537000000.0	97000000.0					
LKA	2011		BEA_return	all_groups	5200.0	62000000.0	582000000.0	91000000.0					
LKA	2012		BEA_return	all_groups	4900.0	59000000.0	597000000.0	49000000.0					
LKA	2013		BEA_return	all_groups	4400.0	60000000.0	546000000.0	36000000.0					
LKA	2014		BEA_return	all_groups	3800.0	42000000.0	619000000.0	63000000.0					
LKA	2015		BEA_return	all_groups	3700.0	41000000.0	611000000.0	52000000.0					
LKA	2016		BEA_return	all_groups	3700.0	40000000.0	578000000.0	53000000.0					
LKA	2017		BEA_return	all_groups	4300.0	41000000.0	594000000.0	59000000.0					
LKA	2018		BEA_return	all_groups	4300.0	42000000.0	583000000.0	58000000.0					
LKA	2019		BEA_return	all_groups	3800.0	36000000.0	690000000.0	65000000.0					
LKA	2020		BEA_return	all_groups	3800.0	36000000.0	668000000.0	84000000.0					
LKA	2021		BEA_return	all_groups	3900.0	35000000.0	715000000.0	86000000.0					
LSO	2004		BEA_return	all_groups	0.0	0.0							
LSO	2005		BEA_return	all_groups									
LSO	2006		BEA_return	all_groups	300.0	1000000.0							
LSO	2007		BEA_return	all_groups									
LSO	2008		BEA_return	all_groups									
LSO	2009		BEA_return	all_groups		1000000.0	6000000.0	1000000.0					
LSO	2010		BEA_return	all_groups		1000000.0	6000000.0	1000000.0					
LSO	2011		BEA_return	all_groups		1000000.0	6000000.0	1000000.0					
LSO	2012		BEA_return	all_groups		1000000.0	6000000.0	1000000.0					
LSO	2013		BEA_return	all_groups		1000000.0	6000000.0	1000000.0					
LSO	2014		BEA_return	all_groups	0.0	0.0							
LSO	2015		BEA_return	all_groups	0.0	0.0							
LSO	2016		BEA_return	all_groups	0.0	0.0							
LSO	2017		BEA_return	all_groups	0.0	0.0							
LSO	2018		BEA_return	all_groups	0.0	0.0							
LSO	2019		BEA_return	all_groups	0.0	0.0							
LSO	2020		BEA_return	all_groups	0.0	0.0							
LSO	2021		BEA_return	all_groups	0.0	0.0							
LTU	2004		BEA_return	all_groups	1300.0	31000000.0							
LTU	2005		BEA_return	all_groups	1700.0	30000000.0							
LTU	2006		BEA_return	all_groups	1700.0	36000000.0							
LTU	2007		BEA_return	all_groups	1600.0	40000000.0	313000000.0						
LTU	2008		BEA_return	all_groups	1600.0	47000000.0	271000000.0						
LTU	2009		BEA_return	all_groups	1800.0	53000000.0	356000000.0	141000000.0					
LTU	2010		BEA_return	all_groups	1800.0	52000000.0	351000000.0	128000000.0					
LTU	2011		BEA_return	all_groups	1800.0	52000000.0	366000000.0	129000000.0					
LTU	2012		BEA_return	all_groups	1700.0	47000000.0	297000000.0	123000000.0					
LTU	2013		BEA_return	all_groups	1700.0	48000000.0	225000000.0	103000000.0					
LTU	2014		BEA_return	all_groups	1800.0	48000000.0	447000000.0	147000000.0					
LTU	2015		BEA_return	all_groups	2100.0	59000000.0	697000000.0	197000000.0					
LTU	2016		BEA_return	all_groups	2200.0	58000000.0	741000000.0	190000000.0					
LTU	2017		BEA_return	all_groups	4100.0	102000000.0	728000000.0	235000000.0					
LTU	2018		BEA_return	all_groups	4100.0	122000000.0	921000000.0	331000000.0					
LTU	2019		BEA_return	all_groups	5000.0	168000000.0	1363000000.0	441000000.0					
LTU	2020		BEA_return	all_groups	4900.0	159000000.0	1413000000.0	560000000.0					
LTU	2021		BEA_return	all_groups	4800.0	171000000.0	1567000000.0	620000000.0					
LUX	2004	-1241000000.0	BEA_return	all_groups	12200.0	763000000.0	542956000000.0	6586000000.0	86000000.0			905000000.0	-0.0692989524576954
LUX	2005	-785000000.0	BEA_return	all_groups			603556000000.0		537000000.0			20000000.0	-0.6840764331210191
LUX	2006	-2168000000.0	BEA_return	all_groups	14200.0	958000000.0	756680000000.0		572000000.0			1962000000.0	-0.26383763837638374
LUX	2007	-1170000000.0	BEA_return	all_groups	13400.0	1025000000.0	807314000000.0		496000000.0			2384000000.0	-0.4239316239316239
LUX	2008	-3067000000.0	BEA_return	all_groups	14300.0	1059000000.0	944914000000.0		382000000.0			2133000000.0	-0.12455167916530811
LUX	2009	8206000000.0	BEA_return	all_groups	15700.0	1341000000.0	1166277000000.0	1169000000.0	1406000000.0			-3554000000.0	0.1713380453326834
LUX	2010	1830000000.0	BEA_return	all_groups	16500.0	1389000000.0	1237307000000.0	1414000000.0	2010000000.0	8865000000.0	21002000000.0	-946000000.0	1.098360655737705
LUX	2011	3929000000.0	BEA_return	all_groups	13600.0	1216000000.0	1449593000000.0	5372000000.0	946000000.0	10572000000.0	26511000000.0	-3167000000.0	0.24077373377449732
LUX	2012	3759000000.0	BEA_return	all_groups	13900.0	1225000000.0	1690470000000.0	1658000000.0	1023000000.0	12699000000.0	29567000000.0	-3077000000.0	0.27214684756584195
LUX	2013	5169000000.0	BEA_return	all_groups	14700.0	1788000000.0	1915632000000.0	2696000000.0	416000000.0	15285000000.0	32536000000.0	-1499000000.0	0.08047978332366028
LUX	2014	7118000000.0	BEA_return	all_groups	23600.0	1811000000.0	2126665000000.0	7789000000.0	795000000.0	31384000000.0	52634000000.0	-6416000000.0	0.11168867659454904
LUX	2015	9567000000.0	BEA_return	all_groups	22300.0	1600000000.0	2312495000000.0	11672000000.0	902000000.0	29617000000.0	53049000000.0	-3223000000.0	0.09428242918365214
LUX	2016	224000000.0	BEA_return	all_groups	25000.0	1881000000.0	2372452000000.0	14112000000.0	1508000000.0	37860000000.0	59053000000.0	-233000000.0	6.732142857142857
LUX	2017	8851000000.0	BEA_return	all_groups	26200.0	1921000000.0	2554288000000.0	18191000000.0	1735000000.0	42863000000.0	65239000000.0	-4614000000.0	0.19602304824313638
LUX	2018	-2716000000.0	BEA_return	all_groups	28600.0	1879000000.0	2805688000000.0	15775000000.0	1633000000.0	43656000000.0	63990000000.0	-4335000000.0	-0.6012518409425626
LUX	2019	-2324000000.0	BEA_return	all_groups	24000.0	1757000000.0	2812269000000.0	13252000000.0	1936000000.0	42838000000.0	59749000000.0	-9627000000.0	-0.8330464716006885
LUX	2020	3726000000.0	BEA_return	all_groups	31100.0	2353000000.0	2618396000000.0	12223000000.0	2519000000.0			-6996000000.0	0.6760601180891036
LUX	2021	8107000000.0	BEA_return	all_groups	28600.0	2293000000.0	2430912000000.0	12363000000.0	3758000000.0			-7506000000.0	0.4635500185025287
LVA	2004		BEA_return	all_groups	1000.0	11000000.0							
LVA	2005		BEA_return	all_groups	1100.0	13000000.0	203000000.0						
LVA	2006		BEA_return	all_groups	1300.0	17000000.0							
LVA	2007		BEA_return	all_groups	1400.0	24000000.0							
LVA	2008		BEA_return	all_groups	1000.0	22000000.0	536000000.0						
LVA	2009		BEA_return	all_groups	700.0	21000000.0	356000000.0	76000000.0					
LVA	2010		BEA_return	all_groups	800.0	20000000.0	263000000.0	68000000.0					
LVA	2011		BEA_return	all_groups	800.0	20000000.0	215000000.0	72000000.0					
LVA	2012		BEA_return	all_groups	1100.0	27000000.0	387000000.0	76000000.0					
LVA	2013		BEA_return	all_groups	700.0	16000000.0	189000000.0	77000000.0					
LVA	2014		BEA_return	all_groups	1200.0	28000000.0	238000000.0	68000000.0					
LVA	2015		BEA_return	all_groups	1200.0	28000000.0	229000000.0	66000000.0					
LVA	2016		BEA_return	all_groups	1300.0	29000000.0	212000000.0	57000000.0					
LVA	2017		BEA_return	all_groups	1300.0	29000000.0	217000000.0	55000000.0					
LVA	2018		BEA_return	all_groups	1300.0	28000000.0	219000000.0	53000000.0					
LVA	2019		BEA_return	all_groups	1700.0	36000000.0	441000000.0	105000000.0					
LVA	2020		BEA_return	all_groups	1800.0	38000000.0	448000000.0	107000000.0					
LVA	2021		BEA_return	all_groups	1800.0	40000000.0	452000000.0	106000000.0					
MAC	2004		BEA_return	all_groups	300.0	5000000.0							
MAC	2005		BEA_return	all_groups	300.0	6000000.0							
MAC	2006		BEA_return	all_groups			4678000000.0						
MAC	2007		BEA_return	all_groups									
MAC	2008		BEA_return	all_groups	33200.0	928000000.0							
MAC	2009		BEA_return	all_groups	26800.0		14477000000.0	7202000000.0					
MAC	2010		BEA_return	all_groups	25500.0		13657000000.0	7130000000.0					
MAC	2011		BEA_return	all_groups	37000.0	1016000000.0	21864000000.0	8474000000.0					
MAC	2012		BEA_return	all_groups	42700.0	1280000000.0	22641000000.0	9012000000.0					
MAC	2013		BEA_return	all_groups	43500.0	1474000000.0	23846000000.0	9502000000.0					
MAC	2014		BEA_return	all_groups	43600.0	1670000000.0	24444000000.0	10344000000.0					
MAC	2015		BEA_return	all_groups	40700.0	1662000000.0	25301000000.0	12638000000.0					
MAC	2016		BEA_return	all_groups	46500.0	1889000000.0	26681000000.0	16463000000.0					
MAC	2017		BEA_return	all_groups	51600.0	1992000000.0	26648000000.0	17010000000.0					
MAC	2018		BEA_return	all_groups	54900.0	2323000000.0	27885000000.0						
MAC	2019		BEA_return	all_groups	55000.0	2457000000.0	29461000000.0						
MAC	2020		BEA_return	all_groups	46100.0	2095000000.0	19630000000.0						
MAC	2021		BEA_return	all_groups	38000.0	1974000000.0	18052000000.0						
MAR	2004		BEA_return	all_groups	8000.0	115000000.0							
MAR	2005		BEA_return	all_groups	8900.0	134000000.0	2230000000.0						
MAR	2006		BEA_return	all_groups	10200.0	150000000.0	2312000000.0						
MAR	2007		BEA_return	all_groups	14500.0	181000000.0	1303000000.0						
MAR	2008		BEA_return	all_groups	17000.0	212000000.0	1405000000.0						
MAR	2009		BEA_return	all_groups	16100.000000000002	221000000.0	1573000000.0	503000000.0					
MAR	2010		BEA_return	all_groups	19900.0	279000000.0	1639000000.0	519000000.0					
MAR	2011		BEA_return	all_groups	21900.0	306000000.0	1731000000.0	538000000.0					
MAR	2012		BEA_return	all_groups	22300.0	308000000.0	1776000000.0	594000000.0					
MAR	2013		BEA_return	all_groups	25800.0	356000000.0	2185000000.0	630000000.0					
MAR	2014		BEA_return	all_groups	28900.0	355000000.0	2309000000.0	518000000.0					
MAR	2015		BEA_return	all_groups	30100.0	362000000.0	2194000000.0	437000000.0					
MAR	2016		BEA_return	all_groups	29500.0	374000000.0	2064000000.0	424000000.0					
MAR	2017		BEA_return	all_groups	34900.0	426000000.0	2276000000.0	429000000.0					
MAR	2018		BEA_return	all_groups	39900.0	462000000.0	2608000000.0	439000000.0					
MAR	2019		BEA_return	all_groups	40500.0	412000000.0	2840000000.0	567000000.0					
MAR	2020		BEA_return	all_groups	39500.0	503000000.0	3031000000.0	571000000.0					
MAR	2021		BEA_return	all_groups	35900.0	507000000.0	2919000000.0	587000000.0					
MCO	2007		BEA_return	all_groups	400.0	20000000.0	122000000.0						
MCO	2008		BEA_return	all_groups	400.0	23000000.0	122000000.0						
MCO	2009		BEA_return	all_groups	300.0	28000000.0	110000000.0						
MCO	2010		BEA_return	all_groups	400.0	30000000.0	157000000.0	19000000.0					
MCO	2011		BEA_return	all_groups	400.0	31000000.0	162000000.0	20000000.0					
MCO	2012		BEA_return	all_groups	400.0	34000000.0	162000000.0	18000000.0					
MCO	2013		BEA_return	all_groups	300.0	18000000.0	112000000.0	12000000.0					
MCO	2014		BEA_return	all_groups	200.0	17000000.0	134000000.0						
MCO	2015		BEA_return	all_groups		8000000.0	151000000.0	6000000.0					
MCO	2016		BEA_return	all_groups		8000000.0	170000000.0	6000000.0					
MCO	2017		BEA_return	all_groups		8000000.0	179000000.0	6000000.0					
MCO	2018		BEA_return	all_groups		8000000.0	202000000.0	6000000.0					
MCO	2019		BEA_return	all_groups	100.0	16000000.0	352000000.0	7000000.0					
MCO	2020		BEA_return	all_groups	100.0	16000000.0	351000000.0	7000000.0					
MCO	2021		BEA_return	all_groups	100.0	16000000.0	364000000.0	7000000.0					
MDA	2004		BEA_return	all_groups			1000000.0						
MDA	2005		BEA_return	all_groups			1000000.0						
MDA	2006		BEA_return	all_groups			1000000.0						
MDA	2007		BEA_return	all_groups			1000000.0						
MDA	2008		BEA_return	all_groups			1000000.0						
MDA	2009		BEA_return	all_groups			5000000.0	2000000.0					
MDA	2010		BEA_return	all_groups	100.0		5000000.0	2000000.0					
MDA	2011		BEA_return	all_groups	100.0		5000000.0	2000000.0					
MDA	2012		BEA_return	all_groups	100.0		5000000.0	2000000.0					
MDA	2013		BEA_return	all_groups	100.0	3000000.0	5000000.0	2000000.0					
MDA	2014		BEA_return	all_groups	1200.0	20000000.0	95000000.0	35000000.0					
MDA	2015		BEA_return	all_groups	1200.0	20000000.0	96000000.0	35000000.0					
MDA	2016		BEA_return	all_groups	1200.0	20000000.0	97000000.0	35000000.0					
MDA	2017		BEA_return	all_groups	1200.0	20000000.0	104000000.0	37000000.0					
MDA	2018		BEA_return	all_groups	1200.0	20000000.0	105000000.0	38000000.0					
MDA	2019		BEA_return	all_groups	4200.0	25000000.0	309000000.0	68000000.0					
MDA	2020		BEA_return	all_groups	4200.0	31000000.0	317000000.0	68000000.0					
MDA	2021		BEA_return	all_groups	3900.0	34000000.0	301000000.0	69000000.0					
MDG	2004		BEA_return	all_groups									
MDG	2005		BEA_return	all_groups									
MDG	2006		BEA_return	all_groups									
MDG	2007		BEA_return	all_groups									
MDG	2008		BEA_return	all_groups									
MDG	2009		BEA_return	all_groups									
MDG	2010		BEA_return	all_groups									
MDG	2011		BEA_return	all_groups									
MDG	2012		BEA_return	all_groups									
MDG	2013		BEA_return	all_groups									
MDG	2014		BEA_return	all_groups	100.0	2000000.0							
MDG	2015		BEA_return	all_groups	100.0	2000000.0							
MDG	2016		BEA_return	all_groups	100.0	2000000.0							
MDG	2017		BEA_return	all_groups	100.0	2000000.0							
MDG	2018		BEA_return	all_groups	100.0	2000000.0							
MDG	2019		BEA_return	all_groups	200.0	2000000.0							
MDG	2020		BEA_return	all_groups	200.0	2000000.0							
MDG	2021		BEA_return	all_groups	200.0	2000000.0							
MDV	2004		BEA_return	all_groups			2000000.0						
MDV	2005		BEA_return	all_groups			2000000.0						
MDV	2006		BEA_return	all_groups			2000000.0						
MDV	2007		BEA_return	all_groups			2000000.0						
MDV	2008		BEA_return	all_groups			2000000.0						
MDV	2009		BEA_return	all_groups	0.0	0.0	1000000.0						
MDV	2010		BEA_return	all_groups	0.0	0.0	1000000.0						
MDV	2011		BEA_return	all_groups	0.0	0.0	1000000.0						
MDV	2012		BEA_return	all_groups	0.0	0.0	1000000.0						
MDV	2013		BEA_return	all_groups	0.0	0.0	1000000.0						
MDV	2014		BEA_return	all_groups									
MDV	2015		BEA_return	all_groups									
MDV	2016		BEA_return	all_groups									
MDV	2017		BEA_return	all_groups									
MDV	2018		BEA_return	all_groups									
MDV	2019		BEA_return	all_groups	0.0	0.0		1000000.0					
MDV	2020		BEA_return	all_groups	0.0	0.0		1000000.0					
MDV	2021		BEA_return	all_groups	0.0	0.0		1000000.0					
MEX	2004	7097000000.0	BEA_return	all_groups	1001800.0	13474000000.0	135683000000.0	34076000000.0	2259000000.0			-157000000.0	0.3183035085247288
MEX	2005	9326000000.0	BEA_return	all_groups	1033300.0	13684000000.0	159815000000.0		2305000000.0			-459000000.0	0.2471584816641647
MEX	2006	10067000000.0	BEA_return	all_groups	1108700.0	15612000000.0	178326000000.0		2974000000.0			-625000000.0	0.2954206814343896
MEX	2007	11618000000.0	BEA_return	all_groups	1154900.0	16462000000.0	205177000000.0		3667000000.0			-410000000.0	0.31563091754174555
MEX	2008	10167000000.0	BEA_return	all_groups	1106700.0	17172000000.0	198357000000.0		2675000000.0			340000000.0	0.26310612766794533
MEX	2009	11165000000.0	BEA_return	all_groups	969100.0	14884000000.0	296904000000.0	39344000000.0	3279000000.0				0.29368562472010745
MEX	2010	13830000000.0	BEA_return	all_groups	1042300.0	16265000000.0	328928000000.0	43684000000.0	4064000000.0	123825000000.0	179200000000.0	-2064000000.0	0.2938539407086045
MEX	2011	21237000000.0	BEA_return	all_groups	1061500.0	16946000000.0	337434000000.0	42884000000.0	8418000000.0	141922000000.0	202439000000.0	-1297000000.0	0.3963836700098884
MEX	2012	17434000000.0	BEA_return	all_groups	1106200.0	17356000000.0	377286000000.0	49462000000.0	5188000000.0	157394000000.0	217233000000.0	-1230000000.0	0.29757944246873924
MEX	2013	17359000000.0	BEA_return	all_groups	1133600.0	18497000000.0	422471000000.0	51500000000.0	4506000000.0	163202000000.0	231362000000.0	-1522000000.0	0.25957716458321334
MEX	2014	18465000000.0	BEA_return	all_groups	1322900.0	21751000000.0	441097000000.0	59177000000.0		172298000000.0	244559000000.0	-2392000000.0	
MEX	2015	16338000000.0	BEA_return	all_groups	1374300.0	21926000000.0	438590000000.0	59724000000.0	4893000000.0	159462000000.0	233041000000.0	-2173000000.0	0.2994858611825193
MEX	2016	16558000000.0	BEA_return	all_groups	1381500.0	20513000000.0	406627000000.0	60661000000.0	4491000000.0	151626000000.0	224857000000.0	-1804000000.0	0.27122840922816766
MEX	2017	20370000000.0	BEA_return	all_groups	1401500.0	21478000000.0	432771000000.0	61540000000.0	5526000000.0	158198000000.0	242066000000.0	-1757000000.0	0.27128129602356404
MEX	2018	21217000000.0	BEA_return	all_groups	1377300.0	20352000000.0	363238000000.0	61047000000.0	4837000000.0	159522000000.0	247744000000.0	-847000000.0	0.2279775651600132
MEX	2019	21265000000.0	BEA_return	all_groups	1433200.0	22445000000.0	405855000000.0	70345000000.0	5136000000.0	171218000000.0	265181000000.0	-1108000000.0	0.24152363037855631
MEX	2020	15448000000.0	BEA_return	all_groups	1412400.0	21974000000.0	429827000000.0	68390000000.0	4377000000.0	156816000000.0	236513000000.0	-462000000.0	0.28333764888658725
MEX	2021	21978000000.0	BEA_return	all_groups	1453900.0	24174000000.0	444310000000.0	70109000000.0	5689000000.0	186774000000.0	277105000000.0	-654000000.0	0.25884975884975886
MHL	2004		BEA_return	all_groups	2300.0	67000000.0							
MHL	2005		BEA_return	all_groups	4900.0	168000000.0							
MHL	2006		BEA_return	all_groups									
MHL	2007		BEA_return	all_groups									
MHL	2008		BEA_return	all_groups									
MHL	2009		BEA_return	all_groups									
MHL	2010		BEA_return	all_groups									
MHL	2011		BEA_return	all_groups	1900.0		5160000000.0	2607000000.0					
MHL	2012		BEA_return	all_groups	2000.0		3056000000.0	2200000000.0					
MHL	2013		BEA_return	all_groups	2500.0	133000000.0	3461000000.0	2436000000.0					
MHL	2014		BEA_return	all_groups			6860000000.0	3729000000.0					
MHL	2015		BEA_return	all_groups		63000000.0	6540000000.0	3487000000.0					
MHL	2016		BEA_return	all_groups		74000000.0	4911000000.0	2566000000.0					
MHL	2017		BEA_return	all_groups	1100.0	47000000.0	5120000000.0	2616000000.0					
MHL	2018		BEA_return	all_groups	2800.0	76000000.0	4975000000.0	2914000000.0					
MHL	2019		BEA_return	all_groups	1500.0	38000000.0	4760000000.0						
MHL	2020		BEA_return	all_groups	1600.0	42000000.0	4851000000.0	2775000000.0					
MHL	2021		BEA_return	all_groups	1700.0	51000000.0	4977000000.0	2963000000.0					
MKD	2004		BEA_return	all_groups	200.0	5000000.0	39000000.0	12000000.0					
MKD	2005		BEA_return	all_groups	200.0	5000000.0	44000000.0						
MKD	2006		BEA_return	all_groups	100.0	4000000.0	34000000.0						
MKD	2007		BEA_return	all_groups									
MKD	2008		BEA_return	all_groups									
MKD	2009		BEA_return	all_groups	500.0	5000000.0	35000000.0	7000000.0					
MKD	2010		BEA_return	all_groups	500.0	5000000.0	37000000.0	8000000.0					
MKD	2011		BEA_return	all_groups	500.0	5000000.0	40000000.0	8000000.0					
MKD	2012		BEA_return	all_groups	500.0	5000000.0	41000000.0	9000000.0					
MKD	2013		BEA_return	all_groups	700.0	17000000.0	72000000.0	30000000.0					
MKD	2014		BEA_return	all_groups	800.0	13000000.0	132000000.0	42000000.0					
MKD	2015		BEA_return	all_groups	800.0	13000000.0	127000000.0	42000000.0					
MKD	2016		BEA_return	all_groups	800.0	13000000.0	128000000.0	42000000.0					
MKD	2017		BEA_return	all_groups	800.0	13000000.0	134000000.0	45000000.0					
MKD	2018		BEA_return	all_groups		9000000.0	133000000.0	45000000.0					
MKD	2019		BEA_return	all_groups		35000000.0	227000000.0	88000000.0					
MKD	2020		BEA_return	all_groups	4600.0	35000000.0	243000000.0	91000000.0					
MKD	2021		BEA_return	all_groups	4600.0	35000000.0	255000000.0	99000000.0					
MLI	2004		BEA_return	all_groups									
MLI	2009		BEA_return	all_groups	0.0	0.0							
MLI	2010		BEA_return	all_groups	0.0	0.0							
MLI	2011		BEA_return	all_groups	0.0	0.0							
MLI	2012		BEA_return	all_groups	0.0	0.0							
MLI	2013		BEA_return	all_groups	0.0	0.0							
MLI	2014		BEA_return	all_groups									
MLI	2015		BEA_return	all_groups									
MLI	2016		BEA_return	all_groups									
MLI	2017		BEA_return	all_groups									
MLI	2018		BEA_return	all_groups									
MLI	2019		BEA_return	all_groups			1000000.0						
MLI	2020		BEA_return	all_groups			1000000.0						
MLI	2021		BEA_return	all_groups			1000000.0						
MLT	2004		BEA_return	all_groups	1600.0	25000000.0	1514000000.0	64000000.0					
MLT	2005		BEA_return	all_groups	1600.0	26000000.0	1757000000.0						
MLT	2006		BEA_return	all_groups	1500.0	30000000.0	2060000000.0						
MLT	2007		BEA_return	all_groups	1600.0	39000000.0	2482000000.0						
MLT	2008		BEA_return	all_groups	1600.0	40000000.0	2821000000.0						
MLT	2009		BEA_return	all_groups	1600.0	31000000.0	9492000000.0	122000000.0					
MLT	2010		BEA_return	all_groups	1600.0	42000000.0	8170000000.0	114000000.0					
MLT	2011		BEA_return	all_groups	1600.0	42000000.0	7676000000.0	189000000.0					
MLT	2012		BEA_return	all_groups	1600.0	44000000.0	8016000000.0	219000000.0					
MLT	2013		BEA_return	all_groups	1300.0	32000000.0	6982000000.0	344000000.0					
MLT	2014		BEA_return	all_groups	1500.0	49000000.0	38716000000.0	312000000.0					
MLT	2015		BEA_return	all_groups	1500.0	41000000.0	39872000000.0	293000000.0					
MLT	2016		BEA_return	all_groups	1500.0	51000000.0	39893000000.0	227000000.0					
MLT	2017		BEA_return	all_groups	1500.0	43000000.0	42037000000.0	90000000.0					
MLT	2018		BEA_return	all_groups	1600.0	48000000.0	43747000000.0	317000000.0					
MLT	2019		BEA_return	all_groups	1800.0	61000000.0	35593000000.0	481000000.0					
MLT	2020		BEA_return	all_groups	1700.0	59000000.0	34073000000.0	375000000.0					
MLT	2021		BEA_return	all_groups	1700.0	65000000.0	29470000000.0	367000000.0					
MMR	2004		BEA_return	all_groups									
MMR	2005		BEA_return	all_groups									
MMR	2006		BEA_return	all_groups									
MMR	2007		BEA_return	all_groups									
MMR	2008		BEA_return	all_groups									
MMR	2009		BEA_return	all_groups		1000000.0							
MMR	2010		BEA_return	all_groups		1000000.0							
MMR	2011		BEA_return	all_groups		1000000.0							
MMR	2012		BEA_return	all_groups		1000000.0							
MMR	2013		BEA_return	all_groups		1000000.0							
MMR	2014		BEA_return	all_groups	300.0	6000000.0							
MMR	2015		BEA_return	all_groups	400.0	6000000.0							
MMR	2016		BEA_return	all_groups	500.0	8000000.0		481000000.0					
MMR	2017		BEA_return	all_groups	500.0	8000000.0		445000000.0					
MMR	2018		BEA_return	all_groups	400.0	4000000.0							
MMR	2019		BEA_return	all_groups	500.0	10000000.0							
MMR	2020		BEA_return	all_groups	500.0	10000000.0		276000000.0					
MMR	2021		BEA_return	all_groups	500.0	10000000.0							
MNE	2004		BEA_return	all_groups	100.0		3000000.0	1000000.0					
MNE	2005		BEA_return	all_groups	100.0		3000000.0						
MNE	2006		BEA_return	all_groups	100.0		3000000.0						
MNE	2007		BEA_return	all_groups	100.0		3000000.0						
MNE	2008		BEA_return	all_groups	100.0		3000000.0						
MNE	2009		BEA_return	all_groups		1000000.0		2000000.0					
MNE	2010		BEA_return	all_groups		1000000.0		2000000.0					
MNE	2011		BEA_return	all_groups		1000000.0		2000000.0					
MNE	2012		BEA_return	all_groups		1000000.0		2000000.0					
MNE	2013		BEA_return	all_groups		1000000.0		2000000.0					
MNE	2014		BEA_return	all_groups			7000000.0	1000000.0					
MNE	2015		BEA_return	all_groups				1000000.0					
MNE	2016		BEA_return	all_groups			7000000.0	1000000.0					
MNE	2017		BEA_return	all_groups			7000000.0	1000000.0					
MNE	2018		BEA_return	all_groups			7000000.0	1000000.0					
MNE	2019		BEA_return	all_groups			17000000.0	3000000.0					
MNE	2020		BEA_return	all_groups			17000000.0	3000000.0					
MNE	2021		BEA_return	all_groups			17000000.0	3000000.0					
MNG	2004		BEA_return	all_groups				0.0					
MNG	2005		BEA_return	all_groups									
MNG	2006		BEA_return	all_groups									
MNG	2007		BEA_return	all_groups									
MNG	2008		BEA_return	all_groups									
MNG	2009		BEA_return	all_groups			4000000.0	1000000.0					
MNG	2010		BEA_return	all_groups		1000000.0		1000000.0					
MNG	2011		BEA_return	all_groups	300.0			1000000.0					
MNG	2012		BEA_return	all_groups	300.0	5000000.0		1000000.0					
MNG	2013		BEA_return	all_groups	300.0	5000000.0		1000000.0					
MNG	2014		BEA_return	all_groups									
MNG	2015		BEA_return	all_groups	800.0								
MNG	2016		BEA_return	all_groups	800.0								
MNG	2017		BEA_return	all_groups	900.0								
MNG	2018		BEA_return	all_groups	900.0								
MNG	2019		BEA_return	all_groups			321000000.0						
MNG	2020		BEA_return	all_groups	300.0	5000000.0							
MNG	2021		BEA_return	all_groups	300.0	5000000.0							
MOZ	2004		BEA_return	all_groups									
MOZ	2005		BEA_return	all_groups	400.0	3000000.0	15000000.0						
MOZ	2006		BEA_return	all_groups	400.0	3000000.0	15000000.0						
MOZ	2007		BEA_return	all_groups									
MOZ	2008		BEA_return	all_groups									
MOZ	2009		BEA_return	all_groups	100.0	2000000.0	136000000.0	18000000.0					
MOZ	2010		BEA_return	all_groups	100.0	3000000.0	420000000.0						
MOZ	2011		BEA_return	all_groups	100.0	4000000.0							
MOZ	2012		BEA_return	all_groups	900.0	16000000.0	1509000000.0	746000000.0					
MOZ	2013		BEA_return	all_groups	900.0	29000000.0	1975000000.0						
MOZ	2014		BEA_return	all_groups	800.0	28000000.0	1391000000.0	313000000.0					
MOZ	2015		BEA_return	all_groups	200.0	10000000.0	1010000000.0	454000000.0					
MOZ	2016		BEA_return	all_groups		16000000.0	944000000.0	490000000.0					
MOZ	2017		BEA_return	all_groups		16000000.0		555000000.0					
MOZ	2018		BEA_return	all_groups		19000000.0		652000000.0					
MOZ	2019		BEA_return	all_groups		29000000.0		173000000.0					
MOZ	2020		BEA_return	all_groups		21000000.0		181000000.0					
MOZ	2021		BEA_return	all_groups		15000000.0		181000000.0					
MRT	2004		BEA_return	all_groups	100.0	1000000.0	17000000.0	4000000.0					
MRT	2005		BEA_return	all_groups	100.0	1000000.0	17000000.0						
MRT	2006		BEA_return	all_groups	100.0	1000000.0	17000000.0						
MRT	2007		BEA_return	all_groups	100.0	1000000.0	17000000.0						
MRT	2008		BEA_return	all_groups	100.0	1000000.0	17000000.0						
MRT	2009		BEA_return	all_groups	0.0	0.0							
MRT	2010		BEA_return	all_groups	0.0	0.0							
MRT	2011		BEA_return	all_groups	0.0	0.0							
MRT	2012		BEA_return	all_groups	0.0	0.0							
MRT	2013		BEA_return	all_groups	0.0	0.0							
MRT	2014		BEA_return	all_groups	0.0	0.0							
MRT	2015		BEA_return	all_groups	0.0	0.0							
MRT	2016		BEA_return	all_groups	0.0	0.0							
MRT	2017		BEA_return	all_groups	0.0	0.0	178000000.0						
MRT	2018		BEA_return	all_groups	0.0	0.0	260000000.0						
MRT	2019		BEA_return	all_groups		2000000.0							
MRT	2020		BEA_return	all_groups		2000000.0							
MRT	2021		BEA_return	all_groups		2000000.0							
MUS	2004		BEA_return	all_groups	700.0	9000000.0							
MUS	2005		BEA_return	all_groups	500.0	6000000.0	4208000000.0						
MUS	2006		BEA_return	all_groups	1700.0	34000000.0							
MUS	2007		BEA_return	all_groups	1700.0	34000000.0							
MUS	2008		BEA_return	all_groups									
MUS	2009		BEA_return	all_groups		49000000.0	31368000000.0	203000000.0					
MUS	2010		BEA_return	all_groups		60000000.0	40051000000.0	181000000.0					
MUS	2011		BEA_return	all_groups		24000000.0	32611000000.0	157000000.0					
MUS	2012		BEA_return	all_groups		24000000.0	34930000000.0	151000000.0					
MUS	2013		BEA_return	all_groups		25000000.0	35404000000.0	84000000.0					
MUS	2014		BEA_return	all_groups	1900.0	45000000.0	41384000000.0	291000000.0					
MUS	2015		BEA_return	all_groups	1800.0	42000000.0	39858000000.0	290000000.0					
MUS	2016		BEA_return	all_groups	1700.0	26000000.0	40948000000.0	272000000.0					
MUS	2017		BEA_return	all_groups	1700.0	26000000.0	44812000000.0	246000000.0					
MUS	2018		BEA_return	all_groups	1800.0	30000000.0	45535000000.0	212000000.0					
MUS	2019		BEA_return	all_groups	3200.0	42000000.0	39814000000.0	146000000.0					
MUS	2020		BEA_return	all_groups	4800.0	63000000.0	38092000000.0	159000000.0					
MUS	2021		BEA_return	all_groups	4600.0	60000000.0	33358000000.0	162000000.0					
MWI	2004		BEA_return	all_groups			233000000.0	82000000.0					
MWI	2005		BEA_return	all_groups			296000000.0						
MWI	2006		BEA_return	all_groups									
MWI	2007		BEA_return	all_groups									
MWI	2008		BEA_return	all_groups			381000000.0						
MWI	2009		BEA_return	all_groups		27000000.0	220000000.0						
MWI	2010		BEA_return	all_groups									
MWI	2011		BEA_return	all_groups									
MWI	2012		BEA_return	all_groups									
MWI	2013		BEA_return	all_groups		18000000.0							
MWI	2014		BEA_return	all_groups		24000000.0	225000000.0						
MWI	2015		BEA_return	all_groups		25000000.0							
MWI	2016		BEA_return	all_groups	7200.0	26000000.0	355000000.0						
MWI	2017		BEA_return	all_groups	7900.0	28000000.0	348000000.0	55000000.0					
MWI	2018		BEA_return	all_groups	5100.0	27000000.0	304000000.0	55000000.0					
MWI	2019		BEA_return	all_groups		28000000.0	263000000.0						
MWI	2020		BEA_return	all_groups		24000000.0	314000000.0	44000000.0					
MWI	2021		BEA_return	all_groups	3900.0	22000000.0	299000000.0	44000000.0					
MYS	2004	3282000000.0	BEA_return	all_groups	114300.0	1556000000.0	32376000000.0	9320000000.0	669000000.0			70000000.0	0.20383912248628885
MYS	2005	3512000000.0	BEA_return	all_groups	126300.0	1530000000.0	33847000000.0		709000000.0			33000000.0	0.20187927107061504
MYS	2006	4492000000.0	BEA_return	all_groups	130900.0	1703000000.0	38802000000.0		770000000.0			45000000.0	0.1714158504007124
MYS	2007	4296000000.0	BEA_return	all_groups	112200.0	1743000000.0	44464000000.0		913000000.0			17000000.0	0.21252327746741154
MYS	2008	6567000000.0	BEA_return	all_groups	107300.0	1870000000.0	50192000000.0		1400000000.0			-328000000.0	0.2131871478605147
MYS	2009	5621000000.0	BEA_return	all_groups	136700.0	2355000000.0	63688000000.0	11815000000.0	1156000000.0			-355000000.0	0.20565735634228785
MYS	2010	7028000000.0	BEA_return	all_groups	146600.0	2551000000.0	54837000000.0	12423000000.0	1399000000.0	24411000000.0	50124000000.0	11000000.0	0.19906089926010245
MYS	2011	6830000000.0	BEA_return	all_groups	156800.0	2817000000.0	66885000000.0	13496000000.0	1333000000.0	33225000000.0	56623000000.0	270000000.0	0.1951683748169839
MYS	2012	7615000000.0	BEA_return	all_groups	161500.0	2965000000.0	66889000000.0	14488000000.0	1670000000.0	33019000000.0	51717000000.0	-6000000.0	0.21930400525279053
MYS	2013	6854000000.0	BEA_return	all_groups	158900.0	3199000000.0	70617000000.0	16225000000.0	1420000000.0	33650000000.0	50668000000.0	-16000000.0	0.20717829004960606
MYS	2014	5830000000.0	BEA_return	all_groups	172200.0	3698000000.0	75332000000.0	15496000000.0		31441000000.0	50850000000.0	-66000000.0	
MYS	2015	2851000000.0	BEA_return	all_groups	177400.0	3482000000.0	70051000000.0	12971000000.0	-180000000.0	29746000000.0	46802000000.0	-38000000.0	-0.06313574184496668
MYS	2016	3029000000.0	BEA_return	all_groups	164500.0	3182000000.0	75891000000.0	11577000000.0	330000000.0	24931000000.0	43963000000.0	-22000000.0	0.10894684714427204
MYS	2017	3868000000.0	BEA_return	all_groups	170400.0	3345000000.0	77993000000.0	11928000000.0	601000000.0	25574000000.0	45703000000.0	-59000000.0	0.15537745604963807
MYS	2018	3912000000.0	BEA_return	all_groups	165500.0	3580000000.0	68407000000.0	12118000000.0	636000000.0	27519000000.0	47370000000.0	-113000000.0	0.16257668711656442
MYS	2019	4580000000.0	BEA_return	all_groups	155200.0	3498000000.0	72922000000.0	10321000000.0	649000000.0	26395000000.0	48338000000.0	-201000000.0	0.14170305676855896
MYS	2020	2409000000.0	BEA_return	all_groups	153800.0	3386000000.0	66596000000.0	10424000000.0	286000000.0	22226000000.0	41397000000.0	-101000000.0	0.1187214611872146
MYS	2021	3558000000.0	BEA_return	all_groups	148800.0	3502000000.0	68835000000.0	11093000000.0	516000000.0	25061000000.0	48061000000.0	-108000000.0	0.14502529510961215
NAM	2004		BEA_return	all_groups									
NAM	2005		BEA_return	all_groups	200.0	2000000.0							
NAM	2006		BEA_return	all_groups	200.0	3000000.0							
NAM	2007		BEA_return	all_groups									
NAM	2008		BEA_return	all_groups									
NAM	2009		BEA_return	all_groups	200.0	3000000.0	67000000.0	19000000.0					
NAM	2010		BEA_return	all_groups	200.0	3000000.0	79000000.0	18000000.0					
NAM	2011		BEA_return	all_groups	100.0	3000000.0	22000000.0	7000000.0					
NAM	2012		BEA_return	all_groups	100.0	3000000.0	22000000.0	7000000.0					
NAM	2013		BEA_return	all_groups	100.0	3000000.0	22000000.0	7000000.0					
NAM	2014		BEA_return	all_groups	200.0	4000000.0	48000000.0	8000000.0					
NAM	2015		BEA_return	all_groups	200.0	4000000.0	48000000.0	8000000.0					
NAM	2016		BEA_return	all_groups	200.0	4000000.0	48000000.0	8000000.0					
NAM	2017		BEA_return	all_groups	200.0	4000000.0	49000000.0	8000000.0					
NAM	2018		BEA_return	all_groups	200.0	4000000.0	50000000.0	8000000.0					
NAM	2019		BEA_return	all_groups	200.0	5000000.0	49000000.0	5000000.0					
NAM	2020		BEA_return	all_groups	200.0	5000000.0	50000000.0	5000000.0					
NAM	2021		BEA_return	all_groups	200.0	5000000.0	52000000.0	6000000.0					
NER	2004		BEA_return	all_groups									
NER	2005		BEA_return	all_groups									
NER	2006		BEA_return	all_groups									
NER	2007		BEA_return	all_groups									
NER	2008		BEA_return	all_groups									
NER	2009		BEA_return	all_groups	0.0	0.0	1000000.0	1000000.0					
NER	2010		BEA_return	all_groups	0.0	0.0	1000000.0	1000000.0					
NER	2011		BEA_return	all_groups	0.0	0.0	1000000.0	1000000.0					
NER	2012		BEA_return	all_groups	0.0	0.0	1000000.0	1000000.0					
NER	2013		BEA_return	all_groups	0.0	0.0	1000000.0	1000000.0					
NER	2019		BEA_return	all_groups			1000000.0						
NER	2020		BEA_return	all_groups			1000000.0						
NER	2021		BEA_return	all_groups			1000000.0						
NGA	2004	3915000000.0	BEA_return	all_groups					3075000000.0			70000000.0	0.7854406130268199
NGA	2005		BEA_return	all_groups			23027000000.0		5238000000.0			119000000.0	
NGA	2006		BEA_return	all_groups								288000000.0	
NGA	2007		BEA_return	all_groups								353000000.0	
NGA	2008		BEA_return	all_groups								380000000.0	
NGA	2009	8878000000.0	BEA_return	all_groups	8900.0	565000000.0	48025000000.0	21703000000.0				273000000.0	
NGA	2010	12100000000.0	BEA_return	all_groups	8600.0	608000000.0	62234000000.0	22574000000.0				230000000.0	
NGA	2011	16537000000.0	BEA_return	all_groups	8400.0	735000000.0	74133000000.0	23919000000.0				230000000.0	
NGA	2012	16646000000.0	BEA_return	all_groups	10000.0	931000000.0	89223000000.0	31317000000.0					
NGA	2013	14864000000.0	BEA_return	all_groups	10300.0	1083000000.0	100297000000.0	32519000000.0					
NGA	2014		BEA_return	all_groups	10800.0	1484000000.0							
NGA	2015	3369000000.0	BEA_return	all_groups	9500.0	1562000000.0	103467000000.0					132000000.0	
NGA	2016	1374000000.0	BEA_return	all_groups	9200.0	1211000000.0				3876000000.0		144000000.0	
NGA	2017	3686000000.0	BEA_return	all_groups	9500.0	968000000.0				4049000000.0		106000000.0	
NGA	2018	4961000000.0	BEA_return	all_groups	9100.0	1009000000.0				4716000000.0		52000000.0	
NGA	2019	3241000000.0	BEA_return	all_groups	10700.0	994000000.0						-9000000.0	
NGA	2020	-59000000.0	BEA_return	all_groups	10500.0	974000000.0			130000000.0	3653000000.0			-2.2033898305084745
NGA	2021	2159000000.0	BEA_return	all_groups	9600.0	935000000.0	72842000000.0		1035000000.0	5635000000.0		72000000.0	0.4793886058360352
NIC	2004		BEA_return	all_groups			335000000.0						
NIC	2005		BEA_return	all_groups	3100.0	32000000.0	353000000.0						
NIC	2006		BEA_return	all_groups									
NIC	2007		BEA_return	all_groups									
NIC	2008		BEA_return	all_groups									
NIC	2009		BEA_return	all_groups	7500.0	73000000.0	1144000000.0	208000000.0					
NIC	2010		BEA_return	all_groups	7400.0	72000000.0	1167000000.0	224000000.0					
NIC	2011		BEA_return	all_groups	7300.0	71000000.0	1199000000.0						
NIC	2012		BEA_return	all_groups	7400.0	70000000.0	1139000000.0	189000000.0					
NIC	2013		BEA_return	all_groups	10700.0	91000000.0	1303000000.0	265000000.0					
NIC	2014		BEA_return	all_groups	12300.0	101000000.0	1497000000.0	291000000.0					
NIC	2015		BEA_return	all_groups	12400.0	104000000.0	1540000000.0	329000000.0					
NIC	2016		BEA_return	all_groups	16400.0	131000000.0	1783000000.0	426000000.0					
NIC	2017		BEA_return	all_groups	15000.0	134000000.0	1965000000.0	471000000.0					
NIC	2018		BEA_return	all_groups	14800.0	136000000.0	2027000000.0	543000000.0					
NIC	2019		BEA_return	all_groups	13100.0	129000000.0	2068000000.0	608000000.0					
NIC	2020		BEA_return	all_groups	12500.0	117000000.0	1769000000.0	533000000.0					
NIC	2021		BEA_return	all_groups	7800.0	78000000.0	1538000000.0	404000000.0					
NLD	2004	9623000000.0	BEA_return	all_groups	229900.0	13522000000.0	850295000000.0	31690000000.0	2872000000.0			-1337000000.0	0.2984516263119609
NLD	2005	10380000000.0	BEA_return	all_groups	216900.0	13281000000.0	913802000000.0		4203000000.0			-908000000.0	0.40491329479768784
NLD	2006	8430000000.0	BEA_return	all_groups	235400.0	14764000000.0	1044305000000.0		3990000000.0			-464000000.0	0.47330960854092524
NLD	2007	8651000000.0	BEA_return	all_groups	234500.0	15636000000.0	1303499000000.0		2639000000.0			-1773000000.0	0.30505143913998384
NLD	2008	6470000000.0	BEA_return	all_groups	246400.0	18190000000.0	1317930000000.0		2874000000.0			1636000000.0	0.44420401854714064
NLD	2009	6500000000.0	BEA_return	all_groups	212200.0	16136000000.0	1609707000000.0	19267000000.0	2258000000.0				0.3473846153846154
NLD	2010	3796000000.0	BEA_return	all_groups	220000.0	16004000000.0	1686369000000.0	18349000000.0	4314000000.0	115842000000.0	189057000000.0	-1618000000.0	1.136459430979979
NLD	2011	12430000000.0	BEA_return	all_groups	221900.0	17021000000.0	1757390000000.0	19221000000.0	4669000000.0	124106000000.0	214304000000.0	-5530000000.0	0.3756234915526951
NLD	2012	15823000000.0	BEA_return	all_groups	223300.0	16913000000.0	1950387000000.0	19954000000.0	4518000000.0	123824000000.0	207851000000.0	-7780000000.0	0.28553371674145234
NLD	2013	741000000.0	BEA_return	all_groups	228600.0	18096000000.0	2252039000000.0	20924000000.0	3739000000.0	129864000000.0	218060000000.0	-6515000000.0	5.045883940620783
NLD	2014	15031000000.0	BEA_return	all_groups	244000.0	18885000000.0	2629151000000.0	26433000000.0	4344000000.0	148803000000.0	257156000000.0	-9292000000.0	0.28900272769609475
NLD	2015	23259000000.0	BEA_return	all_groups	241900.0	18047000000.0	2782614000000.0	25736000000.0	3726000000.0	135692000000.0	242133000000.0	-10620000000.0	0.16019605314071972
NLD	2016	42878000000.0	BEA_return	all_groups	245300.0	17617000000.0	2901245000000.0	26263000000.0	5293000000.0	140164000000.0	252043000000.0	-11265000000.0	0.12344325761462754
NLD	2017	49915000000.0	BEA_return	all_groups	272900.0	19441000000.0	3175048000000.0	28225000000.0	5321000000.0	153754000000.0	270890000000.0	-9869000000.0	0.10660122207753181
NLD	2018	34162000000.0	BEA_return	all_groups	262300.0	19875000000.0	3023535000000.0	28917000000.0	4871000000.0	171125000000.0	294853000000.0	-5568000000.0	0.14258532872782623
NLD	2019	33774000000.0	BEA_return	all_groups	253600.0	20026000000.0	3210485000000.0	29635000000.0	5945000000.0	158330000000.0	275978000000.0	-7276000000.0	0.17602297625392313
NLD	2020	25762000000.0	BEA_return	all_groups	239000.0	18880000000.0	3110921000000.0	29665000000.0	5419000000.0	140963000000.0	235705000000.0	-5473000000.0	0.21034857542116295
NLD	2021	35925000000.0	BEA_return	all_groups	231300.0	19606000000.0	3326426000000.0	33647000000.0	5760000000.0	178177000000.0	268031000000.0	-6890000000.0	0.1603340292275574
NOR	2004	7650000000.0	BEA_return	all_groups	32100.0	2239000000.0	39892000000.0	18204000000.0	5264000000.0			112000000.0	0.6881045751633987
NOR	2005	8885000000.0	BEA_return	all_groups	31800.0	2415000000.0	56414000000.0		5595000000.0			-220000000.0	0.6297129994372538
NOR	2006	10471000000.0	BEA_return	all_groups	32800.0	2279000000.0	62338000000.0		7279000000.0			436000000.0	0.6951580555820839
NOR	2007	14006000000.0	BEA_return	all_groups	34000.0	2635000000.0	69274000000.0		9801000000.0			342000000.0	0.6997715264886477
NOR	2008	20680000000.0	BEA_return	all_groups	33600.0	2986000000.0	81282000000.0		14558000000.0			694000000.0	0.7039651837524178
NOR	2009	14235000000.0	BEA_return	all_groups	37200.0	3900000000.0	99701000000.0	29895000000.0	8853000000.0			533000000.0	0.6219178082191781
NOR	2010	15528000000.0	BEA_return	all_groups	38600.0	4054000000.0	111354000000.0	32519000000.0	9902000000.0			587000000.0	0.63768675940237
NOR	2011	19707000000.0	BEA_return	all_groups	41800.0	4787000000.0	117911000000.0	31617000000.0	12835000000.0			693000000.0	0.6512914192926371
NOR	2012	18658000000.0	BEA_return	all_groups	43400.0	5020000000.0	160708000000.0	36430000000.0	12529000000.0			712000000.0	0.6715082002358238
NOR	2013	16938000000.0	BEA_return	all_groups	45000.0	5337000000.0	164480000000.0	37293000000.0	11254000000.0			698000000.0	0.6644231904593222
NOR	2014	13365000000.0	BEA_return	all_groups	49700.0	5749000000.0	152858000000.0	30606000000.0				416000000.0	
NOR	2015	6257000000.0	BEA_return	all_groups	47000.0	4832000000.0	134952000000.0	24499000000.0	2807000000.0	26918000000.0	36633000000.0	403000000.0	0.44861754834585266
NOR	2016	2706000000.0	BEA_return	all_groups	42400.0	4241000000.0	134391000000.0	19976000000.0	1501000000.0	19508000000.0	27758000000.0	192000000.0	0.5546932742054693
NOR	2017	4668000000.0	BEA_return	all_groups	42900.0	4162000000.0	119044000000.0	13485000000.0	2727000000.0	20520000000.0	30748000000.0	113000000.0	0.5841902313624678
NOR	2018	5619000000.0	BEA_return	all_groups	40300.0	3675000000.0	111076000000.0	11344000000.0	3148000000.0	21200000000.0	33223000000.0	69000000.0	0.5602420359494572
NOR	2019	4836000000.0	BEA_return	all_groups	40000.0	3836000000.0	114231000000.0	11605000000.0	2406000000.0	21087000000.0	31259000000.0	-91000000.0	0.4975186104218362
NOR	2020	1794000000.0	BEA_return	all_groups	38100.0	3597000000.0	100350000000.0	9196000000.0	719000000.0	17520000000.0	23524000000.0	141000000.0	0.4007803790412486
NOR	2021	4687000000.0	BEA_return	all_groups	37000.0	3675000000.0	103564000000.0	8623000000.0	3024000000.0	21025000000.0	29914000000.0	65000000.0	0.645188820140815
NPL	2004		BEA_return	all_groups									
NPL	2005		BEA_return	all_groups									
NPL	2006		BEA_return	all_groups	200.0	3000000.0	62000000.0						
NPL	2007		BEA_return	all_groups	300.0	4000000.0	117000000.0						
NPL	2008		BEA_return	all_groups									
NPL	2009		BEA_return	all_groups	100.0								
NPL	2010		BEA_return	all_groups	100.0	5000000.0							
NPL	2011		BEA_return	all_groups	100.0								
NPL	2012		BEA_return	all_groups	100.0	5000000.0							
NPL	2013		BEA_return	all_groups	100.0								
NPL	2014		BEA_return	all_groups	100.0	5000000.0							
NPL	2015		BEA_return	all_groups	100.0	5000000.0							
NPL	2016		BEA_return	all_groups	100.0	2000000.0							
NPL	2017		BEA_return	all_groups	100.0	1000000.0							
NPL	2018		BEA_return	all_groups	100.0	1000000.0							
NPL	2019		BEA_return	all_groups	100.0	2000000.0							
NPL	2020		BEA_return	all_groups	200.0	2000000.0							
NPL	2021		BEA_return	all_groups	200.0	2000000.0							
NZL	2004	712000000.0	BEA_return	all_groups	43300.0	1569000000.0	16634000000.0	6275000000.0	170000000.0			-38000000.0	0.23876404494382023
NZL	2005	1050000000.0	BEA_return	all_groups	43800.0	1667000000.0	17149000000.0		397000000.0			-67000000.0	0.3780952380952381
NZL	2006	920000000.0	BEA_return	all_groups	33400.0	1293000000.0	12829000000.0		463000000.0			-88000000.0	0.5032608695652174
NZL	2007	818000000.0	BEA_return	all_groups	32200.000000000004	1376000000.0	14731000000.0		529000000.0			-43000000.0	0.6466992665036675
NZL	2008	837000000.0	BEA_return	all_groups	31300.0	1341000000.0	12863000000.0		502000000.0			62000000.0	0.5997610513739546
NZL	2009	692000000.0	BEA_return	all_groups	30900.0	1243000000.0	15970000000.0	1507000000.0	462000000.0			-41000000.0	0.6676300578034682
NZL	2010	140000000.0	BEA_return	all_groups	30200.0	1272000000.0	16225000000.0	1691000000.0	136000000.0	9835000000.0	11066000000.0	-221000000.0	0.9714285714285714
NZL	2011	983000000.0	BEA_return	all_groups	31600.0	1431000000.0	20292000000.0	4351000000.0	151000000.0	12516000000.0	13884000000.0	-39000000.0	0.1536113936927772
NZL	2012	965000000.0	BEA_return	all_groups	33700.0	1479000000.0	21568000000.0	4741000000.0	136000000.0	13369000000.0	14939000000.0	17000000.0	0.14093264248704662
NZL	2013	949000000.0	BEA_return	all_groups	30100.0	1480000000.0	22578000000.0	5331000000.0	171000000.0	13130000000.0	15212000000.0	-146000000.0	0.18018967334035826
NZL	2014	1572000000.0	BEA_return	all_groups	39900.0	1859000000.0	26993000000.0	3799000000.0		15137000000.0	16771000000.0	-38000000.0	
NZL	2015	1216000000.0	BEA_return	all_groups	40200.0	1813000000.0	24436000000.0	3302000000.0	196000000.0	12677000000.0	14175000000.0	-100000000.0	0.1611842105263158
NZL	2016	1089000000.0	BEA_return	all_groups	37500.0	1651000000.0	23575000000.0	3015000000.0	151000000.0	11263000000.0	12446000000.0	-87000000.0	0.1386593204775023
NZL	2017	1172000000.0	BEA_return	all_groups	38000.0	1683000000.0	25345000000.0	3135000000.0	186000000.0			-76000000.0	0.15870307167235495
NZL	2018	928000000.0	BEA_return	all_groups	38000.0	1669000000.0	25214000000.0	3100000000.0	187000000.0	13265000000.0	14440000000.0	-32000000.0	0.20150862068965517
NZL	2019	845000000.0	BEA_return	all_groups	26900.0	1478000000.0	24491000000.0	3125000000.0	251000000.0	11433000000.0	12724000000.0	1000000.0	0.29704142011834317
NZL	2020	1095000000.0	BEA_return	all_groups	28300.0	1492000000.0	26286000000.0	3176000000.0	180000000.0	11006000000.0	11999000000.0	-16000000.0	0.1643835616438356
NZL	2021	1276000000.0	BEA_return	all_groups	27700.0	1625000000.0	26525000000.0	3318000000.0	248000000.0	13970000000.0	15228000000.0	-5000000.0	0.19435736677115986
OMN	2004		BEA_return	all_groups	1200.0	59000000.0							
OMN	2005		BEA_return	all_groups	1300.0	77000000.0	1554000000.0						
OMN	2006		BEA_return	all_groups	3200.0	96000000.0							
OMN	2007		BEA_return	all_groups	4700.0	134000000.0							
OMN	2008		BEA_return	all_groups	2700.0	158000000.0							
OMN	2009		BEA_return	all_groups	2100.0	116000000.0	2869000000.0	2355000000.0					
OMN	2010		BEA_return	all_groups	1900.0	157000000.0	3047000000.0						
OMN	2011		BEA_return	all_groups	2100.0	175000000.0							
OMN	2012		BEA_return	all_groups	2200.0	188000000.0							
OMN	2013		BEA_return	all_groups	2400.0	212000000.0							
OMN	2014		BEA_return	all_groups	3100.0	273000000.0							
OMN	2015		BEA_return	all_groups	3100.0	263000000.0							
OMN	2016		BEA_return	all_groups	3200.0	264000000.0							
OMN	2017		BEA_return	all_groups	3300.0	284000000.0							
OMN	2018		BEA_return	all_groups	3700.0	323000000.0							
OMN	2019		BEA_return	all_groups	4400.0	424000000.0							
OMN	2020		BEA_return	all_groups	4200.0	418000000.0							
OMN	2021		BEA_return	all_groups	3800.0	395000000.0							
PAK	2004		BEA_return	all_groups			3017000000.0	1238000000.0					
PAK	2005		BEA_return	all_groups	12400.0	97000000.0	3329000000.0						
PAK	2006		BEA_return	all_groups	12500.0	117000000.0	3561000000.0						
PAK	2007		BEA_return	all_groups									
PAK	2008		BEA_return	all_groups	9600.0	110000000.0							
PAK	2009		BEA_return	all_groups	13200.0	149000000.0	4085000000.0	781000000.0					
PAK	2010		BEA_return	all_groups	13100.0	159000000.0	4074000000.0	817000000.0					
PAK	2011		BEA_return	all_groups	12800.0	140000000.0	3151000000.0	383000000.0					
PAK	2012		BEA_return	all_groups	12700.0	139000000.0	2881000000.0	403000000.0					
PAK	2013		BEA_return	all_groups	13000.0	152000000.0	3239000000.0	452000000.0					
PAK	2014		BEA_return	all_groups	13800.0	183000000.0	2133000000.0	470000000.0					
PAK	2015		BEA_return	all_groups	13700.0	186000000.0	1913000000.0	443000000.0					
PAK	2016		BEA_return	all_groups	13600.0	187000000.0	2147000000.0	495000000.0					
PAK	2017		BEA_return	all_groups	14100.0	205000000.0	2192000000.0	553000000.0					
PAK	2018		BEA_return	all_groups	14300.0	193000000.0	2071000000.0	578000000.0					
PAK	2019		BEA_return	all_groups	15600.0	226000000.0	2296000000.0	606000000.0					
PAK	2020		BEA_return	all_groups	14600.0	212000000.0	2244000000.0	575000000.0					
PAK	2021		BEA_return	all_groups	14700.0	219000000.0	3609000000.0	598000000.0					
PAN	2004	201000000.0	BEA_return	all_groups			24459000000.0	8609000000.0	44000000.0			15000000.0	0.21890547263681592
PAN	2005		BEA_return	all_groups			34615000000.0		61000000.0			20000000.0	
PAN	2006		BEA_return	all_groups					62000000.0			21000000.0	
PAN	2007		BEA_return	all_groups					68000000.0			64000000.0	
PAN	2008		BEA_return	all_groups								13000000.0	
PAN	2009	266000000.0	BEA_return	all_groups	20300.0	441000000.0	9441000000.0	1772000000.0	97000000.0			-12000000.0	0.36466165413533835
PAN	2010	121000000.0	BEA_return	all_groups	21600.0	456000000.0	9909000000.0	1967000000.0	94000000.0			-6000000.0	0.7768595041322314
PAN	2011		BEA_return	all_groups	20600.0	413000000.0	11126000000.0	1835000000.0	88000000.0			-19000000.0	
PAN	2012	193000000.0	BEA_return	all_groups	20200.0	435000000.0	10586000000.0	1838000000.0	118000000.0			10000000.0	0.6113989637305699
PAN	2013	-211000000.0	BEA_return	all_groups	25300.0	675000000.0	12529000000.0	2113000000.0	181000000.0			7000000.0	-0.8578199052132701
PAN	2014	37000000.0	BEA_return	all_groups	16900.0	454000000.0	13085000000.0	2441000000.0	74000000.0			-22000000.0	2.0
PAN	2015	-39000000.0	BEA_return	all_groups	17200.0	451000000.0	13309000000.0	2072000000.0	53000000.0			-8000000.0	-1.358974358974359
PAN	2016	158000000.0	BEA_return	all_groups	17400.0	480000000.0	11820000000.0	2042000000.0	59000000.0	5104000000.0	7499000000.0	-10000000.0	0.37341772151898733
PAN	2017	323000000.0	BEA_return	all_groups	18100.0	497000000.0	11786000000.0	2092000000.0	66000000.0	5225000000.0	6989000000.0	-27000000.0	0.2043343653250774
PAN	2018	368000000.0	BEA_return	all_groups	18800.0	518000000.0	11501000000.0	2647000000.0	84000000.0	6617000000.0	8397000000.0	-9000000.0	0.22826086956521738
PAN	2019	271000000.0	BEA_return	all_groups	19600.0	553000000.0	12571000000.0	2740000000.0	68000000.0	6618000000.0	8445000000.0	3000000.0	0.25092250922509224
PAN	2020	91000000.0	BEA_return	all_groups	19800.0	539000000.0	13103000000.0	2715000000.0	60000000.0			24000000.0	0.6593406593406593
PAN	2021	-249000000.0	BEA_return	all_groups	20800.0	574000000.0	13142000000.0	2652000000.0	47000000.0			23000000.0	-0.18875502008032127
PER	2004	1731000000.0	BEA_return	all_groups	31000.0	545000000.0	13942000000.0	5108000000.0	572000000.0			31000000.0	0.3304448295782785
PER	2005	2400000000.0	BEA_return	all_groups	32600.0	609000000.0	16831000000.0		716000000.0			-7000000.0	0.29833333333333334
PER	2006	3054000000.0	BEA_return	all_groups	33600.0	688000000.0	18536000000.0		939000000.0			34000000.0	0.3074656188605108
PER	2007	3360000000.0	BEA_return	all_groups	42000.0	976000000.0	25554000000.0		1460000000.0			39000000.0	0.43452380952380953
PER	2008	2342000000.0	BEA_return	all_groups	36400.0	951000000.0	22918000000.0		1112000000.0			34000000.0	0.4748078565328779
PER	2009	3030000000.0	BEA_return	all_groups	35600.0	857000000.0	20583000000.0	8541000000.0	1100000000.0			55000000.0	0.36303630363036304
PER	2010	3823000000.0	BEA_return	all_groups	37000.0	926000000.0	23963000000.0	8556000000.0	1442000000.0			96000000.0	0.37719068794140725
PER	2011	3824000000.0	BEA_return	all_groups	39900.0	1190000000.0	25231000000.0	8988000000.0	1494000000.0			98000000.0	0.39069037656903766
PER	2012	3567000000.0	BEA_return	all_groups	36700.0	1208000000.0	27669000000.0	11338000000.0	1379000000.0	13472000000.0	15117000000.0	101000000.0	0.38659938323521165
PER	2013	3134000000.0	BEA_return	all_groups	32000.0	1062000000.0	28903000000.0	12027000000.0	1123000000.0	12878000000.0	14135000000.0	203000000.0	0.35832801531589026
PER	2014	2382000000.0	BEA_return	all_groups	41100.0	1334000000.0	34301000000.0	14663000000.0	885000000.0			133000000.0	0.371536523929471
PER	2015	1152000000.0	BEA_return	all_groups	42300.0	1463000000.0	34450000000.0	15953000000.0	629000000.0	12431000000.0	13400000000.0	164000000.0	0.5460069444444444
PER	2016	141000000.0	BEA_return	all_groups	47900.0	1576000000.0	31778000000.0	14808000000.0	430000000.0			297000000.0	3.049645390070922
PER	2017	2994000000.0	BEA_return	all_groups	46000.0	1666000000.0	30506000000.0	14784000000.0	1589000000.0	11812000000.0	13478000000.0	486000000.0	0.5307281229124916
PER	2018	3368000000.0	BEA_return	all_groups	47800.0	1703000000.0	31544000000.0	14626000000.0	791000000.0			661000000.0	0.23485748218527316
PER	2019	2147000000.0	BEA_return	all_groups	51900.0	1721000000.0	32178000000.0	16163000000.0	936000000.0			430000000.0	0.4359571495109455
PER	2020	1883000000.0	BEA_return	all_groups	47600.0	1615000000.0	31316000000.0	15453000000.0	915000000.0			437000000.0	0.485926712692512
PER	2021	4310000000.0	BEA_return	all_groups	49300.0	1699000000.0	32869000000.0	14713000000.0	2090000000.0			351000000.0	0.48491879350348027
PHL	2004	1396000000.0	BEA_return	all_groups	88700.0	695000000.0	19724000000.0	6966000000.0	294000000.0			122000000.0	0.21060171919770773
PHL	2005	1476000000.0	BEA_return	all_groups	95100.0	771000000.0	21148000000.0		673000000.0			110000000.0	0.4559620596205962
PHL	2006	1755000000.0	BEA_return	all_groups	106700.0	915000000.0	23207000000.0		793000000.0			201000000.0	0.45185185185185184
PHL	2007	1692000000.0	BEA_return	all_groups	117900.0	1080000000.0	23871000000.0		724000000.0			146000000.0	0.42789598108747046
PHL	2008	1893000000.0	BEA_return	all_groups	125600.0	1217000000.0	21874000000.0		835000000.0			-21000000.0	0.4410987849973587
PHL	2009	1955000000.0	BEA_return	all_groups	144300.0	1467000000.0	27917000000.0	5188000000.0	710000000.0			-58000000.0	0.3631713554987212
PHL	2010	1696000000.0	BEA_return	all_groups	170800.0	1834000000.0	28460000000.0	6040000000.0	387000000.0	10950000000.0	17975000000.0	-2000000.0	0.22818396226415094
PHL	2011	1624000000.0	BEA_return	all_groups	202400.0	2215000000.0	30732000000.0	6753000000.0	469000000.0	11988000000.0	20970000000.0	20000000.0	0.28879310344827586
PHL	2012	2054000000.0	BEA_return	all_groups	208300.0	2290000000.0	32506000000.0	6101000000.0	466000000.0	11880000000.0	20910000000.0	10000000.0	0.22687439143135346
PHL	2013	1869000000.0	BEA_return	all_groups	220600.0	2467000000.0	32531000000.0	5977000000.0	451000000.0	11716000000.0	20449000000.0	32000000.0	0.2413055109684323
PHL	2014	2110000000.0	BEA_return	all_groups	312700.0	3006000000.0	35838000000.0	6800000000.0	460000000.0	11854000000.0	22372000000.0	84000000.0	0.21800947867298578
PHL	2015	818000000.0	BEA_return	all_groups	334700.0	3190000000.0	33794000000.0	6770000000.0	370000000.0	11286000000.0	21720000000.0	40000000.0	0.45232273838630804
PHL	2016	1973000000.0	BEA_return	all_groups	335100.0	3146000000.0	33676000000.0	5827000000.0	388000000.0	11424000000.0	21299000000.0	-5000000.0	0.1966548403446528
PHL	2017	2105000000.0	BEA_return	all_groups	304200.0	3179000000.0	35409000000.0	5803000000.0	446000000.0	12087000000.0	22421000000.0	-9000000.0	0.21187648456057007
PHL	2018	1423000000.0	BEA_return	all_groups	332300.0	2998000000.0	27856000000.0	4744000000.0	311000000.0	12237000000.0	22151000000.0	-27000000.0	0.21855235418130708
PHL	2019	1874000000.0	BEA_return	all_groups	363100.0	3146000000.0	31460000000.0	3935000000.0	458000000.0	11018000000.0	20353000000.0	-44000000.0	0.24439701173959444
PHL	2020	1698000000.0	BEA_return	all_groups	362700.0	3319000000.0	23564000000.0	3744000000.0	343000000.0			-62000000.0	0.20200235571260305
PHL	2021	1982000000.0	BEA_return	all_groups	281200.0	3341000000.0	31017000000.0	4182000000.0	412000000.0	11553000000.0	21247000000.0	-85000000.0	0.20787083753784055
PLW	2009		BEA_return	all_groups		1000000.0		2000000.0					
PLW	2010		BEA_return	all_groups		1000000.0		2000000.0					
PLW	2011		BEA_return	all_groups		1000000.0		2000000.0					
PLW	2012		BEA_return	all_groups		1000000.0		2000000.0					
PLW	2013		BEA_return	all_groups		1000000.0		2000000.0					
PLW	2014		BEA_return	all_groups		1000000.0		2000000.0					
PLW	2015		BEA_return	all_groups		1000000.0		2000000.0					
PLW	2016		BEA_return	all_groups		1000000.0		2000000.0					
PLW	2017		BEA_return	all_groups		1000000.0		2000000.0					
PLW	2018		BEA_return	all_groups		1000000.0		2000000.0					
PLW	2019		BEA_return	all_groups				4000000.0					
PLW	2020		BEA_return	all_groups				4000000.0					
PLW	2021		BEA_return	all_groups				4000000.0					
PNG	2004		BEA_return	all_groups	400.0	14000000.0							
PNG	2005		BEA_return	all_groups	200.0	12000000.0							
PNG	2006		BEA_return	all_groups	300.0	17000000.0							
PNG	2007		BEA_return	all_groups	300.0	20000000.0							
PNG	2008		BEA_return	all_groups									
PNG	2009		BEA_return	all_groups		41000000.0							
PNG	2010		BEA_return	all_groups	500.0	43000000.0							
PNG	2011		BEA_return	all_groups	700.0	100000000.0							
PNG	2012		BEA_return	all_groups	800.0								
PNG	2013		BEA_return	all_groups	700.0								
PNG	2014		BEA_return	all_groups	2100.0	226000000.0							
PNG	2015		BEA_return	all_groups	2200.0	159000000.0							
PNG	2016		BEA_return	all_groups	2100.0	137000000.0							
PNG	2017		BEA_return	all_groups	2200.0	136000000.0							
PNG	2018		BEA_return	all_groups	2200.0	139000000.0							
PNG	2019		BEA_return	all_groups	1200.0	126000000.0							
PNG	2020		BEA_return	all_groups	1200.0	122000000.0							
PNG	2021		BEA_return	all_groups	1200.0	116000000.0							
POL	2004	1534000000.0	BEA_return	all_groups	105800.0	1669000000.0	18214000000.0	6254000000.0	277000000.0			52000000.0	0.18057366362451108
POL	2005	1411000000.0	BEA_return	all_groups	113200.0	1804000000.0	19743000000.0		201000000.0			113000000.0	0.14245216158752658
POL	2006	1802000000.0	BEA_return	all_groups	118800.0	2003000000.0	23341000000.0		324000000.0			157000000.0	0.17980022197558268
POL	2007	2290000000.0	BEA_return	all_groups	131400.0	2629000000.0	32718000000.0		379000000.0			94000000.0	0.16550218340611353
POL	2008	2356000000.0	BEA_return	all_groups	143600.0	3284000000.0	35355000000.0		495000000.0			-62000000.0	0.2101018675721562
POL	2009	2133000000.0	BEA_return	all_groups	155000.0	3666000000.0	61379000000.0	9966000000.0	363000000.0			-258000000.0	0.170182841068917
POL	2010	2358000000.0	BEA_return	all_groups	153200.0	3776000000.0	59421000000.0	9904000000.0	389000000.0	24379000000.0	34228000000.0	-41000000.0	0.16497031382527566
POL	2011	2918000000.0	BEA_return	all_groups	155900.0	3929000000.0	58755000000.0	9974000000.0	512000000.0	27476000000.0	38801000000.0		0.17546264564770392
POL	2012	2201000000.0	BEA_return	all_groups	157200.0	4014000000.0	63769000000.0	10339000000.0	509000000.0	27162000000.0	37840000000.0		0.23125851885506588
POL	2013	2545000000.0	BEA_return	all_groups	162000.0	4136000000.0	73504000000.0	11202000000.0	376000000.0	27675000000.0	38190000000.0		0.14774066797642435
POL	2014	2281000000.0	BEA_return	all_groups	184000.0	4604000000.0	66871000000.0	11726000000.0	373000000.0	29580000000.0	40484000000.0	-34000000.0	0.16352476983779043
POL	2015	1713000000.0	BEA_return	all_groups	188200.0	4515000000.0	65586000000.0	11029000000.0	272000000.0	26684000000.0	37115000000.0	-82000000.0	0.1587857559836544
POL	2016	2602000000.0	BEA_return	all_groups	199300.0	4970000000.0	60848000000.0	11199000000.0	347000000.0	27156000000.0	39011000000.0	-111000000.0	0.13335895465026903
POL	2017	2201000000.0	BEA_return	all_groups	207700.0	5248000000.0	66146000000.0	12965000000.0	376000000.0	30312000000.0	42791000000.0	-265000000.0	0.1708314402544298
POL	2018	2571000000.0	BEA_return	all_groups	203500.0	5384000000.0	63460000000.0	12638000000.0	504000000.0	32649000000.0	45164000000.0	-295000000.0	0.19603267211201866
POL	2019	2613000000.0	BEA_return	all_groups	213900.0	5751000000.0	64479000000.0	12607000000.0	505000000.0	32415000000.0	45186000000.0	-25000000.0	0.1932644469957903
POL	2020	2421000000.0	BEA_return	all_groups	208800.0	5664000000.0	72307000000.0	12432000000.0	337000000.0	30621000000.0	42599000000.0	-101000000.0	0.13919867823213547
POL	2021	2285000000.0	BEA_return	all_groups	224900.0	6637000000.0	69964000000.0	12441000000.0	455000000.0	33917000000.0	47902000000.0	-273000000.0	0.19912472647702406
PRT	2004	1061000000.0	BEA_return	all_groups					230000000.0			-87000000.0	0.21677662582469368
PRT	2005	848000000.0	BEA_return	all_groups			31856000000.0		194000000.0			-71000000.0	0.22877358490566038
PRT	2006	956000000.0	BEA_return	all_groups					225000000.0			-66000000.0	0.23535564853556484
PRT	2007		BEA_return	all_groups			43497000000.0		225000000.0			-68000000.0	
PRT	2008		BEA_return	all_groups					216000000.0			-44000000.0	
PRT	2009	672000000.0	BEA_return	all_groups	28900.0	1383000000.0	42718000000.0	2033000000.0	206000000.0				0.30654761904761907
PRT	2010	1029000000.0	BEA_return	all_groups	30600.0	1360000000.0	33886000000.0	2005000000.0	115000000.0	9994000000.0	11114000000.0		0.11175898931000972
PRT	2011	608000000.0	BEA_return	all_groups	29700.0	1342000000.0	44092000000.0	1890000000.0		9857000000.0	11032000000.0		
PRT	2012	598000000.0	BEA_return	all_groups	29100.0	1311000000.0	49075000000.0	1774000000.0		8694000000.0	10198000000.0		
PRT	2013	617000000.0	BEA_return	all_groups	28000.0	1238000000.0	55250000000.0	1721000000.0		8709000000.0	9948000000.0		
PRT	2014	581000000.0	BEA_return	all_groups	30300.0	1315000000.0	23779000000.0	1686000000.0	153000000.0	8310000000.0	9610000000.0	-35000000.0	0.2633390705679862
PRT	2015	503000000.0	BEA_return	all_groups	29700.0	1231000000.0	20363000000.0	1810000000.0		7760000000.0	9080000000.0		
PRT	2016	429000000.0	BEA_return	all_groups	31000.0	1267000000.0	19451000000.0	1722000000.0	49000000.0	7702000000.0	9167000000.0		0.11421911421911422
PRT	2017	453000000.0	BEA_return	all_groups	33200.0	1301000000.0	18935000000.0	1816000000.0	94000000.0	8472000000.0	9915000000.0		0.20750551876379691
PRT	2018	567000000.0	BEA_return	all_groups	32000.0	1316000000.0	19748000000.0	2464000000.0	151000000.0	9340000000.0	10690000000.0		0.26631393298059963
PRT	2019	624000000.0	BEA_return	all_groups	32900.0	1320000000.0	19515000000.0	2592000000.0	201000000.0	8930000000.0	10348000000.0		0.32211538461538464
PRT	2020	772000000.0	BEA_return	all_groups	32200.000000000004	1248000000.0	25508000000.0	2289000000.0					
PRT	2021	779000000.0	BEA_return	all_groups	34000.0	1409000000.0	27984000000.0	2608000000.0					
PRY	2004		BEA_return	all_groups	1500.0	16000000.0	483000000.0	86000000.0					
PRY	2005		BEA_return	all_groups	1600.0	16000000.0	482000000.0						
PRY	2006		BEA_return	all_groups	1700.0	19000000.0	509000000.0						
PRY	2007		BEA_return	all_groups	1700.0	22000000.0	854000000.0						
PRY	2008		BEA_return	all_groups	1700.0	28000000.0	1131000000.0						
PRY	2009		BEA_return	all_groups	2900.0	46000000.0	1417000000.0	180000000.0					
PRY	2010		BEA_return	all_groups	3100.0	48000000.0	1608000000.0	206000000.0					
PRY	2011		BEA_return	all_groups	3300.0	60000000.0	2430000000.0	341000000.0					
PRY	2012		BEA_return	all_groups	3100.0	60000000.0	1816000000.0	484000000.0					
PRY	2013		BEA_return	all_groups	3100.0	72000000.0	1598000000.0	452000000.0					
PRY	2014		BEA_return	all_groups	3300.0	74000000.0	2077000000.0	516000000.0					
PRY	2015		BEA_return	all_groups	3300.0	77000000.0	1829000000.0	528000000.0					
PRY	2016		BEA_return	all_groups	3100.0	65000000.0	1966000000.0	517000000.0					
PRY	2017		BEA_return	all_groups	2600.0	60000000.0	1965000000.0	504000000.0					
PRY	2018		BEA_return	all_groups	2400.0	57000000.0	2058000000.0	491000000.0					
PRY	2019		BEA_return	all_groups	2500.0		2089000000.0	464000000.0					
PRY	2020		BEA_return	all_groups	2600.0								
PRY	2021		BEA_return	all_groups	2800.0			412000000.0					
QAT	2004		BEA_return	all_groups									
QAT	2005		BEA_return	all_groups			31652000000.0						
QAT	2006		BEA_return	all_groups									
QAT	2007		BEA_return	all_groups									
QAT	2008		BEA_return	all_groups									
QAT	2009		BEA_return	all_groups	2000.0	232000000.0							
QAT	2010		BEA_return	all_groups	1600.0	221000000.0							
QAT	2011		BEA_return	all_groups	1600.0	213000000.0	32227000000.0						
QAT	2012		BEA_return	all_groups	1500.0	222000000.0							
QAT	2013		BEA_return	all_groups	1500.0	243000000.0							
QAT	2014		BEA_return	all_groups	2200.0	333000000.0							
QAT	2015		BEA_return	all_groups	2100.0	320000000.0	40655000000.0						
QAT	2016		BEA_return	all_groups	2200.0	316000000.0	34272000000.0						
QAT	2017		BEA_return	all_groups	2100.0	313000000.0	39603000000.0						
QAT	2018		BEA_return	all_groups	1900.0	305000000.0							
QAT	2019		BEA_return	all_groups	2500.0	305000000.0	38692000000.0						
QAT	2020		BEA_return	all_groups	2400.0	232000000.0	28493000000.0						
QAT	2021		BEA_return	all_groups	2500.0	225000000.0	32361000000.0						
ROU	2004		BEA_return	all_groups									
ROU	2005		BEA_return	all_groups			3297000000.0						
ROU	2006		BEA_return	all_groups									
ROU	2007		BEA_return	all_groups	42100.0	535000000.0	4810000000.0						
ROU	2008		BEA_return	all_groups									
ROU	2009		BEA_return	all_groups	39700.0	650000000.0	7059000000.0	1972000000.0					
ROU	2010		BEA_return	all_groups	39700.0	659000000.0	7068000000.0	1808000000.0					
ROU	2011		BEA_return	all_groups	42300.0	741000000.0	7838000000.0	2014000000.0					
ROU	2012		BEA_return	all_groups	45700.0	755000000.0	8912000000.0	1843000000.0					
ROU	2013		BEA_return	all_groups	46600.0	797000000.0	10196000000.0	1977000000.0					
ROU	2014		BEA_return	all_groups	57500.0	992000000.0	13463000000.0	3145000000.0					
ROU	2015		BEA_return	all_groups	65900.0	1112000000.0	13830000000.0	3137000000.0					
ROU	2016		BEA_return	all_groups	78700.0	1306000000.0	16382000000.0	3093000000.0					
ROU	2017		BEA_return	all_groups	82400.0	1446000000.0	18013000000.0	3725000000.0					
ROU	2018		BEA_return	all_groups	76000.0	1419000000.0	18584000000.0	3862000000.0					
ROU	2019		BEA_return	all_groups	78500.0	1513000000.0	19263000000.0	4182000000.0					
ROU	2020		BEA_return	all_groups	84500.0	1576000000.0	20436000000.0	4494000000.0					
ROU	2021		BEA_return	all_groups	78900.0	1649000000.0	22405000000.0	4261000000.0					
RUS	2004	911000000.0	BEA_return	all_groups	58300.0	793000000.0			283000000.0			66000000.0	0.3106476399560922
RUS	2005	1052000000.0	BEA_return	all_groups	64000.0	938000000.0	48938000000.0		274000000.0			32000000.0	0.26045627376425856
RUS	2006	1371000000.0	BEA_return	all_groups	77300.0	1270000000.0			397000000.0			180000000.0	0.2895696571845368
RUS	2007	3293000000.0	BEA_return	all_groups					930000000.0			208000000.0	0.28241724870938356
RUS	2008	3710000000.0	BEA_return	all_groups					1057000000.0			150000000.0	0.2849056603773585
RUS	2009	2091000000.0	BEA_return	all_groups	106100.0	2527000000.0	42665000000.0	9060000000.0	693000000.0				0.3314203730272597
RUS	2010	3636000000.0	BEA_return	all_groups	122900.0	2756000000.0	47818000000.0	9866000000.0		27016000000.0	33474000000.0	-14000000.0	
RUS	2011	4830000000.0	BEA_return	all_groups	148100.0	4158000000.0	61059000000.0	11059000000.0	1001000000.0			-57000000.0	0.2072463768115942
RUS	2012	4973000000.0	BEA_return	all_groups	152300.0	4296000000.0	72106000000.0	12907000000.0	1055000000.0			4000000.0	0.21214558616529258
RUS	2013	3771000000.0	BEA_return	all_groups	154700.0	4583000000.0	76553000000.0	13393000000.0	1065000000.0			53000000.0	0.2824184566428003
RUS	2014	3211000000.0	BEA_return	all_groups	176500.0	5615000000.0	64042000000.0	11486000000.0		46712000000.0	55567000000.0	238000000.0	
RUS	2015	572000000.0	BEA_return	all_groups	172400.0	4765000000.0	58874000000.0	11092000000.0	618000000.0	33437000000.0	40477000000.0	159000000.0	1.0804195804195804
RUS	2016	1645000000.0	BEA_return	all_groups	161700.0	4192000000.0	66062000000.0	12081000000.0	628000000.0	33218000000.0	39693000000.0	210000000.0	0.3817629179331307
RUS	2017	2753000000.0	BEA_return	all_groups	171000.0	3912000000.0	61860000000.0	13577000000.0	1195000000.0	37288000000.0	44107000000.0	251000000.0	0.434071921540138
RUS	2018	3245000000.0	BEA_return	all_groups	176300.0	3965000000.0	57939000000.0	12605000000.0	853000000.0	39873000000.0	47187000000.0	57000000.0	0.26286594761171034
RUS	2019	2816000000.0	BEA_return	all_groups	186600.0	4059000000.0	68028000000.0	12779000000.0	1056000000.0	38725000000.0	46661000000.0	-56000000.0	0.375
RUS	2020	2534000000.0	BEA_return	all_groups	187200.0	4053000000.0	60651000000.0	12441000000.0	597000000.0	37228000000.0	44256000000.0	61000000.0	0.2355958958168903
RUS	2021	3872000000.0	BEA_return	all_groups	189200.0	4457000000.0	60305000000.0	12294000000.0	679000000.0	43244000000.0	51217000000.0	35000000.0	0.1753615702479339
RWA	2004		BEA_return	all_groups			1000000.0						
RWA	2005		BEA_return	all_groups			1000000.0						
RWA	2006		BEA_return	all_groups			1000000.0						
RWA	2007		BEA_return	all_groups			1000000.0						
RWA	2008		BEA_return	all_groups			1000000.0						
RWA	2009		BEA_return	all_groups	0.0	0.0							
RWA	2010		BEA_return	all_groups	0.0	0.0							
RWA	2011		BEA_return	all_groups	0.0	0.0							
RWA	2012		BEA_return	all_groups	0.0	0.0							
RWA	2013		BEA_return	all_groups	0.0	0.0							
RWA	2014		BEA_return	all_groups			16000000.0						
RWA	2015		BEA_return	all_groups			16000000.0						
RWA	2016		BEA_return	all_groups			16000000.0						
RWA	2017		BEA_return	all_groups			16000000.0						
RWA	2018		BEA_return	all_groups			16000000.0						
RWA	2019		BEA_return	all_groups	100.0	2000000.0	24000000.0	9000000.0					
RWA	2020		BEA_return	all_groups	100.0	2000000.0	24000000.0	9000000.0					
RWA	2021		BEA_return	all_groups	100.0	2000000.0	24000000.0	9000000.0					
Rest	2004	258763000000.0	BEA_return	all_groups	10068400.0	378591000000.0	9373484000000.0	996810000000.0	74068000000.0			-13624000000.0	0.2862387590188705
Rest	2005	324862000000.0	BEA_return	all_groups	10621700.0	404995000000.0	10368282000000.0		100143000000.0			-26159000000.0	0.3082632009899588
Rest	2006	365201000000.0	BEA_return	all_groups	11149900.0	436050000000.0	12118593000000.0		114027000000.0			-21463000000.0	0.31223079892990435
Rest	2007	419550000000.0	BEA_return	all_groups	11731900.0	476824000000.0	14449484000000.0		125181000000.0			-14835000000.0	0.29836968180193063
Rest	2008	449158000000.0	BEA_return	all_groups	11801200.0	490119000000.0	12608521000000.0		140644000000.0			-8213000000.0	0.3131281197262433
Rest	2009	398679000000.0	BEA_return	all_groups	10793900.0	482041000000.0	18775261000000.0	1114490000000.0	109424000000.0			-43213000000.0	0.2744664253697837
Rest	2010	460173000000.0	BEA_return	all_groups	11313400.0	493629000000.0	19582476000000.0	1120553000000.0	130000000000.0	3472682000000.0	4956296000000.0	-40967000000.0	0.28250245016548126
Rest	2011	561088000000.0	BEA_return	all_groups	11850200.0	538721000000.0	20834352000000.0	1203721000000.0	163878000000.0	3959418000000.0	5693100000000.0	-43101000000.0	0.2920718318695107
Rest	2012	543380000000.0	BEA_return	all_groups	12127700.0	555862000000.0	21700169000000.0	1288446000000.0	152667000000.0	3995722000000.0	5721315000000.0	-39239000000.0	0.2809580772203614
Rest	2013	511726000000.0	BEA_return	all_groups	12419000.0	563542000000.0	22672812000000.0	1366495000000.0	138607000000.0	4044610000000.0	5771476000000.0	-33962000000.0	0.27086175023352344
Rest	2014	554226000000.0	BEA_return	all_groups	14052400.0	632546000000.0	25178065000000.0	1456249000000.0	133164000000.0	4360991000000.0	6249821000000.0	-46774000000.0	0.24027021467776682
Rest	2015	478188000000.0	BEA_return	all_groups	14081000.0	611564000000.0	24894401000000.0	1384982000000.0	91422000000.0	4011203000000.0	5708398000000.0	-48968000000.0	0.1911842204321313
Rest	2016	434090000000.0	BEA_return	all_groups	14265400.0	600163000000.0	25249068000000.0	1369281000000.0	86941000000.0	3887137000000.0	5562204000000.0	-44573000000.0	0.20028335137874634
Rest	2017	538833000000.0	BEA_return	all_groups	14381700.0	613340000000.0	27569828000000.0	1402391000000.0	105566000000.0	4125338000000.0	5927584000000.0	-58135000000.0	0.19591598881286038
Rest	2018	556233000000.0	BEA_return	all_groups	14352100.0	624266000000.0	27326428000000.0	1369747000000.0	118108000000.0	4453274000000.0	6458863000000.0	-55866000000.0	0.21233547811798292
Rest	2019	510847000000.0	BEA_return	all_groups	14153800.0	636810000000.0	28430348000000.0	1417264000000.0	110060000000.0	4357383000000.0	6387397000000.0	-62742000000.0	0.2154461120452895
Rest	2020	439354000000.0	BEA_return	all_groups	13976000.0	630929000000.0	28927550000000.0	1379048000000.0	93479000000.0	4070044000000.0	5954577000000.0	-55984000000.0	0.21276464991783392
Rest	2021	614627000000.0	BEA_return	all_groups	13813200.0	667554000000.0	29182070000000.0	1361979000000.0	131555000000.0	4835864000000.0	7050120000000.0	-56220000000.0	0.21404038546956122
SAU	2004	-141000000.0	BEA_return	all_groups	10400.0	516000000.0	19788000000.0	5393000000.0	297000000.0			16000000.0	-2.106382978723404
SAU	2005		BEA_return	all_groups	12900.0	638000000.0	21622000000.0		361000000.0				
SAU	2006	100000000.0	BEA_return	all_groups	15000.0	727000000.0	19558000000.0					11000000.0	
SAU	2007	164000000.0	BEA_return	all_groups	16700.0	897000000.0	23305000000.0		388000000.0			11000000.0	2.3658536585365852
SAU	2008	148000000.0	BEA_return	all_groups	15500.0	930000000.0	20928000000.0					14000000.0	
SAU	2009	319000000.0	BEA_return	all_groups	8300.0	545000000.0	11117000000.0	1100000000.0				-11000000.0	
SAU	2010	408000000.0	BEA_return	all_groups	10800.0	664000000.0	12524000000.0	1310000000.0	274000000.0			2000000.0	0.6715686274509803
SAU	2011	3271000000.0	BEA_return	all_groups	12300.0	885000000.0	18366000000.0	3759000000.0				7000000.0	
SAU	2012	2926000000.0	BEA_return	all_groups	13600.0	1047000000.0	19726000000.0	3246000000.0				7000000.0	
SAU	2013	2811000000.0	BEA_return	all_groups	15200.0	1147000000.0	21747000000.0	3425000000.0				9000000.0	
SAU	2014	2629000000.0	BEA_return	all_groups	22800.0	1823000000.0	23813000000.0	4028000000.0				5000000.0	
SAU	2015	413000000.0	BEA_return	all_groups	21000.0	1759000000.0	23871000000.0	3982000000.0	161000000.0				0.3898305084745763
SAU	2016	-288000000.0	BEA_return	all_groups	22700.0	1997000000.0	24553000000.0	4073000000.0	-45000000.0				0.15625
SAU	2017	-394000000.0	BEA_return	all_groups	20900.0	1850000000.0	24945000000.0	3757000000.0	153000000.0			7000000.0	-0.3883248730964467
SAU	2018	-347000000.0	BEA_return	all_groups	22500.0	1959000000.0	23617000000.0	3819000000.0	-112000000.0			6000000.0	0.3227665706051873
SAU	2019	105000000.0	BEA_return	all_groups	23800.0	2179000000.0	26192000000.0	3988000000.0	-13000000.0	13183000000.0	14282000000.0	16000000.0	-0.12380952380952381
SAU	2020	188000000.0	BEA_return	all_groups	22300.0	2098000000.0	26434000000.0	3894000000.0	187000000.0			-5000000.0	0.9946808510638298
SAU	2021	842000000.0	BEA_return	all_groups	21200.0	2019000000.0	28104000000.0	3523000000.0	384000000.0				0.45605700712589076
SDN	2009		BEA_return	all_groups	0.0	0.0	1000000.0						
SDN	2010		BEA_return	all_groups	0.0	0.0	1000000.0						
SDN	2011		BEA_return	all_groups	0.0	0.0	1000000.0						
SDN	2012		BEA_return	all_groups	0.0	0.0	1000000.0						
SDN	2013		BEA_return	all_groups	0.0	0.0	1000000.0						
SDN	2019		BEA_return	all_groups	0.0	0.0							
SDN	2020		BEA_return	all_groups	0.0	0.0							
SDN	2021		BEA_return	all_groups	0.0	0.0							
SEN	2004		BEA_return	all_groups									
SEN	2005		BEA_return	all_groups	400.0	9000000.0	217000000.0						
SEN	2006		BEA_return	all_groups	300.0	6000000.0							
SEN	2007		BEA_return	all_groups									
SEN	2008		BEA_return	all_groups	500.0	11000000.0	219000000.0						
SEN	2009		BEA_return	all_groups	600.0	16000000.0	251000000.0	80000000.0					
SEN	2010		BEA_return	all_groups	400.0	15000000.0	255000000.0	81000000.0					
SEN	2011		BEA_return	all_groups	400.0	12000000.0	302000000.0	95000000.0					
SEN	2012		BEA_return	all_groups	400.0	12000000.0	254000000.0	87000000.0					
SEN	2013		BEA_return	all_groups	400.0	11000000.0	223000000.0	46000000.0					
SEN	2014		BEA_return	all_groups	400.0	12000000.0	140000000.0	30000000.0					
SEN	2015		BEA_return	all_groups	400.0	10000000.0		27000000.0					
SEN	2016		BEA_return	all_groups	400.0			31000000.0					
SEN	2017		BEA_return	all_groups	400.0								
SEN	2018		BEA_return	all_groups	700.0	19000000.0	243000000.0	78000000.0					
SEN	2019		BEA_return	all_groups	600.0	16000000.0	265000000.0	100000000.0					
SEN	2020		BEA_return	all_groups	600.0	16000000.0	281000000.0	72000000.0					
SEN	2021		BEA_return	all_groups	800.0	21000000.0	659000000.0	72000000.0					
SGP	2004	8572000000.0	BEA_return	all_groups	121200.0	3868000000.0	142233000000.0	11128000000.0	924000000.0			55000000.0	0.1077928138124125
SGP	2005	7745000000.0	BEA_return	all_groups	131900.0	4382000000.0	181015000000.0		639000000.0			-352000000.0	0.08250484183344092
SGP	2006	11526000000.0	BEA_return	all_groups	128600.0	4735000000.0	219507000000.0		1273000000.0			-540000000.0	0.11044594829082076
SGP	2007	12841000000.0	BEA_return	all_groups	124100.0	5406000000.0	254098000000.0		1013000000.0			-590000000.0	0.07888793707655167
SGP	2008	13189000000.0	BEA_return	all_groups	133200.0	5745000000.0	228225000000.0		987000000.0			-546000000.0	0.07483508984760028
SGP	2009	13582000000.0	BEA_return	all_groups	139000.0	7597000000.0	402340000000.0	21927000000.0				-1464000000.0	
SGP	2010	15764000000.0	BEA_return	all_groups	152300.0	8334000000.0	454118000000.0	26475000000.0	1198000000.0	164394000000.0	305871000000.0	-442000000.0	0.07599594011672164
SGP	2011	23919000000.0	BEA_return	all_groups	167600.0	10067000000.0	498281000000.0	28777000000.0	1938000000.0	206055000000.0	370379000000.0	-1289000000.0	0.08102345415778252
SGP	2012	23907000000.0	BEA_return	all_groups	172000.0	10763000000.0	540854000000.0	29065000000.0	1809000000.0	210393000000.0	397605000000.0	-1503000000.0	0.07566821433053081
SGP	2013	26439000000.0	BEA_return	all_groups	178700.0	11509000000.0	594534000000.0	29690000000.0	1859000000.0	223950000000.0	435938000000.0	-1860000000.0	0.07031279549150876
SGP	2014	28900000000.0	BEA_return	all_groups	195300.0	13983000000.0	660299000000.0	30886000000.0	1931000000.0	227497000000.0	447270000000.0	-1554000000.0	0.0668166089965398
SGP	2015	28494000000.0	BEA_return	all_groups	199700.0	13700000000.0	680711000000.0	31115000000.0	1738000000.0	247524000000.0	399993000000.0	-1733000000.0	0.060995297255562575
SGP	2016	26920000000.0	BEA_return	all_groups	193200.0	13645000000.0	701656000000.0	33523000000.0	2356000000.0	226672000000.0	368484000000.0	-1742000000.0	0.087518573551263
SGP	2017	34855000000.0	BEA_return	all_groups	189300.0	14030000000.0	894717000000.0	35482000000.0	3036000000.0	248559000000.0	413566000000.0	-5876000000.0	0.08710371539233969
SGP	2018	52498000000.0	BEA_return	all_groups	201300.0	14811000000.0	927652000000.0	37093000000.0	3823000000.0	281848000000.0	469143000000.0	-7911000000.0	0.072821821783687
SGP	2019	44611000000.0	BEA_return	all_groups	201000.0	16080000000.0	938961000000.0	37928000000.0	3192000000.0	270825000000.0	439662000000.0	-6010000000.0	0.07155185940687274
SGP	2020	46296000000.0	BEA_return	all_groups	205800.0	16424000000.0	1062932000000.0	40848000000.0	3274000000.0	273024000000.0	430242000000.0	-5316000000.0	0.07071885260065665
SGP	2021	54634000000.0	BEA_return	all_groups	191700.0	17026000000.0	1203510000000.0	45028000000.0	3804000000.0	353996000000.0	573466000000.0	-6012000000.0	0.06962697221510415
SLB	2004		BEA_return	all_groups	0.0	0.0							
SLB	2005		BEA_return	all_groups	0.0	0.0							
SLB	2006		BEA_return	all_groups	0.0	0.0							
SLB	2007		BEA_return	all_groups	0.0	0.0							
SLB	2008		BEA_return	all_groups	0.0	0.0							
SLE	2004		BEA_return	all_groups									
SLE	2005		BEA_return	all_groups	300.0	4000000.0							
SLE	2006		BEA_return	all_groups	300.0	4000000.0							
SLE	2007		BEA_return	all_groups	300.0	4000000.0							
SLE	2008		BEA_return	all_groups	300.0	4000000.0							
SLE	2009		BEA_return	all_groups	0.0	0.0		0.0					
SLE	2010		BEA_return	all_groups	0.0	0.0							
SLE	2011		BEA_return	all_groups									
SLE	2012		BEA_return	all_groups	0.0	0.0							
SLE	2013		BEA_return	all_groups	0.0	0.0							
SLE	2014		BEA_return	all_groups	0.0	0.0	7000000.0						
SLE	2015		BEA_return	all_groups	0.0	0.0	7000000.0						
SLE	2016		BEA_return	all_groups	0.0	0.0	7000000.0						
SLE	2017		BEA_return	all_groups	0.0	0.0	7000000.0						
SLE	2018		BEA_return	all_groups	0.0	0.0	7000000.0						
SLE	2019		BEA_return	all_groups			5000000.0	1000000.0					
SLE	2020		BEA_return	all_groups			5000000.0	1000000.0					
SLE	2021		BEA_return	all_groups			5000000.0	1000000.0					
SLV	2004		BEA_return	all_groups	19700.0	124000000.0	2839000000.0	831000000.0					
SLV	2005		BEA_return	all_groups	19700.0	126000000.0	2495000000.0						
SLV	2006		BEA_return	all_groups									
SLV	2007		BEA_return	all_groups									
SLV	2008		BEA_return	all_groups									
SLV	2009		BEA_return	all_groups	36600.0	338000000.0	8460000000.0	1090000000.0					
SLV	2010		BEA_return	all_groups	37500.0	373000000.0	8001000000.0	1130000000.0					
SLV	2011		BEA_return	all_groups	35500.0	364000000.0	7396000000.0	1046000000.0					
SLV	2012		BEA_return	all_groups	32900.0	342000000.0	7187000000.0	931000000.0					
SLV	2013		BEA_return	all_groups	36400.0	375000000.0	7440000000.0	1050000000.0					
SLV	2014		BEA_return	all_groups	33100.0	342000000.0	7807000000.0	1153000000.0					
SLV	2015		BEA_return	all_groups	35000.0	359000000.0	7519000000.0	1180000000.0					
SLV	2016		BEA_return	all_groups	34900.0	304000000.0	5382000000.0	1039000000.0					
SLV	2017		BEA_return	all_groups	34300.0	310000000.0	5715000000.0	1092000000.0					
SLV	2018		BEA_return	all_groups	35500.0	323000000.0	5760000000.0	1096000000.0					
SLV	2019		BEA_return	all_groups	30900.0	325000000.0	6091000000.0	1267000000.0					
SLV	2020		BEA_return	all_groups	27900.0	307000000.0	5117000000.0	1551000000.0					
SLV	2021		BEA_return	all_groups	27200.0	287000000.0	5257000000.0	1581000000.0					
SOM	2004		BEA_return	all_groups	0.0	0.0							
SOM	2005		BEA_return	all_groups	0.0	0.0							
SOM	2006		BEA_return	all_groups	0.0	0.0							
SOM	2007		BEA_return	all_groups	0.0	0.0							
SOM	2008		BEA_return	all_groups	0.0	0.0							
SOM	2009		BEA_return	all_groups			2000000.0						
SOM	2010		BEA_return	all_groups			2000000.0						
SOM	2011		BEA_return	all_groups			2000000.0						
SOM	2012		BEA_return	all_groups			2000000.0						
SOM	2013		BEA_return	all_groups			2000000.0						
SRB	2004		BEA_return	all_groups	11300.0	114000000.0	662000000.0	202000000.0					
SRB	2005		BEA_return	all_groups	10900.0	106000000.0	731000000.0						
SRB	2006		BEA_return	all_groups	10400.0	125000000.0							
SRB	2007		BEA_return	all_groups	8100.0	152000000.0							
SRB	2008		BEA_return	all_groups	9000.0	166000000.0							
SRB	2009		BEA_return	all_groups	9300.0	207000000.0	1620000000.0	553000000.0					
SRB	2010		BEA_return	all_groups	9200.0	204000000.0	1439000000.0	525000000.0					
SRB	2011		BEA_return	all_groups	9000.0	169000000.0	1295000000.0	559000000.0					
SRB	2012		BEA_return	all_groups	3700.0	77000000.0	737000000.0	276000000.0					
SRB	2013		BEA_return	all_groups	3600.0	63000000.0	871000000.0	317000000.0					
SRB	2014		BEA_return	all_groups	5100.0	96000000.0	945000000.0	329000000.0					
SRB	2015		BEA_return	all_groups	5800.0	94000000.0	902000000.0	303000000.0					
SRB	2016		BEA_return	all_groups	6100.0	105000000.0	1029000000.0	376000000.0					
SRB	2017		BEA_return	all_groups	5900.0	104000000.0	1022000000.0	364000000.0					
SRB	2018		BEA_return	all_groups	5800.0	106000000.0	1034000000.0	392000000.0					
SRB	2019		BEA_return	all_groups	7500.0	123000000.0	1265000000.0	474000000.0					
SRB	2020		BEA_return	all_groups	7400.0	143000000.0	1394000000.0	473000000.0					
SRB	2021		BEA_return	all_groups	7500.0	149000000.0	1402000000.0	468000000.0					
SSD	2014		BEA_return	all_groups	0.0	0.0							
SSD	2015		BEA_return	all_groups	0.0	0.0							
SSD	2016		BEA_return	all_groups	0.0	0.0							
SSD	2017		BEA_return	all_groups	0.0	0.0							
SSD	2018		BEA_return	all_groups	0.0	0.0							
STP	2004		BEA_return	all_groups	0.0	0.0							
STP	2005		BEA_return	all_groups	0.0	0.0							
STP	2006		BEA_return	all_groups									
STP	2007		BEA_return	all_groups	0.0	0.0							
STP	2008		BEA_return	all_groups	0.0	0.0							
STP	2009		BEA_return	all_groups									
STP	2010		BEA_return	all_groups	0.0	0.0							
STP	2011		BEA_return	all_groups	0.0	0.0							
STP	2012		BEA_return	all_groups	0.0	0.0							
STP	2013		BEA_return	all_groups	0.0	0.0							
STP	2014		BEA_return	all_groups		1000000.0							
STP	2015		BEA_return	all_groups		1000000.0							
STP	2016		BEA_return	all_groups		1000000.0							
STP	2017		BEA_return	all_groups		1000000.0							
STP	2018		BEA_return	all_groups		1000000.0							
STP	2019		BEA_return	all_groups	0.0	0.0							
STP	2020		BEA_return	all_groups	0.0	0.0							
STP	2021		BEA_return	all_groups	0.0	0.0							
SUR	2004		BEA_return	all_groups	700.0	25000000.0	324000000.0	141000000.0					
SUR	2005		BEA_return	all_groups	700.0	24000000.0							
SUR	2006		BEA_return	all_groups	700.0	34000000.0							
SUR	2007		BEA_return	all_groups	700.0	36000000.0							
SUR	2008		BEA_return	all_groups	600.0	35000000.0							
SUR	2009		BEA_return	all_groups	700.0								
SUR	2010		BEA_return	all_groups	600.0								
SUR	2011		BEA_return	all_groups	600.0								
SUR	2012		BEA_return	all_groups	600.0								
SUR	2013		BEA_return	all_groups	600.0								
SUR	2014		BEA_return	all_groups	700.0								
SUR	2015		BEA_return	all_groups	900.0								
SUR	2016		BEA_return	all_groups	1300.0	49000000.0							
SUR	2017		BEA_return	all_groups	1400.0								
SUR	2018		BEA_return	all_groups									
SUR	2019		BEA_return	all_groups									
SUR	2020		BEA_return	all_groups				1007000000.0					
SUR	2021		BEA_return	all_groups				1005000000.0					
SVK	2004		BEA_return	all_groups	35300.0	564000000.0							
SVK	2005		BEA_return	all_groups	35100.0	590000000.0	4781000000.0						
SVK	2006		BEA_return	all_groups	35700.0	689000000.0							
SVK	2007		BEA_return	all_groups									
SVK	2008		BEA_return	all_groups									
SVK	2009		BEA_return	all_groups	34500.0	1009000000.0	8740000000.0	2846000000.0					
SVK	2010		BEA_return	all_groups	34600.0	1026000000.0	8739000000.0	2464000000.0					
SVK	2011		BEA_return	all_groups	36000.0	1121000000.0	8051000000.0	2518000000.0					
SVK	2012		BEA_return	all_groups	36600.0	1094000000.0	8134000000.0	2377000000.0					
SVK	2013		BEA_return	all_groups	40800.0	1202000000.0	9220000000.0	2502000000.0					
SVK	2014		BEA_return	all_groups	45800.0	1494000000.0	9265000000.0	2256000000.0					
SVK	2015		BEA_return	all_groups	44400.0	1393000000.0	9364000000.0	1984000000.0					
SVK	2016		BEA_return	all_groups	44000.0	1401000000.0	9425000000.0	1847000000.0					
SVK	2017		BEA_return	all_groups	43300.0	1451000000.0	10277000000.0	2200000000.0					
SVK	2018		BEA_return	all_groups	46100.0	1563000000.0	10192000000.0	2271000000.0					
SVK	2019		BEA_return	all_groups	46400.0	1591000000.0	9651000000.0	2161000000.0					
SVK	2020		BEA_return	all_groups	45100.0	1588000000.0	9964000000.0	2201000000.0					
SVK	2021		BEA_return	all_groups	39700.0	1604000000.0	9320000000.0	1997000000.0					
SVN	2004		BEA_return	all_groups	4400.0	103000000.0	752000000.0	290000000.0					
SVN	2005		BEA_return	all_groups	5200.0	124000000.0	787000000.0						
SVN	2006		BEA_return	all_groups	5000.0	126000000.0	771000000.0						
SVN	2007		BEA_return	all_groups	4500.0	130000000.0	822000000.0						
SVN	2008		BEA_return	all_groups	4600.0	148000000.0	1058000000.0						
SVN	2009		BEA_return	all_groups	4700.0	161000000.0	1080000000.0	255000000.0					
SVN	2010		BEA_return	all_groups	4600.0	168000000.0	1047000000.0	240000000.0					
SVN	2011		BEA_return	all_groups	4700.0	178000000.0	1052000000.0	238000000.0					
SVN	2012		BEA_return	all_groups	4600.0	163000000.0	969000000.0	251000000.0					
SVN	2013		BEA_return	all_groups	4200.0	145000000.0	974000000.0	258000000.0					
SVN	2014		BEA_return	all_groups	6100.0	163000000.0	963000000.0	272000000.0					
SVN	2015		BEA_return	all_groups	5200.0	134000000.0	850000000.0	234000000.0					
SVN	2016		BEA_return	all_groups	5300.0	125000000.0	835000000.0	222000000.0					
SVN	2017		BEA_return	all_groups	4700.0	114000000.0	869000000.0	216000000.0					
SVN	2018		BEA_return	all_groups	4000.0	94000000.0	803000000.0	206000000.0					
SVN	2019		BEA_return	all_groups	4700.0	111000000.0	910000000.0	286000000.0					
SVN	2020		BEA_return	all_groups	4700.0	112000000.0	1002000000.0	291000000.0					
SVN	2021		BEA_return	all_groups	5000.0	123000000.0	1020000000.0	296000000.0					
SWE	2004	2634000000.0	BEA_return	all_groups	102800.0	6384000000.0			152000000.0			613000000.0	0.05770690964312832
SWE	2005	1369000000.0	BEA_return	all_groups	107100.0	6919000000.0	99926000000.0		455000000.0			491000000.0	0.3323593864134405
SWE	2006	1740000000.0	BEA_return	all_groups	106100.0	7051000000.0			267000000.0			281000000.0	0.15344827586206897
SWE	2007	1355000000.0	BEA_return	all_groups					323000000.0			-117000000.0	0.23837638376383763
SWE	2008	-1065000000.0	BEA_return	all_groups					177000000.0			825000000.0	-0.16619718309859155
SWE	2009	-642000000.0	BEA_return	all_groups	80000.0	6110000000.0	126477000000.0	6896000000.0	226000000.0			604000000.0	-0.35202492211838005
SWE	2010	-295000000.0	BEA_return	all_groups	64900.00000000001	4662000000.0	117341000000.0	3339000000.0	377000000.0	21055000000.0	30222000000.0	563000000.0	-1.2779661016949153
SWE	2011	17000000.0	BEA_return	all_groups	72300.0	5466000000.0	121894000000.0	4457000000.0	477000000.0	24876000000.0	35729000000.0	938000000.0	28.058823529411764
SWE	2012	2029000000.0	BEA_return	all_groups	74900.0	5578000000.0	130428000000.0	4749000000.0	-22000000.0	23809000000.0	35249000000.0	660000000.0	-0.010842779694430755
SWE	2013	1815000000.0	BEA_return	all_groups	80100.0	5807000000.0	148119000000.0	4798000000.0	605000000.0	24339000000.0	34200000000.0	-142000000.0	0.3333333333333333
SWE	2014	3195000000.0	BEA_return	all_groups	72100.0	6223000000.0	138512000000.0	4015000000.0	475000000.0	25522000000.0	37015000000.0	309000000.0	0.1486697965571205
SWE	2015	2489000000.0	BEA_return	all_groups	71300.0	5905000000.0	124991000000.0	4297000000.0	646000000.0	24112000000.0	33611000000.0	155000000.0	0.2595419847328244
SWE	2016	2938000000.0	BEA_return	all_groups	71700.0	5867000000.0	124916000000.0	4375000000.0	741000000.0	23719000000.0	34145000000.0	-62000000.0	0.252212389380531
SWE	2017	3062000000.0	BEA_return	all_groups	72000.0	5714000000.0	125637000000.0	4827000000.0	432000000.0	22849000000.0	32108000000.0	-376000000.0	0.1410842586544742
SWE	2018	1880000000.0	BEA_return	all_groups	71900.0	5629000000.0	118911000000.0	5249000000.0	711000000.0	23867000000.0	33855000000.0	-527000000.0	0.3781914893617021
SWE	2019	2548000000.0	BEA_return	all_groups	65500.0	5610000000.0	160033000000.0	5505000000.0	865000000.0	25412000000.0	34796000000.0	-297000000.0	0.33948194662480374
SWE	2020	2376000000.0	BEA_return	all_groups	59900.0	5298000000.0	162425000000.0	6379000000.0	565000000.0	24679000000.0	32319000000.0	-101000000.0	0.23779461279461278
SWE	2021	4401000000.0	BEA_return	all_groups	61200.0	5750000000.0	158933000000.0	7648000000.0	447000000.0	29972000000.0	37824000000.0	-33000000.0	0.10156782549420586
SWZ	2004		BEA_return	all_groups									
SWZ	2005		BEA_return	all_groups	200.0	9000000.0							
SWZ	2006		BEA_return	all_groups	200.0	9000000.0							
SWZ	2007		BEA_return	all_groups									
SWZ	2008		BEA_return	all_groups									
SWZ	2009		BEA_return	all_groups	200.0			30000000.0					
SWZ	2010		BEA_return	all_groups	200.0			33000000.0					
SWZ	2011		BEA_return	all_groups	200.0			29000000.0					
SWZ	2012		BEA_return	all_groups	200.0			26000000.0					
SWZ	2013		BEA_return	all_groups	200.0			23000000.0					
SWZ	2014		BEA_return	all_groups	200.0			26000000.0					
SWZ	2015		BEA_return	all_groups	200.0			24000000.0					
SWZ	2016		BEA_return	all_groups	200.0			25000000.0					
SWZ	2017		BEA_return	all_groups	100.0			26000000.0					
SWZ	2018		BEA_return	all_groups	100.0			27000000.0					
SWZ	2019		BEA_return	all_groups	200.0	11000000.0	271000000.0	34000000.0					
SWZ	2020		BEA_return	all_groups	200.0	14000000.0		35000000.0					
SWZ	2021		BEA_return	all_groups	200.0		403000000.0	38000000.0					
SXM	2011		BEA_return	all_groups	200.0								
SXM	2012		BEA_return	all_groups	200.0								
SXM	2013		BEA_return	all_groups	200.0								
SXM	2014		BEA_return	all_groups	200.0								
SXM	2015		BEA_return	all_groups		1000000.0		3000000.0					
SXM	2016		BEA_return	all_groups	200.0								
SXM	2017		BEA_return	all_groups	200.0								
SXM	2018		BEA_return	all_groups	200.0								
SXM	2019		BEA_return	all_groups	500.0	16000000.0							
SXM	2020		BEA_return	all_groups	500.0	17000000.0							
SXM	2021		BEA_return	all_groups	500.0	18000000.0							
SYC	2004		BEA_return	all_groups									
SYC	2005		BEA_return	all_groups		1000000.0							
SYC	2006		BEA_return	all_groups									
SYC	2007		BEA_return	all_groups									
SYC	2008		BEA_return	all_groups									
SYC	2009		BEA_return	all_groups									
SYC	2010		BEA_return	all_groups									
SYC	2011		BEA_return	all_groups									
SYC	2012		BEA_return	all_groups									
SYC	2013		BEA_return	all_groups									
SYC	2014		BEA_return	all_groups			1138000000.0	103000000.0					
SYC	2015		BEA_return	all_groups			1138000000.0	103000000.0					
SYC	2016		BEA_return	all_groups			4819000000.0	103000000.0					
SYC	2017		BEA_return	all_groups			2754000000.0	103000000.0					
SYC	2018		BEA_return	all_groups			1400000000.0	103000000.0					
SYC	2019		BEA_return	all_groups	200.0		2737000000.0	234000000.0					
SYC	2020		BEA_return	all_groups	200.0		2805000000.0	231000000.0					
SYC	2021		BEA_return	all_groups	200.0		2835000000.0	231000000.0					
SYR	2004		BEA_return	all_groups									
SYR	2005		BEA_return	all_groups	100.0	2000000.0							
SYR	2006		BEA_return	all_groups									
SYR	2007		BEA_return	all_groups									
SYR	2008		BEA_return	all_groups									
SYR	2009		BEA_return	all_groups	200.0	4000000.0							
SYR	2010		BEA_return	all_groups	200.0								
SYR	2011		BEA_return	all_groups	200.0								
SYR	2012		BEA_return	all_groups	200.0								
SYR	2013		BEA_return	all_groups	200.0								
SYR	2014		BEA_return	all_groups	0.0	0.0		1000000.0					
SYR	2015		BEA_return	all_groups	0.0	0.0							
SYR	2016		BEA_return	all_groups	0.0	0.0							
SYR	2017		BEA_return	all_groups	0.0	0.0							
SYR	2018		BEA_return	all_groups	0.0	0.0	1000000.0						
TCD	2004		BEA_return	all_groups	1200.0	112000000.0	5395000000.0	2620000000.0					
TCD	2005		BEA_return	all_groups	700.0	67000000.0							
TCD	2006		BEA_return	all_groups	800.0	71000000.0							
TCD	2007		BEA_return	all_groups	800.0	65000000.0							
TCD	2008		BEA_return	all_groups	600.0	60000000.0							
TCD	2009		BEA_return	all_groups	700.0								
TCD	2010		BEA_return	all_groups	600.0								
TCD	2011		BEA_return	all_groups	600.0								
TCD	2012		BEA_return	all_groups	500.0								
TCD	2013		BEA_return	all_groups	500.0								
TCD	2014		BEA_return	all_groups	500.0								
TCD	2015		BEA_return	all_groups	400.0								
TCD	2016		BEA_return	all_groups	400.0								
TCD	2017		BEA_return	all_groups	300.0								
TCD	2018		BEA_return	all_groups	300.0								
TCD	2019		BEA_return	all_groups	400.0								
TCD	2020		BEA_return	all_groups	400.0								
TCD	2021		BEA_return	all_groups	400.0								
TGO	2004		BEA_return	all_groups									
TGO	2005		BEA_return	all_groups	100.0	2000000.0							
TGO	2006		BEA_return	all_groups		1000000.0							
TGO	2007		BEA_return	all_groups									
TGO	2008		BEA_return	all_groups									
TGO	2009		BEA_return	all_groups	0.0	0.0							
TGO	2010		BEA_return	all_groups	0.0	0.0							
TGO	2011		BEA_return	all_groups	0.0	0.0							
TGO	2012		BEA_return	all_groups	0.0	0.0							
TGO	2013		BEA_return	all_groups	0.0	0.0							
TGO	2014		BEA_return	all_groups	100.0	3000000.0		3000000.0					
TGO	2015		BEA_return	all_groups	100.0	3000000.0							
TGO	2016		BEA_return	all_groups	100.0	2000000.0							
TGO	2017		BEA_return	all_groups	100.0	2000000.0							
TGO	2018		BEA_return	all_groups	100.0	2000000.0		2000000.0					
TGO	2019		BEA_return	all_groups	100.0	2000000.0		2000000.0					
TGO	2020		BEA_return	all_groups	100.0	3000000.0		2000000.0					
TGO	2021		BEA_return	all_groups	100.0	2000000.0		2000000.0					
THA	2004	2962000000.0	BEA_return	all_groups	142700.0	1292000000.0	33855000000.0	7993000000.0	760000000.0			-40000000.0	0.2565833896016205
THA	2005	3056000000.0	BEA_return	all_groups	146800.0	1238000000.0	38277000000.0		962000000.0			-81000000.0	0.3147905759162304
THA	2006	4040000000.0	BEA_return	all_groups	146800.0	1416000000.0	45221000000.0		1409000000.0			-176000000.0	0.34876237623762374
THA	2007	4477000000.0	BEA_return	all_groups	156400.0	1734000000.0	51049000000.0		1536000000.0			-229000000.0	0.343086888541434
THA	2008	5710000000.0	BEA_return	all_groups	169500.0	1886000000.0	48326000000.0		1922000000.0			-771000000.0	0.33660245183887916
THA	2009	4643000000.0	BEA_return	all_groups	151800.0	1922000000.0	51929000000.0	11781000000.0	1500000000.0			-562000000.0	0.32306698255438293
THA	2010	5686000000.0	BEA_return	all_groups	162900.0	2315000000.0	48354000000.0	12732000000.0	1309000000.0	34581000000.0	47385000000.0	-35000000.0	0.23021456208230742
THA	2011	6044000000.0	BEA_return	all_groups	167300.0	2616000000.0	47730000000.0	13464000000.0	1622000000.0	40007000000.0	54905000000.0	-70000000.0	0.2683653209794838
THA	2012	7049000000.0	BEA_return	all_groups	169600.0	2771000000.0	52003000000.0	13891000000.0	2010000000.0	43015000000.0	62541000000.0	-64000000.0	0.2851468293374947
THA	2013	7114000000.0	BEA_return	all_groups	176800.0	2969000000.0	55672000000.0	15083000000.0	1420000000.0	44668000000.0	66647000000.0	-73000000.0	0.19960640989597975
THA	2014	6452000000.0	BEA_return	all_groups	177900.0	3178000000.0	58450000000.0	15212000000.0		41738000000.0	62305000000.0	-38000000.0	
THA	2015	5791000000.0	BEA_return	all_groups	170800.0	3149000000.0	72763000000.0	14335000000.0	940000000.0	35790000000.0	55039000000.0	-78000000.0	0.16232084268692798
THA	2016	4909000000.0	BEA_return	all_groups	158200.0	2843000000.0	72576000000.0	12918000000.0	718000000.0	32582000000.0	50229000000.0	-86000000.0	0.14626196781421877
THA	2017	6363000000.0	BEA_return	all_groups	161900.0	2948000000.0	73200000000.0	12359000000.0	1065000000.0	35994000000.0	56448000000.0	-81000000.0	0.16737388024516736
THA	2018	6808000000.0	BEA_return	all_groups	166900.0	2996000000.0	77780000000.0	12487000000.0	1000000000.0	42346000000.0	65516000000.0	-64000000.0	0.14688601645123384
THA	2019	5536000000.0	BEA_return	all_groups	184000.0	3415000000.0	83965000000.0	11386000000.0	1079000000.0			-22000000.0	0.19490606936416185
THA	2020	3890000000.0	BEA_return	all_groups	172600.0	3381000000.0	74188000000.0	11149000000.0	437000000.0	31551000000.0	53729000000.0	-78000000.0	0.11233933161953727
THA	2021	4541000000.0	BEA_return	all_groups	177100.0	3405000000.0	87412000000.0	11964000000.0	509000000.0	38954000000.0	63168000000.0	-63000000.0	0.11208984805109007
TJK	2004		BEA_return	all_groups	100.0	1000000.0							
TJK	2005		BEA_return	all_groups	100.0	1000000.0							
TJK	2006		BEA_return	all_groups	100.0	1000000.0							
TJK	2007		BEA_return	all_groups	100.0	1000000.0							
TJK	2008		BEA_return	all_groups	100.0	1000000.0							
TJK	2014		BEA_return	all_groups	600.0	4000000.0	75000000.0						
TJK	2015		BEA_return	all_groups	600.0	4000000.0							
TJK	2016		BEA_return	all_groups	400.0	3000000.0	61000000.0						
TJK	2017		BEA_return	all_groups	400.0	3000000.0	64000000.0						
TJK	2018		BEA_return	all_groups	400.0	3000000.0	63000000.0						
TJK	2019		BEA_return	all_groups	900.0	5000000.0	61000000.0						
TJK	2020		BEA_return	all_groups	900.0	5000000.0	64000000.0						
TJK	2021		BEA_return	all_groups	900.0	5000000.0	67000000.0						
TKM	2004		BEA_return	all_groups									
TKM	2005		BEA_return	all_groups		4000000.0							
TKM	2006		BEA_return	all_groups		4000000.0							
TKM	2007		BEA_return	all_groups									
TKM	2008		BEA_return	all_groups									
TKM	2009		BEA_return	all_groups		2000000.0	8000000.0	3000000.0					
TKM	2010		BEA_return	all_groups		2000000.0	9000000.0						
TKM	2011		BEA_return	all_groups		2000000.0	9000000.0						
TKM	2012		BEA_return	all_groups		2000000.0							
TKM	2013		BEA_return	all_groups		2000000.0							
TKM	2014		BEA_return	all_groups	100.0	2000000.0							
TKM	2015		BEA_return	all_groups	100.0	2000000.0							
TKM	2016		BEA_return	all_groups	100.0	2000000.0							
TKM	2017		BEA_return	all_groups	100.0	2000000.0							
TKM	2018		BEA_return	all_groups	100.0	2000000.0							
TKM	2019		BEA_return	all_groups	100.0	2000000.0							
TKM	2020		BEA_return	all_groups	100.0	2000000.0							
TKM	2021		BEA_return	all_groups	100.0	2000000.0							
TLS	2004		BEA_return	all_groups	0.0	0.0							
TLS	2005		BEA_return	all_groups	0.0	0.0							
TLS	2006		BEA_return	all_groups	0.0	0.0							
TLS	2007		BEA_return	all_groups									
TLS	2008		BEA_return	all_groups	0.0	0.0							
TLS	2009		BEA_return	all_groups	100.0	3000000.0							
TLS	2010		BEA_return	all_groups	100.0	1000000.0							
TLS	2011		BEA_return	all_groups	100.0	1000000.0							
TLS	2012		BEA_return	all_groups	100.0	1000000.0							
TLS	2013		BEA_return	all_groups	100.0	1000000.0							
TON	2004		BEA_return	all_groups			1000000.0						
TON	2005		BEA_return	all_groups			1000000.0						
TON	2006		BEA_return	all_groups			1000000.0						
TON	2007		BEA_return	all_groups			1000000.0						
TON	2008		BEA_return	all_groups			1000000.0						
TTO	2004		BEA_return	all_groups	4200.0	128000000.0	6241000000.0	3806000000.0					
TTO	2005		BEA_return	all_groups	4000.0	129000000.0	6165000000.0						
TTO	2006		BEA_return	all_groups	4000.0	127000000.0	7517000000.0						
TTO	2007		BEA_return	all_groups	3700.0	123000000.0							
TTO	2008		BEA_return	all_groups	4600.0	148000000.0	10438000000.0						
TTO	2009		BEA_return	all_groups	4400.0	163000000.0	12303000000.0	4378000000.0					
TTO	2010		BEA_return	all_groups	4300.0	165000000.0	15365000000.0	3957000000.0					
TTO	2011		BEA_return	all_groups	4600.0	158000000.0	16910000000.0	4402000000.0					
TTO	2012		BEA_return	all_groups	4600.0	170000000.0	17156000000.0	4458000000.0					
TTO	2013		BEA_return	all_groups	4900.0	199000000.0	19086000000.0	4931000000.0					
TTO	2014		BEA_return	all_groups	4600.0	229000000.0	20510000000.0	5483000000.0					
TTO	2015		BEA_return	all_groups	4500.0	255000000.0	20235000000.0	6360000000.0					
TTO	2016		BEA_return	all_groups	4400.0	272000000.0	10474000000.0	7024000000.0					
TTO	2017		BEA_return	all_groups	4400.0	256000000.0	10833000000.0						
TTO	2018		BEA_return	all_groups	4300.0	276000000.0	10042000000.0						
TTO	2019		BEA_return	all_groups	5200.0	249000000.0	9654000000.0						
TTO	2020		BEA_return	all_groups	5100.0	157000000.0	6734000000.0						
TTO	2021		BEA_return	all_groups	5000.0	253000000.0	7978000000.0						
TUN	2004		BEA_return	all_groups	3500.0	31000000.0							
TUN	2005		BEA_return	all_groups	4100.0	39000000.0	453000000.0						
TUN	2006		BEA_return	all_groups	4500.0	39000000.0							
TUN	2007		BEA_return	all_groups	4200.0	37000000.0							
TUN	2008		BEA_return	all_groups	4700.0	37000000.0							
TUN	2009		BEA_return	all_groups	4100.0	45000000.0	1278000000.0	346000000.0					
TUN	2010		BEA_return	all_groups	4200.0	47000000.0	1210000000.0	318000000.0					
TUN	2011		BEA_return	all_groups	4200.0	49000000.0	718000000.0	136000000.0					
TUN	2012		BEA_return	all_groups	4300.0	47000000.0	743000000.0	144000000.0					
TUN	2013		BEA_return	all_groups	4800.0	51000000.0	948000000.0	244000000.0					
TUN	2014		BEA_return	all_groups	5600.0	63000000.0	948000000.0	242000000.0					
TUN	2015		BEA_return	all_groups	4300.0	57000000.0	789000000.0	135000000.0					
TUN	2016		BEA_return	all_groups	4200.0	53000000.0	664000000.0	110000000.0					
TUN	2017		BEA_return	all_groups	4200.0	53000000.0	653000000.0	114000000.0					
TUN	2018		BEA_return	all_groups	4100.0	51000000.0	659000000.0	123000000.0					
TUN	2019		BEA_return	all_groups	3700.0	40000000.0	797000000.0	107000000.0					
TUN	2020		BEA_return	all_groups	3700.0	40000000.0	1155000000.0	117000000.0					
TUN	2021		BEA_return	all_groups	3700.0	37000000.0	1088000000.0	122000000.0					
TUR	2004	432000000.0	BEA_return	all_groups	31700.0	968000000.0	8667000000.0	2108000000.0	171000000.0			-24000000.0	0.3958333333333333
TUR	2005		BEA_return	all_groups	36000.0	1081000000.0	8889000000.0		160000000.0			7000000.0	
TUR	2006		BEA_return	all_groups	44300.0	1175000000.0	10721000000.0		445000000.0			-3000000.0	
TUR	2007		BEA_return	all_groups	48000.0	1528000000.0	21101000000.0		343000000.0			-46000000.0	
TUR	2008		BEA_return	all_groups	43300.0	1723000000.0	19936000000.0		377000000.0			-118000000.0	
TUR	2009	1019000000.0	BEA_return	all_groups	37300.0	1616000000.0	17416000000.0	1684000000.0					
TUR	2010	1083000000.0	BEA_return	all_groups	44400.0	1819000000.0	22386000000.0	1944000000.0	336000000.0			-111000000.0	0.31024930747922436
TUR	2011	591000000.0	BEA_return	all_groups	44600.0	1930000000.0	19362000000.0	1815000000.0				-143000000.0	
TUR	2012	510000000.0	BEA_return	all_groups	47900.0	2051000000.0	22280000000.0	2175000000.0					
TUR	2013	333000000.0	BEA_return	all_groups	48800.0	2119000000.0	20351000000.0	2070000000.0					
TUR	2014	1027000000.0	BEA_return	all_groups	50500.0	2135000000.0	21140000000.0	2099000000.0	333000000.0				0.32424537487828625
TUR	2015	851000000.0	BEA_return	all_groups	47600.0	1975000000.0	20962000000.0	2076000000.0	239000000.0	23476000000.0	25391000000.0		0.2808460634547591
TUR	2016	1176000000.0	BEA_return	all_groups	54100.0	1974000000.0	21135000000.0	2030000000.0	300000000.0				0.25510204081632654
TUR	2017	1250000000.0	BEA_return	all_groups	55100.0	1912000000.0	21527000000.0	2280000000.0	308000000.0				0.2464
TUR	2018	864000000.0	BEA_return	all_groups	57200.0	1866000000.0	20445000000.0	2254000000.0	243000000.0				0.28125
TUR	2019	1443000000.0	BEA_return	all_groups	59300.0	1791000000.0	22533000000.0	2492000000.0	371000000.0				0.2571032571032571
TUR	2020	1116000000.0	BEA_return	all_groups	59600.0	1700000000.0	23953000000.0	2316000000.0					
TUR	2021	1241000000.0	BEA_return	all_groups	57900.0	1674000000.0	23449000000.0	2070000000.0	424000000.0				0.3416599516518936
TUV	2004		BEA_return	all_groups			1000000.0						
TUV	2005		BEA_return	all_groups			1000000.0						
TUV	2006		BEA_return	all_groups			1000000.0						
TUV	2007		BEA_return	all_groups			1000000.0						
TUV	2008		BEA_return	all_groups			1000000.0						
TUV	2009		BEA_return	all_groups	200.0	4000000.0							
TUV	2010		BEA_return	all_groups	200.0	4000000.0							
TUV	2011		BEA_return	all_groups	200.0	4000000.0							
TUV	2012		BEA_return	all_groups	200.0	4000000.0							
TUV	2013		BEA_return	all_groups	200.0	4000000.0							
TWN	2004	2362000000.0	BEA_return	all_groups	83500.0	2053000000.0	73262000000.0	4999000000.0	745000000.0			94000000.0	0.31541066892464015
TWN	2005	2371000000.0	BEA_return	all_groups	92000.0	2276000000.0	78320000000.0		415000000.0			-91000000.0	0.17503163222269086
TWN	2006	2586000000.0	BEA_return	all_groups	94600.0	2393000000.0	92762000000.0		547000000.0			29000000.0	0.21152358855375097
TWN	2007	3225000000.0	BEA_return	all_groups	104500.0	2632000000.0	106444000000.0		671000000.0			71000000.0	0.20806201550387596
TWN	2008		BEA_return	all_groups	100700.0	2535000000.0			-2000000.0			-2200000000.0	
TWN	2009	3001000000.0	BEA_return	all_groups	90700.0	2512000000.0	117444000000.0	8062000000.0	654000000.0			-1772000000.0	0.21792735754748419
TWN	2010	4104000000.0	BEA_return	all_groups	88900.0	2727000000.0	141735000000.0	8858000000.0	713000000.0	29055000000.0	37987000000.0	-2222000000.0	0.17373294346978557
TWN	2011	4162000000.0	BEA_return	all_groups	86800.0	2730000000.0	84794000000.0	7861000000.0	754000000.0	27801000000.0	36486000000.0	-593000000.0	0.18116290245074484
TWN	2012	3769000000.0	BEA_return	all_groups	88400.0	2813000000.0	80317000000.0	7385000000.0	704000000.0	25499000000.0	35583000000.0	-415000000.0	0.18678694613955957
TWN	2013	3247000000.0	BEA_return	all_groups	86900.0	2818000000.0	70551000000.0	6965000000.0	546000000.0	26681000000.0	33757000000.0	-378000000.0	0.16815522020326454
TWN	2014	3249000000.0	BEA_return	all_groups	98300.0	3168000000.0	73990000000.0	7793000000.0	559000000.0	28266000000.0	37717000000.0	-312000000.0	0.17205293936595875
TWN	2015	2887000000.0	BEA_return	all_groups	94000.0	3156000000.0	70549000000.0	7693000000.0	474000000.0	28588000000.0	36798000000.0	-214000000.0	0.16418427433321786
TWN	2016	2878000000.0	BEA_return	all_groups	100100.0	3239000000.0	71511000000.0	9068000000.0	485000000.0	27582000000.0	35693000000.0	-121000000.0	0.16851980542043085
TWN	2017	3412000000.0	BEA_return	all_groups	82400.0	3394000000.0	81507000000.0	13309000000.0	578000000.0	27393000000.0	38759000000.0	-245000000.0	0.1694021101992966
TWN	2018	3132000000.0	BEA_return	all_groups	91200.0	3912000000.0	86233000000.0	14991000000.0	585000000.0	29229000000.0	42424000000.0	-386000000.0	0.1867816091954023
TWN	2019	3508000000.0	BEA_return	all_groups	92600.0	3956000000.0	90967000000.0	16934000000.0	717000000.0	29992000000.0	44920000000.0	-399000000.0	0.20438996579247434
TWN	2020	2870000000.0	BEA_return	all_groups	97400.0	4322000000.0	105260000000.0	16012000000.0	655000000.0	32233000000.0	47561000000.0	-246000000.0	0.22822299651567945
TWN	2021	4315000000.0	BEA_return	all_groups	101400.0	4927000000.0	98551000000.0	19080000000.0	831000000.0	38906000000.0	57263000000.0	-215000000.0	0.19258400926998842
TZA	2004		BEA_return	all_groups									
TZA	2005		BEA_return	all_groups									
TZA	2006		BEA_return	all_groups	600.0	7000000.0	81000000.0						
TZA	2007		BEA_return	all_groups									
TZA	2008		BEA_return	all_groups									
TZA	2009		BEA_return	all_groups	600.0	14000000.0	393000000.0	24000000.0					
TZA	2010		BEA_return	all_groups	700.0	16000000.0		35000000.0					
TZA	2011		BEA_return	all_groups	1100.0	17000000.0		24000000.0					
TZA	2012		BEA_return	all_groups		42000000.0	1203000000.0						
TZA	2013		BEA_return	all_groups	900.0	44000000.0		247000000.0					
TZA	2014		BEA_return	all_groups	2000.0	47000000.0	2905000000.0	454000000.0					
TZA	2015		BEA_return	all_groups	2000.0	50000000.0	2990000000.0	492000000.0					
TZA	2016		BEA_return	all_groups	2500.0	45000000.0	3155000000.0	506000000.0					
TZA	2017		BEA_return	all_groups	3900.0	51000000.0	3244000000.0	484000000.0					
TZA	2018		BEA_return	all_groups	3100.0	45000000.0	3287000000.0	489000000.0					
TZA	2019		BEA_return	all_groups	1900.0	33000000.0	3281000000.0	519000000.0					
TZA	2020		BEA_return	all_groups	1500.0	30000000.0	3484000000.0	514000000.0					
TZA	2021		BEA_return	all_groups	1600.0	32000000.0	3439000000.0	478000000.0					
UGA	2004		BEA_return	all_groups									
UGA	2005		BEA_return	all_groups									
UGA	2006		BEA_return	all_groups	100.0	2000000.0							
UGA	2007		BEA_return	all_groups									
UGA	2008		BEA_return	all_groups									
UGA	2009		BEA_return	all_groups	200.0	7000000.0		4000000.0					
UGA	2010		BEA_return	all_groups	200.0	7000000.0		4000000.0					
UGA	2011		BEA_return	all_groups	200.0	7000000.0		6000000.0					
UGA	2012		BEA_return	all_groups	200.0	7000000.0		6000000.0					
UGA	2013		BEA_return	all_groups	200.0	8000000.0		4000000.0					
UGA	2014		BEA_return	all_groups	1200.0	24000000.0	381000000.0	20000000.0					
UGA	2015		BEA_return	all_groups	1200.0	23000000.0	322000000.0	21000000.0					
UGA	2016		BEA_return	all_groups	1100.0	22000000.0	375000000.0	24000000.0					
UGA	2017		BEA_return	all_groups	1100.0	22000000.0	371000000.0	24000000.0					
UGA	2018		BEA_return	all_groups	1100.0	22000000.0	363000000.0	24000000.0					
UGA	2019		BEA_return	all_groups	900.0	16000000.0	396000000.0	20000000.0					
UGA	2020		BEA_return	all_groups	1000.0	17000000.0	391000000.0	22000000.0					
UGA	2021		BEA_return	all_groups	1000.0	17000000.0	516000000.0	20000000.0					
UKR	2004		BEA_return	all_groups	14000.0	93000000.0							
UKR	2005		BEA_return	all_groups	14600.0	111000000.0							
UKR	2006		BEA_return	all_groups	15300.0	136000000.0							
UKR	2007		BEA_return	all_groups									
UKR	2008		BEA_return	all_groups									
UKR	2009		BEA_return	all_groups	22700.0	259000000.0	11154000000.0	735000000.0					
UKR	2010		BEA_return	all_groups	23100.0	288000000.0	3403000000.0	855000000.0					
UKR	2011		BEA_return	all_groups	24400.0	294000000.0	3531000000.0	911000000.0					
UKR	2012		BEA_return	all_groups	25600.0	331000000.0	3654000000.0	1062000000.0					
UKR	2013		BEA_return	all_groups	22700.0	316000000.0	3588000000.0	932000000.0					
UKR	2014		BEA_return	all_groups	29600.0	484000000.0	3211000000.0	685000000.0					
UKR	2015		BEA_return	all_groups	29100.0	468000000.0	2881000000.0	498000000.0					
UKR	2016		BEA_return	all_groups	34100.0	486000000.0	3751000000.0	615000000.0					
UKR	2017		BEA_return	all_groups	34200.0	507000000.0	4067000000.0	738000000.0					
UKR	2018		BEA_return	all_groups	35200.0	534000000.0	4426000000.0	800000000.0					
UKR	2019		BEA_return	all_groups	41500.0	606000000.0	6434000000.0	1227000000.0					
UKR	2020		BEA_return	all_groups	40100.0	560000000.0	7326000000.0	1348000000.0					
UKR	2021		BEA_return	all_groups	36100.0	615000000.0	7102000000.0	988000000.0					
UK_Caribbean	2004	3095000000.0	BEA_return	all_groups	10500.0	427000000.0	299968000000.0	2537000000.0	101000000.0			-1896000000.0	0.03263327948303716
UK_Caribbean	2005	4854000000.0	BEA_return	all_groups	10200.0	468000000.0	319875000000.0		367000000.0			-3798000000.0	0.07560774618871034
UK_Caribbean	2006	5925000000.0	BEA_return	all_groups	8200.0	302000000.0	363382000000.0		355000000.0			-3184000000.0	0.059915611814345994
UK_Caribbean	2007	7511000000.0	BEA_return	all_groups	6900.0	304000000.0	367987000000.0		679000000.0			-4209000000.0	0.09040074557315937
UK_Caribbean	2008	7185000000.0	BEA_return	all_groups	6700.0	303000000.0	319131000000.0		481000000.0			-4260000000.0	0.06694502435629784
UK_Caribbean	2009	9060000000.0	BEA_return	all_groups	4100.0	302000000.0	1170547000000.0	6949000000.0	976000000.0			-4928000000.0	0.10772626931567329
UK_Caribbean	2010	8924000000.0	BEA_return	all_groups	4000.0	241000000.0	1275223000000.0	5780000000.0	771000000.0			-4269000000.0	0.08639623487225459
UK_Caribbean	2011	10004000000.0	BEA_return	all_groups	4300.0	190000000.0	1063751000000.0	6702000000.0	647000000.0	10843000000.0	29840000000.0	-4476000000.0	0.06467413034786086
UK_Caribbean	2012	9305000000.0	BEA_return	all_groups	4900.0	294000000.0	979081000000.0	9678000000.0	1243000000.0	12628000000.0	37011000000.0	-3352000000.0	0.1335840945728103
UK_Caribbean	2013	5149000000.0	BEA_return	all_groups	5600.0	409000000.0	988171000000.0	12039000000.0	939000000.0	14051000000.0	28215000000.0	-4439000000.0	0.18236550786560496
UK_Caribbean	2014	13080000000.0	BEA_return	all_groups	20300.0	1491000000.0	1570594000000.0	14379000000.0	697000000.0	21535000000.0	42161000000.0	-7550000000.0	0.053287461773700306
UK_Caribbean	2015	7427000000.0	BEA_return	all_groups	21800.0	1304000000.0	1349097000000.0	14904000000.0	553000000.0	24018000000.0	43378000000.0	-7542000000.0	0.07445805843543826
UK_Caribbean	2016	11272000000.0	BEA_return	all_groups	25200.0	1443000000.0	1197286000000.0	13018000000.0	448000000.0	20056000000.0	40182000000.0	-6171000000.0	0.0397444996451384
UK_Caribbean	2017	12906000000.0	BEA_return	all_groups	23100.0	1274000000.0	1224559000000.0	11434000000.0	603000000.0	20293000000.0	41049000000.0	-6330000000.0	0.046722454672245464
UK_Caribbean	2018	10968000000.0	BEA_return	all_groups	21900.0	1084000000.0	1025371000000.0	8019000000.0	825000000.0	22422000000.0	36710000000.0	-5616000000.0	0.07521881838074398
UK_Caribbean	2019	12924000000.0	BEA_return	all_groups	23900.0	1145000000.0	1279380000000.0	9707000000.0	732000000.0	22822000000.0	40560000000.0	-6032000000.0	0.056638811513463325
UK_Caribbean	2020	11020000000.0	BEA_return	all_groups	25100.0	1363000000.0	1216132000000.0	9085000000.0	547000000.0	22496000000.0	39257000000.0	-5618000000.0	0.049637023593466424
UK_Caribbean	2021	13148000000.0	BEA_return	all_groups	23300.0	1399000000.0	1159074000000.0	9216000000.0	925000000.0	25320000000.0	38620000000.0	-6078000000.0	0.07035290538484941
URY	2004		BEA_return	all_groups	5000.0	76000000.0							
URY	2005		BEA_return	all_groups	5000.0	75000000.0	1713000000.0						
URY	2006		BEA_return	all_groups	4900.0	83000000.0							
URY	2007		BEA_return	all_groups	5500.0	93000000.0							
URY	2008		BEA_return	all_groups	6100.0	115000000.0							
URY	2009		BEA_return	all_groups	7300.0	203000000.0	9136000000.0	931000000.0					
URY	2010		BEA_return	all_groups	8900.0	235000000.0	11093000000.0	944000000.0					
URY	2011		BEA_return	all_groups	8600.0	274000000.0	9269000000.0	1003000000.0					
URY	2012		BEA_return	all_groups	8800.0	293000000.0	8873000000.0	937000000.0					
URY	2013		BEA_return	all_groups	8600.0	270000000.0	7689000000.0	979000000.0					
URY	2014		BEA_return	all_groups	8100.0	288000000.0	10331000000.0	1651000000.0					
URY	2015		BEA_return	all_groups	6300.0	246000000.0	9730000000.0	1553000000.0					
URY	2016		BEA_return	all_groups	6000.0	233000000.0	11035000000.0	1495000000.0					
URY	2017		BEA_return	all_groups	5000.0	204000000.0	10782000000.0	977000000.0					
URY	2018		BEA_return	all_groups	6000.0	255000000.0	9622000000.0	977000000.0					
URY	2019		BEA_return	all_groups	10300.0	317000000.0	11292000000.0	1181000000.0					
URY	2020		BEA_return	all_groups	11100.0	295000000.0	17702000000.0	1074000000.0					
URY	2021		BEA_return	all_groups	10600.0	306000000.0	12464000000.0	983000000.0					
UZB	2004		BEA_return	all_groups			280000000.0	113000000.0					
UZB	2005		BEA_return	all_groups									
UZB	2006		BEA_return	all_groups	100.0	1000000.0							
UZB	2007		BEA_return	all_groups	100.0	1000000.0							
UZB	2008		BEA_return	all_groups	100.0	1000000.0							
UZB	2009		BEA_return	all_groups	300.0	6000000.0							
UZB	2010		BEA_return	all_groups	300.0	6000000.0							
UZB	2011		BEA_return	all_groups	300.0	6000000.0							
UZB	2012		BEA_return	all_groups		6000000.0							
UZB	2013		BEA_return	all_groups		6000000.0							
UZB	2014		BEA_return	all_groups		5000000.0							
UZB	2015		BEA_return	all_groups		5000000.0							
UZB	2016		BEA_return	all_groups		5000000.0							
UZB	2017		BEA_return	all_groups		5000000.0							
UZB	2018		BEA_return	all_groups		5000000.0							
UZB	2019		BEA_return	all_groups	0.0	0.0	6000000.0	1000000.0					
UZB	2020		BEA_return	all_groups	0.0	0.0	6000000.0	1000000.0					
UZB	2021		BEA_return	all_groups	0.0	0.0	6000000.0	1000000.0					
VCT	2004		BEA_return	all_groups									
VCT	2005		BEA_return	all_groups									
VCT	2006		BEA_return	all_groups		1000000.0	7000000.0						
VCT	2007		BEA_return	all_groups									
VCT	2008		BEA_return	all_groups									
VCT	2009		BEA_return	all_groups		1000000.0	8000000.0	1000000.0					
VCT	2010		BEA_return	all_groups		1000000.0	8000000.0	1000000.0					
VCT	2011		BEA_return	all_groups		1000000.0	8000000.0	1000000.0					
VCT	2012		BEA_return	all_groups		1000000.0	8000000.0	1000000.0					
VCT	2013		BEA_return	all_groups		1000000.0	8000000.0	1000000.0					
VCT	2014		BEA_return	all_groups	100.0	2000000.0	11000000.0	3000000.0					
VCT	2015		BEA_return	all_groups	100.0	2000000.0	11000000.0	3000000.0					
VCT	2016		BEA_return	all_groups	100.0	2000000.0	11000000.0	3000000.0					
VCT	2017		BEA_return	all_groups	100.0	2000000.0	11000000.0	3000000.0					
VCT	2018		BEA_return	all_groups	100.0	2000000.0	11000000.0	3000000.0					
VCT	2019		BEA_return	all_groups	100.0	2000000.0	8000000.0	1000000.0					
VCT	2020		BEA_return	all_groups		2000000.0	8000000.0	1000000.0					
VCT	2021		BEA_return	all_groups		2000000.0	8000000.0	1000000.0					
VEN	2004	2781000000.0	BEA_return	all_groups	70000.0	1691000000.0	33737000000.0	10858000000.0	508000000.0			192000000.0	0.18266810499820207
VEN	2005	3387000000.0	BEA_return	all_groups	70500.0	1746000000.0	35460000000.0		751000000.0			133000000.0	0.22173014467080013
VEN	2006	3029000000.0	BEA_return	all_groups	77400.0	2045000000.0	44257000000.0		817000000.0			40000000.0	0.2697259821723341
VEN	2007	3017000000.0	BEA_return	all_groups	57200.0	1475000000.0			778000000.0			-67000000.0	0.25787205833609544
VEN	2008	2968000000.0	BEA_return	all_groups	57000.0	1762000000.0			651000000.0			-35000000.0	0.21933962264150944
VEN	2009	3487000000.0	BEA_return	all_groups	53600.0	2201000000.0	32669000000.0	2962000000.0				-231000000.0	
VEN	2010	2222000000.0	BEA_return	all_groups	51200.0	1898000000.0	28902000000.0	2896000000.0	755000000.0			-87000000.0	0.3397839783978398
VEN	2011	3060000000.0	BEA_return	all_groups	51400.0	2074000000.0	32796000000.0	3196000000.0	829000000.0	17073000000.0		-72000000.0	0.27091503267973854
VEN	2012	3922000000.0	BEA_return	all_groups	53400.0	2471000000.0	38522000000.0	3870000000.0	1131000000.0			-145000000.0	0.2883732789393167
VEN	2013	2664000000.0	BEA_return	all_groups	53500.0	2561000000.0	38817000000.0	4211000000.0	647000000.0	20609000000.0		-216000000.0	0.24286786786786788
VEN	2014	-294000000.0	BEA_return	all_groups	51800.0	2446000000.0	32268000000.0	3721000000.0	448000000.0			-178000000.0	-1.5238095238095237
VEN	2015	102000000.0	BEA_return	all_groups	42600.0	1616000000.0	33737000000.0	3430000000.0	320000000.0			-304000000.0	3.1372549019607843
VEN	2016	910000000.0	BEA_return	all_groups	32500.0	1094000000.0	24145000000.0	2828000000.0	362000000.0			-219000000.0	0.3978021978021978
VEN	2017	1505000000.0	BEA_return	all_groups	30300.0	986000000.0	25486000000.0	2497000000.0	247000000.0			-118000000.0	0.16411960132890366
VEN	2018	1403000000.0	BEA_return	all_groups	29400.0	885000000.0	25922000000.0	2377000000.0	296000000.0			-131000000.0	0.21097647897362795
VEN	2019	562000000.0	BEA_return	all_groups	19800.0	500000000.0	22568000000.0	1833000000.0	211000000.0			-126000000.0	0.37544483985765126
VEN	2020	190000000.0	BEA_return	all_groups	16200.0	403000000.0	20589000000.0	1310000000.0	190000000.0			-52000000.0	1.0
VEN	2021	272000000.0	BEA_return	all_groups	15500.0	368000000.0	20346000000.0	1335000000.0	207000000.0			-64000000.0	0.7610294117647058
VNM	2004		BEA_return	all_groups	5900.0	49000000.0							
VNM	2005		BEA_return	all_groups	4900.0	45000000.0	972000000.0						
VNM	2006		BEA_return	all_groups	5600.0	57000000.0							
VNM	2007		BEA_return	all_groups	5700.0	63000000.0							
VNM	2008		BEA_return	all_groups	6300.0	67000000.0							
VNM	2009		BEA_return	all_groups	14400.0	166000000.0	3657000000.0	1296000000.0					
VNM	2010		BEA_return	all_groups		173000000.0	4039000000.0	1332000000.0					
VNM	2011		BEA_return	all_groups	25500.0	378000000.0	5036000000.0	1524000000.0					
VNM	2012		BEA_return	all_groups	28900.0	414000000.0	5339000000.0	1528000000.0					
VNM	2013		BEA_return	all_groups	29900.0	422000000.0	7993000000.0	1722000000.0					
VNM	2014		BEA_return	all_groups	38900.0	404000000.0	9268000000.0	2025000000.0					
VNM	2015		BEA_return	all_groups	56300.0	485000000.0	10039000000.0	1680000000.0					
VNM	2016		BEA_return	all_groups	51600.0	539000000.0	10251000000.0	1906000000.0					
VNM	2017		BEA_return	all_groups	54700.0	590000000.0	13006000000.0	2238000000.0					
VNM	2018		BEA_return	all_groups	56100.0	580000000.0	14072000000.0	2825000000.0					
VNM	2019	788000000.0	BEA_return	all_groups	55800.0	628000000.0	15576000000.0	3426000000.0	129000000.0			-63000000.0	0.16370558375634517
VNM	2020	1144000000.0	BEA_return	all_groups	66900.0	745000000.0	12842000000.0	3536000000.0	127000000.0			-65000000.0	0.11101398601398602
VNM	2021	1082000000.0	BEA_return	all_groups	75700.0	902000000.0	17997000000.0	3606000000.0	141000000.0			-46000000.0	0.13031423290203328
VUT	2004		BEA_return	all_groups									
VUT	2005		BEA_return	all_groups		1000000.0							
VUT	2006		BEA_return	all_groups		1000000.0							
VUT	2007		BEA_return	all_groups									
VUT	2008		BEA_return	all_groups									
VUT	2009		BEA_return	all_groups	100.0	3000000.0		4000000.0					
VUT	2010		BEA_return	all_groups	100.0	3000000.0		4000000.0					
VUT	2011		BEA_return	all_groups	100.0	3000000.0	89000000.0	3000000.0					
VUT	2012		BEA_return	all_groups	100.0	3000000.0	87000000.0	3000000.0					
VUT	2013		BEA_return	all_groups	100.0	3000000.0	90000000.0	3000000.0					
VUT	2014		BEA_return	all_groups	0.0	0.0							
VUT	2015		BEA_return	all_groups	0.0	0.0							
VUT	2016		BEA_return	all_groups	0.0	0.0							
VUT	2017		BEA_return	all_groups	0.0	0.0							
VUT	2018		BEA_return	all_groups	0.0	0.0							
WSM	2004		BEA_return	all_groups			3000000.0						
WSM	2005		BEA_return	all_groups			3000000.0						
WSM	2006		BEA_return	all_groups			3000000.0						
WSM	2007		BEA_return	all_groups			3000000.0						
WSM	2008		BEA_return	all_groups			3000000.0						
WSM	2009		BEA_return	all_groups			1000000.0						
WSM	2010		BEA_return	all_groups			1000000.0						
WSM	2011		BEA_return	all_groups			1000000.0						
WSM	2012		BEA_return	all_groups			1000000.0						
WSM	2013		BEA_return	all_groups			1000000.0						
WSM	2014		BEA_return	all_groups	0.0	0.0							
WSM	2015		BEA_return	all_groups	0.0	0.0							
WSM	2016		BEA_return	all_groups	0.0	0.0							
WSM	2017		BEA_return	all_groups	0.0	0.0							
WSM	2018		BEA_return	all_groups	0.0	0.0							
WSM	2019		BEA_return	all_groups		2000000.0							
WSM	2020		BEA_return	all_groups		2000000.0							
WSM	2021		BEA_return	all_groups		2000000.0							
XKX	2016		BEA_return	all_groups		2000000.0							
XKX	2017		BEA_return	all_groups		2000000.0							
XKX	2018		BEA_return	all_groups	200.0	2000000.0							
XKX	2019		BEA_return	all_groups	300.0	2000000.0		2000000.0					
XKX	2020		BEA_return	all_groups	300.0	2000000.0		2000000.0					
XKX	2021		BEA_return	all_groups	300.0	2000000.0		2000000.0					
YEM	2004		BEA_return	all_groups									
YEM	2005		BEA_return	all_groups			1329000000.0						
YEM	2006		BEA_return	all_groups	400.0	19000000.0							
YEM	2007		BEA_return	all_groups	600.0	23000000.0							
YEM	2008		BEA_return	all_groups	600.0	28000000.0							
YEM	2009		BEA_return	all_groups	600.0	33000000.0							
YEM	2010		BEA_return	all_groups	600.0	28000000.0							
YEM	2011		BEA_return	all_groups	500.0	28000000.0							
YEM	2012		BEA_return	all_groups	500.0	28000000.0							
YEM	2013		BEA_return	all_groups	300.0								
YEM	2014		BEA_return	all_groups	300.0								
YEM	2015		BEA_return	all_groups	300.0								
YEM	2016		BEA_return	all_groups	100.0								
YEM	2017		BEA_return	all_groups	100.0								
YEM	2018		BEA_return	all_groups	100.0			17000000.0					
YEM	2019		BEA_return	all_groups	100.0	1000000.0							
YEM	2020		BEA_return	all_groups	100.0	1000000.0							
YEM	2021		BEA_return	all_groups	100.0	1000000.0							
ZAF	2004	1363000000.0	BEA_return	all_groups	112100.0	2857000000.0	22757000000.0	8877000000.0	407000000.0			-14000000.0	0.29860601614086574
ZAF	2005	2285000000.0	BEA_return	all_groups	73900.0	1922000000.0	14251000000.0		1180000000.0			1000000.0	0.5164113785557987
ZAF	2006	2430000000.0	BEA_return	all_groups	70600.0	1971000000.0	15375000000.0		1164000000.0			2000000.0	0.47901234567901235
ZAF	2007	2307000000.0	BEA_return	all_groups	84700.0	2599000000.0	21972000000.0		1136000000.0			-45000000.0	0.49241439098396184
ZAF	2008		BEA_return	all_groups	80200.0	2574000000.0	20433000000.0					57000000.0	
ZAF	2009	1845000000.0	BEA_return	all_groups	58100.0	2222000000.0	24173000000.0	2684000000.0	1130000000.0			34000000.0	0.6124661246612466
ZAF	2010	1360000000.0	BEA_return	all_groups	61100.0	2488000000.0	29458000000.0	3139000000.0	323000000.0	20616000000.0	23066000000.0	137000000.0	0.2375
ZAF	2011	1535000000.0	BEA_return	all_groups	66000.0	2817000000.0	32458000000.0	3093000000.0	326000000.0	24231000000.0	27008000000.0	78000000.0	0.21237785016286645
ZAF	2012	1195000000.0	BEA_return	all_groups	98100.0	3388000000.0	40448000000.0	3639000000.0	369000000.0	32581000000.0	35929000000.0	103000000.0	0.3087866108786611
ZAF	2013	1266000000.0	BEA_return	all_groups	97300.0	3326000000.0	38101000000.0	3460000000.0	382000000.0	31149000000.0	34194000000.0	-14000000.0	0.30173775671406006
ZAF	2014	1548000000.0	BEA_return	all_groups	107600.0	3498000000.0	42013000000.0	3677000000.0	439000000.0	31280000000.0	34721000000.0	-62000000.0	0.2835917312661499
ZAF	2015	1102000000.0	BEA_return	all_groups	109000.0	3326000000.0	41214000000.0	3597000000.0	316000000.0	29360000000.0	31703000000.0	181000000.0	0.2867513611615245
ZAF	2016	804000000.0	BEA_return	all_groups	113900.0	3205000000.0	40203000000.0	3894000000.0	281000000.0	25327000000.0	28502000000.0	-67000000.0	0.34950248756218905
ZAF	2017	693000000.0	BEA_return	all_groups	125000.0	3458000000.0	41699000000.0	4085000000.0	347000000.0	28328000000.0	31024000000.0	15000000.0	0.5007215007215007
ZAF	2018	1143000000.0	BEA_return	all_groups	126300.0	3412000000.0	40289000000.0	4220000000.0	374000000.0	28850000000.0	31999000000.0	35000000.0	0.32720909886264216
ZAF	2019	1285000000.0	BEA_return	all_groups	137600.0	3375000000.0	54905000000.0	6575000000.0	238000000.0	30420000000.0	33793000000.0	161000000.0	0.18521400778210118
ZAF	2020	813000000.0	BEA_return	all_groups	142900.0	3270000000.0	60508000000.0	8373000000.0	185000000.0	29158000000.0	32571000000.0	137000000.0	0.22755227552275523
ZAF	2021	889000000.0	BEA_return	all_groups	131200.0	3387000000.0	59577000000.0	8729000000.0	242000000.0	33719000000.0	37853000000.0	105000000.0	0.2722159730033746
ZMB	2004		BEA_return	all_groups	2100.0	14000000.0							
ZMB	2005		BEA_return	all_groups	2200.0	17000000.0	261000000.0						
ZMB	2006		BEA_return	all_groups									
ZMB	2007		BEA_return	all_groups	2400.0	21000000.0							
ZMB	2008		BEA_return	all_groups									
ZMB	2009		BEA_return	all_groups	1400.0	19000000.0	496000000.0	33000000.0					
ZMB	2010		BEA_return	all_groups	1700.0	21000000.0	480000000.0	34000000.0					
ZMB	2011		BEA_return	all_groups	1400.0	16000000.0	469000000.0	28000000.0					
ZMB	2012		BEA_return	all_groups	2000.0	21000000.0	609000000.0	28000000.0					
ZMB	2013		BEA_return	all_groups	2500.0	23000000.0	665000000.0	28000000.0					
ZMB	2014		BEA_return	all_groups	3400.0	37000000.0	650000000.0	42000000.0					
ZMB	2015		BEA_return	all_groups	3000.0	30000000.0	449000000.0	32000000.0					
ZMB	2016		BEA_return	all_groups	3400.0	31000000.0	484000000.0	35000000.0					
ZMB	2017		BEA_return	all_groups	2800.0	33000000.0	476000000.0	34000000.0					
ZMB	2018		BEA_return	all_groups	2700.0	33000000.0	470000000.0	45000000.0					
ZMB	2019		BEA_return	all_groups	1800.0	20000000.0	466000000.0	49000000.0					
ZMB	2020		BEA_return	all_groups	1900.0	20000000.0	351000000.0	37000000.0					
ZMB	2021		BEA_return	all_groups	1900.0	20000000.0	445000000.0	42000000.0					
ZWE	2004		BEA_return	all_groups	2600.0	24000000.0	320000000.0	98000000.0					
ZWE	2005		BEA_return	all_groups	2100.0	17000000.0	283000000.0						
ZWE	2006		BEA_return	all_groups	2000.0	15000000.0							
ZWE	2007		BEA_return	all_groups	1800.0	18000000.0							
ZWE	2008		BEA_return	all_groups	1700.0	17000000.0							
ZWE	2009		BEA_return	all_groups	800.0	19000000.0	172000000.0	31000000.0					
ZWE	2010		BEA_return	all_groups	800.0	19000000.0	190000000.0	34000000.0					
ZWE	2011		BEA_return	all_groups	1000.0	13000000.0	255000000.0	31000000.0					
ZWE	2012		BEA_return	all_groups	900.0	9000000.0	238000000.0						
ZWE	2013		BEA_return	all_groups			256000000.0	33000000.0					
ZWE	2014		BEA_return	all_groups			282000000.0						
ZWE	2015		BEA_return	all_groups			275000000.0						
ZWE	2016		BEA_return	all_groups			390000000.0						
ZWE	2017		BEA_return	all_groups			389000000.0						
ZWE	2018		BEA_return	all_groups	1000.0		365000000.0						
ZWE	2019		BEA_return	all_groups			420000000.0	71000000.0					
ZWE	2020		BEA_return	all_groups			412000000.0						
ZWE	2021		BEA_return	all_groups			348000000.0	40000000.0					
USA	2004	501374000000.0	BEA_return	all_groups	21176500.0	1239523000000.0	16141530000000.0	2280227000000.0	163544000000.0	6630390000000.0	7058957000000.0	-6448000000.0	0.32619162541336405
USA	2005	577749000000.0	BEA_return	all_groups	21472000.0	1281321000000.0	17196187000000.0		205556000000.0	7284445000000.0	7756125000000.0	9427000000.0	0.3557877209653327
USA	2006	671005000000.0	BEA_return	all_groups	21615800.0	1363634000000.0	18620815000000.0		230876000000.0	7773056000000.0	8217881000000.0	13567000000.0	0.3440749323775531
USA	2007	634172000000.0	BEA_return	all_groups	21548900.0	1386455000000.0	20271992000000.0		249691000000.0	8100368000000.0	8593134000000.0	29922000000.0	0.3937275691768164
USA	2008	493292000000.0	BEA_return	all_groups	20901000.0	1355204000000.0	16777082000000.0		145831000000.0	8088422000000.0	8635003000000.0	34515000000.0	0.29562814722314573
USA	2009	478896000000.0	BEA_return	all_groups	22932700.0	1590589000000.0	27630675000000.0	2854807000000.0	135995000000.0	8607461000000.0	9208797000000.0	-23121000000.0	0.2839760616083659
USA	2010	705057000000.0	BEA_return	all_groups	22791100.0	1618713000000.0	29546451000000.0		202855000000.0	9110122000000.0	9774337000000.0	23128000000.0	0.2877143266430941
USA	2011	846797000000.0	BEA_return	all_groups	22994200.0	1692811000000.0	30597694000000.0		217634000000.0	9872534000000.0	10593201000000.0	-17092000000.0	0.2570084683814421
USA	2012	842024000000.0	BEA_return	all_groups	23091900.0	1772517000000.0	32419222000000.0		223832000000.0	10213458000000.0	10935873000000.0	-2161000000.0	0.2658261522236896
USA	2013	1019150000000.0	BEA_return	all_groups	23348800.0	1812968000000.0	33620732000000.0		282903000000.0	10496017000000.0	11201011000000.0	29480000000.0	0.27758720502379436
USA	2014	1124857000000.0	BEA_return	all_groups	27587200.0	2116998000000.0	39011574000000.0	4290724000000.0	331712000000.0	12152511000000.0	13000380000000.0	-39285000000.0	0.2948925952365501
USA	2015	1043510000000.0	BEA_return	all_groups	28045600.0	2191540000000.0	39701859000000.0		300987000000.0	11769870000000.0	12522976000000.0	19893000000.0	0.2884371017048231
USA	2016	1032917000000.0	BEA_return	all_groups	28022600.0	2199969000000.0	40464823000000.0		288815000000.0	11855768000000.0	12616391000000.0	-15876000000.0	0.27961104328808606
USA	2017	978191000000.0	BEA_return	all_groups	27981700.0	2238621000000.0	42266346000000.0		233927000000.0	12583001000000.0	13438681000000.0	-24130000000.0	0.23914245786354607
USA	2018	1202740000000.0	BEA_return	all_groups	28532300.0	2344056000000.0	43783215000000.0		212147000000.0	13409706000000.0	14338829000000.0	-41792000000.0	0.1763864176796315
USA	2019	1139434000000.0	BEA_return	all_groups	29075700.0	2421669000000.0	46917468000000.0		207239000000.0	13778767000000.0	14658889000000.0	-81820000000.0	0.18187889776854121
USA	2020	817256000000.0	BEA_return	all_groups	28893300.0	2438171000000.0	50865358000000.0		139634000000.0	13226244000000.0	14015682000000.0	-41344000000.0	0.17085711209217186
USA	2021	1738953000000.0	BEA_return	all_groups	29502700.0	2602939000000.0	54629117000000.0		306772000000.0	15169668000000.0	16066851000000.0	-21926000000.0	0.1764118984239367
ABW	2004		BEA_return_cg	all_groups	1600.0	90000000.0	2353000000.0	714000000.0					
ABW	2005		BEA_return_cg	all_groups	2200.0	98000000.0	2400000000.0						
ABW	2006		BEA_return_cg	all_groups	2200.0	99000000.0							
ABW	2007		BEA_return_cg	all_groups	2200.0	111000000.0							
ABW	2008		BEA_return_cg	all_groups	2100.0	107000000.0							
ABW	2009		BEA_return_cg	all_groups	2400.0	105000000.0	2560000000.0	1057000000.0					
ABW	2010		BEA_return_cg	all_groups	2500.0	114000000.0	2474000000.0	1048000000.0					
ABW	2011		BEA_return_cg	all_groups	2400.0	113000000.0	2634000000.0	1060000000.0					
ABW	2012		BEA_return_cg	all_groups	2200.0	151000000.0	942000000.0	217000000.0					
ABW	2013		BEA_return_cg	all_groups	2000.0	72000000.0	1097000000.0	223000000.0					
ABW	2014		BEA_return_cg	all_groups	3100.0	131000000.0	2217000000.0	447000000.0					
ABW	2015		BEA_return_cg	all_groups	2800.0	120000000.0	2062000000.0	477000000.0					
ABW	2016		BEA_return_cg	all_groups	2800.0	113000000.0	2285000000.0	471000000.0					
ABW	2017		BEA_return_cg	all_groups	2700.0	104000000.0	1995000000.0	387000000.0					
ABW	2018		BEA_return_cg	all_groups	2000.0	77000000.0	1461000000.0	315000000.0					
ABW	2019		BEA_return_cg	all_groups	2500.0	85000000.0	1487000000.0	381000000.0					
ABW	2020		BEA_return_cg	all_groups	2300.0	71000000.0	1744000000.0	347000000.0					
ABW	2021		BEA_return_cg	all_groups	2300.0	84000000.0	1744000000.0	329000000.0					
AFG	2004		BEA_return_cg	all_groups	0.0	0.0							
AFG	2005		BEA_return_cg	all_groups	0.0	0.0							
AFG	2006		BEA_return_cg	all_groups	0.0	0.0							
AFG	2007		BEA_return_cg	all_groups	0.0	0.0							
AFG	2008		BEA_return_cg	all_groups	0.0	0.0							
AFG	2009		BEA_return_cg	all_groups			4000000.0	1000000.0					
AFG	2010		BEA_return_cg	all_groups			4000000.0	1000000.0					
AFG	2011		BEA_return_cg	all_groups			4000000.0	1000000.0					
AFG	2012		BEA_return_cg	all_groups			4000000.0	1000000.0					
AFG	2013		BEA_return_cg	all_groups			4000000.0	1000000.0					
AFG	2014		BEA_return_cg	all_groups	500.0	7000000.0		3000000.0					
AFG	2015		BEA_return_cg	all_groups	500.0	7000000.0		3000000.0					
AFG	2016		BEA_return_cg	all_groups	900.0	9000000.0		3000000.0					
AFG	2017		BEA_return_cg	all_groups	900.0	9000000.0		3000000.0					
AFG	2018		BEA_return_cg	all_groups	900.0	9000000.0		3000000.0					
AFG	2019		BEA_return_cg	all_groups	2300.0	17000000.0	125000000.0						
AFG	2020		BEA_return_cg	all_groups	2300.0	16000000.0	130000000.0	37000000.0					
AFG	2021		BEA_return_cg	all_groups	2100.0	14000000.0	120000000.0	29000000.0					
AGO	2004		BEA_return_cg	all_groups	4200.0	185000000.0							
AGO	2005		BEA_return_cg	all_groups	4300.0	229000000.0							
AGO	2006		BEA_return_cg	all_groups	5700.0	339000000.0	19893000000.0						
AGO	2007		BEA_return_cg	all_groups	6100.0	358000000.0							
AGO	2008		BEA_return_cg	all_groups	5600.0	417000000.0							
AGO	2009		BEA_return_cg	all_groups	5700.0	467000000.0	42358000000.0	15030000000.0					
AGO	2010		BEA_return_cg	all_groups	6000.0	587000000.0		16407000000.0					
AGO	2011		BEA_return_cg	all_groups	5900.0	612000000.0							
AGO	2012		BEA_return_cg	all_groups	6500.0	698000000.0	50061000000.0						
AGO	2013		BEA_return_cg	all_groups	6300.0	771000000.0	56122000000.0	17411000000.0					
AGO	2014		BEA_return_cg	all_groups	6900.0	791000000.0	60504000000.0	20274000000.0					
AGO	2015		BEA_return_cg	all_groups	6200.0	718000000.0	57917000000.0						
AGO	2016		BEA_return_cg	all_groups	5500.0	658000000.0							
AGO	2017		BEA_return_cg	all_groups	5100.0	605000000.0							
AGO	2018		BEA_return_cg	all_groups	5200.0	559000000.0							
AGO	2019		BEA_return_cg	all_groups	4300.0	549000000.0							
AGO	2020		BEA_return_cg	all_groups	4000.0	545000000.0							
AGO	2021		BEA_return_cg	all_groups	4100.0	517000000.0							
AIA	2004		BEA_return_cg	all_groups		0.0	7000000.0	1000000.0					
AIA	2005		BEA_return_cg	all_groups		0.0	7000000.0						
AIA	2006		BEA_return_cg	all_groups		0.0	7000000.0						
AIA	2007		BEA_return_cg	all_groups		0.0	7000000.0						
AIA	2008		BEA_return_cg	all_groups		0.0	7000000.0						
AIA	2009		BEA_return_cg	all_groups		1000000.0	5000000.0	3000000.0					
AIA	2010		BEA_return_cg	all_groups		1000000.0	5000000.0	3000000.0					
AIA	2011		BEA_return_cg	all_groups		1000000.0	5000000.0	3000000.0					
AIA	2012		BEA_return_cg	all_groups		1000000.0	5000000.0	3000000.0					
AIA	2013		BEA_return_cg	all_groups		1000000.0	5000000.0	3000000.0					
AIA	2014		BEA_return_cg	all_groups	200.0	1000000.0	504000000.0	62000000.0					
AIA	2015		BEA_return_cg	all_groups	200.0	1000000.0	236000000.0	62000000.0					
AIA	2016		BEA_return_cg	all_groups	200.0	1000000.0	353000000.0	60000000.0					
AIA	2017		BEA_return_cg	all_groups	200.0	1000000.0	443000000.0	59000000.0					
AIA	2018		BEA_return_cg	all_groups	200.0	1000000.0	539000000.0	61000000.0					
AIA	2019		BEA_return_cg	all_groups	200.0	1000000.0	304000000.0						
AIA	2020		BEA_return_cg	all_groups	200.0	1000000.0	308000000.0						
AIA	2021		BEA_return_cg	all_groups	200.0	1000000.0	190000000.0						
ALB	2004		BEA_return_cg	all_groups			2000000.0						
ALB	2005		BEA_return_cg	all_groups			2000000.0						
ALB	2006		BEA_return_cg	all_groups			2000000.0						
ALB	2007		BEA_return_cg	all_groups									
ALB	2008		BEA_return_cg	all_groups									
ALB	2009		BEA_return_cg	all_groups				1000000.0					
ALB	2010		BEA_return_cg	all_groups				1000000.0					
ALB	2011		BEA_return_cg	all_groups				1000000.0					
ALB	2012		BEA_return_cg	all_groups				1000000.0					
ALB	2013		BEA_return_cg	all_groups				1000000.0					
ALB	2014		BEA_return_cg	all_groups	300.0	7000000.0	42000000.0	5000000.0					
ALB	2015		BEA_return_cg	all_groups	300.0	7000000.0		5000000.0					
ALB	2016		BEA_return_cg	all_groups		7000000.0	43000000.0	5000000.0					
ALB	2017		BEA_return_cg	all_groups		7000000.0	45000000.0	5000000.0					
ALB	2018		BEA_return_cg	all_groups	300.0	7000000.0	46000000.0	5000000.0					
ALB	2019		BEA_return_cg	all_groups	200.0	9000000.0	98000000.0	24000000.0					
ALB	2020		BEA_return_cg	all_groups	200.0	9000000.0	99000000.0	24000000.0					
ALB	2021		BEA_return_cg	all_groups	200.0	9000000.0	102000000.0	24000000.0					
AND	2004		BEA_return_cg	all_groups			1000000.0						
AND	2005		BEA_return_cg	all_groups			1000000.0						
AND	2006		BEA_return_cg	all_groups			1000000.0						
AND	2007		BEA_return_cg	all_groups			1000000.0						
AND	2008		BEA_return_cg	all_groups			1000000.0						
AND	2009		BEA_return_cg	all_groups		2000000.0							
AND	2010		BEA_return_cg	all_groups		2000000.0							
AND	2011		BEA_return_cg	all_groups		2000000.0							
AND	2012		BEA_return_cg	all_groups		2000000.0							
AND	2013		BEA_return_cg	all_groups		2000000.0							
AND	2019		BEA_return_cg	all_groups	0.0	0.0		1000000.0					
AND	2020		BEA_return_cg	all_groups	0.0	0.0		1000000.0					
AND	2021		BEA_return_cg	all_groups	0.0	0.0		1000000.0					
ANT	2004		BEA_return_cg	all_groups									
ANT	2005		BEA_return_cg	all_groups			85454000000.0						
ANT	2006		BEA_return_cg	all_groups									
ANT	2007		BEA_return_cg	all_groups									
ANT	2008		BEA_return_cg	all_groups									
ANT	2009		BEA_return_cg	all_groups	1200.0	41000000.0	166113000000.0	343000000.0					
ANT	2010		BEA_return_cg	all_groups	1200.0	42000000.0	98561000000.0	409000000.0					
ARE	2004	695000000.0	BEA_return_cg	all_groups	10100.0	381000000.0			359000000.0			30000000.0	0.516546762589928
ARE	2005	73000000.0	BEA_return_cg	all_groups	11200.0	386000000.0	10085000000.0		-266000000.0			36000000.0	-3.643835616438356
ARE	2006		BEA_return_cg	all_groups	8900.0	426000000.0			992000000.0			19000000.0	
ARE	2007	3012000000.0	BEA_return_cg	all_groups	10500.0	502000000.0	12348000000.0						
ARE	2008		BEA_return_cg	all_groups	12900.0	624000000.0						-41000000.0	
ARE	2009	3027000000.0	BEA_return_cg	all_groups	18800.0	1110000000.0	16478000000.0	2315000000.0					
ARE	2010	3754000000.0	BEA_return_cg	all_groups	19800.0	1169000000.0	19151000000.0	2510000000.0					
ARE	2011	9551000000.0	BEA_return_cg	all_groups	21500.0	1397000000.0	24205000000.0	3581000000.0					
ARE	2012	10866000000.0	BEA_return_cg	all_groups	23300.0	1471000000.0	30469000000.0	4822000000.0					
ARE	2013	11187000000.0	BEA_return_cg	all_groups	24000.0	1642000000.0	34564000000.0	6617000000.0				-105000000.0	
ARE	2014	7335000000.0	BEA_return_cg	all_groups	28400.0	2002000000.0	40884000000.0	7433000000.0				-3000000.0	
ARE	2015	5050000000.0	BEA_return_cg	all_groups	29000.0	2268000000.0	45108000000.0	9126000000.0					
ARE	2016	3781000000.0	BEA_return_cg	all_groups	28200.0	2542000000.0	45389000000.0	9040000000.0	2030000000.0				0.5368950013224015
ARE	2017	5202000000.0	BEA_return_cg	all_groups	29900.0	2797000000.0	50459000000.0	9615000000.0					
ARE	2018	5774000000.0	BEA_return_cg	all_groups	31600.0	2871000000.0	51968000000.0	10722000000.0					
ARE	2019	5134000000.0	BEA_return_cg	all_groups	31800.0	3394000000.0	59420000000.0	11355000000.0		19206000000.0	27532000000.0		
ARE	2020	3711000000.0	BEA_return_cg	all_groups	34700.0	3631000000.0	84774000000.0	11839000000.0		18773000000.0	25855000000.0	-1114000000.0	
ARE	2021	5803000000.0	BEA_return_cg	all_groups	34300.0	3984000000.0	89107000000.0	11297000000.0		20683000000.0	30111000000.0		
ARG	2004	1997000000.0	BEA_return_cg	all_groups	98800.0	1606000000.0	32396000000.0	12275000000.0	846000000.0			216000000.0	0.42363545317976964
ARG	2005	2494000000.0	BEA_return_cg	all_groups	97900.0	1767000000.0	32822000000.0		568000000.0			207000000.0	0.22774659182036888
ARG	2006	3564000000.0	BEA_return_cg	all_groups	107800.0	2067000000.0	40416000000.0		1282000000.0			116000000.0	0.35970819304152635
ARG	2007	3435000000.0	BEA_return_cg	all_groups	123500.0	2399000000.0	44301000000.0		1288000000.0			102000000.0	0.37496360989810773
ARG	2008	3440000000.0	BEA_return_cg	all_groups	131700.0	2995000000.0	46299000000.0		1283000000.0			148000000.0	0.37296511627906975
ARG	2009	3559000000.0	BEA_return_cg	all_groups	137100.0	3407000000.0	50196000000.0	17795000000.0	1432000000.0				0.4023602135431301
ARG	2010	4981000000.0	BEA_return_cg	all_groups	141200.0	3936000000.0	58259000000.0	18807000000.0	1464000000.0			-106000000.0	0.29391688415980727
ARG	2011	5425000000.0	BEA_return_cg	all_groups	139000.0	4504000000.0	56710000000.0	17440000000.0	2301000000.0	37374000000.0	48511000000.0	-122000000.0	0.42414746543778803
ARG	2012	4667000000.0	BEA_return_cg	all_groups	134300.0	5040000000.0	59451000000.0	17574000000.0	2155000000.0			-205000000.0	0.46175273194771804
ARG	2013	4555000000.0	BEA_return_cg	all_groups	133900.0	5291000000.0	60406000000.0	17760000000.0	2313000000.0	38545000000.0	50140000000.0	-204000000.0	0.5077936333699231
ARG	2014	5181000000.0	BEA_return_cg	all_groups	138100.0	5600000000.0	66597000000.0	18758000000.0				-35000000.0	
ARG	2015	3750000000.0	BEA_return_cg	all_groups	136400.0	6133000000.0	68716000000.0	20019000000.0	2538000000.0	36298000000.0	45348000000.0	-159000000.0	0.6768
ARG	2016	3214000000.0	BEA_return_cg	all_groups	131200.0	5518000000.0	67075000000.0	20263000000.0	1956000000.0	32643000000.0	41748000000.0	-216000000.0	0.6085874299937772
ARG	2017	4280000000.0	BEA_return_cg	all_groups	133400.0	5774000000.0	66768000000.0	20731000000.0	834000000.0	33062000000.0	42486000000.0	-119000000.0	0.19485981308411215
ARG	2018	2323000000.0	BEA_return_cg	all_groups	127500.0	4987000000.0	52636000000.0	10677000000.0	874000000.0	27761000000.0	38527000000.0	108000000.0	0.37623762376237624
ARG	2019	1450000000.0	BEA_return_cg	all_groups	124600.0	4553000000.0	51231000000.0	10553000000.0		22230000000.0	34107000000.0	-120000000.0	
ARG	2020	408000000.0	BEA_return_cg	all_groups	109900.0	4012000000.0	53114000000.0	10316000000.0	443000000.0	18363000000.0	28569000000.0	-95000000.0	1.0857843137254901
ARG	2021	2309000000.0	BEA_return_cg	all_groups	101000.0	3789000000.0	53284000000.0	9787000000.0	665000000.0	20898000000.0	31565000000.0	-119000000.0	0.28800346470333477
ARM	2004		BEA_return_cg	all_groups		3000000.0	6000000.0	1000000.0					
ARM	2005		BEA_return_cg	all_groups		3000000.0	6000000.0						
ARM	2006		BEA_return_cg	all_groups		3000000.0	6000000.0						
ARM	2007		BEA_return_cg	all_groups		3000000.0	6000000.0						
ARM	2008		BEA_return_cg	all_groups		3000000.0	6000000.0						
ARM	2009		BEA_return_cg	all_groups		3000000.0	9000000.0	1000000.0					
ARM	2010		BEA_return_cg	all_groups	400.0	3000000.0	9000000.0	1000000.0					
ARM	2011		BEA_return_cg	all_groups	400.0	3000000.0	9000000.0	1000000.0					
ARM	2012		BEA_return_cg	all_groups	400.0	3000000.0	9000000.0	1000000.0					
ARM	2013		BEA_return_cg	all_groups	400.0	3000000.0	9000000.0	1000000.0					
ARM	2014		BEA_return_cg	all_groups	1400.0	18000000.0	85000000.0	4000000.0					
ARM	2015		BEA_return_cg	all_groups	1500.0	18000000.0	87000000.0	4000000.0					
ARM	2016		BEA_return_cg	all_groups	1400.0	17000000.0	82000000.0	3000000.0					
ARM	2017		BEA_return_cg	all_groups	1400.0	17000000.0	78000000.0	3000000.0					
ARM	2018		BEA_return_cg	all_groups	1400.0	17000000.0	76000000.0	3000000.0					
ARM	2019		BEA_return_cg	all_groups	1500.0	29000000.0	103000000.0	12000000.0					
ARM	2020		BEA_return_cg	all_groups	1500.0	29000000.0	104000000.0	12000000.0					
ARM	2021		BEA_return_cg	all_groups	1500.0	29000000.0	102000000.0	12000000.0					
ATG	2004		BEA_return_cg	all_groups									
ATG	2005		BEA_return_cg	all_groups	200.0	4000000.0	72000000.0						
ATG	2006		BEA_return_cg	all_groups	100.0	3000000.0	43000000.0						
ATG	2007		BEA_return_cg	all_groups									
ATG	2008		BEA_return_cg	all_groups									
ATG	2009		BEA_return_cg	all_groups		2000000.0	12000000.0	2000000.0					
ATG	2010		BEA_return_cg	all_groups		2000000.0	12000000.0	2000000.0					
ATG	2011		BEA_return_cg	all_groups		2000000.0	12000000.0	2000000.0					
ATG	2012		BEA_return_cg	all_groups		2000000.0	12000000.0	2000000.0					
ATG	2013		BEA_return_cg	all_groups		2000000.0	12000000.0	2000000.0					
ATG	2014		BEA_return_cg	all_groups			11000000.0	1000000.0					
ATG	2015		BEA_return_cg	all_groups			10000000.0	1000000.0					
ATG	2016		BEA_return_cg	all_groups			10000000.0	1000000.0					
ATG	2017		BEA_return_cg	all_groups			10000000.0	1000000.0					
ATG	2018		BEA_return_cg	all_groups			10000000.0	1000000.0					
ATG	2019		BEA_return_cg	all_groups			35000000.0						
ATG	2020		BEA_return_cg	all_groups			35000000.0						
ATG	2021		BEA_return_cg	all_groups			35000000.0						
AUS	2004	7445000000.0	BEA_return_cg	all_groups	321800.0	14316000000.0	175583000000.0	32722000000.0	1485000000.0			-418000000.0	0.1994627266621894
AUS	2005	10152000000.0	BEA_return_cg	all_groups	321900.0	16046000000.0	222551000000.0		1664000000.0			-1385000000.0	0.16390858944050432
AUS	2006	11601000000.0	BEA_return_cg	all_groups	315000.0	16871000000.0	225696000000.0		3289000000.0			202000000.0	0.2835100422377381
AUS	2007	12069000000.0	BEA_return_cg	all_groups	327900.0	19179000000.0	297057000000.0		3195000000.0			1260000000.0	0.26472781506338555
AUS	2008	13298000000.0	BEA_return_cg	all_groups	318300.0	19756000000.0	282965000000.0		4097000000.0			2396000000.0	0.3080914423221537
AUS	2009	10405000000.0	BEA_return_cg	all_groups	294600.0	19998000000.0	420953000000.0	54758000000.0	4009000000.0				0.3852955309947141
AUS	2010	14051000000.0	BEA_return_cg	all_groups	290900.0	21876000000.0	494608000000.0	56337000000.0	3995000000.0	121906000000.0	142916000000.0	-591000000.0	0.2843214006120561
AUS	2011	19212000000.0	BEA_return_cg	all_groups	305500.0	25062000000.0	566883000000.0	69937000000.0	4528000000.0	143496000000.0	167082000000.0	-171000000.0	0.2356860295648553
AUS	2012	13713000000.0	BEA_return_cg	all_groups	308100.0	26863000000.0	573811000000.0	85123000000.0	4922000000.0	151427000000.0	175633000000.0	248000000.0	0.358929482972362
AUS	2013	7145000000.0	BEA_return_cg	all_groups	309400.0	27042000000.0	582424000000.0	94158000000.0	2455000000.0	147935000000.0	177503000000.0	184000000.0	0.3435969209237229
AUS	2014	14081000000.0	BEA_return_cg	all_groups	343400.0	29666000000.0	677567000000.0	103415000000.0	3528000000.0	148353000000.0	174888000000.0	292000000.0	0.25055038704637456
AUS	2015	32000000.0	BEA_return_cg	all_groups	324800.0	26826000000.0	632314000000.0	79329000000.0	2224000000.0	123363000000.0	144327000000.0	911000000.0	69.5
AUS	2016	4201000000.0	BEA_return_cg	all_groups	310200.0	25798000000.0	690220000000.0	79618000000.0	1871000000.0	115428000000.0	135454000000.0	1392000000.0	0.4453701499642942
AUS	2017	14452000000.0	BEA_return_cg	all_groups	322800.0	26421000000.0	761976000000.0	76889000000.0	2652000000.0	128833000000.0	149503000000.0	606000000.0	0.18350401328535842
AUS	2018	8400000000.0	BEA_return_cg	all_groups	324400.0	26265000000.0	771662000000.0	75415000000.0	2915000000.0	139445000000.0	163071000000.0	-292000000.0	0.3470238095238095
AUS	2019	7407000000.0	BEA_return_cg	all_groups	332000.0	26186000000.0	757933000000.0	74627000000.0	2958000000.0	137647000000.0	161888000000.0	-184000000.0	0.3993519643580397
AUS	2020	4243000000.0	BEA_return_cg	all_groups	316100.0	25399000000.0	808803000000.0	72618000000.0	2617000000.0	127300000000.0	147878000000.0	-775000000.0	0.6167805797784587
AUS	2021	13018000000.0	BEA_return_cg	all_groups	328100.0	27924000000.0	798964000000.0	73531000000.0	3606000000.0	157712000000.0	182120000000.0	-266000000.0	0.2770010754340144
AUT	2004	1261000000.0	BEA_return_cg	all_groups	35600.0	2218000000.0	30078000000.0	3567000000.0	281000000.0			-70000000.0	0.22283901665344966
AUT	2005	6824000000.0	BEA_return_cg	all_groups	40500.0	2603000000.0	36848000000.0		164000000.0			-61000000.0	0.02403282532239156
AUT	2006	1205000000.0	BEA_return_cg	all_groups	40600.0	2758000000.0			220000000.0			-69000000.0	0.1825726141078838
AUT	2007	1437000000.0	BEA_return_cg	all_groups	40400.0	3024000000.0			266000000.0			36000000.0	0.18510786360473208
AUT	2008	999000000.0	BEA_return_cg	all_groups	44900.0	3239000000.0			300000000.0			293000000.0	0.3003003003003003
AUT	2009	828000000.0	BEA_return_cg	all_groups	41000.0	3317000000.0	40217000000.0	4250000000.0	279000000.0			244000000.0	0.33695652173913043
AUT	2010	1333000000.0	BEA_return_cg	all_groups	40300.0	3288000000.0	35340000000.0	3641000000.0	180000000.0	14464000000.0	20005000000.0	331000000.0	0.1350337584396099
AUT	2011	365000000.0	BEA_return_cg	all_groups	43800.0	3568000000.0	40027000000.0	4086000000.0	220000000.0	16909000000.0	21801000000.0	292000000.0	0.6027397260273972
AUT	2012	-277000000.0	BEA_return_cg	all_groups	46100.0	3671000000.0	43544000000.0	4327000000.0	209000000.0	14692000000.0	20783000000.0	219000000.0	-0.7545126353790613
AUT	2013	1090000000.0	BEA_return_cg	all_groups	46100.0	3815000000.0	46997000000.0	4602000000.0	226000000.0	15725000000.0	21182000000.0	85000000.0	0.20733944954128442
AUT	2014	1188000000.0	BEA_return_cg	all_groups	47900.0	3991000000.0	37158000000.0	3975000000.0		17762000000.0	22318000000.0	54000000.0	
AUT	2015	-28000000.0	BEA_return_cg	all_groups	49900.0	3972000000.0	47692000000.0	4007000000.0	257000000.0	15964000000.0	19901000000.0	51000000.0	-9.178571428571429
AUT	2016	1198000000.0	BEA_return_cg	all_groups	47900.0	3571000000.0	40490000000.0	4259000000.0	245000000.0	14189000000.0	21537000000.0	-67000000.0	0.2045075125208681
AUT	2017	1643000000.0	BEA_return_cg	all_groups	49800.0	3792000000.0	42049000000.0	4827000000.0	325000000.0	15856000000.0	23372000000.0	-52000000.0	0.1978088861838101
AUT	2018	1068000000.0	BEA_return_cg	all_groups	47000.0	3691000000.0	39637000000.0	4530000000.0	204000000.0	16515000000.0	24419000000.0	-5000000.0	0.19101123595505617
AUT	2019	1210000000.0	BEA_return_cg	all_groups	41600.0	3278000000.0	38839000000.0	4236000000.0	262000000.0	16565000000.0	24140000000.0	-8000000.0	0.21652892561983472
AUT	2020	818000000.0	BEA_return_cg	all_groups	28800.0	2508000000.0	29427000000.0	3702000000.0	139000000.0	16820000000.0	22457000000.0	22000000.0	0.16992665036674817
AUT	2021	560000000.0	BEA_return_cg	all_groups	29700.0	2724000000.0	30174000000.0	3885000000.0	191000000.0	17950000000.0	24349000000.0	20000000.0	0.3410714285714286
AZE	2004		BEA_return_cg	all_groups	300.0	11000000.0	4897000000.0	4065000000.0					
AZE	2005		BEA_return_cg	all_groups	600.0	18000000.0	7504000000.0						
AZE	2006		BEA_return_cg	all_groups	700.0	20000000.0	10384000000.0						
AZE	2007		BEA_return_cg	all_groups	1300.0	61000000.0	14266000000.0						
AZE	2008		BEA_return_cg	all_groups	1100.0	47000000.0	14529000000.0						
AZE	2009		BEA_return_cg	all_groups	1000.0	53000000.0	6844000000.0	4608000000.0					
AZE	2010		BEA_return_cg	all_groups	900.0	52000000.0	6035000000.0	4499000000.0					
AZE	2011		BEA_return_cg	all_groups	900.0	61000000.0	6130000000.0	4410000000.0					
AZE	2012		BEA_return_cg	all_groups	1000.0	72000000.0	5982000000.0	4342000000.0					
AZE	2013		BEA_return_cg	all_groups	1100.0	117000000.0	5343000000.0						
AZE	2014		BEA_return_cg	all_groups	2000.0	100000000.0	5004000000.0						
AZE	2015		BEA_return_cg	all_groups	1800.0	85000000.0	4281000000.0						
AZE	2016		BEA_return_cg	all_groups	1700.0	84000000.0	3581000000.0						
AZE	2017		BEA_return_cg	all_groups	1700.0	75000000.0	3663000000.0						
AZE	2018		BEA_return_cg	all_groups	1700.0	74000000.0	3580000000.0						
AZE	2019		BEA_return_cg	all_groups	1700.0	84000000.0	3679000000.0						
AZE	2020		BEA_return_cg	all_groups	1700.0	82000000.0	3544000000.0						
AZE	2021		BEA_return_cg	all_groups	1600.0	74000000.0	3597000000.0						
BDI	2004		BEA_return_cg	all_groups			1000000.0						
BDI	2005		BEA_return_cg	all_groups			1000000.0						
BDI	2006		BEA_return_cg	all_groups			1000000.0						
BDI	2007		BEA_return_cg	all_groups			1000000.0						
BDI	2008		BEA_return_cg	all_groups			1000000.0						
BDI	2009		BEA_return_cg	all_groups	0.0	0.0							
BDI	2010		BEA_return_cg	all_groups	0.0	0.0							
BDI	2011		BEA_return_cg	all_groups	0.0	0.0							
BDI	2012		BEA_return_cg	all_groups	0.0	0.0							
BDI	2013		BEA_return_cg	all_groups	0.0	0.0							
BDI	2014		BEA_return_cg	all_groups	100.0	1000000.0	3000000.0						
BDI	2015		BEA_return_cg	all_groups	100.0	1000000.0	3000000.0						
BDI	2016		BEA_return_cg	all_groups	100.0	1000000.0	3000000.0						
BDI	2017		BEA_return_cg	all_groups	100.0	1000000.0	3000000.0						
BDI	2018		BEA_return_cg	all_groups	100.0	1000000.0	3000000.0						
BDI	2019		BEA_return_cg	all_groups			1000000.0						
BDI	2020		BEA_return_cg	all_groups			1000000.0						
BDI	2021		BEA_return_cg	all_groups			1000000.0						
BEA_Other_Europe	2004	5120000000.0	BEA_return_cg	all_groups	120900.0	1818000000.0	51903000000.0	17335000000.0	941000000.0			14000000.0	0.1837890625
BEA_Other_Europe	2005	5773000000.0	BEA_return_cg	all_groups	125800.0	1914000000.0	65052000000.0		1507000000.0			103000000.0	0.26104278538021825
BEA_Other_Europe	2006	8831000000.0	BEA_return_cg	all_groups	128199.99999999999	2012000000.0	81220000000.0		1522000000.0			50000000.0	0.17234741252406297
BEA_Other_Europe	2007	13571000000.0	BEA_return_cg	all_groups	138800.0	2559000000.0	101448000000.0		3822000000.0			377000000.0	0.28162994620882764
BEA_Other_Europe	2008	15969000000.0	BEA_return_cg	all_groups	143300.0	3018000000.0	113890000000.0		5235000000.0			711000000.0	0.3278226563967687
BEA_Other_Europe	2009	6957000000.0	BEA_return_cg	all_groups	139900.0	3164000000.0	144570000000.0	32414000000.0	2599000000.0				0.3735805663360644
BEA_Other_Europe	2010	12286000000.0	BEA_return_cg	all_groups	139300.0	3308000000.0	145617000000.0	32582000000.0				-243000000.0	
BEA_Other_Europe	2011	18330000000.0	BEA_return_cg	all_groups	144300.0	3483000000.0	180172000000.0	33399000000.0	6470000000.0			-618000000.0	0.3529732678668849
BEA_Other_Europe	2012	18370000000.0	BEA_return_cg	all_groups	148400.0	3538000000.0	221985000000.0	33802000000.0	6103000000.0			-954000000.0	0.332226456178552
BEA_Other_Europe	2013	19672000000.0	BEA_return_cg	all_groups	152100.0	3755000000.0	246438000000.0	32030000000.0				-581000000.0	
BEA_Other_Europe	2014	16378000000.0	BEA_return_cg	all_groups	192300.0	4717000000.0	301813000000.0	34666000000.0	5415000000.0				0.3306264501160093
BEA_Other_Europe	2015		BEA_return_cg	all_groups	200000.0	4783000000.0	277481000000.0	43566000000.0					
BEA_Other_Europe	2016	-1310000000.0	BEA_return_cg	all_groups	219500.0	4956000000.0	286056000000.0	46791000000.0					
BEA_Other_Europe	2017	-6928000000.0	BEA_return_cg	all_groups	222100.0	5214000000.0	287004000000.0	49292000000.0	2195000000.0				-0.31683025404157045
BEA_Other_Europe	2018	-5049000000.0	BEA_return_cg	all_groups	221200.0	5430000000.0	282291000000.0	54278000000.0	2080000000.0				-0.41196276490394135
BEA_Other_Europe	2019	-4983000000.0	BEA_return_cg	all_groups	240100.0	5810000000.0	281901000000.0	59813000000.0	2398000000.0				-0.48123620309050774
BEA_Other_Europe	2020	-5189000000.0	BEA_return_cg	all_groups	248600.0	5952000000.0	285761000000.0	59487000000.0					
BEA_Other_Europe	2021	8571000000.0	BEA_return_cg	all_groups	232300.0	6150000000.0	383740000000.0	58246000000.0	2444000000.0				0.285147590712869
BEA_Other_Western	2004	2396000000.0	BEA_return_cg	all_groups			98986000000.0	11752000000.0	446000000.0			-294000000.0	0.18614357262103506
BEA_Other_Western	2005	3130000000.0	BEA_return_cg	all_groups	29300.0	737000000.0	124250000000.0		831000000.0			-501000000.0	0.2654952076677316
BEA_Other_Western	2006	4776000000.0	BEA_return_cg	all_groups	29300.0	732000000.0			1405000000.0			-629000000.0	0.294179229480737
BEA_Other_Western	2007	5341000000.0	BEA_return_cg	all_groups			159033000000.0		1428000000.0			-726000000.0	0.2673656618610747
BEA_Other_Western	2008	7126000000.0	BEA_return_cg	all_groups			257936000000.0		2708000000.0			-2611000000.0	0.3800168397417906
BEA_Other_Western	2009	4110000000.0	BEA_return_cg	all_groups	15900.0	561000000.0	615330000000.0	7154000000.0					
BEA_Other_Western	2010	3904000000.0	BEA_return_cg	all_groups	15900.0	565000000.0	593878000000.0	6801000000.0	1238000000.0			-483000000.0	0.3171106557377049
BEA_Other_Western	2011	3962000000.0	BEA_return_cg	all_groups	16200.0	577000000.0	660018000000.0	8433000000.0	1544000000.0			-350000000.0	0.3897021706208985
BEA_Other_Western	2012	4185000000.0	BEA_return_cg	all_groups	15400.0	615000000.0	426458000000.0	7627000000.0	1285000000.0			-324000000.0	0.3070489844683393
BEA_Other_Western	2013	4090000000.0	BEA_return_cg	all_groups	15800.0	584000000.0	362117000000.0	8212000000.0	1427000000.0			-612000000.0	0.3488997555012225
BEA_Other_Western	2014	13454000000.0	BEA_return_cg	all_groups	28700.0	1015000000.0	309859000000.0	12239000000.0				-282000000.0	
BEA_Other_Western	2015	14665000000.0	BEA_return_cg	all_groups	28600.0	1048000000.0	288400000000.0	12883000000.0	67000000.0				0.004568700988748721
BEA_Other_Western	2016	11956000000.0	BEA_return_cg	all_groups	27500.0	1042000000.0	170519000000.0	13368000000.0	-56000000.0				-0.00468384074941452
BEA_Other_Western	2017	12097000000.0	BEA_return_cg	all_groups	27100.0	994000000.0	173099000000.0	12906000000.0					
BEA_Other_Western	2018	14078000000.0	BEA_return_cg	all_groups	24400.0	935000000.0	188327000000.0	11922000000.0	370000000.0				0.026282142349765593
BEA_Other_Western	2019	560000000.0	BEA_return_cg	all_groups	28700.0	980000000.0	167817000000.0	10207000000.0	-198000000.0			-33000000.0	-0.3535714285714286
BEA_Other_Western	2020	-1806000000.0	BEA_return_cg	all_groups	29200.0	840000000.0	143478000000.0	9834000000.0				-221000000.0	
BEA_Other_Western	2021	2266000000.0	BEA_return_cg	all_groups	29200.0	927000000.0	159626000000.0	10559000000.0	805000000.0	8826000000.0		-132000000.0	0.3552515445719329
BEL	2004	5230000000.0	BEA_return_cg	all_groups	128199.99999999999	9326000000.0	246011000000.0	15759000000.0	880000000.0			-1925000000.0	0.1682600382409178
BEL	2005	12420000000.0	BEA_return_cg	all_groups	130000.0	9270000000.0	238100000000.0		1612000000.0			-1362000000.0	0.12979066022544283
BEL	2006	7819000000.0	BEA_return_cg	all_groups	133900.0	10197000000.0	266319000000.0		1693000000.0			-1398000000.0	0.21652385215500702
BEL	2007	8141000000.0	BEA_return_cg	all_groups	139800.0	11553000000.0	307856000000.0		1011000000.0			-2362000000.0	0.12418621790934775
BEL	2008	7434000000.0	BEA_return_cg	all_groups	142800.0	12267000000.0	339757000000.0		1404000000.0			-2838000000.0	0.18886198547215496
BEL	2009	7027000000.0	BEA_return_cg	all_groups	135800.0	11543000000.0	350360000000.0	18092000000.0	702000000.0			-1766000000.0	0.09990038423224705
BEL	2010	9220000000.0	BEA_return_cg	all_groups	132500.0	11080000000.0	346331000000.0	15643000000.0		74421000000.0	118385000000.0	-1084000000.0	
BEL	2011	7786000000.0	BEA_return_cg	all_groups	132200.0	12232000000.0	399583000000.0	16217000000.0	1549000000.0	90317000000.0	140947000000.0	-2000000000.0	0.19894682763935267
BEL	2012	6681000000.0	BEA_return_cg	all_groups	130500.0	11907000000.0	421898000000.0	15978000000.0	1316000000.0	81177000000.0	134687000000.0	-1576000000.0	0.19697650052387367
BEL	2013	5764000000.0	BEA_return_cg	all_groups	125900.0	11792000000.0	419525000000.0	16726000000.0	1183000000.0	78921000000.0	130656000000.0	-426000000.0	0.20523941707147814
BEL	2014	6774000000.0	BEA_return_cg	all_groups	129600.0	11719000000.0	387351000000.0	15183000000.0	1590000000.0	79982000000.0	137350000000.0	-308000000.0	0.23472099202834368
BEL	2015	7447000000.0	BEA_return_cg	all_groups	130100.0	11364000000.0	373828000000.0	14240000000.0	1892000000.0	70668000000.0	115587000000.0	-215000000.0	0.25406203840472674
BEL	2016	7558000000.0	BEA_return_cg	all_groups	123500.0	10779000000.0	391852000000.0	15852000000.0	1628000000.0	68997000000.0	133791000000.0	107000000.0	0.2154008997089177
BEL	2017	8550000000.0	BEA_return_cg	all_groups	123700.0	10912000000.0	423602000000.0	17268000000.0	2212000000.0	72332000000.0	155305000000.0	121000000.0	0.2587134502923977
BEL	2018	7735000000.0	BEA_return_cg	all_groups	125000.0	11105000000.0	379347000000.0	17576000000.0	2195000000.0	77347000000.0	167182000000.0	84000000.0	0.2837750484809308
BEL	2019	7564000000.0	BEA_return_cg	all_groups	123800.0	11142000000.0	405475000000.0	18771000000.0	2104000000.0	70200000000.0	174501000000.0	-116000000.0	0.27815970386039135
BEL	2020	9117000000.0	BEA_return_cg	all_groups	116100.0	11029000000.0	405330000000.0	18734000000.0	1756000000.0	61572000000.0	166156000000.0	-173000000.0	0.19260721728638808
BEL	2021	10899000000.0	BEA_return_cg	all_groups	115800.0	11609000000.0	390878000000.0	18347000000.0	1867000000.0	75316000000.0	215855000000.0	-149000000.0	0.1713001192769979
BEN	2004		BEA_return_cg	all_groups									
BEN	2005		BEA_return_cg	all_groups		1000000.0							
BEN	2006		BEA_return_cg	all_groups		1000000.0							
BEN	2007		BEA_return_cg	all_groups									
BEN	2008		BEA_return_cg	all_groups									
BEN	2009		BEA_return_cg	all_groups	0.0								
BEN	2010		BEA_return_cg	all_groups	0.0	0.0							
BEN	2011		BEA_return_cg	all_groups	0.0	0.0							
BEN	2012		BEA_return_cg	all_groups	0.0	0.0							
BEN	2013		BEA_return_cg	all_groups	0.0	0.0							
BEN	2014		BEA_return_cg	all_groups			4000000.0						
BEN	2015		BEA_return_cg	all_groups			4000000.0						
BEN	2016		BEA_return_cg	all_groups			4000000.0						
BEN	2017		BEA_return_cg	all_groups			4000000.0						
BEN	2018		BEA_return_cg	all_groups			4000000.0						
BEN	2019		BEA_return_cg	all_groups			2000000.0						
BEN	2020		BEA_return_cg	all_groups			2000000.0						
BEN	2021		BEA_return_cg	all_groups			2000000.0						
BFA	2004		BEA_return_cg	all_groups									
BGD	2004		BEA_return_cg	all_groups	1800.0	20000000.0							
BGD	2005		BEA_return_cg	all_groups	1800.0	19000000.0	2954000000.0						
BGD	2006		BEA_return_cg	all_groups	1800.0	24000000.0							
BGD	2007		BEA_return_cg	all_groups	1700.0	27000000.0							
BGD	2008		BEA_return_cg	all_groups	1000.0	17000000.0	2135000000.0						
BGD	2009		BEA_return_cg	all_groups	1100.0	39000000.0	2765000000.0						
BGD	2010		BEA_return_cg	all_groups	1200.0	38000000.0	2667000000.0						
BGD	2011		BEA_return_cg	all_groups	1200.0	40000000.0	2704000000.0						
BGD	2012		BEA_return_cg	all_groups	1400.0	51000000.0	2923000000.0						
BGD	2013		BEA_return_cg	all_groups	2900.0	70000000.0							
BGD	2014		BEA_return_cg	all_groups	4200.0	97000000.0							
BGD	2015		BEA_return_cg	all_groups	4000.0	99000000.0	4284000000.0						
BGD	2016		BEA_return_cg	all_groups	3800.0	107000000.0	4302000000.0						
BGD	2017		BEA_return_cg	all_groups	3700.0	91000000.0	4087000000.0						
BGD	2018		BEA_return_cg	all_groups	4000.0	86000000.0							
BGD	2019		BEA_return_cg	all_groups	4000.0	82000000.0	4133000000.0						
BGD	2020		BEA_return_cg	all_groups	3700.0	81000000.0	4358000000.0						
BGD	2021		BEA_return_cg	all_groups	4500.0	89000000.0	4331000000.0						
BGR	2004		BEA_return_cg	all_groups									
BGR	2005		BEA_return_cg	all_groups			1602000000.0						
BGR	2006		BEA_return_cg	all_groups	6500.0	67000000.0	1039000000.0						
BGR	2007		BEA_return_cg	all_groups	3900.0	48000000.0							
BGR	2008		BEA_return_cg	all_groups	4100.0	55000000.0							
BGR	2009		BEA_return_cg	all_groups	5900.0	97000000.0	3068000000.0	2031000000.0					
BGR	2010		BEA_return_cg	all_groups	4800.0	104000000.0	3094000000.0	1977000000.0					
BGR	2011		BEA_return_cg	all_groups	4900.0	111000000.0	3265000000.0	1798000000.0					
BGR	2012		BEA_return_cg	all_groups	4400.0	104000000.0	3164000000.0	1791000000.0					
BGR	2013		BEA_return_cg	all_groups	6500.0	149000000.0	3860000000.0	1895000000.0					
BGR	2014		BEA_return_cg	all_groups	9800.0	201000000.0	4338000000.0	1860000000.0					
BGR	2015		BEA_return_cg	all_groups	9800.0	199000000.0	4127000000.0	1691000000.0					
BGR	2016		BEA_return_cg	all_groups	9800.0	201000000.0	3693000000.0	1598000000.0					
BGR	2017		BEA_return_cg	all_groups	9400.0	214000000.0	4833000000.0	1702000000.0					
BGR	2018		BEA_return_cg	all_groups	11200.0	261000000.0	4375000000.0	1643000000.0					
BGR	2019		BEA_return_cg	all_groups	9800.0	265000000.0	4176000000.0	1601000000.0					
BGR	2020		BEA_return_cg	all_groups	10500.0	290000000.0	4513000000.0	1719000000.0					
BGR	2021		BEA_return_cg	all_groups	10800.0	278000000.0	4448000000.0	1595000000.0					
BHR	2004		BEA_return_cg	all_groups	1000.0	44000000.0							
BHR	2005		BEA_return_cg	all_groups	1000.0	29000000.0	349000000.0						
BHR	2006		BEA_return_cg	all_groups	700.0	18000000.0							
BHR	2007		BEA_return_cg	all_groups	700.0	22000000.0	349000000.0						
BHR	2008		BEA_return_cg	all_groups	500.0	19000000.0	331000000.0						
BHR	2009		BEA_return_cg	all_groups	1300.0	77000000.0		103000000.0					
BHR	2010		BEA_return_cg	all_groups	1400.0	82000000.0		370000000.0					
BHR	2011		BEA_return_cg	all_groups	1500.0	95000000.0	14115000000.0	467000000.0					
BHR	2012		BEA_return_cg	all_groups	1600.0	112000000.0	12545000000.0	1067000000.0					
BHR	2013		BEA_return_cg	all_groups	1400.0	97000000.0	5091000000.0	969000000.0					
BHR	2014		BEA_return_cg	all_groups	2800.0	134000000.0	3429000000.0	316000000.0					
BHR	2015		BEA_return_cg	all_groups	2800.0	115000000.0	3095000000.0	326000000.0					
BHR	2016		BEA_return_cg	all_groups	3200.0	120000000.0	3005000000.0	403000000.0					
BHR	2017		BEA_return_cg	all_groups	3100.0	104000000.0	2791000000.0	423000000.0					
BHR	2018		BEA_return_cg	all_groups	3100.0	102000000.0	3247000000.0	591000000.0					
BHR	2019		BEA_return_cg	all_groups	2700.0	99000000.0	3216000000.0	527000000.0					
BHR	2020		BEA_return_cg	all_groups	2500.0	74000000.0	3174000000.0	655000000.0					
BHR	2021		BEA_return_cg	all_groups	2500.0	80000000.0	3952000000.0	681000000.0					
BHS	2004		BEA_return_cg	all_groups	2000.0	95000000.0	19908000000.0	2417000000.0					
BHS	2005		BEA_return_cg	all_groups	2300.0	117000000.0	26630000000.0						
BHS	2006		BEA_return_cg	all_groups	2500.0	110000000.0							
BHS	2007		BEA_return_cg	all_groups	1500.0	105000000.0							
BHS	2008		BEA_return_cg	all_groups	2200.0	168000000.0							
BHS	2009		BEA_return_cg	all_groups	1400.0	93000000.0	421231000000.0	493000000.0					
BHS	2010		BEA_return_cg	all_groups	1400.0	93000000.0	468553000000.0	493000000.0					
BHS	2011		BEA_return_cg	all_groups	1500.0	118000000.0	541174000000.0	1680000000.0					
BHS	2012		BEA_return_cg	all_groups	1500.0	110000000.0	278148000000.0	1821000000.0					
BHS	2013		BEA_return_cg	all_groups	1800.0	122000000.0	222565000000.0	1841000000.0					
BHS	2014		BEA_return_cg	all_groups	11100.0	371000000.0	183404000000.0	3826000000.0					
BHS	2015		BEA_return_cg	all_groups	11000.0	353000000.0	160005000000.0	3585000000.0					
BHS	2016		BEA_return_cg	all_groups	11600.0	364000000.0	85458000000.0	3511000000.0					
BHS	2017		BEA_return_cg	all_groups	11700.0	371000000.0	86600000000.0	3563000000.0					
BHS	2018		BEA_return_cg	all_groups	10100.0	333000000.0	102693000000.0	3482000000.0					
BHS	2019		BEA_return_cg	all_groups	10800.0	387000000.0	104176000000.0						
BHS	2020		BEA_return_cg	all_groups	10300.0	328000000.0	87678000000.0	2428000000.0					
BHS	2021		BEA_return_cg	all_groups	10300.0	324000000.0	104221000000.0	2406000000.0					
BIH	2004		BEA_return_cg	all_groups									
BIH	2005		BEA_return_cg	all_groups	100.0	2000000.0							
BIH	2006		BEA_return_cg	all_groups	100.0	2000000.0							
BIH	2007		BEA_return_cg	all_groups									
BIH	2008		BEA_return_cg	all_groups									
BIH	2009		BEA_return_cg	all_groups	300.0	6000000.0	106000000.0	12000000.0					
BIH	2010		BEA_return_cg	all_groups	400.0	7000000.0	104000000.0	12000000.0					
BIH	2011		BEA_return_cg	all_groups	400.0	7000000.0	100000000.0	11000000.0					
BIH	2012		BEA_return_cg	all_groups	300.0	8000000.0	102000000.0	11000000.0					
BIH	2013		BEA_return_cg	all_groups	300.0	6000000.0	107000000.0	10000000.0					
BIH	2014		BEA_return_cg	all_groups	600.0	11000000.0	178000000.0	44000000.0					
BIH	2015		BEA_return_cg	all_groups	600.0	10000000.0	175000000.0	43000000.0					
BIH	2016		BEA_return_cg	all_groups	600.0	10000000.0	175000000.0	44000000.0					
BIH	2017		BEA_return_cg	all_groups	600.0	11000000.0	189000000.0	48000000.0					
BIH	2018		BEA_return_cg	all_groups	600.0	11000000.0	190000000.0	48000000.0					
BIH	2019		BEA_return_cg	all_groups	500.0	9000000.0	163000000.0	41000000.0					
BIH	2020		BEA_return_cg	all_groups	500.0	9000000.0	174000000.0	45000000.0					
BIH	2021		BEA_return_cg	all_groups	500.0	10000000.0	172000000.0	45000000.0					
BLR	2004		BEA_return_cg	all_groups									
BLR	2005		BEA_return_cg	all_groups	700.0	3000000.0							
BLR	2006		BEA_return_cg	all_groups	700.0	3000000.0							
BLR	2007		BEA_return_cg	all_groups									
BLR	2008		BEA_return_cg	all_groups									
BLR	2009		BEA_return_cg	all_groups	600.0	9000000.0		3000000.0					
BLR	2010		BEA_return_cg	all_groups	600.0	9000000.0		3000000.0					
BLR	2011		BEA_return_cg	all_groups	600.0	9000000.0		3000000.0					
BLR	2012		BEA_return_cg	all_groups	600.0	9000000.0		3000000.0					
BLR	2013		BEA_return_cg	all_groups	600.0	9000000.0		3000000.0					
BLR	2014		BEA_return_cg	all_groups			169000000.0	52000000.0					
BLR	2015		BEA_return_cg	all_groups			147000000.0	11000000.0					
BLR	2016		BEA_return_cg	all_groups			300000000.0	58000000.0					
BLR	2017		BEA_return_cg	all_groups				56000000.0					
BLR	2018		BEA_return_cg	all_groups			311000000.0	62000000.0					
BLR	2019		BEA_return_cg	all_groups			309000000.0						
BLR	2020		BEA_return_cg	all_groups									
BLR	2021		BEA_return_cg	all_groups									
BLZ	2004		BEA_return_cg	all_groups	200.0	5000000.0	151000000.0	20000000.0					
BLZ	2005		BEA_return_cg	all_groups	200.0	5000000.0	163000000.0						
BLZ	2006		BEA_return_cg	all_groups	200.0	5000000.0	189000000.0						
BLZ	2007		BEA_return_cg	all_groups	200.0	5000000.0	52000000.0						
BLZ	2008		BEA_return_cg	all_groups	200.0	4000000.0	59000000.0						
BLZ	2009		BEA_return_cg	all_groups	100.0	3000000.0	56000000.0	14000000.0					
BLZ	2010		BEA_return_cg	all_groups	100.0	2000000.0	54000000.0	15000000.0					
BLZ	2011		BEA_return_cg	all_groups	100.0	2000000.0	44000000.0						
BLZ	2012		BEA_return_cg	all_groups	100.0	1000000.0	22000000.0	2000000.0					
BLZ	2013		BEA_return_cg	all_groups	100.0	1000000.0	22000000.0	3000000.0					
BLZ	2014		BEA_return_cg	all_groups	700.0	11000000.0	219000000.0	21000000.0					
BLZ	2015		BEA_return_cg	all_groups	700.0	11000000.0	216000000.0	21000000.0					
BLZ	2016		BEA_return_cg	all_groups	700.0	11000000.0	217000000.0	21000000.0					
BLZ	2017		BEA_return_cg	all_groups	700.0	11000000.0	224000000.0	22000000.0					
BLZ	2018		BEA_return_cg	all_groups	700.0	11000000.0	221000000.0	22000000.0					
BLZ	2019		BEA_return_cg	all_groups	400.0	5000000.0	175000000.0	16000000.0					
BLZ	2020		BEA_return_cg	all_groups	300.0	5000000.0	175000000.0	16000000.0					
BLZ	2021		BEA_return_cg	all_groups	300.0	5000000.0	173000000.0	16000000.0					
BMU	2004	8295000000.0	BEA_return_cg	all_groups	6500.0	369000000.0	465963000000.0	5955000000.0	489000000.0			-3116000000.0	0.05895117540687161
BMU	2005	10765000000.0	BEA_return_cg	all_groups			553948000000.0		405000000.0			-3809000000.0	0.037621922898281465
BMU	2006	12307000000.0	BEA_return_cg	all_groups			623897000000.0		604000000.0			-3897000000.0	0.0490777606240351
BMU	2007	15614000000.0	BEA_return_cg	all_groups			742136000000.0		387000000.0			-3511000000.0	0.02478544895606507
BMU	2008	8572000000.0	BEA_return_cg	all_groups			691821000000.0		387000000.0			-4249000000.0	0.04514699020065329
BMU	2009	10495000000.0	BEA_return_cg	all_groups	3400.0	374000000.0	876418000000.0	7577000000.0	-64000000.0			-6252000000.0	-0.006098141972367794
BMU	2010	13785000000.0	BEA_return_cg	all_groups	3200.0	378000000.0	928086000000.0	7953000000.0	231000000.0	9501000000.0	28071000000.0	-5296000000.0	0.01675734494015234
BMU	2011	6816000000.0	BEA_return_cg	all_groups	3000.0	293000000.0	978601000000.0	7708000000.0	255000000.0	9744000000.0	28114000000.0	-4394000000.0	0.037411971830985914
BMU	2012	17930000000.0	BEA_return_cg	all_groups	6600.0	697000000.0	1028399000000.0	7861000000.0	-334000000.0	11674000000.0	38000000000.0	-4614000000.0	-0.018627997769102064
BMU	2013	10435000000.0	BEA_return_cg	all_groups	7600.0	805000000.0	1033153000000.0	9550000000.0	176000000.0	14370000000.0	38914000000.0	-3980000000.0	0.016866315285098226
BMU	2014	7750000000.0	BEA_return_cg	all_groups	9800.0	1248000000.0	1191373000000.0	8114000000.0		17149000000.0	42736000000.0		
BMU	2015	5638000000.0	BEA_return_cg	all_groups	10300.0	1200000000.0	1272633000000.0	7603000000.0	709000000.0	17809000000.0	39927000000.0	-5263000000.0	0.1257538134090103
BMU	2016	-1565000000.0	BEA_return_cg	all_groups	10800.0	986000000.0	1297147000000.0	9194000000.0	746000000.0	15662000000.0	36531000000.0	-5038000000.0	-0.47667731629392973
BMU	2017	8201000000.0	BEA_return_cg	all_groups	13800.0	1220000000.0	1458532000000.0	5901000000.0	838000000.0	15262000000.0	35676000000.0	-5700000000.0	0.10218266065114011
BMU	2018	9993000000.0	BEA_return_cg	all_groups	14100.0	1181000000.0	1315327000000.0	5858000000.0	1043000000.0	21486000000.0	43447000000.0	-6662000000.0	0.10437306114279996
BMU	2019	9673000000.0	BEA_return_cg	all_groups	16100.000000000002	1253000000.0	1276176000000.0	6549000000.0	-240000000.0	20842000000.0	36691000000.0	-7575000000.0	-0.02481133050759847
BMU	2020	10812000000.0	BEA_return_cg	all_groups	12200.0	885000000.0	960930000000.0	5258000000.0		15911000000.0	26691000000.0	-6962000000.0	
BMU	2021	10336000000.0	BEA_return_cg	all_groups	10400.0	853000000.0	848861000000.0	4553000000.0	820000000.0	18148000000.0	27690000000.0	-5869000000.0	0.0793343653250774
BOL	2004		BEA_return_cg	all_groups	3000.0	50000000.0							
BOL	2005		BEA_return_cg	all_groups	2900.0	51000000.0	1809000000.0						
BOL	2006		BEA_return_cg	all_groups									
BOL	2007		BEA_return_cg	all_groups									
BOL	2008		BEA_return_cg	all_groups	2600.0	55000000.0							
BOL	2009		BEA_return_cg	all_groups	2800.0	52000000.0	990000000.0	241000000.0					
BOL	2010		BEA_return_cg	all_groups	2800.0	53000000.0	1098000000.0	244000000.0					
BOL	2011		BEA_return_cg	all_groups	2900.0	60000000.0		294000000.0					
BOL	2012		BEA_return_cg	all_groups	3300.0	78000000.0	1489000000.0	482000000.0					
BOL	2013		BEA_return_cg	all_groups	3500.0	101000000.0	1554000000.0	535000000.0					
BOL	2014		BEA_return_cg	all_groups	3600.0	115000000.0	1537000000.0	509000000.0					
BOL	2015		BEA_return_cg	all_groups	3800.0	121000000.0	1516000000.0	468000000.0					
BOL	2016		BEA_return_cg	all_groups	3100.0	126000000.0	1475000000.0	563000000.0					
BOL	2017		BEA_return_cg	all_groups	2800.0	88000000.0	1293000000.0	349000000.0					
BOL	2018		BEA_return_cg	all_groups	2100.0	65000000.0	1110000000.0	331000000.0					
BOL	2019		BEA_return_cg	all_groups	1600.0	48000000.0	774000000.0	166000000.0					
BOL	2020		BEA_return_cg	all_groups	2200.0	67000000.0	1188000000.0	285000000.0					
BOL	2021		BEA_return_cg	all_groups	2100.0	62000000.0	1090000000.0						
BRA	2004	3287000000.0	BEA_return_cg	all_groups	399400.0	7745000000.0	98192000000.0	25972000000.0	1336000000.0			638000000.0	0.40644965013690293
BRA	2005	2717000000.0	BEA_return_cg	all_groups	435200.0	9148000000.0	112656000000.0		678000000.0			616000000.0	0.24953993375046007
BRA	2006	5719000000.0	BEA_return_cg	all_groups	465900.0	10814000000.0	124258000000.0		1714000000.0			172000000.0	0.299702745235181
BRA	2007	11624000000.0	BEA_return_cg	all_groups	484100.0	12689000000.0	175344000000.0		3087000000.0			-447000000.0	0.2655712319339298
BRA	2008	12074000000.0	BEA_return_cg	all_groups	501200.0	14806000000.0	160112000000.0		3790000000.0			396000000.0	0.3138976312738115
BRA	2009	11510000000.0	BEA_return_cg	all_groups	522400.0	15402000000.0	206617000000.0	38851000000.0	2761000000.0				0.23987836663770634
BRA	2010	16499000000.0	BEA_return_cg	all_groups	565000.0	18068000000.0	241572000000.0	41475000000.0	3325000000.0	139372000000.0	165228000000.0	-1706000000.0	0.20152736529486637
BRA	2011	14691000000.0	BEA_return_cg	all_groups	572600.0	21722000000.0	267711000000.0	45800000000.0	4169000000.0	161072000000.0	194201000000.0	-2613000000.0	0.28377918453474915
BRA	2012	10162000000.0	BEA_return_cg	all_groups	598800.0	22633000000.0	281762000000.0	44155000000.0	3659000000.0	154764000000.0	192023000000.0	-2075000000.0	0.3600669159614249
BRA	2013	9575000000.0	BEA_return_cg	all_groups	626700.0	23645000000.0	267987000000.0	43692000000.0	4282000000.0	158815000000.0	197153000000.0	-1807000000.0	0.4472062663185379
BRA	2014	7579000000.0	BEA_return_cg	all_groups	715200.0	26326000000.0	313988000000.0	55530000000.0	1537000000.0	167715000000.0	204995000000.0	-1413000000.0	0.20279720279720279
BRA	2015	-828000000.0	BEA_return_cg	all_groups	654300.0	23285000000.0	268260000000.0	45225000000.0	1385000000.0	131633000000.0	161066000000.0	-974000000.0	-1.672705314009662
BRA	2016	193000000.0	BEA_return_cg	all_groups	632900.0	21432000000.0	277255000000.0	46525000000.0	1052000000.0	122728000000.0	149030000000.0	-612000000.0	5.450777202072539
BRA	2017	4410000000.0	BEA_return_cg	all_groups	632000.0	22795000000.0	305746000000.0	48275000000.0	1562000000.0	129311000000.0	164506000000.0	-1905000000.0	0.35419501133786846
BRA	2018	4747000000.0	BEA_return_cg	all_groups	570500.0	20127000000.0	279742000000.0	49857000000.0	1773000000.0	123413000000.0	164613000000.0	-1103000000.0	0.3734990520328629
BRA	2019	6055000000.0	BEA_return_cg	all_groups	544000.0	19027000000.0	298971000000.0	49518000000.0	1767000000.0	124956000000.0	155198000000.0	-781000000.0	0.29182493806771265
BRA	2020	4306000000.0	BEA_return_cg	all_groups	536500.0	16480000000.0	295699000000.0	44547000000.0	1759000000.0	105393000000.0	136677000000.0	-742000000.0	0.408499767765908
BRA	2021	8148000000.0	BEA_return_cg	all_groups	520299.99999999994	15701000000.0	291188000000.0	42308000000.0	2473000000.0	115715000000.0	150020000000.0	-1114000000.0	0.30351006381934215
BRB	2004	1959000000.0	BEA_return_cg	all_groups	1800.0	72000000.0			51000000.0			-211000000.0	0.026033690658499236
BRB	2005	1035000000.0	BEA_return_cg	all_groups	1800.0	76000000.0	24814000000.0		30000000.0			-166000000.0	0.028985507246376812
BRB	2006	3176000000.0	BEA_return_cg	all_groups	1700.0	74000000.0			128000000.0			-208000000.0	0.04030226700251889
BRB	2007	3145000000.0	BEA_return_cg	all_groups	1800.0	75000000.0			135000000.0			-216000000.0	0.04292527821939587
BRB	2008		BEA_return_cg	all_groups	1600.0	63000000.0			295000000.0			-307000000.0	
BRB	2009	2244000000.0	BEA_return_cg	all_groups	1400.0	52000000.0	46625000000.0	1890000000.0	-169000000.0			-373000000.0	-0.07531194295900179
BRB	2010	1964000000.0	BEA_return_cg	all_groups	1400.0	53000000.0	49941000000.0	2237000000.0	94000000.0	1718000000.0	8389000000.0	-355000000.0	0.04786150712830957
BRB	2011	3025000000.0	BEA_return_cg	all_groups	1300.0	50000000.0	56660000000.0	937000000.0	46000000.0			-264000000.0	0.015206611570247934
BRB	2012	1400000000.0	BEA_return_cg	all_groups	1200.0	36000000.0	52009000000.0	1244000000.0	124000000.0			-305000000.0	0.08857142857142856
BRB	2013	1596000000.0	BEA_return_cg	all_groups	1400.0	56000000.0	52101000000.0	1062000000.0	11000000.0			-330000000.0	0.006892230576441102
BRB	2014	1790000000.0	BEA_return_cg	all_groups	1200.0	51000000.0	61372000000.0	1145000000.0	366000000.0				0.20446927374301677
BRB	2015	1222000000.0	BEA_return_cg	all_groups	1200.0	49000000.0	62291000000.0	1238000000.0	53000000.0			-353000000.0	0.04337152209492635
BRB	2016	1332000000.0	BEA_return_cg	all_groups	1200.0	46000000.0	83328000000.0	1182000000.0	265000000.0				0.19894894894894896
BRB	2017	4843000000.0	BEA_return_cg	all_groups	900.0	22000000.0	131848000000.0	1155000000.0					
BRB	2018	5282000000.0	BEA_return_cg	all_groups	900.0	30000000.0	141286000000.0	1102000000.0	30000000.0				0.005679666792881484
BRB	2019	7352000000.0	BEA_return_cg	all_groups	900.0	31000000.0	144685000000.0	1648000000.0	116000000.0			-1286000000.0	0.015778019586507073
BRB	2020	4188000000.0	BEA_return_cg	all_groups	1800.0	56000000.0	99833000000.0	1507000000.0	45000000.0			-1871000000.0	0.010744985673352435
BRB	2021	3283000000.0	BEA_return_cg	all_groups	1900.0	58000000.0	93089000000.0	422000000.0	1000000.0	1037000000.0		-1598000000.0	0.0003045994517209869
BRN	2004		BEA_return_cg	all_groups	200.0	9000000.0	532000000.0	7000000.0					
BRN	2005		BEA_return_cg	all_groups	200.0	9000000.0	561000000.0						
BRN	2006		BEA_return_cg	all_groups	300.0	12000000.0	733000000.0						
BRN	2007		BEA_return_cg	all_groups	300.0	14000000.0	1014000000.0						
BRN	2008		BEA_return_cg	all_groups	300.0	15000000.0	1138000000.0						
BRN	2009		BEA_return_cg	all_groups	200.0	21000000.0	2382000000.0	71000000.0					
BRN	2010		BEA_return_cg	all_groups	200.0	21000000.0		32000000.0					
BRN	2011		BEA_return_cg	all_groups	300.0	28000000.0		39000000.0					
BRN	2012		BEA_return_cg	all_groups	300.0	34000000.0		36000000.0					
BRN	2013		BEA_return_cg	all_groups	400.0		1181000000.0	99000000.0					
BRN	2014		BEA_return_cg	all_groups	500.0	38000000.0	1165000000.0	86000000.0					
BRN	2015		BEA_return_cg	all_groups	400.0	28000000.0	205000000.0						
BRN	2016		BEA_return_cg	all_groups	400.0	32000000.0	224000000.0						
BRN	2017		BEA_return_cg	all_groups	500.0	41000000.0	216000000.0						
BRN	2018		BEA_return_cg	all_groups	500.0	41000000.0	248000000.0						
BRN	2019		BEA_return_cg	all_groups	600.0		247000000.0						
BRN	2020		BEA_return_cg	all_groups	600.0		223000000.0						
BRN	2021		BEA_return_cg	all_groups	600.0		227000000.0						
BTN	2004		BEA_return_cg	all_groups			3000000.0	1000000.0					
BTN	2005		BEA_return_cg	all_groups			3000000.0						
BTN	2006		BEA_return_cg	all_groups			3000000.0						
BTN	2007		BEA_return_cg	all_groups			3000000.0						
BTN	2009		BEA_return_cg	all_groups									
BTN	2010		BEA_return_cg	all_groups									
BTN	2011		BEA_return_cg	all_groups									
BTN	2012		BEA_return_cg	all_groups									
BTN	2013		BEA_return_cg	all_groups									
BTN	2014		BEA_return_cg	all_groups	100.0	1000000.0	9000000.0						
BTN	2015		BEA_return_cg	all_groups	100.0	1000000.0	9000000.0						
BTN	2016		BEA_return_cg	all_groups	100.0	1000000.0	9000000.0						
BTN	2017		BEA_return_cg	all_groups	100.0	1000000.0	9000000.0						
BTN	2018		BEA_return_cg	all_groups	100.0	1000000.0	9000000.0						
BTN	2019		BEA_return_cg	all_groups	300.0	1000000.0							
BTN	2020		BEA_return_cg	all_groups	300.0	1000000.0							
BTN	2021		BEA_return_cg	all_groups	300.0	1000000.0							
BWA	2004		BEA_return_cg	all_groups									
BWA	2005		BEA_return_cg	all_groups									
BWA	2006		BEA_return_cg	all_groups	300.0	6000000.0	48000000.0						
BWA	2007		BEA_return_cg	all_groups									
BWA	2008		BEA_return_cg	all_groups									
BWA	2009		BEA_return_cg	all_groups	300.0	7000000.0	58000000.0	15000000.0					
BWA	2010		BEA_return_cg	all_groups	300.0	7000000.0	88000000.0	15000000.0					
BWA	2011		BEA_return_cg	all_groups	300.0	7000000.0	78000000.0	17000000.0					
BWA	2012		BEA_return_cg	all_groups	400.0	10000000.0	122000000.0	23000000.0					
BWA	2013		BEA_return_cg	all_groups	400.0	10000000.0	131000000.0	29000000.0					
BWA	2014		BEA_return_cg	all_groups	400.0	10000000.0	99000000.0	19000000.0					
BWA	2015		BEA_return_cg	all_groups	400.0	10000000.0	69000000.0	19000000.0					
BWA	2016		BEA_return_cg	all_groups	400.0	10000000.0	65000000.0	19000000.0					
BWA	2017		BEA_return_cg	all_groups	300.0	9000000.0	62000000.0	26000000.0					
BWA	2018		BEA_return_cg	all_groups	300.0	9000000.0	63000000.0	26000000.0					
BWA	2019		BEA_return_cg	all_groups	400.0	7000000.0	54000000.0	23000000.0					
BWA	2020		BEA_return_cg	all_groups	400.0	7000000.0	53000000.0	23000000.0					
BWA	2021		BEA_return_cg	all_groups	400.0	7000000.0	56000000.0	25000000.0					
CAF	2009		BEA_return_cg	all_groups			1000000.0	1000000.0					
CAF	2010		BEA_return_cg	all_groups		1000000.0		1000000.0					
CAF	2011		BEA_return_cg	all_groups		1000000.0		1000000.0					
CAF	2012		BEA_return_cg	all_groups		1000000.0		1000000.0					
CAF	2013		BEA_return_cg	all_groups		1000000.0		1000000.0					
CAF	2014		BEA_return_cg	all_groups									
CAF	2015		BEA_return_cg	all_groups									
CAF	2016		BEA_return_cg	all_groups	0.0	0.0							
CAF	2017		BEA_return_cg	all_groups	0.0	0.0							
CAF	2018		BEA_return_cg	all_groups	0.0	0.0							
CAF	2019		BEA_return_cg	all_groups									
CAF	2020		BEA_return_cg	all_groups									
CAF	2021		BEA_return_cg	all_groups									
CAN	2004	31231000000.0	BEA_return_cg	all_groups	1104900.0	44129000000.0	655088000000.0	125970000000.0	8627000000.0			-1127000000.0	0.2762319490250072
CAN	2005	28282000000.0	BEA_return_cg	all_groups	1112900.0	46492000000.0	764620000000.0		10707000000.0			-2713000000.0	0.37858001555759846
CAN	2006	33303000000.0	BEA_return_cg	all_groups	1104000.0	50584000000.0	861894000000.0		8279000000.0			-2618000000.0	0.24859622256253192
CAN	2007	31738000000.0	BEA_return_cg	all_groups	1114600.0	54602000000.0	1065258000000.0		10212000000.0			-2247000000.0	0.32175940512949774
CAN	2008	28189000000.0	BEA_return_cg	all_groups	1072300.0	55509000000.0	950209000000.0		9447000000.0			1315000000.0	0.3351307247507893
CAN	2009	24842000000.0	BEA_return_cg	all_groups	1082700.0	56345000000.0	1169619000000.0	163052000000.0	7466000000.0			-291000000.0	0.30053940906529264
CAN	2010	50472000000.0	BEA_return_cg	all_groups	1085500.0	57434000000.0	1170385000000.0	167619000000.0	8554000000.0	428696000000.0	554703000000.0	-2274000000.0	0.1694801077825329
CAN	2011	50041000000.0	BEA_return_cg	all_groups	1116100.0	61730000000.0	1240463000000.0	182662000000.0	8439000000.0	484883000000.0	645622000000.0	-1101000000.0	0.16864171379468837
CAN	2012	34952000000.0	BEA_return_cg	all_groups	1144800.0	63497000000.0	1348630000000.0	212010000000.0	8626000000.0	487468000000.0	648774000000.0	-125000000.0	0.24679560540169376
CAN	2013	37299000000.0	BEA_return_cg	all_groups	1128600.0	62549000000.0	1401740000000.0	224039000000.0	7441000000.0	475769000000.0	627111000000.0	863000000.0	0.1994959650392772
CAN	2014	50833000000.0	BEA_return_cg	all_groups	1194700.0	68578000000.0	1482102000000.0	230289000000.0	9178000000.0	504519000000.0	662516000000.0	-29000000.0	0.18055200361969587
CAN	2015	29354000000.0	BEA_return_cg	all_groups	1158600.0	63111000000.0	1388462000000.0	206859000000.0	5530000000.0	428182000000.0	550716000000.0	524000000.0	0.18838999795598554
CAN	2016	24009000000.0	BEA_return_cg	all_groups	1201900.0	60655000000.0	1361338000000.0	200091000000.0	4526000000.0	417947000000.0	531293000000.0	697000000.0	0.18851264109292348
CAN	2017	34895000000.0	BEA_return_cg	all_groups	1218000.0	61828000000.0	1397333000000.0	211847000000.0	6457000000.0	441521000000.0	570509000000.0	560000000.0	0.1850408367961026
CAN	2018	36009000000.0	BEA_return_cg	all_groups	1223100.0	62821000000.0	1356817000000.0	193594000000.0	8957000000.0	462796000000.0	629241000000.0	-55000000.0	0.24874336971312727
CAN	2019	34285000000.0	BEA_return_cg	all_groups	1186600.0	59869000000.0	1345526000000.0	169557000000.0	8170000000.0	452866000000.0	616548000000.0	-919000000.0	0.23829663117981625
CAN	2020	20468000000.0	BEA_return_cg	all_groups	1146800.0	57479000000.0	1312321000000.0	165083000000.0	5698000000.0	408692000000.0	530762000000.0	-1284000000.0	0.27838577291381666
CAN	2021	40874000000.0	BEA_return_cg	all_groups	1186400.0	63517000000.0	1378792000000.0	172105000000.0	8678000000.0	484897000000.0	667692000000.0	-943000000.0	0.21231100455057003
CHE	2004	8859000000.0	BEA_return_cg	all_groups	79000.0	5878000000.0	318941000000.0	7251000000.0	1142000000.0			-110000000.0	0.12890845467885767
CHE	2005	11595000000.0	BEA_return_cg	all_groups	100700.0	7497000000.0	342953000000.0		1431000000.0			-892000000.0	0.12341526520051746
CHE	2006	13991000000.0	BEA_return_cg	all_groups	109500.0	8142000000.0	401703000000.0		1574000000.0			-510000000.0	0.11250089343149167
CHE	2007	15649000000.0	BEA_return_cg	all_groups	90400.0	8375000000.0	440678000000.0		1655000000.0			-713000000.0	0.10575755639337976
CHE	2008	18334000000.0	BEA_return_cg	all_groups	96600.0	9087000000.0	439642000000.0		1822000000.0			-696000000.0	0.09937820442892986
CHE	2009	22633000000.0	BEA_return_cg	all_groups	88000.0	9313000000.0	535067000000.0	11161000000.0	2188000000.0			-1433000000.0	0.09667299960235055
CHE	2010	21519000000.0	BEA_return_cg	all_groups	88100.0	9749000000.0	535946000000.0	11441000000.0	2373000000.0	143504000000.0	266506000000.0	-1519000000.0	0.11027464101491705
CHE	2011	26704000000.0	BEA_return_cg	all_groups	91900.0	11115000000.0	622317000000.0	11610000000.0	3949000000.0	158268000000.0	303044000000.0	-1566000000.0	0.147880467345716
CHE	2012	23971000000.0	BEA_return_cg	all_groups	88700.0	11414000000.0	684381000000.0	11433000000.0	2518000000.0	155982000000.0	289772000000.0	-1952000000.0	0.10504359434316465
CHE	2013	34655000000.0	BEA_return_cg	all_groups	87200.0	11191000000.0	714945000000.0	11741000000.0	2859000000.0	148954000000.0	282118000000.0	-1700000000.0	0.08249891790506421
CHE	2014	39599000000.0	BEA_return_cg	all_groups	103100.0	13077000000.0	766307000000.0	10291000000.0	2677000000.0	167680000000.0	335076000000.0	-1578000000.0	0.06760271724033436
CHE	2015	39543000000.0	BEA_return_cg	all_groups	105400.0	13307000000.0	856690000000.0	11438000000.0	3105000000.0	151323000000.0	309085000000.0	-1597000000.0	0.07852211516576892
CHE	2016	43101000000.0	BEA_return_cg	all_groups	97900.0	12886000000.0	926017000000.0	14167000000.0	3649000000.0	148319000000.0	311581000000.0	-2137000000.0	0.08466160877937867
CHE	2017	36316000000.0	BEA_return_cg	all_groups	98700.0	13405000000.0	1076215000000.0	14721000000.0	3781000000.0	175982000000.0	349793000000.0	-2326000000.0	0.10411388919484525
CHE	2018	45452000000.0	BEA_return_cg	all_groups	98700.0	13468000000.0	1060287000000.0	15402000000.0	4583000000.0	236050000000.0	408289000000.0	-923000000.0	0.10083164657220804
CHE	2019	40631000000.0	BEA_return_cg	all_groups	100900.0	13356000000.0	1231078000000.0	15863000000.0	1407000000.0	223750000000.0	391373000000.0	-1237000000.0	0.03462873175654057
CHE	2020	24441000000.0	BEA_return_cg	all_groups	95500.0	12926000000.0	1184939000000.0	14368000000.0	3845000000.0	194424000000.0	349352000000.0	-300000000.0	0.15731762202855856
CHE	2021	34714000000.0	BEA_return_cg	all_groups	93400.0	13512000000.0	1106882000000.0	14323000000.0	6101000000.0	229308000000.0	411838000000.0	15000000.0	0.17575041769891112
CHL	2004	1234000000.0	BEA_return_cg	all_groups	72200.0	1194000000.0	25970000000.0	7279000000.0	207000000.0			254000000.0	0.16774716369529985
CHL	2005	1413000000.0	BEA_return_cg	all_groups	76600.0	1347000000.0	29455000000.0		330000000.0			-28000000.0	0.23354564755838642
CHL	2006	2083000000.0	BEA_return_cg	all_groups	79800.0	1532000000.0	31150000000.0		792000000.0			-21000000.0	0.38022083533365336
CHL	2007	9356000000.0	BEA_return_cg	all_groups	82200.0	1910000000.0	37942000000.0		1436000000.0			-234000000.0	0.15348439504061565
CHL	2008	5031000000.0	BEA_return_cg	all_groups	75200.0	1836000000.0	42381000000.0		912000000.0			-373000000.0	0.18127608825283245
CHL	2009	3847000000.0	BEA_return_cg	all_groups	113800.0	2285000000.0	59519000000.0	12639000000.0	668000000.0			-343000000.0	0.17364179880426306
CHL	2010	5993000000.0	BEA_return_cg	all_groups	110000.0	2615000000.0	70837000000.0	11160000000.0	1187000000.0	25244000000.0	27418000000.0	-417000000.0	0.198064408476556
CHL	2011	6794000000.0	BEA_return_cg	all_groups	116600.0	3000000000.0	71645000000.0	13084000000.0	1759000000.0	29066000000.0	31734000000.0	-641000000.0	0.2589049161024433
CHL	2012	3264000000.0	BEA_return_cg	all_groups	128100.0	3520000000.0	72882000000.0	18472000000.0	1237000000.0	33098000000.0	35757000000.0	-616000000.0	0.3789828431372549
CHL	2013	5974000000.0	BEA_return_cg	all_groups	136900.0	3472000000.0	164878000000.0	20232000000.0	1702000000.0	36615000000.0	39237000000.0	-702000000.0	0.28490123870103784
CHL	2014	4879000000.0	BEA_return_cg	all_groups	142300.0	3936000000.0	175908000000.0	24616000000.0		34822000000.0	37015000000.0	-886000000.0	
CHL	2015	3700000000.0	BEA_return_cg	all_groups	151200.0	3840000000.0	170049000000.0	25991000000.0	841000000.0	32333000000.0	35026000000.0	-652000000.0	0.2272972972972973
CHL	2016	2788000000.0	BEA_return_cg	all_groups	145800.0	3518000000.0	179733000000.0	24848000000.0	812000000.0	28260000000.0	30710000000.0	-583000000.0	0.29124820659971307
CHL	2017	3240000000.0	BEA_return_cg	all_groups	144100.0	3586000000.0	235952000000.0	21498000000.0	835000000.0	31517000000.0	33853000000.0	-591000000.0	0.25771604938271603
CHL	2018	4690000000.0	BEA_return_cg	all_groups	150700.0	3716000000.0	210244000000.0	19692000000.0	950000000.0	32532000000.0	34645000000.0	-271000000.0	0.2025586353944563
CHL	2019	3858000000.0	BEA_return_cg	all_groups	152900.0	3795000000.0	222062000000.0	22382000000.0	855000000.0			-274000000.0	0.22161741835147744
CHL	2020	2656000000.0	BEA_return_cg	all_groups	146900.0	3332000000.0	220573000000.0	19858000000.0	682000000.0			-95000000.0	0.2567771084337349
CHL	2021	2684000000.0	BEA_return_cg	all_groups	150600.0	3518000000.0	197092000000.0	19345000000.0	953000000.0			-602000000.0	0.3550670640834575
CHN	2004	5375000000.0	BEA_return_cg	all_groups	507100.0	4234000000.0	63436000000.0	14665000000.0	871000000.0			101000000.0	0.16204651162790698
CHN	2005	7975000000.0	BEA_return_cg	all_groups	612800.0	5025000000.0	73684000000.0		1368000000.0			41000000.0	0.1715360501567398
CHN	2006	8331000000.0	BEA_return_cg	all_groups	704100.0	6148000000.0	97764000000.0		1233000000.0			153000000.0	0.14800144040331292
CHN	2007	9210000000.0	BEA_return_cg	all_groups	788800.0	7846000000.0	129198000000.0		1483000000.0			132000000.0	0.16102062975027145
CHN	2008	10672000000.0	BEA_return_cg	all_groups	952500.0	10163000000.0	162240000000.0		2199000000.0			138000000.0	0.20605322338830584
CHN	2009	11042000000.0	BEA_return_cg	all_groups	941000.0	12086000000.0	190914000000.0	33509000000.0	2483000000.0				0.2248686832095635
CHN	2010	14069000000.0	BEA_return_cg	all_groups	1125300.0	13684000000.0	209320000000.0	37428000000.0	2843000000.0	127356000000.0	168516000000.0	-386000000.0	0.2020754851091051
CHN	2011	19389000000.0	BEA_return_cg	all_groups	1252700.0	16127000000.0	244991000000.0	41887000000.0	3709000000.0	156649000000.0	209001000000.0	-510000000.0	0.191294032698953
CHN	2012	17755000000.0	BEA_return_cg	all_groups	1342800.0	17895000000.0	264432000000.0	44633000000.0	4006000000.0	177835000000.0	232007000000.0	-532000000.0	0.22562658406082794
CHN	2013	20069000000.0	BEA_return_cg	all_groups	1413600.0	20317000000.0	294272000000.0	48302000000.0	4704000000.0	204184000000.0	261774000000.0	-711000000.0	0.2343913498430415
CHN	2014	28022000000.0	BEA_return_cg	all_groups	1705600.0	27734000000.0	371946000000.0	55255000000.0		273193000000.0	340998000000.0	-399000000.0	
CHN	2015	23198000000.0	BEA_return_cg	all_groups	1713700.0	28776000000.0	391464000000.0	56404000000.0	5249000000.0	288941000000.0	355358000000.0	-273000000.0	0.22626950599189585
CHN	2016	26714000000.0	BEA_return_cg	all_groups	1758800.0	29385000000.0	411694000000.0	60889000000.0	4633000000.0	282793000000.0	343808000000.0	-102000000.0	0.17342966234932994
CHN	2017	27569000000.0	BEA_return_cg	all_groups	1723300.0	30332000000.0	441488000000.0	64042000000.0	5720000000.0	295302000000.0	372305000000.0	60000000.0	0.20747941528528419
CHN	2018	30717000000.0	BEA_return_cg	all_groups	1698900.0	32322000000.0	462591000000.0	69519000000.0	5878000000.0	307832000000.0	389957000000.0	186000000.0	0.1913598333170557
CHN	2019	29756000000.0	BEA_return_cg	all_groups	1238600.0	32579000000.0	441370000000.0	67433000000.0	5866000000.0	280875000000.0	368647000000.0	82000000.0	0.19713671192364565
CHN	2020	32100000000.0	BEA_return_cg	all_groups	1197500.0	32130000000.0	486500000000.0	66588000000.0	5686000000.0	266998000000.0	360243000000.0	-660000000.0	0.17713395638629284
CHN	2021	39169000000.0	BEA_return_cg	all_groups	1218200.0	36191000000.0	519461000000.0	73237000000.0	7860000000.0	345294000000.0	468365000000.0	-540000000.0	0.20066889632107024
CIV	2004		BEA_return_cg	all_groups	2500.0	48000000.0	491000000.0	221000000.0					
CIV	2005		BEA_return_cg	all_groups	2500.0	42000000.0	481000000.0						
CIV	2006		BEA_return_cg	all_groups	2500.0	44000000.0	470000000.0						
CIV	2007		BEA_return_cg	all_groups	2700.0	45000000.0	457000000.0						
CIV	2008		BEA_return_cg	all_groups	2500.0	47000000.0	393000000.0						
CIV	2009		BEA_return_cg	all_groups	1200.0	41000000.0	588000000.0	96000000.0					
CIV	2010		BEA_return_cg	all_groups	1200.0	42000000.0	602000000.0	99000000.0					
CIV	2011		BEA_return_cg	all_groups	1200.0	44000000.0	913000000.0	166000000.0					
CIV	2012		BEA_return_cg	all_groups	1200.0	43000000.0	668000000.0	170000000.0					
CIV	2013		BEA_return_cg	all_groups	1200.0	43000000.0	729000000.0	256000000.0					
CIV	2014		BEA_return_cg	all_groups	1000.0	43000000.0	731000000.0	192000000.0					
CIV	2015		BEA_return_cg	all_groups	700.0	31000000.0	607000000.0	168000000.0					
CIV	2016		BEA_return_cg	all_groups	600.0	29000000.0	781000000.0						
CIV	2017		BEA_return_cg	all_groups	600.0	29000000.0	645000000.0	51000000.0					
CIV	2018		BEA_return_cg	all_groups	600.0	29000000.0	624000000.0	51000000.0					
CIV	2019		BEA_return_cg	all_groups	900.0	37000000.0	926000000.0	109000000.0					
CIV	2020		BEA_return_cg	all_groups	900.0	38000000.0	986000000.0	159000000.0					
CIV	2021		BEA_return_cg	all_groups	1000.0	42000000.0	1093000000.0	208000000.0					
CMR	2004		BEA_return_cg	all_groups									
CMR	2005		BEA_return_cg	all_groups			3339000000.0						
CMR	2006		BEA_return_cg	all_groups			3238000000.0						
CMR	2007		BEA_return_cg	all_groups			3486000000.0						
CMR	2008		BEA_return_cg	all_groups			3250000000.0						
CMR	2009		BEA_return_cg	all_groups	5500.0	101000000.0	3825000000.0						
CMR	2010		BEA_return_cg	all_groups	5500.0	127000000.0	4066000000.0						
CMR	2011		BEA_return_cg	all_groups	5600.0	135000000.0	3937000000.0						
CMR	2012		BEA_return_cg	all_groups	5400.0	137000000.0	3791000000.0	2068000000.0					
CMR	2013		BEA_return_cg	all_groups	2000.0	49000000.0	2788000000.0	1392000000.0					
CMR	2014		BEA_return_cg	all_groups	600.0	46000000.0	1668000000.0						
CMR	2015		BEA_return_cg	all_groups	400.0	19000000.0	653000000.0	101000000.0					
CMR	2016		BEA_return_cg	all_groups	300.0	16000000.0	677000000.0	96000000.0					
CMR	2017		BEA_return_cg	all_groups	300.0	16000000.0	734000000.0	99000000.0					
CMR	2018		BEA_return_cg	all_groups	300.0	10000000.0	739000000.0	100000000.0					
CMR	2019		BEA_return_cg	all_groups	200.0	8000000.0	760000000.0						
CMR	2020		BEA_return_cg	all_groups	200.0	8000000.0	787000000.0						
CMR	2021		BEA_return_cg	all_groups	200.0	9000000.0	459000000.0						
COD	2004		BEA_return_cg	all_groups	400.0	7000000.0							
COD	2005		BEA_return_cg	all_groups	400.0	2000000.0							
COD	2006		BEA_return_cg	all_groups	500.0	2000000.0	213000000.0						
COD	2007		BEA_return_cg	all_groups	600.0	2000000.0	263000000.0						
COD	2008		BEA_return_cg	all_groups									
COD	2009		BEA_return_cg	all_groups									
COD	2010		BEA_return_cg	all_groups									
COD	2011		BEA_return_cg	all_groups									
COD	2012		BEA_return_cg	all_groups									
COD	2013		BEA_return_cg	all_groups									
COD	2014		BEA_return_cg	all_groups									
COD	2015		BEA_return_cg	all_groups									
COD	2016		BEA_return_cg	all_groups	1000.0	18000000.0	575000000.0	81000000.0					
COD	2017		BEA_return_cg	all_groups	1000.0	19000000.0	527000000.0	79000000.0					
COD	2018		BEA_return_cg	all_groups	900.0	18000000.0	523000000.0	79000000.0					
COD	2019		BEA_return_cg	all_groups	800.0	17000000.0	720000000.0	78000000.0					
COD	2020		BEA_return_cg	all_groups	800.0	17000000.0	783000000.0						
COD	2021		BEA_return_cg	all_groups	800.0	18000000.0	642000000.0						
COG	2004		BEA_return_cg	all_groups	500.0	19000000.0							
COG	2005		BEA_return_cg	all_groups	500.0	19000000.0	1429000000.0						
COG	2006		BEA_return_cg	all_groups	1000.0	34000000.0							
COG	2007		BEA_return_cg	all_groups	1800.0	35000000.0							
COG	2008		BEA_return_cg	all_groups	600.0	35000000.0							
COG	2009		BEA_return_cg	all_groups	400.0	49000000.0							
COG	2010		BEA_return_cg	all_groups	300.0	32000000.0							
COG	2011		BEA_return_cg	all_groups	300.0	40000000.0							
COG	2012		BEA_return_cg	all_groups	300.0								
COG	2013		BEA_return_cg	all_groups	500.0								
COG	2014		BEA_return_cg	all_groups	400.0	50000000.0							
COG	2015		BEA_return_cg	all_groups	200.0								
COG	2016		BEA_return_cg	all_groups	300.0								
COG	2017		BEA_return_cg	all_groups	300.0								
COG	2018		BEA_return_cg	all_groups	300.0								
COG	2019		BEA_return_cg	all_groups	300.0								
COG	2020		BEA_return_cg	all_groups	300.0	33000000.0							
COG	2021		BEA_return_cg	all_groups	300.0								
COL	2004	995000000.0	BEA_return_cg	all_groups			10816000000.0	2633000000.0	255000000.0			-5000000.0	0.2562814070351759
COL	2005	1430000000.0	BEA_return_cg	all_groups			11647000000.0		475000000.0			-24000000.0	0.3321678321678322
COL	2006	1459000000.0	BEA_return_cg	all_groups			14025000000.0		533000000.0			-26000000.0	0.36531871144619604
COL	2007	1818000000.0	BEA_return_cg	all_groups					664000000.0			-91000000.0	0.36523652365236525
COL	2008	2133000000.0	BEA_return_cg	all_groups					803000000.0			-20000000.0	0.3764650726676043
COL	2009	1957000000.0	BEA_return_cg	all_groups	59800.0	1624000000.0	19826000000.0	4843000000.0	843000000.0			-106000000.0	0.430761369443025
COL	2010	2484000000.0	BEA_return_cg	all_groups	58800.0	1876000000.0	22453000000.0	5348000000.0	791000000.0			44000000.0	0.31843800322061194
COL	2011	2938000000.0	BEA_return_cg	all_groups	62300.0	2247000000.0	25664000000.0	5542000000.0	953000000.0			-197000000.0	0.32437031994554116
COL	2012	3035000000.0	BEA_return_cg	all_groups	63900.0	2372000000.0	29738000000.0	6143000000.0	987000000.0			-295000000.0	0.32520593080724874
COL	2013	2628000000.0	BEA_return_cg	all_groups	65800.0	2452000000.0	30679000000.0	6602000000.0	902000000.0			-190000000.0	0.3432267884322679
COL	2014	1752000000.0	BEA_return_cg	all_groups	83200.0	2946000000.0	32525000000.0	7346000000.0		21842000000.0	24894000000.0	-50000000.0	
COL	2015	629000000.0	BEA_return_cg	all_groups	82400.0	2660000000.0	30133000000.0	6418000000.0	391000000.0	18152000000.0	20854000000.0	-10000000.0	0.6216216216216216
COL	2016	905000000.0	BEA_return_cg	all_groups	87400.0	2467000000.0	31557000000.0	6370000000.0	545000000.0	16770000000.0	19077000000.0	-52000000.0	0.6022099447513812
COL	2017	1099000000.0	BEA_return_cg	all_groups	88900.0	2571000000.0	32634000000.0	6165000000.0	491000000.0	18600000000.0	20027000000.0	-71000000.0	0.4467697907188353
COL	2018	1483000000.0	BEA_return_cg	all_groups	86100.0	2578000000.0	32333000000.0	6008000000.0	574000000.0	17887000000.0	19274000000.0	-80000000.0	0.3870532703978422
COL	2019	1538000000.0	BEA_return_cg	all_groups	104900.0	2598000000.0	33441000000.0	7083000000.0	701000000.0	18089000000.0	19453000000.0	-90000000.0	0.4557867360208062
COL	2020	694000000.0	BEA_return_cg	all_groups	102700.0	2340000000.0	29124000000.0	5792000000.0	341000000.0	15017000000.0	16318000000.0	-78000000.0	0.49135446685878964
COL	2021	873000000.0	BEA_return_cg	all_groups	105500.0	2416000000.0	28831000000.0	5713000000.0	411000000.0	17691000000.0	19037000000.0	-80000000.0	0.47079037800687284
COM	2004		BEA_return_cg	all_groups			2000000.0	1000000.0					
COM	2005		BEA_return_cg	all_groups			2000000.0						
COM	2006		BEA_return_cg	all_groups			2000000.0						
COM	2007		BEA_return_cg	all_groups			2000000.0						
COM	2008		BEA_return_cg	all_groups			2000000.0						
COM	2014		BEA_return_cg	all_groups	0.0	0.0							
COM	2015		BEA_return_cg	all_groups	0.0	0.0							
COM	2016		BEA_return_cg	all_groups	0.0	0.0							
COM	2017		BEA_return_cg	all_groups	0.0	0.0							
COM	2018		BEA_return_cg	all_groups	0.0	0.0							
CPV	2019		BEA_return_cg	all_groups	0.0	0.0	3000000.0	1000000.0					
CPV	2020		BEA_return_cg	all_groups	0.0	0.0	3000000.0	1000000.0					
CPV	2021		BEA_return_cg	all_groups	0.0	0.0	3000000.0	1000000.0					
CRI	2004	400000000.0	BEA_return_cg	all_groups	33800.0	414000000.0	7627000000.0	847000000.0	55000000.0			5000000.0	0.1375
CRI	2005	496000000.0	BEA_return_cg	all_groups	36800.0	487000000.0	5881000000.0					-8000000.0	
CRI	2006	512000000.0	BEA_return_cg	all_groups					49000000.0			-19000000.0	0.095703125
CRI	2007	574000000.0	BEA_return_cg	all_groups					46000000.0			-45000000.0	0.08013937282229965
CRI	2008	495000000.0	BEA_return_cg	all_groups					46000000.0			-20000000.0	0.09292929292929293
CRI	2009	590000000.0	BEA_return_cg	all_groups	48100.0	659000000.0	26120000000.0	1111000000.0	43000000.0			-36000000.0	0.07288135593220339
CRI	2010	873000000.0	BEA_return_cg	all_groups	47000.0	750000000.0	29109000000.0	1183000000.0	52000000.0			-51000000.0	0.05956471935853379
CRI	2011	689000000.0	BEA_return_cg	all_groups	46700.0	821000000.0	29898000000.0	1299000000.0	67000000.0			-37000000.0	0.09724238026124818
CRI	2012	756000000.0	BEA_return_cg	all_groups	53100.0	919000000.0	31652000000.0	1447000000.0	62000000.0			-23000000.0	0.082010582010582
CRI	2013	680000000.0	BEA_return_cg	all_groups	60800.0	1125000000.0	32929000000.0	2107000000.0	95000000.0			-16000000.0	0.13970588235294118
CRI	2014	693000000.0	BEA_return_cg	all_groups	85300.0	1431000000.0	36735000000.0	3049000000.0		8245000000.0	12881000000.0	-14000000.0	
CRI	2015	863000000.0	BEA_return_cg	all_groups	87400.0	1536000000.0	38344000000.0	2774000000.0	176000000.0	8591000000.0	12944000000.0	-31000000.0	0.20393974507531865
CRI	2016	1087000000.0	BEA_return_cg	all_groups	90300.0	1615000000.0	39471000000.0	2706000000.0	104000000.0	8263000000.0	13429000000.0	-32000000.0	0.09567617295308188
CRI	2017	1122000000.0	BEA_return_cg	all_groups	80100.0	1611000000.0	41186000000.0	2972000000.0	202000000.0	8510000000.0	13910000000.0	-67000000.0	0.1800356506238859
CRI	2018	823000000.0	BEA_return_cg	all_groups	80000.0	1630000000.0	42968000000.0	3030000000.0	125000000.0	8781000000.0	14258000000.0	-84000000.0	0.15188335358444716
CRI	2019	856000000.0	BEA_return_cg	all_groups	83200.0	1690000000.0	15250000000.0	3577000000.0	168000000.0	8510000000.0	12745000000.0	-42000000.0	0.19626168224299065
CRI	2020	1036000000.0	BEA_return_cg	all_groups	95900.0	2105000000.0	15748000000.0	3623000000.0	136000000.0	9035000000.0	13435000000.0	-59000000.0	0.13127413127413126
CRI	2021	1540000000.0	BEA_return_cg	all_groups	94300.0	2121000000.0	16560000000.0	3910000000.0		9652000000.0	15474000000.0	-63000000.0	
CUB	2004		BEA_return_cg	all_groups									
CUB	2005		BEA_return_cg	all_groups									
CUB	2006		BEA_return_cg	all_groups									
CUB	2007		BEA_return_cg	all_groups									
CUB	2008		BEA_return_cg	all_groups									
CUB	2009		BEA_return_cg	all_groups				2000000.0					
CUB	2010		BEA_return_cg	all_groups				2000000.0					
CUB	2011		BEA_return_cg	all_groups				2000000.0					
CUB	2012		BEA_return_cg	all_groups				2000000.0					
CUB	2013		BEA_return_cg	all_groups				2000000.0					
CUW	2011		BEA_return_cg	all_groups	900.0	15000000.0	89422000000.0	46000000.0					
CUW	2011		BEA_return_cg	all_groups	100.0								
CUW	2012		BEA_return_cg	all_groups	900.0	19000000.0	105246000000.0	15000000.0					
CUW	2012		BEA_return_cg	all_groups	100.0								
CUW	2013		BEA_return_cg	all_groups	900.0	21000000.0	92339000000.0	15000000.0					
CUW	2013		BEA_return_cg	all_groups	100.0								
CUW	2014		BEA_return_cg	all_groups	200.0	15000000.0	86351000000.0	97000000.0					
CUW	2014		BEA_return_cg	all_groups	300.0	27000000.0	1737000000.0						
CUW	2015		BEA_return_cg	all_groups	200.0		87436000000.0	82000000.0					
CUW	2015		BEA_return_cg	all_groups	300.0	26000000.0	1233000000.0						
CUW	2016		BEA_return_cg	all_groups	100.0	3000000.0	55187000000.0	31000000.0					
CUW	2016		BEA_return_cg	all_groups	300.0	24000000.0	1233000000.0						
CUW	2017		BEA_return_cg	all_groups		2000000.0	60690000000.0	34000000.0					
CUW	2017		BEA_return_cg	all_groups	300.0	22000000.0	1256000000.0						
CUW	2018		BEA_return_cg	all_groups		2000000.0	60967000000.0	33000000.0					
CUW	2018		BEA_return_cg	all_groups	300.0	22000000.0	1387000000.0						
CUW	2019		BEA_return_cg	all_groups	100.0	5000000.0	42796000000.0	49000000.0					
CUW	2019		BEA_return_cg	all_groups	300.0	8000000.0	732000000.0	29000000.0					
CUW	2020		BEA_return_cg	all_groups			40740000000.0						
CUW	2020		BEA_return_cg	all_groups	300.0	8000000.0	403000000.0	28000000.0					
CUW	2021		BEA_return_cg	all_groups			38516000000.0						
CUW	2021		BEA_return_cg	all_groups	300.0	8000000.0	395000000.0	28000000.0					
CYP	2004		BEA_return_cg	all_groups	1100.0	40000000.0							
CYP	2005		BEA_return_cg	all_groups	2200.0	55000000.0	1570000000.0						
CYP	2006		BEA_return_cg	all_groups	2300.0	61000000.0	2131000000.0						
CYP	2007		BEA_return_cg	all_groups	2300.0	76000000.0	4607000000.0						
CYP	2008		BEA_return_cg	all_groups	2400.0	86000000.0	4591000000.0						
CYP	2009		BEA_return_cg	all_groups	1200.0	62000000.0	5498000000.0	137000000.0					
CYP	2010		BEA_return_cg	all_groups	1700.0	80000000.0	8215000000.0	184000000.0					
CYP	2011		BEA_return_cg	all_groups	1500.0	92000000.0	9676000000.0	196000000.0					
CYP	2012		BEA_return_cg	all_groups	1500.0	92000000.0	11628000000.0	269000000.0					
CYP	2013		BEA_return_cg	all_groups	1500.0	94000000.0	12814000000.0	412000000.0					
CYP	2014		BEA_return_cg	all_groups	2000.0	124000000.0	15521000000.0	396000000.0					
CYP	2015		BEA_return_cg	all_groups	1700.0	100000000.0	-9845000000.0	129000000.0					
CYP	2016		BEA_return_cg	all_groups	1600.0	99000000.0	-14601000000.0	138000000.0					
CYP	2017		BEA_return_cg	all_groups	1600.0	101000000.0	-24965000000.0	139000000.0					
CYP	2018		BEA_return_cg	all_groups	1500.0	79000000.0	-29405000000.0	195000000.0					
CYP	2019		BEA_return_cg	all_groups	1300.0	78000000.0	-27210000000.0	363000000.0					
CYP	2020		BEA_return_cg	all_groups	1800.0	102000000.0	-24922000000.0	366000000.0					
CYP	2021		BEA_return_cg	all_groups	1900.0	103000000.0	48101000000.0	498000000.0					
CZE	2004	782000000.0	BEA_return_cg	all_groups					243000000.0			-52000000.0	0.31074168797953966
CZE	2005	1153000000.0	BEA_return_cg	all_groups			12283000000.0		221000000.0			-104000000.0	0.191673894189072
CZE	2006	1147000000.0	BEA_return_cg	all_groups					221000000.0			-126000000.0	0.1926765475152572
CZE	2007	1120000000.0	BEA_return_cg	all_groups					283000000.0			-109000000.0	0.2526785714285714
CZE	2008	1082000000.0	BEA_return_cg	all_groups					255000000.0			-57000000.0	0.2356746765249538
CZE	2009	1392000000.0	BEA_return_cg	all_groups	72000.0	2072000000.0	29042000000.0	4074000000.0	234000000.0			-199000000.0	0.16810344827586207
CZE	2010	1421000000.0	BEA_return_cg	all_groups	80200.0	2137000000.0	28740000000.0	3883000000.0	202000000.0	11385000000.0	16220000000.0	-31000000.0	0.14215341308937368
CZE	2011	1605000000.0	BEA_return_cg	all_groups	86000.0	2274000000.0	29394000000.0	3737000000.0	287000000.0	12604000000.0	17889000000.0	14000000.0	0.17881619937694704
CZE	2012	1451000000.0	BEA_return_cg	all_groups	84900.0	2204000000.0	30095000000.0	4585000000.0	267000000.0	11255000000.0	18122000000.0	11000000.0	0.18401102687801515
CZE	2013	1291000000.0	BEA_return_cg	all_groups	84800.0	2102000000.0	30306000000.0	4574000000.0	255000000.0	10205000000.0	17402000000.0	117000000.0	0.19752130131680867
CZE	2014	1424000000.0	BEA_return_cg	all_groups	93800.0	2294000000.0	30662000000.0	4896000000.0	264000000.0	11264000000.0	18797000000.0	24000000.0	0.1853932584269663
CZE	2015	1280000000.0	BEA_return_cg	all_groups	94400.0	2198000000.0	27331000000.0	3431000000.0		10378000000.0	15256000000.0	-13000000.0	
CZE	2016	806000000.0	BEA_return_cg	all_groups	87400.0	2203000000.0	20426000000.0	3608000000.0	130000000.0	10824000000.0	15029000000.0		0.16129032258064516
CZE	2017	1092000000.0	BEA_return_cg	all_groups	85400.0	2254000000.0	22968000000.0	4133000000.0	170000000.0	11542000000.0	16609000000.0	125000000.0	0.15567765567765568
CZE	2018	1045000000.0	BEA_return_cg	all_groups	78900.0	2201000000.0	20459000000.0	3879000000.0	163000000.0	11216000000.0	15823000000.0		0.15598086124401914
CZE	2019	876000000.0	BEA_return_cg	all_groups	74600.0	2135000000.0	19504000000.0	3658000000.0	299000000.0				0.341324200913242
CZE	2020	989000000.0	BEA_return_cg	all_groups	74500.0	2206000000.0	20191000000.0	3729000000.0	219000000.0	10211000000.0	13847000000.0		0.22143579373104147
CZE	2021	1004000000.0	BEA_return_cg	all_groups	73900.0	2500000000.0	21120000000.0	3914000000.0	260000000.0	12294000000.0	16549000000.0		0.2589641434262948
DEU	2004	6690000000.0	BEA_return_cg	all_groups	613900.0	41593000000.0	439643000000.0	72429000000.0	2990000000.0			389000000.0	0.4469357249626308
DEU	2005	9638000000.0	BEA_return_cg	all_groups	647200.0	43947000000.0	445393000000.0		3823000000.0			207000000.0	0.396659057895829
DEU	2006	12222000000.0	BEA_return_cg	all_groups	665200.0	46114000000.0	522267000000.0		4200000000.0			167000000.0	0.3436426116838488
DEU	2007	15926000000.0	BEA_return_cg	all_groups	684900.0	50098000000.0	629481000000.0		6652000000.0			724000000.0	0.4176817782242873
DEU	2008	16509000000.0	BEA_return_cg	all_groups	665500.0	51448000000.0	598040000000.0		4658000000.0			2624000000.0	0.28214913077715187
DEU	2009	9503000000.0	BEA_return_cg	all_groups	619700.0	49753000000.0	672964000000.0	68082000000.0	4434000000.0				0.46658949805324634
DEU	2010	9758000000.0	BEA_return_cg	all_groups	621100.0	48016000000.0	645727000000.0	64447000000.0	3489000000.0	220127000000.0	305959000000.0	604000000.0	0.35755277720844436
DEU	2011	13617000000.0	BEA_return_cg	all_groups	620600.0	51063000000.0	672671000000.0	58364000000.0	4833000000.0	249310000000.0	345486000000.0	1069000000.0	0.3549239920687376
DEU	2012	10526000000.0	BEA_return_cg	all_groups	620500.0	49963000000.0	701350000000.0	56252000000.0	4242000000.0	234636000000.0	322398000000.0	1515000000.0	0.4030020900627019
DEU	2013	13609000000.0	BEA_return_cg	all_groups	614200.0	50356000000.0	736460000000.0	58365000000.0	3941000000.0	240688000000.0	330933000000.0	2189000000.0	0.2895877727974135
DEU	2014	15165000000.0	BEA_return_cg	all_groups	701000.0	54948000000.0	804173000000.0	55732000000.0		257435000000.0	357009000000.0	1051000000.0	
DEU	2015	10219000000.0	BEA_return_cg	all_groups	701700.0	53211000000.0	790236000000.0	51313000000.0	4843000000.0	252559000000.0	351704000000.0	693000000.0	0.47392112731187
DEU	2016	8824000000.0	BEA_return_cg	all_groups	711800.0	53150000000.0	821069000000.0	49715000000.0	3858000000.0	242653000000.0	339519000000.0	821000000.0	0.43721668177697187
DEU	2017	10820000000.0	BEA_return_cg	all_groups	661400.0	50997000000.0	845842000000.0	53362000000.0	4271000000.0	237009000000.0	336574000000.0	389000000.0	0.394731977818854
DEU	2018	9395000000.0	BEA_return_cg	all_groups	674100.0	52910000000.0	903682000000.0	56507000000.0	4918000000.0	253900000000.0	366568000000.0	663000000.0	0.5234699308142629
DEU	2019	8190000000.0	BEA_return_cg	all_groups	673400.0	52573000000.0	952034000000.0	54340000000.0	4879000000.0	250914000000.0	363653000000.0	479000000.0	0.5957264957264957
DEU	2020	6891000000.0	BEA_return_cg	all_groups	638600.0	49743000000.0	1064716000000.0	52195000000.0	4178000000.0	236238000000.0	336517000000.0	1186000000.0	0.6062980699463068
DEU	2021	15286000000.0	BEA_return_cg	all_groups	639600.0	51831000000.0	1178631000000.0	53722000000.0	4857000000.0	272502000000.0	381670000000.0	1409000000.0	0.31774172445374854
DJI	2004		BEA_return_cg	all_groups									
DJI	2005		BEA_return_cg	all_groups		2000000.0							
DJI	2006		BEA_return_cg	all_groups		2000000.0							
DJI	2007		BEA_return_cg	all_groups									
DJI	2009		BEA_return_cg	all_groups		1000000.0	2000000.0	1000000.0					
DJI	2010		BEA_return_cg	all_groups		1000000.0	2000000.0	1000000.0					
DJI	2011		BEA_return_cg	all_groups		1000000.0	2000000.0	1000000.0					
DJI	2012		BEA_return_cg	all_groups		1000000.0	2000000.0	1000000.0					
DJI	2013		BEA_return_cg	all_groups		1000000.0	2000000.0	1000000.0					
DJI	2014		BEA_return_cg	all_groups	100.0		2000000.0						
DJI	2015		BEA_return_cg	all_groups	200.0								
DJI	2016		BEA_return_cg	all_groups	200.0			0.0					
DJI	2017		BEA_return_cg	all_groups	200.0			0.0					
DJI	2018		BEA_return_cg	all_groups	200.0			0.0					
DJI	2019		BEA_return_cg	all_groups	0.0	0.0		0.0					
DJI	2020		BEA_return_cg	all_groups	0.0	0.0		0.0					
DJI	2021		BEA_return_cg	all_groups	200.0								
DMA	2004		BEA_return_cg	all_groups									
DMA	2005		BEA_return_cg	all_groups									
DMA	2006		BEA_return_cg	all_groups	500.0	5000000.0	75000000.0						
DMA	2007		BEA_return_cg	all_groups									
DMA	2008		BEA_return_cg	all_groups									
DMA	2009		BEA_return_cg	all_groups	0.0	0.0		1000000.0					
DMA	2010		BEA_return_cg	all_groups									
DMA	2011		BEA_return_cg	all_groups									
DMA	2012		BEA_return_cg	all_groups	0.0	0.0							
DMA	2013		BEA_return_cg	all_groups	0.0	0.0							
DMA	2014		BEA_return_cg	all_groups	500.0								
DMA	2015		BEA_return_cg	all_groups	500.0								
DMA	2016		BEA_return_cg	all_groups	600.0								
DMA	2017		BEA_return_cg	all_groups	600.0								
DMA	2018		BEA_return_cg	all_groups	500.0								
DMA	2019		BEA_return_cg	all_groups	200.0			72000000.0					
DMA	2020		BEA_return_cg	all_groups		1000000.0							
DMA	2021		BEA_return_cg	all_groups		1000000.0							
DNK	2004	1366000000.0	BEA_return_cg	all_groups	41800.0	3469000000.0	39646000000.0	3269000000.0	686000000.0			-169000000.0	0.5021961932650073
DNK	2005	2059000000.0	BEA_return_cg	all_groups	45500.0	3148000000.0	40007000000.0		852000000.0			-163000000.0	0.41379310344827586
DNK	2006	2538000000.0	BEA_return_cg	all_groups	66400.0	4600000000.0	51045000000.0		988000000.0			-27000000.0	0.3892828999211978
DNK	2007	2157000000.0	BEA_return_cg	all_groups					962000000.0			97000000.0	0.4459898006490496
DNK	2008	7561000000.0	BEA_return_cg	all_groups					4698000000.0			84000000.0	0.621346382753604
DNK	2009	4360000000.0	BEA_return_cg	all_groups	34200.0	3055000000.0	58261000000.0	4642000000.0	2486000000.0				0.5701834862385321
DNK	2010	4638000000.0	BEA_return_cg	all_groups	32600.0	3051000000.0	56802000000.0	4159000000.0	2998000000.0	12785000000.0	18906000000.0	149000000.0	0.6463993100474342
DNK	2011	5766000000.0	BEA_return_cg	all_groups	32000.0	3073000000.0	60778000000.0	4241000000.0	3631000000.0	13366000000.0	20810000000.0	-87000000.0	0.6297259798820672
DNK	2012	3847000000.0	BEA_return_cg	all_groups	34400.0	3337000000.0	58745000000.0	4678000000.0	2806000000.0	13062000000.0	19812000000.0	79000000.0	0.7293995321029374
DNK	2013	4839000000.0	BEA_return_cg	all_groups	39900.0	3961000000.0	71197000000.0	6780000000.0	1977000000.0	16596000000.0	23004000000.0	115000000.0	0.4085554866707998
DNK	2014	2321000000.0	BEA_return_cg	all_groups	44900.0	4591000000.0	84843000000.0	5779000000.0	2219000000.0	18851000000.0	22873000000.0	62000000.0	0.9560534252477381
DNK	2015	1215000000.0	BEA_return_cg	all_groups	40800.0	3861000000.0	81791000000.0	5799000000.0	330000000.0	12435000000.0	18386000000.0	30000000.0	0.2716049382716049
DNK	2016	777000000.0	BEA_return_cg	all_groups	40300.0	3834000000.0	80727000000.0	5438000000.0	629000000.0			-5000000.0	0.8095238095238095
DNK	2017	553000000.0	BEA_return_cg	all_groups	40800.0	3907000000.0	74687000000.0	5714000000.0	333000000.0			-31000000.0	0.6021699819168174
DNK	2018	705000000.0	BEA_return_cg	all_groups	44500.0	3947000000.0	76166000000.0	6014000000.0	438000000.0			-93000000.0	0.6212765957446809
DNK	2019	1110000000.0	BEA_return_cg	all_groups	40800.0	3677000000.0	73841000000.0	5797000000.0	649000000.0			-24000000.0	0.5846846846846847
DNK	2020	-433000000.0	BEA_return_cg	all_groups	37400.0	3707000000.0	73805000000.0	5185000000.0	-17000000.0	13668000000.0	18383000000.0	-29000000.0	0.03926096997690531
DNK	2021	732000000.0	BEA_return_cg	all_groups	37300.0	3815000000.0	66959000000.0	5051000000.0	250000000.0	14762000000.0	19953000000.0	-58000000.0	0.34153005464480873
DOM	2004	258000000.0	BEA_return_cg	all_groups					15000000.0			72000000.0	0.05813953488372093
DOM	2005	634000000.0	BEA_return_cg	all_groups			5132000000.0		147000000.0			50000000.0	0.23186119873817035
DOM	2006	640000000.0	BEA_return_cg	all_groups			4687000000.0		71000000.0			-3000000.0	0.1109375
DOM	2007	384000000.0	BEA_return_cg	all_groups	32000.0	315000000.0			60000000.0			-14000000.0	0.15625
DOM	2008		BEA_return_cg	all_groups	24600.0	183000000.0			104000000.0			14000000.0	
DOM	2009	639000000.0	BEA_return_cg	all_groups	26000.0	232000000.0	4185000000.0	936000000.0				-11000000.0	
DOM	2010	478000000.0	BEA_return_cg	all_groups	24900.0	228000000.0	4109000000.0	938000000.0	103000000.0	3592000000.0	4630000000.0	58000000.0	0.21548117154811716
DOM	2011	606000000.0	BEA_return_cg	all_groups	23200.0	220000000.0	4178000000.0	1062000000.0	162000000.0	3977000000.0	4882000000.0	46000000.0	0.26732673267326734
DOM	2012	427000000.0	BEA_return_cg	all_groups	20400.0	221000000.0	4790000000.0	1058000000.0	139000000.0			54000000.0	0.3255269320843091
DOM	2013	442000000.0	BEA_return_cg	all_groups	19700.0	217000000.0	5184000000.0	1027000000.0	107000000.0	2630000000.0		62000000.0	0.2420814479638009
DOM	2014	416000000.0	BEA_return_cg	all_groups	21800.0	225000000.0	5204000000.0	1003000000.0	83000000.0	2839000000.0	3813000000.0	34000000.0	0.19951923076923078
DOM	2015	532000000.0	BEA_return_cg	all_groups	23300.0	260000000.0	4931000000.0	1074000000.0	93000000.0				0.17481203007518797
DOM	2016	610000000.0	BEA_return_cg	all_groups	24400.0	257000000.0	5198000000.0	1011000000.0	68000000.0	2243000000.0	3593000000.0	29000000.0	0.11147540983606558
DOM	2017	616000000.0	BEA_return_cg	all_groups	22500.0	242000000.0	4790000000.0	1088000000.0	102000000.0			13000000.0	0.16558441558441558
DOM	2018	670000000.0	BEA_return_cg	all_groups	23100.0	247000000.0	5292000000.0	1279000000.0	79000000.0	2518000000.0	3910000000.0	-3000000.0	0.11791044776119403
DOM	2019	805000000.0	BEA_return_cg	all_groups	25800.0	271000000.0	6043000000.0	1784000000.0	89000000.0			-12000000.0	0.11055900621118013
DOM	2020	537000000.0	BEA_return_cg	all_groups	25600.0	262000000.0	6188000000.0	1909000000.0	75000000.0	2673000000.0	3462000000.0	23000000.0	0.13966480446927373
DOM	2021	658000000.0	BEA_return_cg	all_groups	25900.0	268000000.0	6405000000.0	2005000000.0	87000000.0	3121000000.0		22000000.0	0.13221884498480244
DZA	2004		BEA_return_cg	all_groups	2400.0	184000000.0	6626000000.0	1741000000.0					
DZA	2005		BEA_return_cg	all_groups	2100.0	171000000.0	8681000000.0						
DZA	2006		BEA_return_cg	all_groups	5800.0	190000000.0							
DZA	2007		BEA_return_cg	all_groups	6200.0	175000000.0							
DZA	2008		BEA_return_cg	all_groups	5900.0	164000000.0							
DZA	2009		BEA_return_cg	all_groups	4300.0	161000000.0	13407000000.0	3713000000.0					
DZA	2010		BEA_return_cg	all_groups	4200.0	191000000.0	12745000000.0	3495000000.0					
DZA	2011		BEA_return_cg	all_groups	4300.0	212000000.0	13928000000.0	3663000000.0					
DZA	2012		BEA_return_cg	all_groups	4300.0	195000000.0	16105000000.0	3833000000.0					
DZA	2013		BEA_return_cg	all_groups	4100.0	153000000.0	15072000000.0	2886000000.0					
DZA	2014		BEA_return_cg	all_groups	3500.0	185000000.0	15719000000.0	2839000000.0					
DZA	2015		BEA_return_cg	all_groups	3400.0	133000000.0	14340000000.0	2594000000.0					
DZA	2016		BEA_return_cg	all_groups	3600.0	162000000.0	8610000000.0	2357000000.0					
DZA	2017		BEA_return_cg	all_groups	3200.0	153000000.0	8587000000.0	1942000000.0					
DZA	2018		BEA_return_cg	all_groups	3200.0	158000000.0	6918000000.0						
DZA	2019		BEA_return_cg	all_groups	3800.0	190000000.0	7900000000.0						
DZA	2020		BEA_return_cg	all_groups	3300.0	157000000.0	6817000000.0						
DZA	2021		BEA_return_cg	all_groups	3200.0	143000000.0	7006000000.0						
ECU	2004	488000000.0	BEA_return_cg	all_groups					109000000.0			-5000000.0	0.22336065573770492
ECU	2005	626000000.0	BEA_return_cg	all_groups			3412000000.0		173000000.0			-20000000.0	0.2763578274760383
ECU	2006	249000000.0	BEA_return_cg	all_groups	8600.0	176000000.0			80000000.0			-10000000.0	0.321285140562249
ECU	2007	109000000.0	BEA_return_cg	all_groups	11500.0	198000000.0	4589000000.0		96000000.0			-17000000.0	0.8807339449541285
ECU	2008	199000000.0	BEA_return_cg	all_groups	12400.0	205000000.0	4037000000.0		62000000.0			17000000.0	0.31155778894472363
ECU	2009	205000000.0	BEA_return_cg	all_groups	13600.0	264000000.0	4066000000.0	591000000.0	60000000.0			5000000.0	0.2926829268292683
ECU	2010	326000000.0	BEA_return_cg	all_groups	14900.0	301000000.0	4381000000.0	601000000.0	83000000.0	3181000000.0	4054000000.0	-25000000.0	0.254601226993865
ECU	2011	318000000.0	BEA_return_cg	all_groups	15600.0	301000000.0	4161000000.0	704000000.0	97000000.0	3742000000.0	4591000000.0	-22000000.0	0.3050314465408805
ECU	2012	324000000.0	BEA_return_cg	all_groups	15200.0	345000000.0	4373000000.0	743000000.0	108000000.0			-32000000.0	0.3333333333333333
ECU	2013	367000000.0	BEA_return_cg	all_groups	16700.0	376000000.0	4543000000.0	806000000.0	104000000.0	4007000000.0		-2000000.0	0.28337874659400547
ECU	2014	294000000.0	BEA_return_cg	all_groups	21900.0	535000000.0	5320000000.0	911000000.0	75000000.0	4902000000.0	6214000000.0	10000000.0	0.25510204081632654
ECU	2015	135000000.0	BEA_return_cg	all_groups	18900.0	495000000.0	5108000000.0	764000000.0	27000000.0	4116000000.0	5317000000.0	-10000000.0	0.2
ECU	2016	125000000.0	BEA_return_cg	all_groups	16600.0	464000000.0	4878000000.0	700000000.0	15000000.0	3538000000.0	4563000000.0	-13000000.0	0.12
ECU	2017	151000000.0	BEA_return_cg	all_groups	17100.0	463000000.0	5031000000.0	712000000.0	23000000.0	3773000000.0	4883000000.0	-20000000.0	0.152317880794702
ECU	2018	170000000.0	BEA_return_cg	all_groups	16100.000000000002	449000000.0	5066000000.0	691000000.0	27000000.0	3705000000.0	4833000000.0	-23000000.0	0.1588235294117647
ECU	2019	429000000.0	BEA_return_cg	all_groups	21700.0	440000000.0	5640000000.0	1153000000.0	83000000.0			28000000.0	0.19347319347319347
ECU	2020	276000000.0	BEA_return_cg	all_groups	22000.0	439000000.0	5517000000.0	1390000000.0	43000000.0	2698000000.0	4279000000.0	-30000000.0	0.15579710144927536
ECU	2021	147000000.0	BEA_return_cg	all_groups	21100.0	451000000.0	5402000000.0	1333000000.0				-9000000.0	
EGY	2004	1175000000.0	BEA_return_cg	all_groups	29800.0	270000000.0			512000000.0			10000000.0	0.4357446808510638
EGY	2005	1734000000.0	BEA_return_cg	all_groups	34100.0	320000000.0	11142000000.0		780000000.0			50000000.0	0.44982698961937717
EGY	2006		BEA_return_cg	all_groups	35000.0	368000000.0	13398000000.0		885000000.0				
EGY	2007	2463000000.0	BEA_return_cg	all_groups	35500.0	403000000.0	16377000000.0		1026000000.0			98000000.0	0.4165651644336175
EGY	2008	3421000000.0	BEA_return_cg	all_groups	38200.0	498000000.0	19213000000.0		1549000000.0			28000000.0	0.45279158140894477
EGY	2009	3407000000.0	BEA_return_cg	all_groups	24900.0	554000000.0	17026000000.0	7731000000.0				-122000000.0	
EGY	2010	3945000000.0	BEA_return_cg	all_groups	30000.0	655000000.0	19614000000.0	7613000000.0	1304000000.0	11796000000.0	12116000000.0	-103000000.0	0.3305449936628644
EGY	2011	5598000000.0	BEA_return_cg	all_groups	32000.0	781000000.0	22512000000.0	8617000000.0		13365000000.0	14185000000.0	-132000000.0	
EGY	2012	5505000000.0	BEA_return_cg	all_groups	26600.0	741000000.0	25617000000.0	8431000000.0	2019000000.0	14004000000.0	14927000000.0	-80000000.0	0.3667574931880109
EGY	2013	4355000000.0	BEA_return_cg	all_groups	25800.0	693000000.0	29582000000.0	8810000000.0	1551000000.0	13235000000.0	14161000000.0	-164000000.0	0.35614236509758895
EGY	2014	3789000000.0	BEA_return_cg	all_groups	31000.0	744000000.0	34178000000.0	8994000000.0		12864000000.0	13796000000.0	-289000000.0	
EGY	2015	2971000000.0	BEA_return_cg	all_groups	27700.0	700000000.0	32651000000.0	8303000000.0	1045000000.0	11374000000.0	12098000000.0	-298000000.0	0.3517334230898687
EGY	2016	998000000.0	BEA_return_cg	all_groups	36900.0	712000000.0	23887000000.0	5800000000.0	524000000.0	10615000000.0	11460000000.0		0.5250501002004008
EGY	2017	1452000000.0	BEA_return_cg	all_groups	41700.0	607000000.0	22760000000.0	5358000000.0		10354000000.0	11291000000.0	-37000000.0	
EGY	2018	2386000000.0	BEA_return_cg	all_groups	41200.0	596000000.0	22203000000.0	5010000000.0	1063000000.0	11896000000.0	12924000000.0	-38000000.0	0.44551550712489524
EGY	2019	2146000000.0	BEA_return_cg	all_groups	40300.0	624000000.0	23783000000.0	4265000000.0	818000000.0	12052000000.0	13016000000.0	-94000000.0	0.3811742777260019
EGY	2020	1412000000.0	BEA_return_cg	all_groups	38600.0	694000000.0	23875000000.0	4255000000.0	661000000.0	10424000000.0	11056000000.0	-31000000.0	0.4681303116147309
EGY	2021	2180000000.0	BEA_return_cg	all_groups	38400.0	624000000.0	26148000000.0	3339000000.0	990000000.0	12064000000.0	13036000000.0	-45000000.0	0.4541284403669725
ERI	2004		BEA_return_cg	all_groups									
ERI	2005		BEA_return_cg	all_groups									
ERI	2006		BEA_return_cg	all_groups									
ERI	2009		BEA_return_cg	all_groups	0.0	0.0		1000000.0					
ERI	2010		BEA_return_cg	all_groups	0.0	0.0		1000000.0					
ERI	2011		BEA_return_cg	all_groups	0.0	0.0		1000000.0					
ERI	2012		BEA_return_cg	all_groups	0.0	0.0		1000000.0					
ERI	2013		BEA_return_cg	all_groups	0.0	0.0		1000000.0					
ERI	2014		BEA_return_cg	all_groups	0.0	0.0	1000000.0						
ERI	2015		BEA_return_cg	all_groups	0.0	0.0	1000000.0						
ERI	2016		BEA_return_cg	all_groups	0.0	0.0	1000000.0						
ERI	2017		BEA_return_cg	all_groups	0.0	0.0	1000000.0						
ERI	2018		BEA_return_cg	all_groups	0.0	0.0	1000000.0						
ESP	2004	3352000000.0	BEA_return_cg	all_groups	219600.0	9815000000.0	130185000000.0	21156000000.0	1010000000.0			-19000000.0	0.3013126491646778
ESP	2005	3838000000.0	BEA_return_cg	all_groups	212300.0	9938000000.0	153174000000.0		1295000000.0			169000000.0	0.33741532047941636
ESP	2006	3831000000.0	BEA_return_cg	all_groups	215600.0	10528000000.0	173618000000.0		1346000000.0			408000000.0	0.3513442965283216
ESP	2007	4371000000.0	BEA_return_cg	all_groups	216800.0	11624000000.0	197117000000.0		1482000000.0			624000000.0	0.3390528483184626
ESP	2008	2236000000.0	BEA_return_cg	all_groups	209000.0	12708000000.0	179495000000.0		1400000000.0			704000000.0	0.6261180679785331
ESP	2009	1646000000.0	BEA_return_cg	all_groups	183500.0	11406000000.0	185459000000.0	15094000000.0				-349000000.0	
ESP	2010	4059000000.0	BEA_return_cg	all_groups	176100.0	10648000000.0	172603000000.0	14006000000.0	981000000.0	59474000000.0	81946000000.0	131000000.0	0.24168514412416853
ESP	2011	3449000000.0	BEA_return_cg	all_groups	179200.0	11455000000.0	169096000000.0	14148000000.0	874000000.0	62108000000.0	86628000000.0	242000000.0	0.2534067845752392
ESP	2012	832000000.0	BEA_return_cg	all_groups	172100.0	10591000000.0	142652000000.0	13620000000.0	990000000.0	54464000000.0	74176000000.0	64000000.0	1.1899038461538463
ESP	2013	1973000000.0	BEA_return_cg	all_groups	167800.0	10295000000.0	155682000000.0	15621000000.0	754000000.0	53081000000.0	76070000000.0	-101000000.0	0.382159148504815
ESP	2014	2673000000.0	BEA_return_cg	all_groups	180000.0	10952000000.0	159594000000.0	16584000000.0	918000000.0	60270000000.0	82854000000.0	-46000000.0	0.3434343434343434
ESP	2015	3910000000.0	BEA_return_cg	all_groups	176600.0	10330000000.0	154006000000.0	15160000000.0	788000000.0	56979000000.0	79823000000.0	-401000000.0	0.20153452685421994
ESP	2016	3637000000.0	BEA_return_cg	all_groups	179500.0	10643000000.0	162744000000.0	14850000000.0	931000000.0	58121000000.0	82186000000.0	-813000000.0	0.2559802034643937
ESP	2017	4436000000.0	BEA_return_cg	all_groups	176200.0	10483000000.0	173549000000.0	16094000000.0	1275000000.0	62179000000.0	80544000000.0	-1145000000.0	0.2874211000901713
ESP	2018	5747000000.0	BEA_return_cg	all_groups	175900.0	11165000000.0	180316000000.0	16543000000.0	1246000000.0	69658000000.0	90397000000.0	-1851000000.0	0.21680876979293545
ESP	2019	4979000000.0	BEA_return_cg	all_groups	189500.0	11467000000.0	186114000000.0	17467000000.0	925000000.0	67091000000.0	88050000000.0	-1158000000.0	0.18578027716408918
ESP	2020	3201000000.0	BEA_return_cg	all_groups	185800.0	11692000000.0	175558000000.0	17224000000.0	723000000.0	64567000000.0	84627000000.0	-1113000000.0	0.22586691658856609
ESP	2021	3165000000.0	BEA_return_cg	all_groups	180500.0	11841000000.0	165880000000.0	16868000000.0	824000000.0	71685000000.0	86876000000.0	-1094000000.0	0.260347551342812
EST	2004		BEA_return_cg	all_groups	2200.0	26000000.0	180000000.0	49000000.0					
EST	2005		BEA_return_cg	all_groups	2300.0	28000000.0							
EST	2006		BEA_return_cg	all_groups	2300.0	29000000.0	202000000.0						
EST	2007		BEA_return_cg	all_groups	2500.0	35000000.0	333000000.0						
EST	2008		BEA_return_cg	all_groups	2200.0	34000000.0	318000000.0						
EST	2009		BEA_return_cg	all_groups	1800.0	38000000.0	337000000.0	68000000.0					
EST	2010		BEA_return_cg	all_groups	2200.0	45000000.0	379000000.0	82000000.0					
EST	2011		BEA_return_cg	all_groups	2900.0	57000000.0	439000000.0	103000000.0					
EST	2012		BEA_return_cg	all_groups	3800.0	91000000.0	626000000.0	182000000.0					
EST	2013		BEA_return_cg	all_groups	3700.0	97000000.0	668000000.0	178000000.0					
EST	2014		BEA_return_cg	all_groups	3400.0	105000000.0	610000000.0	174000000.0					
EST	2015		BEA_return_cg	all_groups	4000.0	107000000.0	670000000.0	166000000.0					
EST	2016		BEA_return_cg	all_groups	3500.0	93000000.0	527000000.0	131000000.0					
EST	2017		BEA_return_cg	all_groups	3600.0	97000000.0	554000000.0	141000000.0					
EST	2018		BEA_return_cg	all_groups	3400.0	93000000.0	525000000.0	147000000.0					
EST	2019		BEA_return_cg	all_groups	3100.0	88000000.0	605000000.0	120000000.0					
EST	2020		BEA_return_cg	all_groups	3400.0	91000000.0	654000000.0	130000000.0					
EST	2021		BEA_return_cg	all_groups	3400.0	100000000.0	687000000.0	132000000.0					
ETH	2004		BEA_return_cg	all_groups									
ETH	2005		BEA_return_cg	all_groups									
ETH	2006		BEA_return_cg	all_groups									
ETH	2007		BEA_return_cg	all_groups									
ETH	2008		BEA_return_cg	all_groups									
ETH	2009		BEA_return_cg	all_groups	700.0	3000000.0		1000000.0					
ETH	2010		BEA_return_cg	all_groups	700.0	3000000.0		1000000.0					
ETH	2011		BEA_return_cg	all_groups	700.0	3000000.0		1000000.0					
ETH	2012		BEA_return_cg	all_groups	700.0	3000000.0		1000000.0					
ETH	2013		BEA_return_cg	all_groups	700.0	3000000.0	70000000.0						
ETH	2014		BEA_return_cg	all_groups	800.0	3000000.0	91000000.0						
ETH	2015		BEA_return_cg	all_groups	800.0	3000000.0	98000000.0						
ETH	2016		BEA_return_cg	all_groups	800.0	3000000.0	53000000.0						
ETH	2017		BEA_return_cg	all_groups	800.0	3000000.0	52000000.0						
ETH	2018		BEA_return_cg	all_groups	800.0	3000000.0							
ETH	2019		BEA_return_cg	all_groups	2500.0	12000000.0	72000000.0	20000000.0					
ETH	2020		BEA_return_cg	all_groups	2500.0	12000000.0	72000000.0	21000000.0					
ETH	2021		BEA_return_cg	all_groups	2500.0	12000000.0	74000000.0	21000000.0					
FIN	2004	558000000.0	BEA_return_cg	all_groups	24100.0	1188000000.0			181000000.0			4000000.0	0.32437275985663083
FIN	2005	629000000.0	BEA_return_cg	all_groups	25000.0	1379000000.0	16683000000.0		215000000.0			71000000.0	0.34181240063593005
FIN	2006	605000000.0	BEA_return_cg	all_groups	22900.0	1399000000.0			298000000.0			99000000.0	0.4925619834710744
FIN	2007	943000000.0	BEA_return_cg	all_groups	24000.0	1528000000.0			233000000.0			107000000.0	0.24708377518557795
FIN	2008	939000000.0	BEA_return_cg	all_groups	23400.0	1640000000.0			177000000.0			107000000.0	0.18849840255591055
FIN	2009	419000000.0	BEA_return_cg	all_groups	20700.0	1526000000.0	18162000000.0	1530000000.0				67000000.0	
FIN	2010	392000000.0	BEA_return_cg	all_groups	19800.0	1487000000.0	14861000000.0	1436000000.0	112000000.0	7869000000.0	10248000000.0	-18000000.0	0.2857142857142857
FIN	2011	594000000.0	BEA_return_cg	all_groups	22700.0	1527000000.0	16409000000.0	1776000000.0	137000000.0	8559000000.0	11663000000.0	35000000.0	0.23063973063973064
FIN	2012	515000000.0	BEA_return_cg	all_groups	22600.0	1517000000.0	15560000000.0	1792000000.0		7881000000.0	10550000000.0	2000000.0	
FIN	2013	584000000.0	BEA_return_cg	all_groups	19400.0	1429000000.0	15172000000.0	1761000000.0	49000000.0			1000000.0	0.0839041095890411
FIN	2014	-213000000.0	BEA_return_cg	all_groups	20400.0	1493000000.0	36388000000.0	2436000000.0	105000000.0				-0.49295774647887325
FIN	2015	-1758000000.0	BEA_return_cg	all_groups	25600.0	2038000000.0	35870000000.0	2610000000.0	61000000.0			11000000.0	-0.034698521046643914
FIN	2016	-1030000000.0	BEA_return_cg	all_groups	20400.0	1401000000.0	28212000000.0	2671000000.0	-96000000.0	7779000000.0	13442000000.0		0.09320388349514563
FIN	2017	810000000.0	BEA_return_cg	all_groups	19600.0	1373000000.0	28719000000.0	2618000000.0	58000000.0	6661000000.0	9520000000.0		0.07160493827160494
FIN	2018	838000000.0	BEA_return_cg	all_groups	21300.0	1386000000.0	29573000000.0	2480000000.0	68000000.0	6779000000.0	9856000000.0		0.081145584725537
FIN	2019	351000000.0	BEA_return_cg	all_groups	21200.0	1431000000.0	25394000000.0	1763000000.0	113000000.0	7436000000.0	10131000000.0		0.32193732193732194
FIN	2020	683000000.0	BEA_return_cg	all_groups	20900.0	1406000000.0	27211000000.0	1709000000.0	101000000.0	7992000000.0	9952000000.0		0.1478770131771596
FIN	2021	681000000.0	BEA_return_cg	all_groups	19300.0	1509000000.0	31006000000.0	1778000000.0	148000000.0	8797000000.0	10852000000.0		0.2173274596182085
FJI	2004		BEA_return_cg	all_groups									
FJI	2005		BEA_return_cg	all_groups									
FJI	2006		BEA_return_cg	all_groups	800.0	11000000.0	109000000.0						
FJI	2007		BEA_return_cg	all_groups									
FJI	2008		BEA_return_cg	all_groups	800.0	9000000.0							
FJI	2009		BEA_return_cg	all_groups	1400.0	16000000.0	83000000.0	37000000.0					
FJI	2010		BEA_return_cg	all_groups	1400.0	16000000.0	82000000.0	41000000.0					
FJI	2011		BEA_return_cg	all_groups	1400.0	16000000.0	92000000.0	43000000.0					
FJI	2012		BEA_return_cg	all_groups	1400.0	16000000.0	106000000.0	44000000.0					
FJI	2013		BEA_return_cg	all_groups	1400.0	16000000.0	112000000.0	45000000.0					
FJI	2014		BEA_return_cg	all_groups	3100.0	35000000.0	241000000.0	78000000.0					
FJI	2015		BEA_return_cg	all_groups	3200.0	34000000.0	246000000.0	132000000.0					
FJI	2016		BEA_return_cg	all_groups	3200.0	34000000.0	265000000.0	157000000.0					
FJI	2017		BEA_return_cg	all_groups	3300.0	35000000.0	298000000.0	176000000.0					
FJI	2018		BEA_return_cg	all_groups	2600.0	28000000.0	272000000.0	149000000.0					
FJI	2019		BEA_return_cg	all_groups		18000000.0	282000000.0	151000000.0					
FJI	2020		BEA_return_cg	all_groups		19000000.0	281000000.0	154000000.0					
FJI	2021		BEA_return_cg	all_groups		19000000.0	328000000.0	141000000.0					
FRA	2004	8539000000.0	BEA_return_cg	all_groups	594000.0	29424000000.0	262086000000.0	40736000000.0	2645000000.0			467000000.0	0.30975524066049887
FRA	2005	8081000000.0	BEA_return_cg	all_groups	646300.0	31229000000.0	271894000000.0		2573000000.0			830000000.0	0.3184011879717857
FRA	2006	7532000000.0	BEA_return_cg	all_groups	665400.0	33002000000.0	286132000000.0		2783000000.0			574000000.0	0.369490175252257
FRA	2007	10310000000.0	BEA_return_cg	all_groups	652800.0	35443000000.0	333993000000.0		3556000000.0			804000000.0	0.3449078564500485
FRA	2008	9127000000.0	BEA_return_cg	all_groups	635400.0	36012000000.0	352484000000.0		3266000000.0			881000000.0	0.35783937767064755
FRA	2009	6750000000.0	BEA_return_cg	all_groups	537400.0	33985000000.0	376478000000.0	31601000000.0	2204000000.0			768000000.0	0.32651851851851854
FRA	2010	5586000000.0	BEA_return_cg	all_groups	465400.0	34211000000.0	373084000000.0	27195000000.0	3007000000.0	141821000000.0	194587000000.0	485000000.0	0.5383100608664518
FRA	2011	7709000000.0	BEA_return_cg	all_groups	478000.0	35445000000.0	374838000000.0	28882000000.0	3457000000.0	159425000000.0	216816000000.0	563000000.0	0.4484368919444805
FRA	2012	6847000000.0	BEA_return_cg	all_groups	452500.0	34192000000.0	374171000000.0	28802000000.0	3352000000.0	153382000000.0	208876000000.0	318000000.0	0.48955747042500364
FRA	2013	5804000000.0	BEA_return_cg	all_groups	451700.0	34437000000.0	391152000000.0	29994000000.0	3457000000.0	150659000000.0	209553000000.0	254000000.0	0.5956237077877325
FRA	2014	7499000000.0	BEA_return_cg	all_groups	479000.0	35623000000.0	402180000000.0	30426000000.0	3877000000.0	158196000000.0	216466000000.0	540000000.0	0.5170022669689291
FRA	2015	1312000000.0	BEA_return_cg	all_groups	478500.0	33127000000.0	385409000000.0	28207000000.0	3486000000.0			534000000.0	2.6570121951219514
FRA	2016	6870000000.0	BEA_return_cg	all_groups	476100.0	32315000000.0	367724000000.0	30323000000.0	3285000000.0	144630000000.0	184283000000.0	650000000.0	0.4781659388646288
FRA	2017	6720000000.0	BEA_return_cg	all_groups	495000.0	33681000000.0	393913000000.0	33875000000.0	2801000000.0	155252000000.0	196747000000.0	432000000.0	0.4168154761904762
FRA	2018	4671000000.0	BEA_return_cg	all_groups	496700.0	34811000000.0	383390000000.0	32440000000.0	3099000000.0	166331000000.0	209629000000.0	613000000.0	0.6634553628773282
FRA	2019	10369000000.0	BEA_return_cg	all_groups	497200.0	34639000000.0	427000000000.0	33798000000.0	4123000000.0	168075000000.0	206711000000.0	207000000.0	0.39762754363969527
FRA	2020	8391000000.0	BEA_return_cg	all_groups	485300.0	33619000000.0	469366000000.0	35012000000.0	3183000000.0	154625000000.0	187955000000.0	15000000.0	0.3793350017876296
FRA	2021	11360000000.0	BEA_return_cg	all_groups	473600.0	34235000000.0	478676000000.0	32293000000.0	2916000000.0	171603000000.0	208518000000.0	207000000.0	0.2566901408450704
FSM	2004		BEA_return_cg	all_groups									
FSM	2005		BEA_return_cg	all_groups		1000000.0							
FSM	2006		BEA_return_cg	all_groups		1000000.0							
FSM	2007		BEA_return_cg	all_groups									
FSM	2008		BEA_return_cg	all_groups									
FSM	2009		BEA_return_cg	all_groups	0.0	0.0							
FSM	2010		BEA_return_cg	all_groups	0.0	0.0							
FSM	2011		BEA_return_cg	all_groups	0.0	0.0							
FSM	2012		BEA_return_cg	all_groups	0.0	0.0							
FSM	2013		BEA_return_cg	all_groups	0.0	0.0							
FSM	2014		BEA_return_cg	all_groups	0.0	0.0		2000000.0					
FSM	2015		BEA_return_cg	all_groups	0.0	0.0		2000000.0					
FSM	2016		BEA_return_cg	all_groups	0.0	0.0		2000000.0					
FSM	2017		BEA_return_cg	all_groups	0.0	0.0		2000000.0					
FSM	2018		BEA_return_cg	all_groups	0.0	0.0		2000000.0					
FSM	2019		BEA_return_cg	all_groups	100.0	1000000.0		4000000.0					
FSM	2020		BEA_return_cg	all_groups	100.0	1000000.0							
FSM	2021		BEA_return_cg	all_groups		1000000.0							
GAB	2004		BEA_return_cg	all_groups	700.0	34000000.0	770000000.0	228000000.0					
GAB	2005		BEA_return_cg	all_groups	600.0	34000000.0	909000000.0						
GAB	2006		BEA_return_cg	all_groups	600.0	32000000.0							
GAB	2007		BEA_return_cg	all_groups	600.0	28000000.0							
GAB	2008		BEA_return_cg	all_groups	200.0	12000000.0							
GAB	2009		BEA_return_cg	all_groups	300.0	46000000.0	1197000000.0	154000000.0					
GAB	2010		BEA_return_cg	all_groups	300.0	44000000.0	980000000.0	161000000.0					
GAB	2011		BEA_return_cg	all_groups	400.0	49000000.0	281000000.0	45000000.0					
GAB	2012		BEA_return_cg	all_groups	500.0	83000000.0	288000000.0	50000000.0					
GAB	2013		BEA_return_cg	all_groups	600.0	80000000.0	231000000.0	142000000.0					
GAB	2014		BEA_return_cg	all_groups	600.0	83000000.0	494000000.0	130000000.0					
GAB	2015		BEA_return_cg	all_groups	500.0	72000000.0	477000000.0	122000000.0					
GAB	2016		BEA_return_cg	all_groups	600.0	93000000.0	508000000.0	139000000.0					
GAB	2017		BEA_return_cg	all_groups	500.0	72000000.0	520000000.0	29000000.0					
GAB	2018		BEA_return_cg	all_groups	500.0	72000000.0	521000000.0	29000000.0					
GAB	2019		BEA_return_cg	all_groups	200.0		435000000.0	21000000.0					
GAB	2020		BEA_return_cg	all_groups	200.0		351000000.0	21000000.0					
GAB	2021		BEA_return_cg	all_groups	200.0		255000000.0	21000000.0					
GBR	2004	18027000000.0	BEA_return_cg	all_groups	1226900.0	68422000000.0	2154838000000.0	139907000000.0	8381000000.0			-2388000000.0	0.46491374050036055
GBR	2005	37176000000.0	BEA_return_cg	all_groups	1244500.0	73825000000.0	2359611000000.0		18619000000.0			-6923000000.0	0.5008338713148268
GBR	2006	42615000000.0	BEA_return_cg	all_groups	1367400.0	81657000000.0	2960005000000.0		16909000000.0			-7079000000.0	0.3967851695412413
GBR	2007	24015000000.0	BEA_return_cg	all_groups	1357800.0	86554000000.0	3683735000000.0		13325000000.0			1645000000.0	0.5548615448677909
GBR	2008	7835000000.0	BEA_return_cg	all_groups	1304900.0	78703000000.0	1768662000000.0		11352000000.0			4469000000.0	1.4488832163369496
GBR	2009	35919000000.0	BEA_return_cg	all_groups	1203500.0	79675000000.0	4491386000000.0	110028000000.0	14077000000.0			-3465000000.0	0.3919095743199978
GBR	2010	45130000000.0	BEA_return_cg	all_groups	1213000.0	78843000000.0	4596903000000.0	105987000000.0	13466000000.0	426346000000.0	549472000000.0	-6457000000.0	0.2983824506979836
GBR	2011	40168000000.0	BEA_return_cg	all_groups	1259200.0	83414000000.0	4829393000000.0	121025000000.0	14800000000.0	476984000000.0	612063000000.0	-3431000000.0	0.3684524995020912
GBR	2012	34803000000.0	BEA_return_cg	all_groups	1246100.0	85998000000.0	4839978000000.0	122471000000.0	8864000000.0	492231000000.0	620633000000.0	-1239000000.0	0.25469068758440366
GBR	2013	36893000000.0	BEA_return_cg	all_groups	1241600.0	84639000000.0	4968672000000.0	139384000000.0	8650000000.0	480482000000.0	600063000000.0	-1097000000.0	0.23446182202585855
GBR	2014	35546000000.0	BEA_return_cg	all_groups	1378800.0	100273000000.0	5340599000000.0	147502000000.0	8513000000.0	506999000000.0	636624000000.0	-2947000000.0	0.23949248860631295
GBR	2015	34938000000.0	BEA_return_cg	all_groups	1403400.0	101894000000.0	4991909000000.0	143256000000.0	6963000000.0	462861000000.0	584119000000.0	-4501000000.0	0.19929589558646746
GBR	2016	43154000000.0	BEA_return_cg	all_groups	1465000.0	100846000000.0	5098577000000.0	125540000000.0	8280000000.0	450352000000.0	570531000000.0	-2928000000.0	0.1918709737220188
GBR	2017	54103000000.0	BEA_return_cg	all_groups	1471900.0	101379000000.0	5575597000000.0	133529000000.0	12483000000.0	483708000000.0	607548000000.0	-1451000000.0	0.23072657708445002
GBR	2018	50938000000.0	BEA_return_cg	all_groups	1469200.0	104691000000.0	5370193000000.0	124716000000.0	11701000000.0	515892000000.0	651788000000.0	-1135000000.0	0.22971062860732655
GBR	2019	52923000000.0	BEA_return_cg	all_groups	1485300.0	109739000000.0	5550404000000.0	148893000000.0	9024000000.0	518829000000.0	665816000000.0	-1942000000.0	0.17051187574400545
GBR	2020	35815000000.0	BEA_return_cg	all_groups	1504400.0	114123000000.0	6232052000000.0	143565000000.0	11456000000.0	483430000000.0	614829000000.0	-1330000000.0	0.319865977942203
GBR	2021	62748000000.0	BEA_return_cg	all_groups	1330000.0	118756000000.0	6472697000000.0	123375000000.0	13101000000.0	545258000000.0	701533000000.0	-3219000000.0	0.2087875310766877
GEO	2004		BEA_return_cg	all_groups	1000.0	9000000.0	226000000.0	69000000.0					
GEO	2005		BEA_return_cg	all_groups									
GEO	2006		BEA_return_cg	all_groups									
GEO	2007		BEA_return_cg	all_groups			1000000.0						
GEO	2008		BEA_return_cg	all_groups			1000000.0						
GEO	2009		BEA_return_cg	all_groups			4000000.0						
GEO	2010		BEA_return_cg	all_groups			4000000.0	1000000.0					
GEO	2011		BEA_return_cg	all_groups			4000000.0	1000000.0					
GEO	2012		BEA_return_cg	all_groups			4000000.0	1000000.0					
GEO	2013		BEA_return_cg	all_groups		2000000.0	17000000.0	2000000.0					
GEO	2014		BEA_return_cg	all_groups	900.0	14000000.0	164000000.0	4000000.0					
GEO	2015		BEA_return_cg	all_groups	900.0	16000000.0	259000000.0	4000000.0					
GEO	2016		BEA_return_cg	all_groups	1600.0	30000000.0	408000000.0	7000000.0					
GEO	2017		BEA_return_cg	all_groups	1500.0	25000000.0	475000000.0	7000000.0					
GEO	2018		BEA_return_cg	all_groups	1500.0	25000000.0	503000000.0	8000000.0					
GEO	2019		BEA_return_cg	all_groups	1900.0	31000000.0	409000000.0	23000000.0					
GEO	2020		BEA_return_cg	all_groups	1900.0	31000000.0	397000000.0	21000000.0					
GEO	2021		BEA_return_cg	all_groups	1400.0	26000000.0	308000000.0	19000000.0					
GHA	2004		BEA_return_cg	all_groups	3900.0	44000000.0	743000000.0	215000000.0					
GHA	2005		BEA_return_cg	all_groups	2600.0	15000000.0	370000000.0						
GHA	2006		BEA_return_cg	all_groups	1700.0	25000000.0	1379000000.0						
GHA	2007		BEA_return_cg	all_groups	2000.0	53000000.0	1369000000.0						
GHA	2008		BEA_return_cg	all_groups	2300.0	82000000.0	1748000000.0						
GHA	2009		BEA_return_cg	all_groups	2000.0	87000000.0	2126000000.0	1453000000.0					
GHA	2010		BEA_return_cg	all_groups		112000000.0	4145000000.0	2681000000.0					
GHA	2011		BEA_return_cg	all_groups	3600.0	85000000.0	4687000000.0	2871000000.0					
GHA	2012		BEA_return_cg	all_groups	2300.0	51000000.0	9707000000.0	2872000000.0					
GHA	2013		BEA_return_cg	all_groups	2600.0	97000000.0	9047000000.0	3281000000.0					
GHA	2014		BEA_return_cg	all_groups	3000.0	114000000.0	8633000000.0	3543000000.0					
GHA	2015		BEA_return_cg	all_groups	3100.0	147000000.0	7137000000.0	4750000000.0					
GHA	2016		BEA_return_cg	all_groups	3100.0	149000000.0	6885000000.0	4655000000.0					
GHA	2017		BEA_return_cg	all_groups	3000.0	152000000.0	5944000000.0	4098000000.0					
GHA	2018		BEA_return_cg	all_groups	3100.0	159000000.0	5321000000.0						
GHA	2019		BEA_return_cg	all_groups	3300.0	212000000.0	8795000000.0	6037000000.0					
GHA	2020		BEA_return_cg	all_groups	3300.0	211000000.0	7447000000.0	4872000000.0					
GHA	2021		BEA_return_cg	all_groups	3200.0	192000000.0	9154000000.0	5209000000.0					
GIB	2004		BEA_return_cg	all_groups	200.0	4000000.0	2371000000.0	38000000.0					
GIB	2005		BEA_return_cg	all_groups	200.0	4000000.0							
GIB	2006		BEA_return_cg	all_groups	200.0	4000000.0							
GIB	2007		BEA_return_cg	all_groups									
GIB	2008		BEA_return_cg	all_groups									
GIB	2009		BEA_return_cg	all_groups	200.0	9000000.0	35879000000.0	61000000.0					
GIB	2010		BEA_return_cg	all_groups	200.0	9000000.0	39624000000.0	66000000.0					
GIB	2011		BEA_return_cg	all_groups	200.0	9000000.0	57979000000.0	14000000.0					
GIB	2012		BEA_return_cg	all_groups			85897000000.0	70000000.0					
GIB	2013		BEA_return_cg	all_groups			95608000000.0						
GIB	2014		BEA_return_cg	all_groups			96784000000.0						
GIB	2015		BEA_return_cg	all_groups			87496000000.0						
GIB	2016		BEA_return_cg	all_groups	100.0	5000000.0	83311000000.0						
GIB	2017		BEA_return_cg	all_groups	100.0	5000000.0	80309000000.0	14000000.0					
GIB	2018		BEA_return_cg	all_groups	100.0	5000000.0	65995000000.0	14000000.0					
GIB	2019		BEA_return_cg	all_groups	100.0	3000000.0		9000000.0					
GIB	2020		BEA_return_cg	all_groups	100.0	3000000.0		9000000.0					
GIB	2021		BEA_return_cg	all_groups	100.0	3000000.0		11000000.0					
GIN	2004		BEA_return_cg	all_groups									
GIN	2005		BEA_return_cg	all_groups									
GIN	2006		BEA_return_cg	all_groups									
GIN	2007		BEA_return_cg	all_groups									
GIN	2008		BEA_return_cg	all_groups									
GIN	2009		BEA_return_cg	all_groups	200.0								
GIN	2010		BEA_return_cg	all_groups	200.0								
GIN	2011		BEA_return_cg	all_groups	200.0								
GIN	2012		BEA_return_cg	all_groups	300.0			1000000.0					
GIN	2013		BEA_return_cg	all_groups	100.0								
GIN	2014		BEA_return_cg	all_groups	900.0			7000000.0					
GIN	2015		BEA_return_cg	all_groups									
GIN	2016		BEA_return_cg	all_groups									
GIN	2017		BEA_return_cg	all_groups	800.0	3000000.0	103000000.0						
GIN	2018		BEA_return_cg	all_groups		3000000.0	102000000.0						
GIN	2019		BEA_return_cg	all_groups									
GIN	2020		BEA_return_cg	all_groups	800.0	4000000.0		2000000.0					
GIN	2021		BEA_return_cg	all_groups	800.0	4000000.0		2000000.0					
GMB	2004		BEA_return_cg	all_groups			1000000.0						
GMB	2005		BEA_return_cg	all_groups			1000000.0						
GMB	2006		BEA_return_cg	all_groups			1000000.0						
GMB	2007		BEA_return_cg	all_groups			1000000.0						
GMB	2008		BEA_return_cg	all_groups			1000000.0						
GMB	2009		BEA_return_cg	all_groups	300.0	1000000.0	1000000.0						
GMB	2010		BEA_return_cg	all_groups	300.0	1000000.0	1000000.0						
GMB	2011		BEA_return_cg	all_groups	300.0	1000000.0	1000000.0						
GMB	2012		BEA_return_cg	all_groups	300.0	1000000.0	1000000.0						
GMB	2013		BEA_return_cg	all_groups	300.0	1000000.0	1000000.0						
GMB	2019		BEA_return_cg	all_groups		1000000.0	1000000.0						
GMB	2020		BEA_return_cg	all_groups		1000000.0	1000000.0						
GMB	2021		BEA_return_cg	all_groups		1000000.0	1000000.0						
GNQ	2004		BEA_return_cg	all_groups	600.0	40000000.0	14596000000.0	6271000000.0					
GNQ	2005		BEA_return_cg	all_groups	800.0	175000000.0	16572000000.0						
GNQ	2006		BEA_return_cg	all_groups	800.0	188000000.0	20032000000.0						
GNQ	2007		BEA_return_cg	all_groups	900.0	117000000.0	21835000000.0						
GNQ	2008		BEA_return_cg	all_groups	900.0	123000000.0							
GNQ	2009		BEA_return_cg	all_groups	800.0	126000000.0	17121000000.0	6638000000.0					
GNQ	2010		BEA_return_cg	all_groups	1100.0	205000000.0	23683000000.0	10522000000.0					
GNQ	2011		BEA_return_cg	all_groups	1100.0	190000000.0	25766000000.0	11474000000.0					
GNQ	2012		BEA_return_cg	all_groups	900.0	129000000.0	25651000000.0	11142000000.0					
GNQ	2013		BEA_return_cg	all_groups	1500.0	171000000.0	31211000000.0	11578000000.0					
GNQ	2014		BEA_return_cg	all_groups	2000.0	187000000.0	27789000000.0	10105000000.0					
GNQ	2015		BEA_return_cg	all_groups	1900.0	190000000.0	22810000000.0	6929000000.0					
GNQ	2016		BEA_return_cg	all_groups	1800.0	170000000.0	21913000000.0	6109000000.0					
GNQ	2017		BEA_return_cg	all_groups	1600.0	146000000.0	17613000000.0	3547000000.0					
GNQ	2018		BEA_return_cg	all_groups	1700.0	143000000.0	16493000000.0	2468000000.0					
GNQ	2019		BEA_return_cg	all_groups	1400.0	125000000.0	16874000000.0	2834000000.0					
GNQ	2020		BEA_return_cg	all_groups	1300.0	119000000.0	16004000000.0	2474000000.0					
GNQ	2021		BEA_return_cg	all_groups	1300.0	100000000.0	17565000000.0	2349000000.0					
GRC	2004	568000000.0	BEA_return_cg	all_groups	54400.0	1461000000.0	16773000000.0	2719000000.0	223000000.0			-4000000.0	0.3926056338028169
GRC	2005		BEA_return_cg	all_groups			18930000000.0		167000000.0			5000000.0	
GRC	2006		BEA_return_cg	all_groups					168000000.0			15000000.0	
GRC	2007		BEA_return_cg	all_groups					204000000.0			51000000.0	
GRC	2008		BEA_return_cg	all_groups					243000000.0			2000000.0	
GRC	2009	595000000.0	BEA_return_cg	all_groups	18100.0	1118000000.0	11928000000.0	885000000.0	253000000.0				0.42521008403361343
GRC	2010	-72000000.0	BEA_return_cg	all_groups	18200.0	1128000000.0	9832000000.0	847000000.0	133000000.0	6646000000.0	6881000000.0		-1.8472222222222223
GRC	2011	-5000000.0	BEA_return_cg	all_groups	17900.0	1100000000.0	10265000000.0	989000000.0		6588000000.0	6926000000.0	-109000000.0	
GRC	2012	73000000.0	BEA_return_cg	all_groups	17000.0	987000000.0	9904000000.0	1184000000.0	57000000.0	5908000000.0	6198000000.0	-59000000.0	0.7808219178082192
GRC	2013	224000000.0	BEA_return_cg	all_groups	16800.0	1004000000.0	9927000000.0	853000000.0	174000000.0	5920000000.0	6232000000.0	-1000000.0	0.7767857142857143
GRC	2014	149000000.0	BEA_return_cg	all_groups	17800.0	1037000000.0	8683000000.0	875000000.0	92000000.0	5502000000.0	6102000000.0		0.6174496644295302
GRC	2015		BEA_return_cg	all_groups	16400.0	869000000.0	9156000000.0	879000000.0	81000000.0	4643000000.0	5225000000.0		
GRC	2016	115000000.0	BEA_return_cg	all_groups	15700.0	842000000.0	9435000000.0	857000000.0		4390000000.0	4996000000.0		
GRC	2017	488000000.0	BEA_return_cg	all_groups	15600.0	827000000.0	10783000000.0	909000000.0	117000000.0				0.23975409836065573
GRC	2018	143000000.0	BEA_return_cg	all_groups	15500.0	823000000.0	10666000000.0	1047000000.0	71000000.0				0.4965034965034965
GRC	2019	473000000.0	BEA_return_cg	all_groups	18200.0	838000000.0	10646000000.0	1648000000.0	133000000.0	4794000000.0	5446000000.0		0.28118393234672306
GRC	2020	237000000.0	BEA_return_cg	all_groups	18200.0	826000000.0	10874000000.0	1372000000.0		4931000000.0	5520000000.0		
GRC	2021	313000000.0	BEA_return_cg	all_groups	18600.0	868000000.0	11119000000.0	1342000000.0		5782000000.0	6520000000.0		
GRD	2004		BEA_return_cg	all_groups									
GRD	2005		BEA_return_cg	all_groups									
GRD	2006		BEA_return_cg	all_groups									
GRD	2007		BEA_return_cg	all_groups									
GRD	2008		BEA_return_cg	all_groups									
GRD	2009		BEA_return_cg	all_groups	100.0	2000000.0	30000000.0	9000000.0					
GRD	2010		BEA_return_cg	all_groups	100.0	2000000.0	32000000.0	10000000.0					
GRD	2011		BEA_return_cg	all_groups	100.0	1000000.0	22000000.0	5000000.0					
GRD	2012		BEA_return_cg	all_groups	100.0	1000000.0	23000000.0	5000000.0					
GRD	2013		BEA_return_cg	all_groups	100.0	1000000.0	23000000.0	5000000.0					
GRD	2014		BEA_return_cg	all_groups	300.0		135000000.0						
GRD	2015		BEA_return_cg	all_groups	300.0		135000000.0						
GRD	2016		BEA_return_cg	all_groups	300.0		133000000.0						
GRD	2017		BEA_return_cg	all_groups	300.0		127000000.0						
GRD	2018		BEA_return_cg	all_groups	300.0		130000000.0						
GRD	2019		BEA_return_cg	all_groups	300.0								
GRD	2020		BEA_return_cg	all_groups		2000000.0	10000000.0						
GRD	2021		BEA_return_cg	all_groups		2000000.0	10000000.0						
GRL	2009		BEA_return_cg	all_groups	0.0	0.0	1000000.0						
GRL	2010		BEA_return_cg	all_groups	0.0	0.0	1000000.0						
GRL	2011		BEA_return_cg	all_groups	0.0	0.0	1000000.0						
GRL	2012		BEA_return_cg	all_groups	0.0	0.0	1000000.0						
GRL	2013		BEA_return_cg	all_groups	0.0	0.0	1000000.0						
GRL	2014		BEA_return_cg	all_groups		1000000.0							
GRL	2015		BEA_return_cg	all_groups		1000000.0							
GRL	2016		BEA_return_cg	all_groups		1000000.0							
GRL	2017		BEA_return_cg	all_groups		1000000.0							
GRL	2018		BEA_return_cg	all_groups		1000000.0							
GTM	2004		BEA_return_cg	all_groups	17500.0	159000000.0		640000000.0					
GTM	2005		BEA_return_cg	all_groups			2963000000.0						
GTM	2006		BEA_return_cg	all_groups	17200.0	176000000.0	2464000000.0						
GTM	2007		BEA_return_cg	all_groups	24600.0	267000000.0	3213000000.0						
GTM	2008		BEA_return_cg	all_groups	26200.0	304000000.0	3155000000.0						
GTM	2009		BEA_return_cg	all_groups	15500.0	224000000.0	3253000000.0	909000000.0					
GTM	2010		BEA_return_cg	all_groups	15200.0	232000000.0	3424000000.0	935000000.0					
GTM	2011		BEA_return_cg	all_groups	15100.0	226000000.0	3609000000.0	953000000.0					
GTM	2012		BEA_return_cg	all_groups	15100.0	209000000.0	3109000000.0	809000000.0					
GTM	2013		BEA_return_cg	all_groups	19300.0	297000000.0	3811000000.0	967000000.0					
GTM	2014		BEA_return_cg	all_groups	24600.0	345000000.0	4509000000.0	1039000000.0					
GTM	2015		BEA_return_cg	all_groups	24300.0	348000000.0	4409000000.0	1053000000.0					
GTM	2016		BEA_return_cg	all_groups	21300.0	330000000.0	3468000000.0	668000000.0					
GTM	2017		BEA_return_cg	all_groups	20900.0	335000000.0	3619000000.0	753000000.0					
GTM	2018		BEA_return_cg	all_groups	22300.0	337000000.0	3546000000.0	722000000.0					
GTM	2019		BEA_return_cg	all_groups	28700.0	447000000.0	3952000000.0	864000000.0					
GTM	2020		BEA_return_cg	all_groups	28700.0	454000000.0	4176000000.0	1056000000.0					
GTM	2021		BEA_return_cg	all_groups	27500.0	476000000.0	4221000000.0	1195000000.0					
GUF	2009		BEA_return_cg	all_groups									
GUF	2010		BEA_return_cg	all_groups									
GUF	2011		BEA_return_cg	all_groups									
GUF	2012		BEA_return_cg	all_groups									
GUF	2013		BEA_return_cg	all_groups									
GUF	2014		BEA_return_cg	all_groups	0.0	0.0							
GUF	2015		BEA_return_cg	all_groups	0.0	0.0							
GUF	2016		BEA_return_cg	all_groups	0.0	0.0							
GUF	2017		BEA_return_cg	all_groups	0.0	0.0							
GUF	2018		BEA_return_cg	all_groups	0.0	0.0							
GUF	2019		BEA_return_cg	all_groups	0.0	0.0							
GUF	2020		BEA_return_cg	all_groups	0.0	0.0							
GUF	2021		BEA_return_cg	all_groups	0.0	0.0							
GUY	2004		BEA_return_cg	all_groups	1400.0	11000000.0	276000000.0	141000000.0					
GUY	2005		BEA_return_cg	all_groups	1100.0	13000000.0							
GUY	2006		BEA_return_cg	all_groups	1100.0	13000000.0	287000000.0						
GUY	2007		BEA_return_cg	all_groups	1100.0	14000000.0	320000000.0						
GUY	2008		BEA_return_cg	all_groups									
GUY	2009		BEA_return_cg	all_groups	800.0								
GUY	2010		BEA_return_cg	all_groups	800.0								
GUY	2011		BEA_return_cg	all_groups	800.0								
GUY	2012		BEA_return_cg	all_groups	700.0								
GUY	2013		BEA_return_cg	all_groups	800.0								
GUY	2014		BEA_return_cg	all_groups	800.0								
GUY	2015		BEA_return_cg	all_groups	900.0								
GUY	2016		BEA_return_cg	all_groups	1000.0	22000000.0							
GUY	2017		BEA_return_cg	all_groups	1000.0								
GUY	2018		BEA_return_cg	all_groups									
GUY	2019		BEA_return_cg	all_groups		71000000.0							
GUY	2020		BEA_return_cg	all_groups		125000000.0							
GUY	2021		BEA_return_cg	all_groups		151000000.0							
HKG	2004	3642000000.0	BEA_return_cg	all_groups	123100.0	3815000000.0	168247000000.0	7191000000.0	676000000.0			-668000000.0	0.185612300933553
HKG	2005	5157000000.0	BEA_return_cg	all_groups	120100.0	4112000000.0	159811000000.0		928000000.0			-1356000000.0	0.17994958309094436
HKG	2006	6681000000.0	BEA_return_cg	all_groups	124200.0	4703000000.0	197749000000.0		1013000000.0			-1184000000.0	0.15162400838197876
HKG	2007	8147000000.0	BEA_return_cg	all_groups	124400.0	5158000000.0	217601000000.0		1202000000.0			-601000000.0	0.14753897140051553
HKG	2008	4078000000.0	BEA_return_cg	all_groups			126121000000.0		534000000.0			-901000000.0	0.13094654242275625
HKG	2009	7805000000.0	BEA_return_cg	all_groups	112800.0	5974000000.0	268499000000.0	7939000000.0				-1532000000.0	
HKG	2010	8248000000.0	BEA_return_cg	all_groups	117500.0	6572000000.0	270589000000.0	7783000000.0	1133000000.0	76544000000.0	100078000000.0	-899000000.0	0.1373666343355965
HKG	2011	8022000000.0	BEA_return_cg	all_groups	115800.0	6778000000.0	297697000000.0	7597000000.0	1092000000.0	88373000000.0	114661000000.0	-1070000000.0	0.13612565445026178
HKG	2012	8253000000.0	BEA_return_cg	all_groups	116600.0	8073000000.0	317287000000.0	7864000000.0	1187000000.0	91040000000.0	115310000000.0	-817000000.0	0.1438264873379377
HKG	2013	8643000000.0	BEA_return_cg	all_groups	112300.0	8456000000.0	303393000000.0	7716000000.0	1566000000.0	88162000000.0	111864000000.0	-1084000000.0	0.1811870878167303
HKG	2014	8170000000.0	BEA_return_cg	all_groups	142100.0	10286000000.0	334618000000.0	5210000000.0	1372000000.0	76846000000.0	139336000000.0	-704000000.0	0.16793145654834762
HKG	2015	11046000000.0	BEA_return_cg	all_groups	140500.0	10319000000.0	347270000000.0	5074000000.0	1276000000.0	79254000000.0	139840000000.0	-871000000.0	0.11551692920514213
HKG	2016	7642000000.0	BEA_return_cg	all_groups	140400.0	10901000000.0	359657000000.0	5681000000.0	1510000000.0	66528000000.0	130002000000.0	-934000000.0	0.19759225333682282
HKG	2017	10039000000.0	BEA_return_cg	all_groups	144300.0	11119000000.0	417417000000.0	7401000000.0	1670000000.0	64296000000.0	133831000000.0	-1623000000.0	0.16635123020221138
HKG	2018	11063000000.0	BEA_return_cg	all_groups	143000.0	11148000000.0	434481000000.0	9757000000.0	1716000000.0	73393000000.0	151778000000.0	-1395000000.0	0.15511163337250294
HKG	2019	8144000000.0	BEA_return_cg	all_groups	139500.0	11712000000.0	535031000000.0	11004000000.0	1932000000.0	65821000000.0	158907000000.0	-1093000000.0	0.23722986247544203
HKG	2020	13953000000.0	BEA_return_cg	all_groups	131600.0	11811000000.0	590632000000.0	8974000000.0	2272000000.0	69069000000.0	168846000000.0	-1373000000.0	0.16283236579946964
HKG	2021	13084000000.0	BEA_return_cg	all_groups	119300.0	12184000000.0	504016000000.0	8451000000.0	2628000000.0	83464000000.0	194777000000.0	-1300000000.0	0.20085600733720574
HND	2004	98000000.0	BEA_return_cg	all_groups	21300.0	189000000.0			18000000.0			1000000.0	0.1836734693877551
HND	2005		BEA_return_cg	all_groups	20000.0	184000000.0	1455000000.0					4000000.0	
HND	2006		BEA_return_cg	all_groups					114000000.0			6000000.0	
HND	2007		BEA_return_cg	all_groups			2166000000.0					8000000.0	
HND	2008		BEA_return_cg	all_groups								8000000.0	
HND	2009	243000000.0	BEA_return_cg	all_groups	44000.0	381000000.0	2803000000.0	469000000.0					
HND	2010	151000000.0	BEA_return_cg	all_groups	46100.0	402000000.0	2869000000.0	449000000.0	17000000.0				0.11258278145695365
HND	2011	136000000.0	BEA_return_cg	all_groups	45500.0	405000000.0	2671000000.0	482000000.0	4000000.0	1817000000.0		-40000000.0	0.029411764705882353
HND	2012	143000000.0	BEA_return_cg	all_groups	39000.0	388000000.0	2735000000.0	450000000.0	26000000.0				0.18181818181818182
HND	2013	156000000.0	BEA_return_cg	all_groups	44000.0	442000000.0	3018000000.0	531000000.0					
HND	2014	79000000.0	BEA_return_cg	all_groups	42800.0	418000000.0	2935000000.0	633000000.0	24000000.0			-15000000.0	0.3037974683544304
HND	2015	136000000.0	BEA_return_cg	all_groups	46500.0	429000000.0	3254000000.0	762000000.0	38000000.0			-23000000.0	0.27941176470588236
HND	2016	129000000.0	BEA_return_cg	all_groups	45500.0	443000000.0	2985000000.0	728000000.0	45000000.0			-26000000.0	0.3488372093023256
HND	2017	110000000.0	BEA_return_cg	all_groups	47600.0	425000000.0	3108000000.0	826000000.0	34000000.0			-32000000.0	0.3090909090909091
HND	2018	182000000.0	BEA_return_cg	all_groups	48500.0	446000000.0	3279000000.0	856000000.0	21000000.0			-41000000.0	0.11538461538461539
HND	2019	347000000.0	BEA_return_cg	all_groups	45300.0	381000000.0	3357000000.0	863000000.0	37000000.0			-41000000.0	0.10662824207492795
HND	2020	59000000.0	BEA_return_cg	all_groups	48900.0	384000000.0	3407000000.0	823000000.0		2296000000.0	3267000000.0	-33000000.0	
HND	2021	123000000.0	BEA_return_cg	all_groups	43000.0	322000000.0	3382000000.0	834000000.0	24000000.0			-1000000.0	0.1951219512195122
HRV	2004		BEA_return_cg	all_groups	1200.0	30000000.0	128000000.0	28000000.0					
HRV	2005		BEA_return_cg	all_groups	1300.0	32000000.0	151000000.0						
HRV	2006		BEA_return_cg	all_groups	1400.0	41000000.0	214000000.0						
HRV	2007		BEA_return_cg	all_groups	1400.0	43000000.0	483000000.0						
HRV	2008		BEA_return_cg	all_groups	2700.0	62000000.0	685000000.0						
HRV	2009		BEA_return_cg	all_groups	3100.0	82000000.0	719000000.0	337000000.0					
HRV	2010		BEA_return_cg	all_groups	2100.0	71000000.0	661000000.0						
HRV	2011		BEA_return_cg	all_groups	2200.0	71000000.0	601000000.0						
HRV	2012		BEA_return_cg	all_groups	1700.0	56000000.0	531000000.0						
HRV	2013		BEA_return_cg	all_groups	1700.0	56000000.0	556000000.0	53000000.0					
HRV	2014		BEA_return_cg	all_groups	2100.0	74000000.0	822000000.0	224000000.0					
HRV	2015		BEA_return_cg	all_groups	1500.0	66000000.0	584000000.0	48000000.0					
HRV	2016		BEA_return_cg	all_groups	1800.0	85000000.0	873000000.0	83000000.0					
HRV	2017		BEA_return_cg	all_groups	1900.0	89000000.0	1103000000.0	115000000.0					
HRV	2018		BEA_return_cg	all_groups	2000.0	88000000.0	1099000000.0	116000000.0					
HRV	2019		BEA_return_cg	all_groups	2700.0	122000000.0	957000000.0	144000000.0					
HRV	2020		BEA_return_cg	all_groups	2600.0	93000000.0	1054000000.0	147000000.0					
HRV	2021		BEA_return_cg	all_groups	2600.0	100000000.0	1038000000.0	147000000.0					
HTI	2004		BEA_return_cg	all_groups	600.0	5000000.0							
HTI	2005		BEA_return_cg	all_groups	800.0	9000000.0	198000000.0						
HTI	2006		BEA_return_cg	all_groups	1100.0	12000000.0	338000000.0						
HTI	2007		BEA_return_cg	all_groups	1200.0	16000000.0	371000000.0						
HTI	2008		BEA_return_cg	all_groups	1300.0	17000000.0	328000000.0						
HTI	2009		BEA_return_cg	all_groups	600.0								
HTI	2010		BEA_return_cg	all_groups	600.0	9000000.0							
HTI	2011		BEA_return_cg	all_groups	600.0								
HTI	2012		BEA_return_cg	all_groups		1000000.0		1000000.0					
HTI	2013		BEA_return_cg	all_groups		1000000.0		1000000.0					
HTI	2014		BEA_return_cg	all_groups	900.0	9000000.0		4000000.0					
HTI	2015		BEA_return_cg	all_groups	900.0	9000000.0		9000000.0					
HTI	2016		BEA_return_cg	all_groups	1100.0	13000000.0		6000000.0					
HTI	2017		BEA_return_cg	all_groups		11000000.0		8000000.0					
HTI	2018		BEA_return_cg	all_groups		10000000.0		7000000.0					
HTI	2019		BEA_return_cg	all_groups	400.0	5000000.0	90000000.0	9000000.0					
HTI	2020		BEA_return_cg	all_groups	400.0	5000000.0	97000000.0	11000000.0					
HTI	2021		BEA_return_cg	all_groups	400.0	5000000.0	88000000.0	9000000.0					
HUN	2004	320000000.0	BEA_return_cg	all_groups	54600.0	1025000000.0	17490000000.0	2611000000.0	87000000.0			-12000000.0	0.271875
HUN	2005	897000000.0	BEA_return_cg	all_groups	53300.0	1041000000.0	19602000000.0		96000000.0			-35000000.0	0.10702341137123746
HUN	2006	1387000000.0	BEA_return_cg	all_groups	61300.0	1225000000.0	29417000000.0		192000000.0			-462000000.0	0.1384282624369142
HUN	2007	2310000000.0	BEA_return_cg	all_groups	67600.0	1592000000.0	41126000000.0		242000000.0			-502000000.0	0.10476190476190476
HUN	2008	2799000000.0	BEA_return_cg	all_groups	65099.99999999999	1692000000.0	38459000000.0		327000000.0			-427000000.0	0.11682743837084673
HUN	2009	2468000000.0	BEA_return_cg	all_groups	58000.0	1623000000.0	28958000000.0	3932000000.0	283000000.0			-17000000.0	0.1146677471636953
HUN	2010	181000000.0	BEA_return_cg	all_groups	59700.0	1629000000.0	50767000000.0	3694000000.0		10298000000.0	17805000000.0	741000000.0	
HUN	2011	1526000000.0	BEA_return_cg	all_groups	62100.0	1694000000.0	46634000000.0	3729000000.0	164000000.0	10659000000.0	18799000000.0	493000000.0	0.10747051114023591
HUN	2012	-566000000.0	BEA_return_cg	all_groups	62900.0	1664000000.0	49584000000.0	3458000000.0	246000000.0	10652000000.0	19759000000.0	560000000.0	-0.43462897526501765
HUN	2013	800000000.0	BEA_return_cg	all_groups	62900.0	1686000000.0	49984000000.0	3480000000.0		11115000000.0		59000000.0	
HUN	2014	632000000.0	BEA_return_cg	all_groups	67800.0	1698000000.0	43048000000.0	3639000000.0	433000000.0			138000000.0	0.685126582278481
HUN	2015		BEA_return_cg	all_groups	66900.0	1625000000.0	68975000000.0	3754000000.0		11631000000.0		29000000.0	
HUN	2016	1241000000.0	BEA_return_cg	all_groups	67300.0	1645000000.0	62228000000.0	3678000000.0	238000000.0	10952000000.0	16714000000.0	-11000000.0	0.1917808219178082
HUN	2017	1753000000.0	BEA_return_cg	all_groups	71200.0	1716000000.0	54829000000.0	3967000000.0	198000000.0	10719000000.0	16399000000.0	-119000000.0	0.11294922989161438
HUN	2018	1147000000.0	BEA_return_cg	all_groups	68000.0	1752000000.0	57448000000.0	3794000000.0	243000000.0	11487000000.0	17590000000.0	-103000000.0	0.2118570183086312
HUN	2019	935000000.0	BEA_return_cg	all_groups	62400.0	1608000000.0	64677000000.0	2925000000.0	308000000.0	10025000000.0	14209000000.0	-119000000.0	0.32941176470588235
HUN	2020	691000000.0	BEA_return_cg	all_groups	58700.0	1561000000.0	139445000000.0	2948000000.0	193000000.0	8667000000.0	12660000000.0	-454000000.0	0.2793053545586107
HUN	2021	1246000000.0	BEA_return_cg	all_groups	56300.0	1586000000.0	134094000000.0	2885000000.0	219000000.0	10682000000.0	14562000000.0	-689000000.0	0.17576243980738362
IDN	2004	4237000000.0	BEA_return_cg	all_groups	73300.0	994000000.0	32015000000.0	13058000000.0	1866000000.0			19000000.0	0.4404059476044371
IDN	2005		BEA_return_cg	all_groups	122700.0	1181000000.0	39544000000.0		1977000000.0			46000000.0	
IDN	2006		BEA_return_cg	all_groups	105100.0	1320000000.0	44400000000.0		2750000000.0			68000000.0	
IDN	2007		BEA_return_cg	all_groups	107200.0	1646000000.0	56159000000.0		2512000000.0			465000000.0	
IDN	2008		BEA_return_cg	all_groups	107200.0	1604000000.0	53301000000.0		2959000000.0			159000000.0	
IDN	2009	8141000000.0	BEA_return_cg	all_groups	102300.0	1795000000.0	50224000000.0	17121000000.0	2973000000.0				0.36518855177496623
IDN	2010	9909000000.0	BEA_return_cg	all_groups	100600.0	1971000000.0	52007000000.0	17645000000.0	3873000000.0	15897000000.0	25248000000.0		0.3908567968513473
IDN	2011	10762000000.0	BEA_return_cg	all_groups	101800.0	2165000000.0	57153000000.0	18381000000.0	4266000000.0	16669000000.0	29947000000.0		0.39639472217060023
IDN	2012	9979000000.0	BEA_return_cg	all_groups	110500.0	2316000000.0	65312000000.0	21118000000.0	4053000000.0	17616000000.0	30428000000.0		0.4061529211343822
IDN	2013	8770000000.0	BEA_return_cg	all_groups	117000.0	2376000000.0	71516000000.0	21961000000.0	3358000000.0	17760000000.0	30556000000.0	97000000.0	0.38289623717217786
IDN	2014	6988000000.0	BEA_return_cg	all_groups	121900.0	3084000000.0	74675000000.0	22485000000.0		18658000000.0	29182000000.0	95000000.0	
IDN	2015	3851000000.0	BEA_return_cg	all_groups	118700.0	3030000000.0	66686000000.0	21390000000.0	1709000000.0	16249000000.0	23863000000.0	-8000000.0	0.44378083614645547
IDN	2016	4431000000.0	BEA_return_cg	all_groups	114300.0	2653000000.0	67548000000.0	22025000000.0	1728000000.0	14685000000.0	23059000000.0	-55000000.0	0.3899796885578876
IDN	2017	5882000000.0	BEA_return_cg	all_groups	104200.0	2329000000.0	63083000000.0	19847000000.0	1921000000.0	14797000000.0	24493000000.0	-103000000.0	0.3265895953757225
IDN	2018	7228000000.0	BEA_return_cg	all_groups	101600.0	2215000000.0	68022000000.0	24581000000.0	1903000000.0	15144000000.0	25965000000.0	-192000000.0	0.26328168234643057
IDN	2019	4160000000.0	BEA_return_cg	all_groups	91100.0	2176000000.0	68756000000.0	25615000000.0	1679000000.0	16738000000.0	24204000000.0	-51000000.0	0.40360576923076924
IDN	2020	3172000000.0	BEA_return_cg	all_groups	90000.0	2097000000.0	68898000000.0	26002000000.0	1390000000.0	15874000000.0	22253000000.0	-113000000.0	0.4382093316519546
IDN	2021	7115000000.0	BEA_return_cg	all_groups	97700.0	2142000000.0	69655000000.0	25193000000.0	2051000000.0				0.2882642304989459
IND	2004	1055000000.0	BEA_return_cg	all_groups	182200.0	1959000000.0	23842000000.0	6911000000.0	358000000.0			-118000000.0	0.33933649289099527
IND	2005	1487000000.0	BEA_return_cg	all_groups	210200.0	2266000000.0	24620000000.0		327000000.0			-81000000.0	0.2199058507061197
IND	2006		BEA_return_cg	all_groups	242500.0	2982000000.0	31834000000.0		397000000.0			-211000000.0	
IND	2007	2880000000.0	BEA_return_cg	all_groups	341200.0	4269000000.0	49486000000.0		563000000.0			-383000000.0	0.1954861111111111
IND	2008	3679000000.0	BEA_return_cg	all_groups	404300.0	5431000000.0	47908000000.0		722000000.0			-246000000.0	0.19624898070127753
IND	2009	4936000000.0	BEA_return_cg	all_groups	518000.0	8106000000.0	81193000000.0	9260000000.0	1441000000.0			-598000000.0	0.29193679092382496
IND	2010	5781000000.0	BEA_return_cg	all_groups	712700.0	10359000000.0	88883000000.0	10653000000.0	1444000000.0	37059000000.0	47115000000.0	-947000000.0	0.249783774433489
IND	2011	6550000000.0	BEA_return_cg	all_groups	817400.0	12282000000.0	97533000000.0	11523000000.0	1830000000.0	42661000000.0	55986000000.0	-1330000000.0	0.27938931297709924
IND	2012	5991000000.0	BEA_return_cg	all_groups	839400.0	13367000000.0	103096000000.0	13625000000.0	1946000000.0	45432000000.0	61048000000.0	-1158000000.0	0.32482056417960276
IND	2013	4932000000.0	BEA_return_cg	all_groups	954400.0	15193000000.0	104550000000.0	14706000000.0	1617000000.0	48663000000.0	68303000000.0	-1011000000.0	0.3278588807785888
IND	2014	6943000000.0	BEA_return_cg	all_groups	1121300.0	17012000000.0	122590000000.0	16249000000.0	2763000000.0	52128000000.0	74563000000.0	-865000000.0	0.39795477459311535
IND	2015	7038000000.0	BEA_return_cg	all_groups	1138700.0	18312000000.0	130679000000.0	16320000000.0	2277000000.0	53523000000.0	77174000000.0	-1005000000.0	0.3235294117647059
IND	2016	7320000000.0	BEA_return_cg	all_groups	1222300.0	20029000000.0	141552000000.0	17945000000.0	2324000000.0	56964000000.0	81384000000.0	-1159000000.0	0.3174863387978142
IND	2017	9505000000.0	BEA_return_cg	all_groups	1297500.0	21924000000.0	164892000000.0	21933000000.0	2898000000.0	61992000000.0	91358000000.0	-1235000000.0	0.3048921620199895
IND	2018	8759000000.0	BEA_return_cg	all_groups	1294700.0	23200000000.0	189645000000.0	23421000000.0	3755000000.0	71765000000.0	102899000000.0	-1366000000.0	0.42870190661034363
IND	2019	8462000000.0	BEA_return_cg	all_groups	1408400.0	27020000000.0	202590000000.0	21126000000.0	3877000000.0	77323000000.0	114048000000.0	-1407000000.0	0.4581659182226424
IND	2020	6862000000.0	BEA_return_cg	all_groups	1463900.0	28020000000.0	209439000000.0	20728000000.0	3456000000.0	73772000000.0	109779000000.0	-1176000000.0	0.503643252696007
IND	2021	9265000000.0	BEA_return_cg	all_groups	1566900.0	32186000000.0	234259000000.0	24164000000.0	3543000000.0	92554000000.0	134737000000.0	-1058000000.0	0.3824069077172153
IRL	2004	29689000000.0	BEA_return_cg	all_groups	86300.0	4618000000.0	345753000000.0	13850000000.0	1920000000.0			-1443000000.0	0.06467041665263229
IRL	2005	35697000000.0	BEA_return_cg	all_groups	93100.0	4951000000.0	402234000000.0		2653000000.0			-1799000000.0	0.0743199708658991
IRL	2006	37895000000.0	BEA_return_cg	all_groups	92300.0	5292000000.0	427640000000.0		2508000000.0			-944000000.0	0.06618287373004354
IRL	2007	47681000000.0	BEA_return_cg	all_groups	95000.0	6184000000.0	539373000000.0		3492000000.0			-3117000000.0	0.07323671902854387
IRL	2008	39162000000.0	BEA_return_cg	all_groups	91000.0	6844000000.0	669799000000.0		3457000000.0			-2729000000.0	0.08827434758183954
IRL	2009	44177000000.0	BEA_return_cg	all_groups	99700.0	7316000000.0	807045000000.0	46477000000.0	2333000000.0			-2883000000.0	0.052810285895375425
IRL	2010	51841000000.0	BEA_return_cg	all_groups	98000.0	7190000000.0	840882000000.0	45603000000.0	3101000000.0	116566000000.0	263998000000.0	-1667000000.0	0.05981751895218071
IRL	2011	64969000000.0	BEA_return_cg	all_groups	98300.0	7421000000.0	1016955000000.0	49002000000.0	2351000000.0	128813000000.0	291832000000.0	-3199000000.0	0.036186488940879495
IRL	2012	72025000000.0	BEA_return_cg	all_groups	106600.0	8158000000.0	1164473000000.0	58310000000.0	2884000000.0	141952000000.0	313011000000.0	-2301000000.0	0.0400416522040958
IRL	2013	62276000000.0	BEA_return_cg	all_groups	106800.0	8267000000.0	1165837000000.0	60666000000.0	3615000000.0	152353000000.0	305920000000.0	-749000000.0	0.05804804419037832
IRL	2014	61807000000.0	BEA_return_cg	all_groups	123600.0	9337000000.0	1311837000000.0	70527000000.0	3840000000.0	176228000000.0	348727000000.0	-603000000.0	0.062128885077742
IRL	2015	70671000000.0	BEA_return_cg	all_groups	119300.0	8949000000.0	1411228000000.0	72696000000.0	3879000000.0	170995000000.0	348806000000.0	-1471000000.0	0.054888143651568536
IRL	2016	77374000000.0	BEA_return_cg	all_groups	123100.0	9292000000.0	1436619000000.0	71723000000.0	4212000000.0	183784000000.0	358954000000.0	-2488000000.0	0.054436890945278774
IRL	2017	80138000000.0	BEA_return_cg	all_groups	129500.0	9895000000.0	1761677000000.0	66735000000.0	4134000000.0	187287000000.0	350229000000.0	-4218000000.0	0.05158601412563328
IRL	2018	106846000000.0	BEA_return_cg	all_groups	135200.0	10765000000.0	2050008000000.0	57222000000.0	7367000000.0	206154000000.0	421541000000.0	-5931000000.0	0.06894970331130787
IRL	2019	100814000000.0	BEA_return_cg	all_groups	149700.0	11855000000.0	1957645000000.0	75412000000.0	5082000000.0	206933000000.0	444383000000.0	-6296000000.0	0.05040966532426052
IRL	2020	99631000000.0	BEA_return_cg	all_groups	155500.0	12985000000.0	2015411000000.0	80356000000.0	7140000000.0	199249000000.0	458862000000.0	-3039000000.0	0.07166444179020585
IRL	2021	96569000000.0	BEA_return_cg	all_groups	160300.0	14505000000.0	1941109000000.0	60015000000.0	13227000000.0	250070000000.0	508172000000.0	-1296000000.0	0.1369694208286303
IRN	2004		BEA_return_cg	all_groups	100.0	7000000.0							
IRN	2005		BEA_return_cg	all_groups	100.0	7000000.0							
IRN	2006		BEA_return_cg	all_groups		1000000.0							
IRN	2007		BEA_return_cg	all_groups									
IRN	2008		BEA_return_cg	all_groups									
IRN	2009		BEA_return_cg	all_groups	0.0	0.0	3000000.0	2000000.0					
IRN	2010		BEA_return_cg	all_groups	0.0	0.0	3000000.0	2000000.0					
IRN	2011		BEA_return_cg	all_groups	0.0	0.0	3000000.0	2000000.0					
IRN	2012		BEA_return_cg	all_groups	0.0	0.0	3000000.0	2000000.0					
IRN	2013		BEA_return_cg	all_groups	0.0	0.0	3000000.0	2000000.0					
IRN	2019		BEA_return_cg	all_groups	0.0	0.0							
IRN	2020		BEA_return_cg	all_groups	0.0	0.0							
IRN	2021		BEA_return_cg	all_groups	0.0	0.0							
IRQ	2004		BEA_return_cg	all_groups	200.0	4000000.0							
IRQ	2005		BEA_return_cg	all_groups	500.0	48000000.0							
IRQ	2006		BEA_return_cg	all_groups	300.0	24000000.0							
IRQ	2007		BEA_return_cg	all_groups	300.0	24000000.0							
IRQ	2008		BEA_return_cg	all_groups	300.0	24000000.0							
IRQ	2009		BEA_return_cg	all_groups		2000000.0	73000000.0	54000000.0					
IRQ	2010		BEA_return_cg	all_groups	200.0		593000000.0	328000000.0					
IRQ	2011		BEA_return_cg	all_groups	400.0			999000000.0					
IRQ	2012		BEA_return_cg	all_groups	400.0		2838000000.0	1209000000.0					
IRQ	2013		BEA_return_cg	all_groups	400.0	54000000.0	5047000000.0						
IRQ	2014		BEA_return_cg	all_groups	1800.0	147000000.0	7987000000.0	3126000000.0					
IRQ	2015		BEA_return_cg	all_groups	3000.0	97000000.0	7452000000.0	2598000000.0					
IRQ	2016		BEA_return_cg	all_groups	3300.0	142000000.0	7237000000.0	2363000000.0					
IRQ	2017		BEA_return_cg	all_groups	3700.0	180000000.0	6942000000.0	2221000000.0					
IRQ	2018		BEA_return_cg	all_groups	1400.0	111000000.0	6541000000.0	1963000000.0					
IRQ	2019		BEA_return_cg	all_groups	1800.0	123000000.0	6816000000.0	1961000000.0					
IRQ	2020		BEA_return_cg	all_groups	1600.0	94000000.0	5327000000.0	1708000000.0					
IRQ	2021		BEA_return_cg	all_groups	1600.0	79000000.0	3019000000.0	1085000000.0					
ISL	2004		BEA_return_cg	all_groups									
ISL	2005		BEA_return_cg	all_groups	400.0	22000000.0							
ISL	2006		BEA_return_cg	all_groups	500.0	20000000.0							
ISL	2007		BEA_return_cg	all_groups	600.0	28000000.0							
ISL	2008		BEA_return_cg	all_groups	1100.0	76000000.0							
ISL	2009		BEA_return_cg	all_groups	1100.0	65000000.0							
ISL	2010		BEA_return_cg	all_groups	1100.0	73000000.0							
ISL	2011		BEA_return_cg	all_groups	1100.0	81000000.0							
ISL	2012		BEA_return_cg	all_groups	1300.0	96000000.0	10522000000.0						
ISL	2013		BEA_return_cg	all_groups									
ISL	2014		BEA_return_cg	all_groups	1200.0	116000000.0							
ISL	2015		BEA_return_cg	all_groups	1200.0	110000000.0							
ISL	2016		BEA_return_cg	all_groups	1200.0	115000000.0							
ISL	2017		BEA_return_cg	all_groups	1400.0	161000000.0	4532000000.0						
ISL	2018		BEA_return_cg	all_groups	1300.0	168000000.0	3095000000.0						
ISL	2019		BEA_return_cg	all_groups	1700.0	187000000.0	2981000000.0	1850000000.0					
ISL	2020		BEA_return_cg	all_groups	1700.0	185000000.0	2870000000.0						
ISL	2021		BEA_return_cg	all_groups	1800.0	196000000.0	3016000000.0						
ISR	2004	670000000.0	BEA_return_cg	all_groups	66300.0	2237000000.0	22150000000.0	3212000000.0	143000000.0			-80000000.0	0.21343283582089553
ISR	2005	961000000.0	BEA_return_cg	all_groups	69800.0	2693000000.0	26107000000.0		167000000.0			-19000000.0	0.17377731529656607
ISR	2006	1326000000.0	BEA_return_cg	all_groups	63000.0	2837000000.0	29860000000.0		237000000.0				0.17873303167420815
ISR	2007	1397000000.0	BEA_return_cg	all_groups	68300.0	3403000000.0			215000000.0			-7000000.0	0.15390121689334288
ISR	2008	882000000.0	BEA_return_cg	all_groups	77400.0	4030000000.0	32814000000.0		342000000.0			22000000.0	0.3877551020408163
ISR	2009	702000000.0	BEA_return_cg	all_groups	63500.0	3530000000.0	31766000000.0	5057000000.0	188000000.0			-38000000.0	0.2678062678062678
ISR	2010	1560000000.0	BEA_return_cg	all_groups	69800.0	3675000000.0	34913000000.0	4683000000.0	196000000.0				0.12564102564102564
ISR	2011	1692000000.0	BEA_return_cg	all_groups	71000.0	4066000000.0	38281000000.0	6649000000.0	338000000.0			26000000.0	0.19976359338061467
ISR	2012	3578000000.0	BEA_return_cg	all_groups	72000.0	4267000000.0	54366000000.0	7758000000.0	386000000.0			54000000.0	0.10788149804359978
ISR	2013	2091000000.0	BEA_return_cg	all_groups	72500.0	4427000000.0	56063000000.0	7179000000.0	436000000.0	8631000000.0	17932000000.0		0.20851267336202775
ISR	2014	3566000000.0	BEA_return_cg	all_groups	67200.0	5242000000.0	62931000000.0	6733000000.0		10001000000.0	20441000000.0	111000000.0	
ISR	2015	2660000000.0	BEA_return_cg	all_groups	67400.0	5271000000.0	60281000000.0	6315000000.0	389000000.0	9406000000.0	20300000000.0	-2000000.0	0.1462406015037594
ISR	2016	2247000000.0	BEA_return_cg	all_groups	69800.0	5331000000.0	65398000000.0	5610000000.0	422000000.0	9678000000.0	19526000000.0	17000000.0	0.1878059635068981
ISR	2017	2891000000.0	BEA_return_cg	all_groups	74200.0	6070000000.0	71340000000.0	6483000000.0	531000000.0	9897000000.0	20510000000.0		0.1836734693877551
ISR	2018	3541000000.0	BEA_return_cg	all_groups	74000.0	6184000000.0	73082000000.0	13445000000.0	646000000.0	10284000000.0	21657000000.0		0.18243434058175656
ISR	2019	3857000000.0	BEA_return_cg	all_groups	87200.0	7345000000.0	96525000000.0	14368000000.0		11666000000.0	26572000000.0		
ISR	2020	4134000000.0	BEA_return_cg	all_groups	89200.0	8375000000.0	104194000000.0	14089000000.0	401000000.0	11647000000.0	29355000000.0	-41000000.0	0.09700048379293662
ISR	2021	5260000000.0	BEA_return_cg	all_groups	90100.0	9305000000.0	112457000000.0	14348000000.0	657000000.0	15182000000.0	33905000000.0	10000000.0	0.12490494296577946
ITA	2004	3908000000.0	BEA_return_cg	all_groups	263700.0	13257000000.0	144122000000.0	29990000000.0	2279000000.0			275000000.0	0.5831627430910952
ITA	2005	6204000000.0	BEA_return_cg	all_groups	267100.0	13789000000.0	151036000000.0		2084000000.0			293000000.0	0.3359123146357189
ITA	2006	5088000000.0	BEA_return_cg	all_groups	274600.0	14140000000.0	168123000000.0		2305000000.0			560000000.0	0.45302672955974843
ITA	2007	5943000000.0	BEA_return_cg	all_groups	276200.0	14783000000.0	204563000000.0		2910000000.0			594000000.0	0.48965169106511863
ITA	2008	6390000000.0	BEA_return_cg	all_groups	265900.0	16064000000.0	192661000000.0		1620000000.0			958000000.0	0.2535211267605634
ITA	2009	3988000000.0	BEA_return_cg	all_groups	213700.0	14490000000.0	155293000000.0	18361000000.0	1701000000.0			396000000.0	0.4265295887662989
ITA	2010	3253000000.0	BEA_return_cg	all_groups	205600.0	13886000000.0	155883000000.0	15599000000.0	1724000000.0	92383000000.0	110644000000.0	516000000.0	0.5299723332308638
ITA	2011	4878000000.0	BEA_return_cg	all_groups	207900.0	15315000000.0	169229000000.0	16234000000.0	1979000000.0	98427000000.0	118863000000.0	606000000.0	0.4056990569905699
ITA	2012	3156000000.0	BEA_return_cg	all_groups	206700.0	15018000000.0	173422000000.0	15276000000.0	2341000000.0	86309000000.0	110185000000.0	575000000.0	0.7417617237008872
ITA	2013	3745000000.0	BEA_return_cg	all_groups	204900.0	14972000000.0	179956000000.0	16219000000.0	1884000000.0	92154000000.0	110682000000.0	715000000.0	0.5030707610146863
ITA	2014	3546000000.0	BEA_return_cg	all_groups	217700.0	16040000000.0	180436000000.0	17689000000.0	2220000000.0	98386000000.0	117715000000.0		0.626057529610829
ITA	2015	3828000000.0	BEA_return_cg	all_groups	214900.0	14603000000.0	168758000000.0	16253000000.0	1464000000.0	91249000000.0	108271000000.0	192000000.0	0.3824451410658307
ITA	2016	3479000000.0	BEA_return_cg	all_groups	223700.0	14370000000.0	167274000000.0	16344000000.0	1188000000.0	88356000000.0	106278000000.0	110000000.0	0.3414774360448405
ITA	2017	5510000000.0	BEA_return_cg	all_groups	232500.0	15112000000.0	189095000000.0	18527000000.0	1589000000.0	94232000000.0	112887000000.0	-6000000.0	0.2883847549909256
ITA	2018	4928000000.0	BEA_return_cg	all_groups	249400.0	16385000000.0	182698000000.0	23603000000.0	1459000000.0	102792000000.0	124755000000.0	-201000000.0	0.2960633116883117
ITA	2019	7314000000.0	BEA_return_cg	all_groups	254800.0	16370000000.0	205604000000.0	25313000000.0	1884000000.0	99389000000.0	116982000000.0	-40000000.0	0.2575881870385562
ITA	2020	4774000000.0	BEA_return_cg	all_groups	237100.0	15793000000.0	209938000000.0	19411000000.0	1352000000.0	89005000000.0	103027000000.0	-297000000.0	0.2832006702974445
ITA	2021	5576000000.0	BEA_return_cg	all_groups	234100.0	16923000000.0	202338000000.0	18391000000.0	1569000000.0			-268000000.0	0.2813845050215208
JAM	2004		BEA_return_cg	all_groups			5056000000.0	1031000000.0					
JAM	2005		BEA_return_cg	all_groups	5900.0	124000000.0	2191000000.0						
JAM	2006		BEA_return_cg	all_groups									
JAM	2007		BEA_return_cg	all_groups	4400.0	64000000.0	1893000000.0						
JAM	2008		BEA_return_cg	all_groups	4200.0	60000000.0	1966000000.0						
JAM	2009		BEA_return_cg	all_groups	4900.0	112000000.0	2208000000.0	642000000.0					
JAM	2010		BEA_return_cg	all_groups	4800.0	106000000.0	2152000000.0	648000000.0					
JAM	2011		BEA_return_cg	all_groups	4800.0	104000000.0	2232000000.0	616000000.0					
JAM	2012		BEA_return_cg	all_groups	4700.0	101000000.0	1955000000.0	526000000.0					
JAM	2013		BEA_return_cg	all_groups	4700.0	103000000.0	1947000000.0	508000000.0					
JAM	2014		BEA_return_cg	all_groups	5200.0	97000000.0	902000000.0	287000000.0					
JAM	2015		BEA_return_cg	all_groups	5900.0	145000000.0	1002000000.0	364000000.0					
JAM	2016		BEA_return_cg	all_groups	3800.0	118000000.0	931000000.0	342000000.0					
JAM	2017		BEA_return_cg	all_groups	3800.0	118000000.0	962000000.0	346000000.0					
JAM	2018		BEA_return_cg	all_groups	3800.0	118000000.0	953000000.0	354000000.0					
JAM	2019		BEA_return_cg	all_groups	6800.0	150000000.0	1071000000.0	455000000.0					
JAM	2020		BEA_return_cg	all_groups	6700.0	148000000.0	1095000000.0	452000000.0					
JAM	2021		BEA_return_cg	all_groups	6700.0	129000000.0	1075000000.0	447000000.0					
JOR	2004		BEA_return_cg	all_groups	2300.0	22000000.0							
JOR	2005		BEA_return_cg	all_groups	2400.0	23000000.0	253000000.0						
JOR	2006		BEA_return_cg	all_groups	1700.0	20000000.0							
JOR	2007		BEA_return_cg	all_groups	1700.0	20000000.0							
JOR	2008		BEA_return_cg	all_groups	1700.0	24000000.0							
JOR	2009		BEA_return_cg	all_groups	2100.0	28000000.0	895000000.0	150000000.0					
JOR	2010		BEA_return_cg	all_groups	2400.0	31000000.0	947000000.0	168000000.0					
JOR	2011		BEA_return_cg	all_groups		35000000.0	983000000.0						
JOR	2012		BEA_return_cg	all_groups	1500.0	34000000.0	722000000.0	91000000.0					
JOR	2013		BEA_return_cg	all_groups	1400.0	33000000.0	766000000.0	97000000.0					
JOR	2014		BEA_return_cg	all_groups	1900.0	56000000.0	902000000.0	142000000.0					
JOR	2015		BEA_return_cg	all_groups	1900.0	57000000.0	985000000.0	149000000.0					
JOR	2016		BEA_return_cg	all_groups	1800.0	60000000.0	1112000000.0	147000000.0					
JOR	2017		BEA_return_cg	all_groups	1100.0	36000000.0	898000000.0	99000000.0					
JOR	2018		BEA_return_cg	all_groups	1300.0	46000000.0	944000000.0	141000000.0					
JOR	2019		BEA_return_cg	all_groups	2300.0	73000000.0	1232000000.0	159000000.0					
JOR	2020		BEA_return_cg	all_groups	2400.0	73000000.0	1234000000.0	158000000.0					
JOR	2021		BEA_return_cg	all_groups	2400.0	79000000.0	1436000000.0	199000000.0					
JPN	2004	15012000000.0	BEA_return_cg	all_groups	537900.0	31941000000.0	545517000000.0	60096000000.0	6089000000.0			-3434000000.0	0.40560884625632826
JPN	2005	18540000000.0	BEA_return_cg	all_groups	619700.0	34489000000.0	585486000000.0		6638000000.0			-2728000000.0	0.3580366774541532
JPN	2006	18709000000.0	BEA_return_cg	all_groups	594100.0	31694000000.0	621842000000.0		8350000000.0			-3358000000.0	0.44630926292158857
JPN	2007	16517000000.0	BEA_return_cg	all_groups	619500.0	31628000000.0	654603000000.0		6815000000.0			-2882000000.0	0.4126051946479385
JPN	2008	10581000000.0	BEA_return_cg	all_groups	581900.0	31868000000.0	591268000000.0		4396000000.0			-6040000000.0	0.41546167659011435
JPN	2009	15651000000.0	BEA_return_cg	all_groups	311100.0	27943000000.0	860671000000.0	42617000000.0	404000000.0			-6925000000.0	0.025813047089642834
JPN	2010	12188000000.0	BEA_return_cg	all_groups	311900.0	28021000000.0	951445000000.0	33494000000.0	5319000000.0	173848000000.0	215979000000.0	-7866000000.0	0.43641286511322613
JPN	2011	19858000000.0	BEA_return_cg	all_groups	319900.0	30828000000.0	1029082000000.0	33823000000.0	8252000000.0	206222000000.0	256518000000.0	-6811000000.0	0.415550407896062
JPN	2012	20036000000.0	BEA_return_cg	all_groups	321400.0	32303000000.0	1017303000000.0	25619000000.0	7529000000.0	184966000000.0	209276000000.0	-6645000000.0	0.3757736075064883
JPN	2013	14146000000.0	BEA_return_cg	all_groups	321700.0	28252000000.0	892888000000.0	23411000000.0	5096000000.0	168064000000.0	190694000000.0	-6504000000.0	0.36024317828361374
JPN	2014	22174000000.0	BEA_return_cg	all_groups	337900.0	27205000000.0	932829000000.0	26056000000.0		173785000000.0	196841000000.0	-5961000000.0	
JPN	2015	19470000000.0	BEA_return_cg	all_groups	367400.0	25984000000.0	897397000000.0	27345000000.0	5509000000.0	157561000000.0	182602000000.0	-7579000000.0	0.28294812532100666
JPN	2016	24652000000.0	BEA_return_cg	all_groups	344200.0	25289000000.0	1029070000000.0	28632000000.0	6852000000.0	166268000000.0	193577000000.0	-8540000000.0	0.2779490507869544
JPN	2017	25467000000.0	BEA_return_cg	all_groups	361600.0	25433000000.0	1021529000000.0	28644000000.0	5015000000.0	176390000000.0	202269000000.0	-9038000000.0	0.19692150626300703
JPN	2018	27298000000.0	BEA_return_cg	all_groups	370100.0	25603000000.0	1030302000000.0	30285000000.0	7469000000.0	182025000000.0	208299000000.0	-8683000000.0	0.2736097882628764
JPN	2019	26165000000.0	BEA_return_cg	all_groups	380500.0	26048000000.0	1047375000000.0	34673000000.0	8057000000.0	183635000000.0	207930000000.0	-6797000000.0	0.3079304414293904
JPN	2020	24493000000.0	BEA_return_cg	all_groups	386300.0	26771000000.0	1099594000000.0	35894000000.0	4897000000.0	204839000000.0	223545000000.0	-9540000000.0	0.19993467521332625
JPN	2021	22508000000.0	BEA_return_cg	all_groups	353200.0	26458000000.0	1066576000000.0	36945000000.0	6154000000.0	224816000000.0	245385000000.0	-8501000000.0	0.27341389728096677
KAZ	2004		BEA_return_cg	all_groups	8700.0	231000000.0							
KAZ	2005		BEA_return_cg	all_groups	8800.0	226000000.0	28096000000.0						
KAZ	2006		BEA_return_cg	all_groups	9200.0	243000000.0							
KAZ	2007		BEA_return_cg	all_groups	9900.0	300000000.0							
KAZ	2008		BEA_return_cg	all_groups	7500.0	298000000.0							
KAZ	2009		BEA_return_cg	all_groups	7400.0	287000000.0	46023000000.0	15790000000.0					
KAZ	2010		BEA_return_cg	all_groups	7500.0	333000000.0	50128000000.0	16634000000.0					
KAZ	2011		BEA_return_cg	all_groups	6600.0	301000000.0	65367000000.0	17390000000.0					
KAZ	2012		BEA_return_cg	all_groups	8500.0	335000000.0	71470000000.0	17986000000.0					
KAZ	2013		BEA_return_cg	all_groups	9400.0	388000000.0							
KAZ	2014		BEA_return_cg	all_groups	8900.0	367000000.0							
KAZ	2015		BEA_return_cg	all_groups	9900.0	484000000.0							
KAZ	2016		BEA_return_cg	all_groups	8800.0	383000000.0							
KAZ	2017		BEA_return_cg	all_groups	7500.0	343000000.0							
KAZ	2018		BEA_return_cg	all_groups	7000.0	338000000.0							
KAZ	2019		BEA_return_cg	all_groups	6700.0	321000000.0							
KAZ	2020		BEA_return_cg	all_groups									
KAZ	2021		BEA_return_cg	all_groups									
KEN	2004		BEA_return_cg	all_groups			724000000.0	285000000.0					
KEN	2005		BEA_return_cg	all_groups			675000000.0						
KEN	2006		BEA_return_cg	all_groups			595000000.0						
KEN	2007		BEA_return_cg	all_groups			753000000.0						
KEN	2008		BEA_return_cg	all_groups			687000000.0						
KEN	2009		BEA_return_cg	all_groups	3400.0	60000000.0	1225000000.0	207000000.0					
KEN	2010		BEA_return_cg	all_groups	3900.0	62000000.0	1342000000.0	222000000.0					
KEN	2011		BEA_return_cg	all_groups	3800.0	61000000.0	1596000000.0	217000000.0					
KEN	2012		BEA_return_cg	all_groups	4000.0	66000000.0	1587000000.0	228000000.0					
KEN	2013		BEA_return_cg	all_groups	3900.0	78000000.0	2116000000.0	527000000.0					
KEN	2014		BEA_return_cg	all_groups	5600.0	94000000.0	2228000000.0	567000000.0					
KEN	2015		BEA_return_cg	all_groups	5300.0	89000000.0	2049000000.0	485000000.0					
KEN	2016		BEA_return_cg	all_groups	5900.0	92000000.0	2252000000.0	535000000.0					
KEN	2017		BEA_return_cg	all_groups	5900.0	92000000.0	2172000000.0	536000000.0					
KEN	2018		BEA_return_cg	all_groups	5900.0	86000000.0	2079000000.0	525000000.0					
KEN	2019		BEA_return_cg	all_groups	4300.0	105000000.0	2220000000.0	490000000.0					
KEN	2020		BEA_return_cg	all_groups	4400.0	105000000.0	2212000000.0	487000000.0					
KEN	2021		BEA_return_cg	all_groups	4300.0	105000000.0	2396000000.0	500000000.0					
KGZ	2009		BEA_return_cg	all_groups	600.0			7000000.0					
KGZ	2010		BEA_return_cg	all_groups	600.0			7000000.0					
KGZ	2011		BEA_return_cg	all_groups	600.0			7000000.0					
KGZ	2012		BEA_return_cg	all_groups	600.0			7000000.0					
KGZ	2013		BEA_return_cg	all_groups	600.0			7000000.0					
KGZ	2014		BEA_return_cg	all_groups	2100.0	26000000.0	389000000.0	23000000.0					
KGZ	2015		BEA_return_cg	all_groups	2000.0	24000000.0	354000000.0	20000000.0					
KGZ	2016		BEA_return_cg	all_groups	2000.0	20000000.0	281000000.0	19000000.0					
KGZ	2017		BEA_return_cg	all_groups	1900.0	18000000.0	514000000.0	26000000.0					
KGZ	2018		BEA_return_cg	all_groups	2200.0	24000000.0	291000000.0	21000000.0					
KGZ	2019		BEA_return_cg	all_groups	2000.0	22000000.0	330000000.0	21000000.0					
KGZ	2020		BEA_return_cg	all_groups	1900.0	21000000.0	302000000.0	21000000.0					
KGZ	2021		BEA_return_cg	all_groups	2000.0	21000000.0	323000000.0	20000000.0					
KHM	2004		BEA_return_cg	all_groups									
KHM	2005		BEA_return_cg	all_groups	600.0	2000000.0							
KHM	2006		BEA_return_cg	all_groups	600.0	3000000.0							
KHM	2007		BEA_return_cg	all_groups	600.0	3000000.0							
KHM	2008		BEA_return_cg	all_groups	600.0	2000000.0							
KHM	2009		BEA_return_cg	all_groups	800.0	4000000.0	233000000.0	61000000.0					
KHM	2010		BEA_return_cg	all_groups	700.0	5000000.0	259000000.0	67000000.0					
KHM	2011		BEA_return_cg	all_groups	1600.0	15000000.0	314000000.0	101000000.0					
KHM	2012		BEA_return_cg	all_groups	1600.0	15000000.0	314000000.0	101000000.0					
KHM	2013		BEA_return_cg	all_groups	1700.0	16000000.0	226000000.0						
KHM	2014		BEA_return_cg	all_groups	4200.0	21000000.0	545000000.0	118000000.0					
KHM	2015		BEA_return_cg	all_groups	4100.0	17000000.0	585000000.0	136000000.0					
KHM	2016		BEA_return_cg	all_groups	4200.0	18000000.0	475000000.0	156000000.0					
KHM	2017		BEA_return_cg	all_groups	4300.0	19000000.0	515000000.0	162000000.0					
KHM	2018		BEA_return_cg	all_groups	4200.0	20000000.0	515000000.0						
KHM	2019		BEA_return_cg	all_groups	3400.0	21000000.0	456000000.0	200000000.0					
KHM	2020		BEA_return_cg	all_groups	3400.0	21000000.0	474000000.0	186000000.0					
KHM	2021		BEA_return_cg	all_groups	3500.0	24000000.0	565000000.0	233000000.0					
KIR	2004		BEA_return_cg	all_groups		1000000.0							
KIR	2005		BEA_return_cg	all_groups		1000000.0							
KIR	2006		BEA_return_cg	all_groups		1000000.0							
KIR	2007		BEA_return_cg	all_groups		1000000.0							
KIR	2008		BEA_return_cg	all_groups		1000000.0							
KNA	2004		BEA_return_cg	all_groups									
KNA	2005		BEA_return_cg	all_groups									
KNA	2006		BEA_return_cg	all_groups									
KNA	2007		BEA_return_cg	all_groups									
KNA	2008		BEA_return_cg	all_groups									
KNA	2009		BEA_return_cg	all_groups	200.0	7000000.0		4000000.0					
KNA	2010		BEA_return_cg	all_groups	200.0	7000000.0		4000000.0					
KNA	2011		BEA_return_cg	all_groups	200.0	7000000.0		4000000.0					
KNA	2012		BEA_return_cg	all_groups	200.0	7000000.0		4000000.0					
KNA	2013		BEA_return_cg	all_groups	200.0	7000000.0		4000000.0					
KNA	2014		BEA_return_cg	all_groups	800.0	27000000.0	1556000000.0	100000000.0					
KNA	2015		BEA_return_cg	all_groups	800.0	31000000.0	1497000000.0	92000000.0					
KNA	2016		BEA_return_cg	all_groups	800.0	28000000.0	1680000000.0	103000000.0					
KNA	2017		BEA_return_cg	all_groups	800.0	28000000.0	1873000000.0	105000000.0					
KNA	2018		BEA_return_cg	all_groups	700.0	27000000.0	1977000000.0	108000000.0					
KNA	2019		BEA_return_cg	all_groups	700.0	31000000.0	2354000000.0	110000000.0					
KNA	2020		BEA_return_cg	all_groups	700.0	31000000.0	1137000000.0	107000000.0					
KNA	2021		BEA_return_cg	all_groups	700.0	31000000.0	1155000000.0	105000000.0					
KOR	2004	2467000000.0	BEA_return_cg	all_groups	112600.0	4318000000.0	50748000000.0	15460000000.0	660000000.0			224000000.0	0.26753141467369274
KOR	2005	3272000000.0	BEA_return_cg	all_groups	119600.0	5216000000.0	59406000000.0		722000000.0			-26000000.0	0.2206601466992665
KOR	2006	3954000000.0	BEA_return_cg	all_groups	125100.0	5973000000.0	86901000000.0		721000000.0			-44000000.0	0.18234699038947902
KOR	2007	4924000000.0	BEA_return_cg	all_groups	120800.0	6433000000.0	99625000000.0		1258000000.0			-186000000.0	0.25548334687246144
KOR	2008	2585000000.0	BEA_return_cg	all_groups	120200.0	5857000000.0	83903000000.0		808000000.0			-473000000.0	0.3125725338491296
KOR	2009	2821000000.0	BEA_return_cg	all_groups	118200.0	5069000000.0	130996000000.0	9373000000.0	656000000.0			-807000000.0	0.23254165189649062
KOR	2010	4075000000.0	BEA_return_cg	all_groups	118900.0	5352000000.0	134697000000.0	11224000000.0	848000000.0	42655000000.0	51422000000.0	-548000000.0	0.20809815950920246
KOR	2011	5329000000.0	BEA_return_cg	all_groups	122400.0	6104000000.0	136952000000.0	12952000000.0	1147000000.0	49309000000.0	60464000000.0	-690000000.0	0.21523738037155188
KOR	2012	5377000000.0	BEA_return_cg	all_groups	126400.0	6890000000.0	141967000000.0	11212000000.0	1008000000.0	50074000000.0	62866000000.0	-900000000.0	0.18746512925423098
KOR	2012	5377000000.0	BEA_return_cg	all_groups	126400.0	6890000000.0	141967000000.0	11212000000.0	1008000000.0	50074000000.0	62866000000.0	-900000000.0	0.18746512925423098
KOR	2013	5099000000.0	BEA_return_cg	all_groups	122600.0	6974000000.0	142247000000.0	11563000000.0	1031000000.0	45525000000.0	62856000000.0	-948000000.0	0.20219650911943518
KOR	2014	5110000000.0	BEA_return_cg	all_groups	131100.0	8075000000.0	163806000000.0	15403000000.0	1253000000.0	51244000000.0	69799000000.0	-964000000.0	0.2452054794520548
KOR	2015	5718000000.0	BEA_return_cg	all_groups	125300.0	7540000000.0	155812000000.0	15191000000.0	1167000000.0	50687000000.0	68436000000.0	-962000000.0	0.20409233997901363
KOR	2016	5856000000.0	BEA_return_cg	all_groups	121900.0	7339000000.0	152605000000.0	15488000000.0	1104000000.0	50265000000.0	66699000000.0	-998000000.0	0.1885245901639344
KOR	2017	6182000000.0	BEA_return_cg	all_groups	119300.0	7584000000.0	162686000000.0	15725000000.0	1369000000.0	52441000000.0	65586000000.0	-804000000.0	0.2214493691362019
KOR	2018	5815000000.0	BEA_return_cg	all_groups	116300.0	7460000000.0	158803000000.0	14168000000.0	1287000000.0	56013000000.0	69120000000.0	-923000000.0	0.22132416165090285
KOR	2019	6887000000.0	BEA_return_cg	all_groups	117500.0	7486000000.0	191627000000.0	15505000000.0	1641000000.0	57521000000.0	69676000000.0	-767000000.0	0.23827501089008277
KOR	2020	6542000000.0	BEA_return_cg	all_groups	121800.0	7565000000.0	184562000000.0	15625000000.0	1469000000.0	55899000000.0	70379000000.0	-978000000.0	0.22454906756343626
KOR	2021	6787000000.0	BEA_return_cg	all_groups	126200.0	8026000000.0	160700000000.0	16998000000.0	1644000000.0	62311000000.0	78666000000.0	-554000000.0	0.2422277884190364
KWT	2004		BEA_return_cg	all_groups	1400.0	90000000.0	2984000000.0	1536000000.0					
KWT	2005		BEA_return_cg	all_groups	1500.0	115000000.0							
KWT	2006		BEA_return_cg	all_groups	2000.0	170000000.0							
KWT	2007		BEA_return_cg	all_groups	1900.0	185000000.0							
KWT	2008		BEA_return_cg	all_groups	2000.0	176000000.0							
KWT	2009		BEA_return_cg	all_groups	2400.0	189000000.0							
KWT	2010		BEA_return_cg	all_groups	2300.0	214000000.0	4192000000.0						
KWT	2011		BEA_return_cg	all_groups	1500.0	90000000.0	1176000000.0	98000000.0					
KWT	2012		BEA_return_cg	all_groups	1500.0	91000000.0		103000000.0					
KWT	2013		BEA_return_cg	all_groups	1500.0	85000000.0		83000000.0					
KWT	2014		BEA_return_cg	all_groups	800.0	78000000.0	1319000000.0	144000000.0					
KWT	2015		BEA_return_cg	all_groups	800.0	76000000.0	1092000000.0	58000000.0					
KWT	2016		BEA_return_cg	all_groups	900.0	97000000.0	1390000000.0						
KWT	2017		BEA_return_cg	all_groups	1700.0	159000000.0	1547000000.0						
KWT	2018		BEA_return_cg	all_groups	2000.0	193000000.0	1719000000.0						
KWT	2019		BEA_return_cg	all_groups	2200.0	224000000.0	2330000000.0	319000000.0					
KWT	2020		BEA_return_cg	all_groups	1900.0	199000000.0	2648000000.0	275000000.0					
KWT	2021		BEA_return_cg	all_groups	3800.0	188000000.0	2422000000.0	209000000.0					
LAO	2004		BEA_return_cg	all_groups									
LAO	2005		BEA_return_cg	all_groups	100.0	1000000.0	8000000.0						
LAO	2006		BEA_return_cg	all_groups	100.0	1000000.0	8000000.0						
LAO	2007		BEA_return_cg	all_groups									
LAO	2008		BEA_return_cg	all_groups									
LAO	2009		BEA_return_cg	all_groups			4000000.0	1000000.0					
LAO	2010		BEA_return_cg	all_groups			5000000.0	1000000.0					
LAO	2011		BEA_return_cg	all_groups			5000000.0	1000000.0					
LAO	2014		BEA_return_cg	all_groups		1000000.0		6000000.0					
LAO	2015		BEA_return_cg	all_groups	100.0	3000000.0							
LAO	2016		BEA_return_cg	all_groups		1000000.0		3000000.0					
LAO	2017		BEA_return_cg	all_groups		1000000.0		3000000.0					
LAO	2018		BEA_return_cg	all_groups		1000000.0		3000000.0					
LAO	2019		BEA_return_cg	all_groups		1000000.0		6000000.0					
LAO	2020		BEA_return_cg	all_groups		1000000.0		6000000.0					
LAO	2021		BEA_return_cg	all_groups		1000000.0		6000000.0					
LBN	2004		BEA_return_cg	all_groups	400.0	16000000.0							
LBN	2005		BEA_return_cg	all_groups	1100.0	28000000.0	632000000.0						
LBN	2006		BEA_return_cg	all_groups	1100.0	29000000.0	637000000.0						
LBN	2007		BEA_return_cg	all_groups			745000000.0						
LBN	2008		BEA_return_cg	all_groups	1100.0	30000000.0	667000000.0						
LBN	2009		BEA_return_cg	all_groups	600.0	25000000.0	837000000.0	27000000.0					
LBN	2010		BEA_return_cg	all_groups	600.0	25000000.0	956000000.0	26000000.0					
LBN	2011		BEA_return_cg	all_groups		25000000.0	999000000.0	26000000.0					
LBN	2012		BEA_return_cg	all_groups	700.0	33000000.0	1150000000.0	34000000.0					
LBN	2013		BEA_return_cg	all_groups	700.0	29000000.0	1232000000.0	32000000.0					
LBN	2014		BEA_return_cg	all_groups	800.0		1255000000.0	30000000.0					
LBN	2015		BEA_return_cg	all_groups	800.0		1242000000.0	28000000.0					
LBN	2016		BEA_return_cg	all_groups	800.0		1208000000.0	28000000.0					
LBN	2017		BEA_return_cg	all_groups	800.0		1305000000.0	27000000.0					
LBN	2018		BEA_return_cg	all_groups	700.0		1258000000.0	28000000.0					
LBN	2019		BEA_return_cg	all_groups	1100.0	41000000.0	1530000000.0	29000000.0					
LBN	2020		BEA_return_cg	all_groups	1100.0	41000000.0	1539000000.0	31000000.0					
LBN	2021		BEA_return_cg	all_groups	1000.0	43000000.0	1610000000.0	27000000.0					
LBR	2004		BEA_return_cg	all_groups	8700.0	119000000.0	3327000000.0	881000000.0					
LBR	2005		BEA_return_cg	all_groups	8400.0	113000000.0	2337000000.0						
LBR	2006		BEA_return_cg	all_groups	8900.0	124000000.0							
LBR	2007		BEA_return_cg	all_groups	9700.0	130000000.0							
LBR	2008		BEA_return_cg	all_groups	9800.0	127000000.0							
LBR	2009		BEA_return_cg	all_groups	9400.0	195000000.0	1630000000.0	357000000.0					
LBR	2010		BEA_return_cg	all_groups	9400.0	141000000.0	1902000000.0	425000000.0					
LBR	2011		BEA_return_cg	all_groups	10200.0	176000000.0	2276000000.0	488000000.0					
LBR	2012		BEA_return_cg	all_groups	11000.0	191000000.0	2537000000.0	670000000.0					
LBR	2013		BEA_return_cg	all_groups	10500.0	187000000.0	2677000000.0	890000000.0					
LBR	2014		BEA_return_cg	all_groups			1985000000.0	808000000.0					
LBR	2015		BEA_return_cg	all_groups			1761000000.0	665000000.0					
LBR	2016		BEA_return_cg	all_groups			1586000000.0	428000000.0					
LBR	2017		BEA_return_cg	all_groups			1672000000.0	432000000.0					
LBR	2018		BEA_return_cg	all_groups			1698000000.0	430000000.0					
LBR	2019		BEA_return_cg	all_groups			1712000000.0	424000000.0					
LBR	2020		BEA_return_cg	all_groups	6800.0		1294000000.0						
LBR	2021		BEA_return_cg	all_groups	6900.0		1664000000.0						
LBY	2004		BEA_return_cg	all_groups	600.0	13000000.0							
LBY	2005		BEA_return_cg	all_groups	600.0	17000000.0							
LBY	2006		BEA_return_cg	all_groups	700.0	20000000.0	3961000000.0						
LBY	2007		BEA_return_cg	all_groups	900.0	32000000.0	3150000000.0						
LBY	2008		BEA_return_cg	all_groups	1000.0	53000000.0	4824000000.0						
LBY	2009		BEA_return_cg	all_groups	600.0	41000000.0	6865000000.0	3262000000.0					
LBY	2010		BEA_return_cg	all_groups	700.0		6549000000.0	3021000000.0					
LBY	2011		BEA_return_cg	all_groups	500.0		5473000000.0	3007000000.0					
LBY	2012		BEA_return_cg	all_groups	600.0		6218000000.0	2940000000.0					
LBY	2013		BEA_return_cg	all_groups	700.0	56000000.0	6137000000.0	2951000000.0					
LBY	2014		BEA_return_cg	all_groups	700.0	62000000.0	6227000000.0	2989000000.0					
LBY	2015		BEA_return_cg	all_groups	100.0	20000000.0	4148000000.0						
LBY	2016		BEA_return_cg	all_groups	100.0	19000000.0	3606000000.0	2078000000.0					
LBY	2017		BEA_return_cg	all_groups	100.0	16000000.0	3375000000.0	2056000000.0					
LBY	2018		BEA_return_cg	all_groups	100.0	14000000.0	3092000000.0	1985000000.0					
LBY	2019		BEA_return_cg	all_groups	100.0	9000000.0	1724000000.0	1150000000.0					
LBY	2020		BEA_return_cg	all_groups	100.0	6000000.0	1583000000.0	1159000000.0					
LBY	2021		BEA_return_cg	all_groups	100.0	8000000.0	2217000000.0	1146000000.0					
LCA	2004		BEA_return_cg	all_groups	400.0	4000000.0	77000000.0	18000000.0					
LCA	2005		BEA_return_cg	all_groups	400.0	5000000.0	106000000.0						
LCA	2006		BEA_return_cg	all_groups	400.0	4000000.0	125000000.0						
LCA	2007		BEA_return_cg	all_groups	400.0	4000000.0	194000000.0						
LCA	2008		BEA_return_cg	all_groups	400.0	5000000.0	237000000.0						
LCA	2009		BEA_return_cg	all_groups	500.0	7000000.0	171000000.0	14000000.0					
LCA	2010		BEA_return_cg	all_groups	500.0	6000000.0	334000000.0	16000000.0					
LCA	2011		BEA_return_cg	all_groups	400.0	6000000.0	266000000.0	8000000.0					
LCA	2012		BEA_return_cg	all_groups	500.0	7000000.0	294000000.0	11000000.0					
LCA	2013		BEA_return_cg	all_groups	500.0	7000000.0	294000000.0	7000000.0					
LCA	2014		BEA_return_cg	all_groups	100.0	2000000.0	291000000.0	7000000.0					
LCA	2015		BEA_return_cg	all_groups	100.0	2000000.0	288000000.0	7000000.0					
LCA	2016		BEA_return_cg	all_groups	100.0	2000000.0	302000000.0	7000000.0					
LCA	2017		BEA_return_cg	all_groups	100.0	2000000.0	458000000.0	7000000.0					
LCA	2018		BEA_return_cg	all_groups	100.0	2000000.0	334000000.0	7000000.0					
LCA	2019		BEA_return_cg	all_groups	200.0	3000000.0	431000000.0	6000000.0					
LCA	2020		BEA_return_cg	all_groups	200.0		533000000.0	6000000.0					
LCA	2021		BEA_return_cg	all_groups	200.0		735000000.0	15000000.0					
LIE	2004		BEA_return_cg	all_groups	200.0	12000000.0	1153000000.0	2000000.0					
LIE	2005		BEA_return_cg	all_groups	300.0	25000000.0	1308000000.0						
LIE	2006		BEA_return_cg	all_groups	200.0	18000000.0	606000000.0						
LIE	2007		BEA_return_cg	all_groups		1000000.0	520000000.0						
LIE	2008		BEA_return_cg	all_groups		1000000.0	538000000.0						
LIE	2009		BEA_return_cg	all_groups									
LIE	2010		BEA_return_cg	all_groups									
LIE	2011		BEA_return_cg	all_groups									
LIE	2012		BEA_return_cg	all_groups			579000000.0						
LIE	2013		BEA_return_cg	all_groups			539000000.0						
LIE	2014		BEA_return_cg	all_groups			953000000.0	4000000.0					
LIE	2015		BEA_return_cg	all_groups	300.0		865000000.0						
LIE	2016		BEA_return_cg	all_groups	400.0		1186000000.0						
LIE	2017		BEA_return_cg	all_groups	300.0		1607000000.0	10000000.0					
LIE	2018		BEA_return_cg	all_groups	300.0		1696000000.0	10000000.0					
LIE	2019		BEA_return_cg	all_groups	200.0		1544000000.0	9000000.0					
LIE	2020		BEA_return_cg	all_groups	200.0		1521000000.0	9000000.0					
LIE	2021		BEA_return_cg	all_groups	200.0		1518000000.0	10000000.0					
LKA	2004		BEA_return_cg	all_groups									
LKA	2005		BEA_return_cg	all_groups	1400.0	8000000.0	293000000.0						
LKA	2006		BEA_return_cg	all_groups	1300.0	8000000.0	204000000.0						
LKA	2007		BEA_return_cg	all_groups	1400.0	8000000.0	245000000.0						
LKA	2008		BEA_return_cg	all_groups	1300.0	8000000.0	232000000.0						
LKA	2009		BEA_return_cg	all_groups	4500.0	58000000.0	506000000.0	102000000.0					
LKA	2010		BEA_return_cg	all_groups	4500.0	58000000.0	537000000.0	97000000.0					
LKA	2011		BEA_return_cg	all_groups	5200.0	62000000.0	582000000.0	91000000.0					
LKA	2012		BEA_return_cg	all_groups	4900.0	59000000.0	597000000.0	49000000.0					
LKA	2013		BEA_return_cg	all_groups	4400.0	60000000.0	546000000.0	36000000.0					
LKA	2014		BEA_return_cg	all_groups	3800.0	42000000.0	619000000.0	63000000.0					
LKA	2015		BEA_return_cg	all_groups	3700.0	41000000.0	611000000.0	52000000.0					
LKA	2016		BEA_return_cg	all_groups	3700.0	40000000.0	578000000.0	53000000.0					
LKA	2017		BEA_return_cg	all_groups	4300.0	41000000.0	594000000.0	59000000.0					
LKA	2018		BEA_return_cg	all_groups	4300.0	42000000.0	583000000.0	58000000.0					
LKA	2019		BEA_return_cg	all_groups	3800.0	36000000.0	690000000.0	65000000.0					
LKA	2020		BEA_return_cg	all_groups	3800.0	36000000.0	668000000.0	84000000.0					
LKA	2021		BEA_return_cg	all_groups	3900.0	35000000.0	715000000.0	86000000.0					
LSO	2004		BEA_return_cg	all_groups	0.0	0.0							
LSO	2005		BEA_return_cg	all_groups									
LSO	2006		BEA_return_cg	all_groups	300.0	1000000.0							
LSO	2007		BEA_return_cg	all_groups									
LSO	2008		BEA_return_cg	all_groups									
LSO	2009		BEA_return_cg	all_groups		1000000.0	6000000.0	1000000.0					
LSO	2010		BEA_return_cg	all_groups		1000000.0	6000000.0	1000000.0					
LSO	2011		BEA_return_cg	all_groups		1000000.0	6000000.0	1000000.0					
LSO	2012		BEA_return_cg	all_groups		1000000.0	6000000.0	1000000.0					
LSO	2013		BEA_return_cg	all_groups		1000000.0	6000000.0	1000000.0					
LSO	2014		BEA_return_cg	all_groups	0.0	0.0							
LSO	2015		BEA_return_cg	all_groups	0.0	0.0							
LSO	2016		BEA_return_cg	all_groups	0.0	0.0							
LSO	2017		BEA_return_cg	all_groups	0.0	0.0							
LSO	2018		BEA_return_cg	all_groups	0.0	0.0							
LSO	2019		BEA_return_cg	all_groups	0.0	0.0							
LSO	2020		BEA_return_cg	all_groups	0.0	0.0							
LSO	2021		BEA_return_cg	all_groups	0.0	0.0							
LTU	2004		BEA_return_cg	all_groups	1300.0	31000000.0							
LTU	2005		BEA_return_cg	all_groups	1700.0	30000000.0							
LTU	2006		BEA_return_cg	all_groups	1700.0	36000000.0							
LTU	2007		BEA_return_cg	all_groups	1600.0	40000000.0	313000000.0						
LTU	2008		BEA_return_cg	all_groups	1600.0	47000000.0	271000000.0						
LTU	2009		BEA_return_cg	all_groups	1800.0	53000000.0	356000000.0	141000000.0					
LTU	2010		BEA_return_cg	all_groups	1800.0	52000000.0	351000000.0	128000000.0					
LTU	2011		BEA_return_cg	all_groups	1800.0	52000000.0	366000000.0	129000000.0					
LTU	2012		BEA_return_cg	all_groups	1700.0	47000000.0	297000000.0	123000000.0					
LTU	2013		BEA_return_cg	all_groups	1700.0	48000000.0	225000000.0	103000000.0					
LTU	2014		BEA_return_cg	all_groups	1800.0	48000000.0	447000000.0	147000000.0					
LTU	2015		BEA_return_cg	all_groups	2100.0	59000000.0	697000000.0	197000000.0					
LTU	2016		BEA_return_cg	all_groups	2200.0	58000000.0	741000000.0	190000000.0					
LTU	2017		BEA_return_cg	all_groups	4100.0	102000000.0	728000000.0	235000000.0					
LTU	2018		BEA_return_cg	all_groups	4100.0	122000000.0	921000000.0	331000000.0					
LTU	2019		BEA_return_cg	all_groups	5000.0	168000000.0	1363000000.0	441000000.0					
LTU	2020		BEA_return_cg	all_groups	4900.0	159000000.0	1413000000.0	560000000.0					
LTU	2021		BEA_return_cg	all_groups	4800.0	171000000.0	1567000000.0	620000000.0					
LUX	2004	-1142000000.0	BEA_return_cg	all_groups	12200.0	763000000.0	542956000000.0	6586000000.0	86000000.0			905000000.0	-0.07530647985989491
LUX	2005	477000000.0	BEA_return_cg	all_groups			603556000000.0		537000000.0			20000000.0	1.1257861635220126
LUX	2006	-7070000000.0	BEA_return_cg	all_groups	14200.0	958000000.0	756680000000.0		572000000.0			1962000000.0	-0.0809052333804809
LUX	2007	-1048000000.0	BEA_return_cg	all_groups	13400.0	1025000000.0	807314000000.0		496000000.0			2384000000.0	-0.4732824427480916
LUX	2008	-3024000000.0	BEA_return_cg	all_groups	14300.0	1059000000.0	944914000000.0		382000000.0			2133000000.0	-0.12632275132275134
LUX	2009	8003000000.0	BEA_return_cg	all_groups	15700.0	1341000000.0	1166277000000.0	1169000000.0	1406000000.0			-3554000000.0	0.17568411845557916
LUX	2010	1904000000.0	BEA_return_cg	all_groups	16500.0	1389000000.0	1237307000000.0	1414000000.0	2010000000.0	8865000000.0	21002000000.0	-946000000.0	1.055672268907563
LUX	2011	-8000000.0	BEA_return_cg	all_groups	13600.0	1216000000.0	1449593000000.0	5372000000.0	946000000.0	10572000000.0	26511000000.0	-3167000000.0	-118.25
LUX	2012	6131000000.0	BEA_return_cg	all_groups	13900.0	1225000000.0	1690470000000.0	1658000000.0	1023000000.0	12699000000.0	29567000000.0	-3077000000.0	0.16685695645082368
LUX	2013	11387000000.0	BEA_return_cg	all_groups	14700.0	1788000000.0	1915632000000.0	2696000000.0	416000000.0	15285000000.0	32536000000.0	-1499000000.0	0.03653288838148766
LUX	2014	11362000000.0	BEA_return_cg	all_groups	23600.0	1811000000.0	2126665000000.0	7789000000.0	795000000.0	31384000000.0	52634000000.0	-6416000000.0	0.06997007569089948
LUX	2015	6169000000.0	BEA_return_cg	all_groups	22300.0	1600000000.0	2312495000000.0	11672000000.0	902000000.0	29617000000.0	53049000000.0	-3223000000.0	0.14621494569622306
LUX	2016	-962000000.0	BEA_return_cg	all_groups	25000.0	1881000000.0	2372452000000.0	14112000000.0	1508000000.0	37860000000.0	59053000000.0	-233000000.0	-1.5675675675675675
LUX	2017	12391000000.0	BEA_return_cg	all_groups	26200.0	1921000000.0	2554288000000.0	18191000000.0	1735000000.0	42863000000.0	65239000000.0	-4614000000.0	0.14002098297151158
LUX	2018	-10124000000.0	BEA_return_cg	all_groups	28600.0	1879000000.0	2805688000000.0	15775000000.0	1633000000.0	43656000000.0	63990000000.0	-4335000000.0	-0.16129988146977478
LUX	2019	-8464000000.0	BEA_return_cg	all_groups	24000.0	1757000000.0	2812269000000.0	13252000000.0	1936000000.0	42838000000.0	59749000000.0	-9627000000.0	-0.22873345935727787
LUX	2020	84000000.0	BEA_return_cg	all_groups	31100.0	2353000000.0	2618396000000.0	12223000000.0	2519000000.0			-6996000000.0	29.988095238095237
LUX	2021	-13749000000.0	BEA_return_cg	all_groups	28600.0	2293000000.0	2430912000000.0	12363000000.0	3758000000.0			-7506000000.0	-0.2733289693795912
LVA	2004		BEA_return_cg	all_groups	1000.0	11000000.0							
LVA	2005		BEA_return_cg	all_groups	1100.0	13000000.0	203000000.0						
LVA	2006		BEA_return_cg	all_groups	1300.0	17000000.0							
LVA	2007		BEA_return_cg	all_groups	1400.0	24000000.0							
LVA	2008		BEA_return_cg	all_groups	1000.0	22000000.0	536000000.0						
LVA	2009		BEA_return_cg	all_groups	700.0	21000000.0	356000000.0	76000000.0					
LVA	2010		BEA_return_cg	all_groups	800.0	20000000.0	263000000.0	68000000.0					
LVA	2011		BEA_return_cg	all_groups	800.0	20000000.0	215000000.0	72000000.0					
LVA	2012		BEA_return_cg	all_groups	1100.0	27000000.0	387000000.0	76000000.0					
LVA	2013		BEA_return_cg	all_groups	700.0	16000000.0	189000000.0	77000000.0					
LVA	2014		BEA_return_cg	all_groups	1200.0	28000000.0	238000000.0	68000000.0					
LVA	2015		BEA_return_cg	all_groups	1200.0	28000000.0	229000000.0	66000000.0					
LVA	2016		BEA_return_cg	all_groups	1300.0	29000000.0	212000000.0	57000000.0					
LVA	2017		BEA_return_cg	all_groups	1300.0	29000000.0	217000000.0	55000000.0					
LVA	2018		BEA_return_cg	all_groups	1300.0	28000000.0	219000000.0	53000000.0					
LVA	2019		BEA_return_cg	all_groups	1700.0	36000000.0	441000000.0	105000000.0					
LVA	2020		BEA_return_cg	all_groups	1800.0	38000000.0	448000000.0	107000000.0					
LVA	2021		BEA_return_cg	all_groups	1800.0	40000000.0	452000000.0	106000000.0					
MAC	2004		BEA_return_cg	all_groups	300.0	5000000.0							
MAC	2005		BEA_return_cg	all_groups	300.0	6000000.0							
MAC	2006		BEA_return_cg	all_groups			4678000000.0						
MAC	2007		BEA_return_cg	all_groups									
MAC	2008		BEA_return_cg	all_groups	33200.0	928000000.0							
MAC	2009		BEA_return_cg	all_groups	26800.0		14477000000.0	7202000000.0					
MAC	2010		BEA_return_cg	all_groups	25500.0		13657000000.0	7130000000.0					
MAC	2011		BEA_return_cg	all_groups	37000.0	1016000000.0	21864000000.0	8474000000.0					
MAC	2012		BEA_return_cg	all_groups	42700.0	1280000000.0	22641000000.0	9012000000.0					
MAC	2013		BEA_return_cg	all_groups	43500.0	1474000000.0	23846000000.0	9502000000.0					
MAC	2014		BEA_return_cg	all_groups	43600.0	1670000000.0	24444000000.0	10344000000.0					
MAC	2015		BEA_return_cg	all_groups	40700.0	1662000000.0	25301000000.0	12638000000.0					
MAC	2016		BEA_return_cg	all_groups	46500.0	1889000000.0	26681000000.0	16463000000.0					
MAC	2017		BEA_return_cg	all_groups	51600.0	1992000000.0	26648000000.0	17010000000.0					
MAC	2018		BEA_return_cg	all_groups	54900.0	2323000000.0	27885000000.0						
MAC	2019		BEA_return_cg	all_groups	55000.0	2457000000.0	29461000000.0						
MAC	2020		BEA_return_cg	all_groups	46100.0	2095000000.0	19630000000.0						
MAC	2021		BEA_return_cg	all_groups	38000.0	1974000000.0	18052000000.0						
MAR	2004		BEA_return_cg	all_groups	8000.0	115000000.0							
MAR	2005		BEA_return_cg	all_groups	8900.0	134000000.0	2230000000.0						
MAR	2006		BEA_return_cg	all_groups	10200.0	150000000.0	2312000000.0						
MAR	2007		BEA_return_cg	all_groups	14500.0	181000000.0	1303000000.0						
MAR	2008		BEA_return_cg	all_groups	17000.0	212000000.0	1405000000.0						
MAR	2009		BEA_return_cg	all_groups	16100.000000000002	221000000.0	1573000000.0	503000000.0					
MAR	2010		BEA_return_cg	all_groups	19900.0	279000000.0	1639000000.0	519000000.0					
MAR	2011		BEA_return_cg	all_groups	21900.0	306000000.0	1731000000.0	538000000.0					
MAR	2012		BEA_return_cg	all_groups	22300.0	308000000.0	1776000000.0	594000000.0					
MAR	2013		BEA_return_cg	all_groups	25800.0	356000000.0	2185000000.0	630000000.0					
MAR	2014		BEA_return_cg	all_groups	28900.0	355000000.0	2309000000.0	518000000.0					
MAR	2015		BEA_return_cg	all_groups	30100.0	362000000.0	2194000000.0	437000000.0					
MAR	2016		BEA_return_cg	all_groups	29500.0	374000000.0	2064000000.0	424000000.0					
MAR	2017		BEA_return_cg	all_groups	34900.0	426000000.0	2276000000.0	429000000.0					
MAR	2018		BEA_return_cg	all_groups	39900.0	462000000.0	2608000000.0	439000000.0					
MAR	2019		BEA_return_cg	all_groups	40500.0	412000000.0	2840000000.0	567000000.0					
MAR	2020		BEA_return_cg	all_groups	39500.0	503000000.0	3031000000.0	571000000.0					
MAR	2021		BEA_return_cg	all_groups	35900.0	507000000.0	2919000000.0	587000000.0					
MCO	2007		BEA_return_cg	all_groups	400.0	20000000.0	122000000.0						
MCO	2008		BEA_return_cg	all_groups	400.0	23000000.0	122000000.0						
MCO	2009		BEA_return_cg	all_groups	300.0	28000000.0	110000000.0						
MCO	2010		BEA_return_cg	all_groups	400.0	30000000.0	157000000.0	19000000.0					
MCO	2011		BEA_return_cg	all_groups	400.0	31000000.0	162000000.0	20000000.0					
MCO	2012		BEA_return_cg	all_groups	400.0	34000000.0	162000000.0	18000000.0					
MCO	2013		BEA_return_cg	all_groups	300.0	18000000.0	112000000.0	12000000.0					
MCO	2014		BEA_return_cg	all_groups	200.0	17000000.0	134000000.0						
MCO	2015		BEA_return_cg	all_groups		8000000.0	151000000.0	6000000.0					
MCO	2016		BEA_return_cg	all_groups		8000000.0	170000000.0	6000000.0					
MCO	2017		BEA_return_cg	all_groups		8000000.0	179000000.0	6000000.0					
MCO	2018		BEA_return_cg	all_groups		8000000.0	202000000.0	6000000.0					
MCO	2019		BEA_return_cg	all_groups	100.0	16000000.0	352000000.0	7000000.0					
MCO	2020		BEA_return_cg	all_groups	100.0	16000000.0	351000000.0	7000000.0					
MCO	2021		BEA_return_cg	all_groups	100.0	16000000.0	364000000.0	7000000.0					
MDA	2004		BEA_return_cg	all_groups			1000000.0						
MDA	2005		BEA_return_cg	all_groups			1000000.0						
MDA	2006		BEA_return_cg	all_groups			1000000.0						
MDA	2007		BEA_return_cg	all_groups			1000000.0						
MDA	2008		BEA_return_cg	all_groups			1000000.0						
MDA	2009		BEA_return_cg	all_groups			5000000.0	2000000.0					
MDA	2010		BEA_return_cg	all_groups	100.0		5000000.0	2000000.0					
MDA	2011		BEA_return_cg	all_groups	100.0		5000000.0	2000000.0					
MDA	2012		BEA_return_cg	all_groups	100.0		5000000.0	2000000.0					
MDA	2013		BEA_return_cg	all_groups	100.0	3000000.0	5000000.0	2000000.0					
MDA	2014		BEA_return_cg	all_groups	1200.0	20000000.0	95000000.0	35000000.0					
MDA	2015		BEA_return_cg	all_groups	1200.0	20000000.0	96000000.0	35000000.0					
MDA	2016		BEA_return_cg	all_groups	1200.0	20000000.0	97000000.0	35000000.0					
MDA	2017		BEA_return_cg	all_groups	1200.0	20000000.0	104000000.0	37000000.0					
MDA	2018		BEA_return_cg	all_groups	1200.0	20000000.0	105000000.0	38000000.0					
MDA	2019		BEA_return_cg	all_groups	4200.0	25000000.0	309000000.0	68000000.0					
MDA	2020		BEA_return_cg	all_groups	4200.0	31000000.0	317000000.0	68000000.0					
MDA	2021		BEA_return_cg	all_groups	3900.0	34000000.0	301000000.0	69000000.0					
MDG	2004		BEA_return_cg	all_groups									
MDG	2005		BEA_return_cg	all_groups									
MDG	2006		BEA_return_cg	all_groups									
MDG	2007		BEA_return_cg	all_groups									
MDG	2008		BEA_return_cg	all_groups									
MDG	2009		BEA_return_cg	all_groups									
MDG	2010		BEA_return_cg	all_groups									
MDG	2011		BEA_return_cg	all_groups									
MDG	2012		BEA_return_cg	all_groups									
MDG	2013		BEA_return_cg	all_groups									
MDG	2014		BEA_return_cg	all_groups	100.0	2000000.0							
MDG	2015		BEA_return_cg	all_groups	100.0	2000000.0							
MDG	2016		BEA_return_cg	all_groups	100.0	2000000.0							
MDG	2017		BEA_return_cg	all_groups	100.0	2000000.0							
MDG	2018		BEA_return_cg	all_groups	100.0	2000000.0							
MDG	2019		BEA_return_cg	all_groups	200.0	2000000.0							
MDG	2020		BEA_return_cg	all_groups	200.0	2000000.0							
MDG	2021		BEA_return_cg	all_groups	200.0	2000000.0							
MDV	2004		BEA_return_cg	all_groups			2000000.0						
MDV	2005		BEA_return_cg	all_groups			2000000.0						
MDV	2006		BEA_return_cg	all_groups			2000000.0						
MDV	2007		BEA_return_cg	all_groups			2000000.0						
MDV	2008		BEA_return_cg	all_groups			2000000.0						
MDV	2009		BEA_return_cg	all_groups	0.0	0.0	1000000.0						
MDV	2010		BEA_return_cg	all_groups	0.0	0.0	1000000.0						
MDV	2011		BEA_return_cg	all_groups	0.0	0.0	1000000.0						
MDV	2012		BEA_return_cg	all_groups	0.0	0.0	1000000.0						
MDV	2013		BEA_return_cg	all_groups	0.0	0.0	1000000.0						
MDV	2014		BEA_return_cg	all_groups									
MDV	2015		BEA_return_cg	all_groups									
MDV	2016		BEA_return_cg	all_groups									
MDV	2017		BEA_return_cg	all_groups									
MDV	2018		BEA_return_cg	all_groups									
MDV	2019		BEA_return_cg	all_groups	0.0	0.0		1000000.0					
MDV	2020		BEA_return_cg	all_groups	0.0	0.0		1000000.0					
MDV	2021		BEA_return_cg	all_groups	0.0	0.0		1000000.0					
MEX	2004	7099000000.0	BEA_return_cg	all_groups	1001800.0	13474000000.0	135683000000.0	34076000000.0	2259000000.0			-157000000.0	0.31821383293421607
MEX	2005	9145000000.0	BEA_return_cg	all_groups	1033300.0	13684000000.0	159815000000.0		2305000000.0			-459000000.0	0.2520503007107709
MEX	2006	10006000000.0	BEA_return_cg	all_groups	1108700.0	15612000000.0	178326000000.0		2974000000.0			-625000000.0	0.2972216669998001
MEX	2007	11687000000.0	BEA_return_cg	all_groups	1154900.0	16462000000.0	205177000000.0		3667000000.0			-410000000.0	0.31376743390091555
MEX	2008	9095000000.0	BEA_return_cg	all_groups	1106700.0	17172000000.0	198357000000.0		2675000000.0			340000000.0	0.29411764705882354
MEX	2009	11165000000.0	BEA_return_cg	all_groups	969100.0	14884000000.0	296904000000.0	39344000000.0	3279000000.0				0.29368562472010745
MEX	2010	14202000000.0	BEA_return_cg	all_groups	1042300.0	16265000000.0	328928000000.0	43684000000.0	4064000000.0	123825000000.0	179200000000.0	-2064000000.0	0.28615687931277284
MEX	2011	21480000000.0	BEA_return_cg	all_groups	1061500.0	16946000000.0	337434000000.0	42884000000.0	8418000000.0	141922000000.0	202439000000.0	-1297000000.0	0.39189944134078214
MEX	2012	17898000000.0	BEA_return_cg	all_groups	1106200.0	17356000000.0	377286000000.0	49462000000.0	5188000000.0	157394000000.0	217233000000.0	-1230000000.0	0.2898647893619399
MEX	2013	17438000000.0	BEA_return_cg	all_groups	1133600.0	18497000000.0	422471000000.0	51500000000.0	4506000000.0	163202000000.0	231362000000.0	-1522000000.0	0.25840119279733914
MEX	2014	18465000000.0	BEA_return_cg	all_groups	1322900.0	21751000000.0	441097000000.0	59177000000.0		172298000000.0	244559000000.0	-2392000000.0	
MEX	2015	16960000000.0	BEA_return_cg	all_groups	1374300.0	21926000000.0	438590000000.0	59724000000.0	4893000000.0	159462000000.0	233041000000.0	-2173000000.0	0.28850235849056605
MEX	2016	16316000000.0	BEA_return_cg	all_groups	1381500.0	20513000000.0	406627000000.0	60661000000.0	4491000000.0	151626000000.0	224857000000.0	-1804000000.0	0.2752512870801667
MEX	2017	20464000000.0	BEA_return_cg	all_groups	1401500.0	21478000000.0	432771000000.0	61540000000.0	5526000000.0	158198000000.0	242066000000.0	-1757000000.0	0.27003518373729474
MEX	2018	21209000000.0	BEA_return_cg	all_groups	1377300.0	20352000000.0	363238000000.0	61047000000.0	4837000000.0	159522000000.0	247744000000.0	-847000000.0	0.22806355792352304
MEX	2019	21265000000.0	BEA_return_cg	all_groups	1433200.0	22445000000.0	405855000000.0	70345000000.0	5136000000.0	171218000000.0	265181000000.0	-1108000000.0	0.24152363037855631
MEX	2020	15448000000.0	BEA_return_cg	all_groups	1412400.0	21974000000.0	429827000000.0	68390000000.0	4377000000.0	156816000000.0	236513000000.0	-462000000.0	0.28333764888658725
MEX	2021	21978000000.0	BEA_return_cg	all_groups	1453900.0	24174000000.0	444310000000.0	70109000000.0	5689000000.0	186774000000.0	277105000000.0	-654000000.0	0.25884975884975886
MHL	2004		BEA_return_cg	all_groups	2300.0	67000000.0							
MHL	2005		BEA_return_cg	all_groups	4900.0	168000000.0							
MHL	2006		BEA_return_cg	all_groups									
MHL	2007		BEA_return_cg	all_groups									
MHL	2008		BEA_return_cg	all_groups									
MHL	2009		BEA_return_cg	all_groups									
MHL	2010		BEA_return_cg	all_groups									
MHL	2011		BEA_return_cg	all_groups	1900.0		5160000000.0	2607000000.0					
MHL	2012		BEA_return_cg	all_groups	2000.0		3056000000.0	2200000000.0					
MHL	2013		BEA_return_cg	all_groups	2500.0	133000000.0	3461000000.0	2436000000.0					
MHL	2014		BEA_return_cg	all_groups			6860000000.0	3729000000.0					
MHL	2015		BEA_return_cg	all_groups		63000000.0	6540000000.0	3487000000.0					
MHL	2016		BEA_return_cg	all_groups		74000000.0	4911000000.0	2566000000.0					
MHL	2017		BEA_return_cg	all_groups	1100.0	47000000.0	5120000000.0	2616000000.0					
MHL	2018		BEA_return_cg	all_groups	2800.0	76000000.0	4975000000.0	2914000000.0					
MHL	2019		BEA_return_cg	all_groups	1500.0	38000000.0	4760000000.0						
MHL	2020		BEA_return_cg	all_groups	1600.0	42000000.0	4851000000.0	2775000000.0					
MHL	2021		BEA_return_cg	all_groups	1700.0	51000000.0	4977000000.0	2963000000.0					
MKD	2004		BEA_return_cg	all_groups	200.0	5000000.0	39000000.0	12000000.0					
MKD	2005		BEA_return_cg	all_groups	200.0	5000000.0	44000000.0						
MKD	2006		BEA_return_cg	all_groups	100.0	4000000.0	34000000.0						
MKD	2007		BEA_return_cg	all_groups									
MKD	2008		BEA_return_cg	all_groups									
MKD	2009		BEA_return_cg	all_groups	500.0	5000000.0	35000000.0	7000000.0					
MKD	2010		BEA_return_cg	all_groups	500.0	5000000.0	37000000.0	8000000.0					
MKD	2011		BEA_return_cg	all_groups	500.0	5000000.0	40000000.0	8000000.0					
MKD	2012		BEA_return_cg	all_groups	500.0	5000000.0	41000000.0	9000000.0					
MKD	2013		BEA_return_cg	all_groups	700.0	17000000.0	72000000.0	30000000.0					
MKD	2014		BEA_return_cg	all_groups	800.0	13000000.0	132000000.0	42000000.0					
MKD	2015		BEA_return_cg	all_groups	800.0	13000000.0	127000000.0	42000000.0					
MKD	2016		BEA_return_cg	all_groups	800.0	13000000.0	128000000.0	42000000.0					
MKD	2017		BEA_return_cg	all_groups	800.0	13000000.0	134000000.0	45000000.0					
MKD	2018		BEA_return_cg	all_groups		9000000.0	133000000.0	45000000.0					
MKD	2019		BEA_return_cg	all_groups		35000000.0	227000000.0	88000000.0					
MKD	2020		BEA_return_cg	all_groups	4600.0	35000000.0	243000000.0	91000000.0					
MKD	2021		BEA_return_cg	all_groups	4600.0	35000000.0	255000000.0	99000000.0					
MLI	2004		BEA_return_cg	all_groups									
MLI	2009		BEA_return_cg	all_groups	0.0	0.0							
MLI	2010		BEA_return_cg	all_groups	0.0	0.0							
MLI	2011		BEA_return_cg	all_groups	0.0	0.0							
MLI	2012		BEA_return_cg	all_groups	0.0	0.0							
MLI	2013		BEA_return_cg	all_groups	0.0	0.0							
MLI	2014		BEA_return_cg	all_groups									
MLI	2015		BEA_return_cg	all_groups									
MLI	2016		BEA_return_cg	all_groups									
MLI	2017		BEA_return_cg	all_groups									
MLI	2018		BEA_return_cg	all_groups									
MLI	2019		BEA_return_cg	all_groups			1000000.0						
MLI	2020		BEA_return_cg	all_groups			1000000.0						
MLI	2021		BEA_return_cg	all_groups			1000000.0						
MLT	2004		BEA_return_cg	all_groups	1600.0	25000000.0	1514000000.0	64000000.0					
MLT	2005		BEA_return_cg	all_groups	1600.0	26000000.0	1757000000.0						
MLT	2006		BEA_return_cg	all_groups	1500.0	30000000.0	2060000000.0						
MLT	2007		BEA_return_cg	all_groups	1600.0	39000000.0	2482000000.0						
MLT	2008		BEA_return_cg	all_groups	1600.0	40000000.0	2821000000.0						
MLT	2009		BEA_return_cg	all_groups	1600.0	31000000.0	9492000000.0	122000000.0					
MLT	2010		BEA_return_cg	all_groups	1600.0	42000000.0	8170000000.0	114000000.0					
MLT	2011		BEA_return_cg	all_groups	1600.0	42000000.0	7676000000.0	189000000.0					
MLT	2012		BEA_return_cg	all_groups	1600.0	44000000.0	8016000000.0	219000000.0					
MLT	2013		BEA_return_cg	all_groups	1300.0	32000000.0	6982000000.0	344000000.0					
MLT	2014		BEA_return_cg	all_groups	1500.0	49000000.0	38716000000.0	312000000.0					
MLT	2015		BEA_return_cg	all_groups	1500.0	41000000.0	39872000000.0	293000000.0					
MLT	2016		BEA_return_cg	all_groups	1500.0	51000000.0	39893000000.0	227000000.0					
MLT	2017		BEA_return_cg	all_groups	1500.0	43000000.0	42037000000.0	90000000.0					
MLT	2018		BEA_return_cg	all_groups	1600.0	48000000.0	43747000000.0	317000000.0					
MLT	2019		BEA_return_cg	all_groups	1800.0	61000000.0	35593000000.0	481000000.0					
MLT	2020		BEA_return_cg	all_groups	1700.0	59000000.0	34073000000.0	375000000.0					
MLT	2021		BEA_return_cg	all_groups	1700.0	65000000.0	29470000000.0	367000000.0					
MMR	2004		BEA_return_cg	all_groups									
MMR	2005		BEA_return_cg	all_groups									
MMR	2006		BEA_return_cg	all_groups									
MMR	2007		BEA_return_cg	all_groups									
MMR	2008		BEA_return_cg	all_groups									
MMR	2009		BEA_return_cg	all_groups		1000000.0							
MMR	2010		BEA_return_cg	all_groups		1000000.0							
MMR	2011		BEA_return_cg	all_groups		1000000.0							
MMR	2012		BEA_return_cg	all_groups		1000000.0							
MMR	2013		BEA_return_cg	all_groups		1000000.0							
MMR	2014		BEA_return_cg	all_groups	300.0	6000000.0							
MMR	2015		BEA_return_cg	all_groups	400.0	6000000.0							
MMR	2016		BEA_return_cg	all_groups	500.0	8000000.0		481000000.0					
MMR	2017		BEA_return_cg	all_groups	500.0	8000000.0		445000000.0					
MMR	2018		BEA_return_cg	all_groups	400.0	4000000.0							
MMR	2019		BEA_return_cg	all_groups	500.0	10000000.0							
MMR	2020		BEA_return_cg	all_groups	500.0	10000000.0		276000000.0					
MMR	2021		BEA_return_cg	all_groups	500.0	10000000.0							
MNE	2004		BEA_return_cg	all_groups	100.0		3000000.0	1000000.0					
MNE	2005		BEA_return_cg	all_groups	100.0		3000000.0						
MNE	2006		BEA_return_cg	all_groups	100.0		3000000.0						
MNE	2007		BEA_return_cg	all_groups	100.0		3000000.0						
MNE	2008		BEA_return_cg	all_groups	100.0		3000000.0						
MNE	2009		BEA_return_cg	all_groups		1000000.0		2000000.0					
MNE	2010		BEA_return_cg	all_groups		1000000.0		2000000.0					
MNE	2011		BEA_return_cg	all_groups		1000000.0		2000000.0					
MNE	2012		BEA_return_cg	all_groups		1000000.0		2000000.0					
MNE	2013		BEA_return_cg	all_groups		1000000.0		2000000.0					
MNE	2014		BEA_return_cg	all_groups			7000000.0	1000000.0					
MNE	2015		BEA_return_cg	all_groups				1000000.0					
MNE	2016		BEA_return_cg	all_groups			7000000.0	1000000.0					
MNE	2017		BEA_return_cg	all_groups			7000000.0	1000000.0					
MNE	2018		BEA_return_cg	all_groups			7000000.0	1000000.0					
MNE	2019		BEA_return_cg	all_groups			17000000.0	3000000.0					
MNE	2020		BEA_return_cg	all_groups			17000000.0	3000000.0					
MNE	2021		BEA_return_cg	all_groups			17000000.0	3000000.0					
MNG	2004		BEA_return_cg	all_groups				0.0					
MNG	2005		BEA_return_cg	all_groups									
MNG	2006		BEA_return_cg	all_groups									
MNG	2007		BEA_return_cg	all_groups									
MNG	2008		BEA_return_cg	all_groups									
MNG	2009		BEA_return_cg	all_groups			4000000.0	1000000.0					
MNG	2010		BEA_return_cg	all_groups		1000000.0		1000000.0					
MNG	2011		BEA_return_cg	all_groups	300.0			1000000.0					
MNG	2012		BEA_return_cg	all_groups	300.0	5000000.0		1000000.0					
MNG	2013		BEA_return_cg	all_groups	300.0	5000000.0		1000000.0					
MNG	2014		BEA_return_cg	all_groups									
MNG	2015		BEA_return_cg	all_groups	800.0								
MNG	2016		BEA_return_cg	all_groups	800.0								
MNG	2017		BEA_return_cg	all_groups	900.0								
MNG	2018		BEA_return_cg	all_groups	900.0								
MNG	2019		BEA_return_cg	all_groups			321000000.0						
MNG	2020		BEA_return_cg	all_groups	300.0	5000000.0							
MNG	2021		BEA_return_cg	all_groups	300.0	5000000.0							
MOZ	2004		BEA_return_cg	all_groups									
MOZ	2005		BEA_return_cg	all_groups	400.0	3000000.0	15000000.0						
MOZ	2006		BEA_return_cg	all_groups	400.0	3000000.0	15000000.0						
MOZ	2007		BEA_return_cg	all_groups									
MOZ	2008		BEA_return_cg	all_groups									
MOZ	2009		BEA_return_cg	all_groups	100.0	2000000.0	136000000.0	18000000.0					
MOZ	2010		BEA_return_cg	all_groups	100.0	3000000.0	420000000.0						
MOZ	2011		BEA_return_cg	all_groups	100.0	4000000.0							
MOZ	2012		BEA_return_cg	all_groups	900.0	16000000.0	1509000000.0	746000000.0					
MOZ	2013		BEA_return_cg	all_groups	900.0	29000000.0	1975000000.0						
MOZ	2014		BEA_return_cg	all_groups	800.0	28000000.0	1391000000.0	313000000.0					
MOZ	2015		BEA_return_cg	all_groups	200.0	10000000.0	1010000000.0	454000000.0					
MOZ	2016		BEA_return_cg	all_groups		16000000.0	944000000.0	490000000.0					
MOZ	2017		BEA_return_cg	all_groups		16000000.0		555000000.0					
MOZ	2018		BEA_return_cg	all_groups		19000000.0		652000000.0					
MOZ	2019		BEA_return_cg	all_groups		29000000.0		173000000.0					
MOZ	2020		BEA_return_cg	all_groups		21000000.0		181000000.0					
MOZ	2021		BEA_return_cg	all_groups		15000000.0		181000000.0					
MRT	2004		BEA_return_cg	all_groups	100.0	1000000.0	17000000.0	4000000.0					
MRT	2005		BEA_return_cg	all_groups	100.0	1000000.0	17000000.0						
MRT	2006		BEA_return_cg	all_groups	100.0	1000000.0	17000000.0						
MRT	2007		BEA_return_cg	all_groups	100.0	1000000.0	17000000.0						
MRT	2008		BEA_return_cg	all_groups	100.0	1000000.0	17000000.0						
MRT	2009		BEA_return_cg	all_groups	0.0	0.0							
MRT	2010		BEA_return_cg	all_groups	0.0	0.0							
MRT	2011		BEA_return_cg	all_groups	0.0	0.0							
MRT	2012		BEA_return_cg	all_groups	0.0	0.0							
MRT	2013		BEA_return_cg	all_groups	0.0	0.0							
MRT	2014		BEA_return_cg	all_groups	0.0	0.0							
MRT	2015		BEA_return_cg	all_groups	0.0	0.0							
MRT	2016		BEA_return_cg	all_groups	0.0	0.0							
MRT	2017		BEA_return_cg	all_groups	0.0	0.0	178000000.0						
MRT	2018		BEA_return_cg	all_groups	0.0	0.0	260000000.0						
MRT	2019		BEA_return_cg	all_groups		2000000.0							
MRT	2020		BEA_return_cg	all_groups		2000000.0							
MRT	2021		BEA_return_cg	all_groups		2000000.0							
MUS	2004		BEA_return_cg	all_groups	700.0	9000000.0							
MUS	2005		BEA_return_cg	all_groups	500.0	6000000.0	4208000000.0						
MUS	2006		BEA_return_cg	all_groups	1700.0	34000000.0							
MUS	2007		BEA_return_cg	all_groups	1700.0	34000000.0							
MUS	2008		BEA_return_cg	all_groups									
MUS	2009		BEA_return_cg	all_groups		49000000.0	31368000000.0	203000000.0					
MUS	2010		BEA_return_cg	all_groups		60000000.0	40051000000.0	181000000.0					
MUS	2011		BEA_return_cg	all_groups		24000000.0	32611000000.0	157000000.0					
MUS	2012		BEA_return_cg	all_groups		24000000.0	34930000000.0	151000000.0					
MUS	2013		BEA_return_cg	all_groups		25000000.0	35404000000.0	84000000.0					
MUS	2014		BEA_return_cg	all_groups	1900.0	45000000.0	41384000000.0	291000000.0					
MUS	2015		BEA_return_cg	all_groups	1800.0	42000000.0	39858000000.0	290000000.0					
MUS	2016		BEA_return_cg	all_groups	1700.0	26000000.0	40948000000.0	272000000.0					
MUS	2017		BEA_return_cg	all_groups	1700.0	26000000.0	44812000000.0	246000000.0					
MUS	2018		BEA_return_cg	all_groups	1800.0	30000000.0	45535000000.0	212000000.0					
MUS	2019		BEA_return_cg	all_groups	3200.0	42000000.0	39814000000.0	146000000.0					
MUS	2020		BEA_return_cg	all_groups	4800.0	63000000.0	38092000000.0	159000000.0					
MUS	2021		BEA_return_cg	all_groups	4600.0	60000000.0	33358000000.0	162000000.0					
MWI	2004		BEA_return_cg	all_groups			233000000.0	82000000.0					
MWI	2005		BEA_return_cg	all_groups			296000000.0						
MWI	2006		BEA_return_cg	all_groups									
MWI	2007		BEA_return_cg	all_groups									
MWI	2008		BEA_return_cg	all_groups			381000000.0						
MWI	2009		BEA_return_cg	all_groups		27000000.0	220000000.0						
MWI	2010		BEA_return_cg	all_groups									
MWI	2011		BEA_return_cg	all_groups									
MWI	2012		BEA_return_cg	all_groups									
MWI	2013		BEA_return_cg	all_groups		18000000.0							
MWI	2014		BEA_return_cg	all_groups		24000000.0	225000000.0						
MWI	2015		BEA_return_cg	all_groups		25000000.0							
MWI	2016		BEA_return_cg	all_groups	7200.0	26000000.0	355000000.0						
MWI	2017		BEA_return_cg	all_groups	7900.0	28000000.0	348000000.0	55000000.0					
MWI	2018		BEA_return_cg	all_groups	5100.0	27000000.0	304000000.0	55000000.0					
MWI	2019		BEA_return_cg	all_groups		28000000.0	263000000.0						
MWI	2020		BEA_return_cg	all_groups		24000000.0	314000000.0	44000000.0					
MWI	2021		BEA_return_cg	all_groups	3900.0	22000000.0	299000000.0	44000000.0					
MYS	2004	3282000000.0	BEA_return_cg	all_groups	114300.0	1556000000.0	32376000000.0	9320000000.0	669000000.0			70000000.0	0.20383912248628885
MYS	2005	3520000000.0	BEA_return_cg	all_groups	126300.0	1530000000.0	33847000000.0		709000000.0			33000000.0	0.20142045454545454
MYS	2006	4506000000.0	BEA_return_cg	all_groups	130900.0	1703000000.0	38802000000.0		770000000.0			45000000.0	0.1708832667554372
MYS	2007	4323000000.0	BEA_return_cg	all_groups	112200.0	1743000000.0	44464000000.0		913000000.0			17000000.0	0.21119592875318066
MYS	2008	6500000000.0	BEA_return_cg	all_groups	107300.0	1870000000.0	50192000000.0		1400000000.0			-328000000.0	0.2153846153846154
MYS	2009	5623000000.0	BEA_return_cg	all_groups	136700.0	2355000000.0	63688000000.0	11815000000.0	1156000000.0			-355000000.0	0.20558420771829983
MYS	2010	7043000000.0	BEA_return_cg	all_groups	146600.0	2551000000.0	54837000000.0	12423000000.0	1399000000.0	24411000000.0	50124000000.0	11000000.0	0.19863694448388472
MYS	2011	6857000000.0	BEA_return_cg	all_groups	156800.0	2817000000.0	66885000000.0	13496000000.0	1333000000.0	33225000000.0	56623000000.0	270000000.0	0.19439988333090272
MYS	2012	7656000000.0	BEA_return_cg	all_groups	161500.0	2965000000.0	66889000000.0	14488000000.0	1670000000.0	33019000000.0	51717000000.0	-6000000.0	0.21812957157784743
MYS	2013	6954000000.0	BEA_return_cg	all_groups	158900.0	3199000000.0	70617000000.0	16225000000.0	1420000000.0	33650000000.0	50668000000.0	-16000000.0	0.20419902214552776
MYS	2014	5832000000.0	BEA_return_cg	all_groups	172200.0	3698000000.0	75332000000.0	15496000000.0		31441000000.0	50850000000.0	-66000000.0	
MYS	2015	3090000000.0	BEA_return_cg	all_groups	177400.0	3482000000.0	70051000000.0	12971000000.0	-180000000.0	29746000000.0	46802000000.0	-38000000.0	-0.05825242718446602
MYS	2016	3098000000.0	BEA_return_cg	all_groups	164500.0	3182000000.0	75891000000.0	11577000000.0	330000000.0	24931000000.0	43963000000.0	-22000000.0	0.1065203357004519
MYS	2017	3922000000.0	BEA_return_cg	all_groups	170400.0	3345000000.0	77993000000.0	11928000000.0	601000000.0	25574000000.0	45703000000.0	-59000000.0	0.15323814380418155
MYS	2018	3945000000.0	BEA_return_cg	all_groups	165500.0	3580000000.0	68407000000.0	12118000000.0	636000000.0	27519000000.0	47370000000.0	-113000000.0	0.1612167300380228
MYS	2019	3748000000.0	BEA_return_cg	all_groups	155200.0	3498000000.0	72922000000.0	10321000000.0	649000000.0	26395000000.0	48338000000.0	-201000000.0	0.1731590181430096
MYS	2020	2500000000.0	BEA_return_cg	all_groups	153800.0	3386000000.0	66596000000.0	10424000000.0	286000000.0	22226000000.0	41397000000.0	-101000000.0	0.1144
MYS	2021	3598000000.0	BEA_return_cg	all_groups	148800.0	3502000000.0	68835000000.0	11093000000.0	516000000.0	25061000000.0	48061000000.0	-108000000.0	0.1434130072262368
NAM	2004		BEA_return_cg	all_groups									
NAM	2005		BEA_return_cg	all_groups	200.0	2000000.0							
NAM	2006		BEA_return_cg	all_groups	200.0	3000000.0							
NAM	2007		BEA_return_cg	all_groups									
NAM	2008		BEA_return_cg	all_groups									
NAM	2009		BEA_return_cg	all_groups	200.0	3000000.0	67000000.0	19000000.0					
NAM	2010		BEA_return_cg	all_groups	200.0	3000000.0	79000000.0	18000000.0					
NAM	2011		BEA_return_cg	all_groups	100.0	3000000.0	22000000.0	7000000.0					
NAM	2012		BEA_return_cg	all_groups	100.0	3000000.0	22000000.0	7000000.0					
NAM	2013		BEA_return_cg	all_groups	100.0	3000000.0	22000000.0	7000000.0					
NAM	2014		BEA_return_cg	all_groups	200.0	4000000.0	48000000.0	8000000.0					
NAM	2015		BEA_return_cg	all_groups	200.0	4000000.0	48000000.0	8000000.0					
NAM	2016		BEA_return_cg	all_groups	200.0	4000000.0	48000000.0	8000000.0					
NAM	2017		BEA_return_cg	all_groups	200.0	4000000.0	49000000.0	8000000.0					
NAM	2018		BEA_return_cg	all_groups	200.0	4000000.0	50000000.0	8000000.0					
NAM	2019		BEA_return_cg	all_groups	200.0	5000000.0	49000000.0	5000000.0					
NAM	2020		BEA_return_cg	all_groups	200.0	5000000.0	50000000.0	5000000.0					
NAM	2021		BEA_return_cg	all_groups	200.0	5000000.0	52000000.0	6000000.0					
NER	2004		BEA_return_cg	all_groups									
NER	2005		BEA_return_cg	all_groups									
NER	2006		BEA_return_cg	all_groups									
NER	2007		BEA_return_cg	all_groups									
NER	2008		BEA_return_cg	all_groups									
NER	2009		BEA_return_cg	all_groups	0.0	0.0	1000000.0	1000000.0					
NER	2010		BEA_return_cg	all_groups	0.0	0.0	1000000.0	1000000.0					
NER	2011		BEA_return_cg	all_groups	0.0	0.0	1000000.0	1000000.0					
NER	2012		BEA_return_cg	all_groups	0.0	0.0	1000000.0	1000000.0					
NER	2013		BEA_return_cg	all_groups	0.0	0.0	1000000.0	1000000.0					
NER	2019		BEA_return_cg	all_groups			1000000.0						
NER	2020		BEA_return_cg	all_groups			1000000.0						
NER	2021		BEA_return_cg	all_groups			1000000.0						
NGA	2004	3915000000.0	BEA_return_cg	all_groups					3075000000.0			70000000.0	0.7854406130268199
NGA	2005		BEA_return_cg	all_groups			23027000000.0		5238000000.0			119000000.0	
NGA	2006		BEA_return_cg	all_groups								288000000.0	
NGA	2007		BEA_return_cg	all_groups								353000000.0	
NGA	2008		BEA_return_cg	all_groups								380000000.0	
NGA	2009	8878000000.0	BEA_return_cg	all_groups	8900.0	565000000.0	48025000000.0	21703000000.0				273000000.0	
NGA	2010	12108000000.0	BEA_return_cg	all_groups	8600.0	608000000.0	62234000000.0	22574000000.0				230000000.0	
NGA	2011	16537000000.0	BEA_return_cg	all_groups	8400.0	735000000.0	74133000000.0	23919000000.0				230000000.0	
NGA	2012	16646000000.0	BEA_return_cg	all_groups	10000.0	931000000.0	89223000000.0	31317000000.0					
NGA	2013	14933000000.0	BEA_return_cg	all_groups	10300.0	1083000000.0	100297000000.0	32519000000.0					
NGA	2014		BEA_return_cg	all_groups	10800.0	1484000000.0							
NGA	2015	3888000000.0	BEA_return_cg	all_groups	9500.0	1562000000.0	103467000000.0					132000000.0	
NGA	2016	1374000000.0	BEA_return_cg	all_groups	9200.0	1211000000.0				3876000000.0		144000000.0	
NGA	2017	3686000000.0	BEA_return_cg	all_groups	9500.0	968000000.0				4049000000.0		106000000.0	
NGA	2018	4961000000.0	BEA_return_cg	all_groups	9100.0	1009000000.0				4716000000.0		52000000.0	
NGA	2019	3252000000.0	BEA_return_cg	all_groups	10700.0	994000000.0						-9000000.0	
NGA	2020	-59000000.0	BEA_return_cg	all_groups	10500.0	974000000.0			130000000.0	3653000000.0			-2.2033898305084745
NGA	2021	2159000000.0	BEA_return_cg	all_groups	9600.0	935000000.0	72842000000.0		1035000000.0	5635000000.0		72000000.0	0.4793886058360352
NIC	2004		BEA_return_cg	all_groups			335000000.0						
NIC	2005		BEA_return_cg	all_groups	3100.0	32000000.0	353000000.0						
NIC	2006		BEA_return_cg	all_groups									
NIC	2007		BEA_return_cg	all_groups									
NIC	2008		BEA_return_cg	all_groups									
NIC	2009		BEA_return_cg	all_groups	7500.0	73000000.0	1144000000.0	208000000.0					
NIC	2010		BEA_return_cg	all_groups	7400.0	72000000.0	1167000000.0	224000000.0					
NIC	2011		BEA_return_cg	all_groups	7300.0	71000000.0	1199000000.0						
NIC	2012		BEA_return_cg	all_groups	7400.0	70000000.0	1139000000.0	189000000.0					
NIC	2013		BEA_return_cg	all_groups	10700.0	91000000.0	1303000000.0	265000000.0					
NIC	2014		BEA_return_cg	all_groups	12300.0	101000000.0	1497000000.0	291000000.0					
NIC	2015		BEA_return_cg	all_groups	12400.0	104000000.0	1540000000.0	329000000.0					
NIC	2016		BEA_return_cg	all_groups	16400.0	131000000.0	1783000000.0	426000000.0					
NIC	2017		BEA_return_cg	all_groups	15000.0	134000000.0	1965000000.0	471000000.0					
NIC	2018		BEA_return_cg	all_groups	14800.0	136000000.0	2027000000.0	543000000.0					
NIC	2019		BEA_return_cg	all_groups	13100.0	129000000.0	2068000000.0	608000000.0					
NIC	2020		BEA_return_cg	all_groups	12500.0	117000000.0	1769000000.0	533000000.0					
NIC	2021		BEA_return_cg	all_groups	7800.0	78000000.0	1538000000.0	404000000.0					
NLD	2004	10597000000.0	BEA_return_cg	all_groups	229900.0	13522000000.0	850295000000.0	31690000000.0	2872000000.0			-1337000000.0	0.2710201000283099
NLD	2005	10482000000.0	BEA_return_cg	all_groups	216900.0	13281000000.0	913802000000.0		4203000000.0			-908000000.0	0.4009730967372639
NLD	2006	7921000000.0	BEA_return_cg	all_groups	235400.0	14764000000.0	1044305000000.0		3990000000.0			-464000000.0	0.5037242772377225
NLD	2007	7964000000.0	BEA_return_cg	all_groups	234500.0	15636000000.0	1303499000000.0		2639000000.0			-1773000000.0	0.3313661476644902
NLD	2008	8492000000.0	BEA_return_cg	all_groups	246400.0	18190000000.0	1317930000000.0		2874000000.0			1636000000.0	0.33843617522374
NLD	2009	7728000000.0	BEA_return_cg	all_groups	212200.0	16136000000.0	1609707000000.0	19267000000.0	2258000000.0				0.29218426501035194
NLD	2010	8903000000.0	BEA_return_cg	all_groups	220000.0	16004000000.0	1686369000000.0	18349000000.0	4314000000.0	115842000000.0	189057000000.0	-1618000000.0	0.4845557677187465
NLD	2011	11314000000.0	BEA_return_cg	all_groups	221900.0	17021000000.0	1757390000000.0	19221000000.0	4669000000.0	124106000000.0	214304000000.0	-5530000000.0	0.41267456248895173
NLD	2012	9792000000.0	BEA_return_cg	all_groups	223300.0	16913000000.0	1950387000000.0	19954000000.0	4518000000.0	123824000000.0	207851000000.0	-7780000000.0	0.46139705882352944
NLD	2013	3900000000.0	BEA_return_cg	all_groups	228600.0	18096000000.0	2252039000000.0	20924000000.0	3739000000.0	129864000000.0	218060000000.0	-6515000000.0	0.9587179487179487
NLD	2014	17286000000.0	BEA_return_cg	all_groups	244000.0	18885000000.0	2629151000000.0	26433000000.0	4344000000.0	148803000000.0	257156000000.0	-9292000000.0	0.2513016313779938
NLD	2015	4132000000.0	BEA_return_cg	all_groups	241900.0	18047000000.0	2782614000000.0	25736000000.0	3726000000.0	135692000000.0	242133000000.0	-10620000000.0	0.9017424975798645
NLD	2016	14680000000.0	BEA_return_cg	all_groups	245300.0	17617000000.0	2901245000000.0	26263000000.0	5293000000.0	140164000000.0	252043000000.0	-11265000000.0	0.36055858310626704
NLD	2017	55741000000.0	BEA_return_cg	all_groups	272900.0	19441000000.0	3175048000000.0	28225000000.0	5321000000.0	153754000000.0	270890000000.0	-9869000000.0	0.09545935666744407
NLD	2018	27945000000.0	BEA_return_cg	all_groups	262300.0	19875000000.0	3023535000000.0	28917000000.0	4871000000.0	171125000000.0	294853000000.0	-5568000000.0	0.17430667382358203
NLD	2019	33774000000.0	BEA_return_cg	all_groups	253600.0	20026000000.0	3210485000000.0	29635000000.0	5945000000.0	158330000000.0	275978000000.0	-7276000000.0	0.17602297625392313
NLD	2020	25762000000.0	BEA_return_cg	all_groups	239000.0	18880000000.0	3110921000000.0	29665000000.0	5419000000.0	140963000000.0	235705000000.0	-5473000000.0	0.21034857542116295
NLD	2021	35925000000.0	BEA_return_cg	all_groups	231300.0	19606000000.0	3326426000000.0	33647000000.0	5760000000.0	178177000000.0	268031000000.0	-6890000000.0	0.1603340292275574
NOR	2004	7650000000.0	BEA_return_cg	all_groups	32100.0	2239000000.0	39892000000.0	18204000000.0	5264000000.0			112000000.0	0.6881045751633987
NOR	2005	9799000000.0	BEA_return_cg	all_groups	31800.0	2415000000.0	56414000000.0		5595000000.0			-220000000.0	0.5709766302683947
NOR	2006	10558000000.0	BEA_return_cg	all_groups	32800.0	2279000000.0	62338000000.0		7279000000.0			436000000.0	0.6894298162530782
NOR	2007	14212000000.0	BEA_return_cg	all_groups	34000.0	2635000000.0	69274000000.0		9801000000.0			342000000.0	0.6896284829721362
NOR	2008	21669000000.0	BEA_return_cg	all_groups	33600.0	2986000000.0	81282000000.0		14558000000.0			694000000.0	0.6718353408094513
NOR	2009	14241000000.0	BEA_return_cg	all_groups	37200.0	3900000000.0	99701000000.0	29895000000.0	8853000000.0			533000000.0	0.6216557825995366
NOR	2010	16087000000.0	BEA_return_cg	all_groups	38600.0	4054000000.0	111354000000.0	32519000000.0	9902000000.0			587000000.0	0.6155280661403618
NOR	2011	19707000000.0	BEA_return_cg	all_groups	41800.0	4787000000.0	117911000000.0	31617000000.0	12835000000.0			693000000.0	0.6512914192926371
NOR	2012	18658000000.0	BEA_return_cg	all_groups	43400.0	5020000000.0	160708000000.0	36430000000.0	12529000000.0			712000000.0	0.6715082002358238
NOR	2013	17092000000.0	BEA_return_cg	all_groups	45000.0	5337000000.0	164480000000.0	37293000000.0	11254000000.0			698000000.0	0.6584366955300726
NOR	2014	13365000000.0	BEA_return_cg	all_groups	49700.0	5749000000.0	152858000000.0	30606000000.0				416000000.0	
NOR	2015	6577000000.0	BEA_return_cg	all_groups	47000.0	4832000000.0	134952000000.0	24499000000.0	2807000000.0	26918000000.0	36633000000.0	403000000.0	0.42679032993766153
NOR	2016	2608000000.0	BEA_return_cg	all_groups	42400.0	4241000000.0	134391000000.0	19976000000.0	1501000000.0	19508000000.0	27758000000.0	192000000.0	0.5755368098159509
NOR	2017	4668000000.0	BEA_return_cg	all_groups	42900.0	4162000000.0	119044000000.0	13485000000.0	2727000000.0	20520000000.0	30748000000.0	113000000.0	0.5841902313624678
NOR	2018	5827000000.0	BEA_return_cg	all_groups	40300.0	3675000000.0	111076000000.0	11344000000.0	3148000000.0	21200000000.0	33223000000.0	69000000.0	0.5402436931525656
NOR	2019	4836000000.0	BEA_return_cg	all_groups	40000.0	3836000000.0	114231000000.0	11605000000.0	2406000000.0	21087000000.0	31259000000.0	-91000000.0	0.4975186104218362
NOR	2020	1794000000.0	BEA_return_cg	all_groups	38100.0	3597000000.0	100350000000.0	9196000000.0	719000000.0	17520000000.0	23524000000.0	141000000.0	0.4007803790412486
NOR	2021	4687000000.0	BEA_return_cg	all_groups	37000.0	3675000000.0	103564000000.0	8623000000.0	3024000000.0	21025000000.0	29914000000.0	65000000.0	0.645188820140815
NPL	2004		BEA_return_cg	all_groups									
NPL	2005		BEA_return_cg	all_groups									
NPL	2006		BEA_return_cg	all_groups	200.0	3000000.0	62000000.0						
NPL	2007		BEA_return_cg	all_groups	300.0	4000000.0	117000000.0						
NPL	2008		BEA_return_cg	all_groups									
NPL	2009		BEA_return_cg	all_groups	100.0								
NPL	2010		BEA_return_cg	all_groups	100.0	5000000.0							
NPL	2011		BEA_return_cg	all_groups	100.0								
NPL	2012		BEA_return_cg	all_groups	100.0	5000000.0							
NPL	2013		BEA_return_cg	all_groups	100.0								
NPL	2014		BEA_return_cg	all_groups	100.0	5000000.0							
NPL	2015		BEA_return_cg	all_groups	100.0	5000000.0							
NPL	2016		BEA_return_cg	all_groups	100.0	2000000.0							
NPL	2017		BEA_return_cg	all_groups	100.0	1000000.0							
NPL	2018		BEA_return_cg	all_groups	100.0	1000000.0							
NPL	2019		BEA_return_cg	all_groups	100.0	2000000.0							
NPL	2020		BEA_return_cg	all_groups	200.0	2000000.0							
NPL	2021		BEA_return_cg	all_groups	200.0	2000000.0							
NZL	2004	713000000.0	BEA_return_cg	all_groups	43300.0	1569000000.0	16634000000.0	6275000000.0	170000000.0			-38000000.0	0.23842917251051893
NZL	2005	1096000000.0	BEA_return_cg	all_groups	43800.0	1667000000.0	17149000000.0		397000000.0			-67000000.0	0.36222627737226276
NZL	2006	928000000.0	BEA_return_cg	all_groups	33400.0	1293000000.0	12829000000.0		463000000.0			-88000000.0	0.4989224137931034
NZL	2007	830000000.0	BEA_return_cg	all_groups	32200.000000000004	1376000000.0	14731000000.0		529000000.0			-43000000.0	0.6373493975903615
NZL	2008	665000000.0	BEA_return_cg	all_groups	31300.0	1341000000.0	12863000000.0		502000000.0			62000000.0	0.7548872180451128
NZL	2009	694000000.0	BEA_return_cg	all_groups	30900.0	1243000000.0	15970000000.0	1507000000.0	462000000.0			-41000000.0	0.6657060518731989
NZL	2010	135000000.0	BEA_return_cg	all_groups	30200.0	1272000000.0	16225000000.0	1691000000.0	136000000.0	9835000000.0	11066000000.0	-221000000.0	1.0074074074074073
NZL	2011	983000000.0	BEA_return_cg	all_groups	31600.0	1431000000.0	20292000000.0	4351000000.0	151000000.0	12516000000.0	13884000000.0	-39000000.0	0.1536113936927772
NZL	2012	953000000.0	BEA_return_cg	all_groups	33700.0	1479000000.0	21568000000.0	4741000000.0	136000000.0	13369000000.0	14939000000.0	17000000.0	0.14270724029380902
NZL	2013	989000000.0	BEA_return_cg	all_groups	30100.0	1480000000.0	22578000000.0	5331000000.0	171000000.0	13130000000.0	15212000000.0	-146000000.0	0.17290192113245703
NZL	2014	1575000000.0	BEA_return_cg	all_groups	39900.0	1859000000.0	26993000000.0	3799000000.0		15137000000.0	16771000000.0	-38000000.0	
NZL	2015	1380000000.0	BEA_return_cg	all_groups	40200.0	1813000000.0	24436000000.0	3302000000.0	196000000.0	12677000000.0	14175000000.0	-100000000.0	0.14202898550724638
NZL	2016	1059000000.0	BEA_return_cg	all_groups	37500.0	1651000000.0	23575000000.0	3015000000.0	151000000.0	11263000000.0	12446000000.0	-87000000.0	0.14258734655335223
NZL	2017	1177000000.0	BEA_return_cg	all_groups	38000.0	1683000000.0	25345000000.0	3135000000.0	186000000.0			-76000000.0	0.1580288870008496
NZL	2018	818000000.0	BEA_return_cg	all_groups	38000.0	1669000000.0	25214000000.0	3100000000.0	187000000.0	13265000000.0	14440000000.0	-32000000.0	0.22860635696821516
NZL	2019	845000000.0	BEA_return_cg	all_groups	26900.0	1478000000.0	24491000000.0	3125000000.0	251000000.0	11433000000.0	12724000000.0	1000000.0	0.29704142011834317
NZL	2020	1095000000.0	BEA_return_cg	all_groups	28300.0	1492000000.0	26286000000.0	3176000000.0	180000000.0	11006000000.0	11999000000.0	-16000000.0	0.1643835616438356
NZL	2021	1276000000.0	BEA_return_cg	all_groups	27700.0	1625000000.0	26525000000.0	3318000000.0	248000000.0	13970000000.0	15228000000.0	-5000000.0	0.19435736677115986
OMN	2004		BEA_return_cg	all_groups	1200.0	59000000.0							
OMN	2005		BEA_return_cg	all_groups	1300.0	77000000.0	1554000000.0						
OMN	2006		BEA_return_cg	all_groups	3200.0	96000000.0							
OMN	2007		BEA_return_cg	all_groups	4700.0	134000000.0							
OMN	2008		BEA_return_cg	all_groups	2700.0	158000000.0							
OMN	2009		BEA_return_cg	all_groups	2100.0	116000000.0	2869000000.0	2355000000.0					
OMN	2010		BEA_return_cg	all_groups	1900.0	157000000.0	3047000000.0						
OMN	2011		BEA_return_cg	all_groups	2100.0	175000000.0							
OMN	2012		BEA_return_cg	all_groups	2200.0	188000000.0							
OMN	2013		BEA_return_cg	all_groups	2400.0	212000000.0							
OMN	2014		BEA_return_cg	all_groups	3100.0	273000000.0							
OMN	2015		BEA_return_cg	all_groups	3100.0	263000000.0							
OMN	2016		BEA_return_cg	all_groups	3200.0	264000000.0							
OMN	2017		BEA_return_cg	all_groups	3300.0	284000000.0							
OMN	2018		BEA_return_cg	all_groups	3700.0	323000000.0							
OMN	2019		BEA_return_cg	all_groups	4400.0	424000000.0							
OMN	2020		BEA_return_cg	all_groups	4200.0	418000000.0							
OMN	2021		BEA_return_cg	all_groups	3800.0	395000000.0							
PAK	2004		BEA_return_cg	all_groups			3017000000.0	1238000000.0					
PAK	2005		BEA_return_cg	all_groups	12400.0	97000000.0	3329000000.0						
PAK	2006		BEA_return_cg	all_groups	12500.0	117000000.0	3561000000.0						
PAK	2007		BEA_return_cg	all_groups									
PAK	2008		BEA_return_cg	all_groups	9600.0	110000000.0							
PAK	2009		BEA_return_cg	all_groups	13200.0	149000000.0	4085000000.0	781000000.0					
PAK	2010		BEA_return_cg	all_groups	13100.0	159000000.0	4074000000.0	817000000.0					
PAK	2011		BEA_return_cg	all_groups	12800.0	140000000.0	3151000000.0	383000000.0					
PAK	2012		BEA_return_cg	all_groups	12700.0	139000000.0	2881000000.0	403000000.0					
PAK	2013		BEA_return_cg	all_groups	13000.0	152000000.0	3239000000.0	452000000.0					
PAK	2014		BEA_return_cg	all_groups	13800.0	183000000.0	2133000000.0	470000000.0					
PAK	2015		BEA_return_cg	all_groups	13700.0	186000000.0	1913000000.0	443000000.0					
PAK	2016		BEA_return_cg	all_groups	13600.0	187000000.0	2147000000.0	495000000.0					
PAK	2017		BEA_return_cg	all_groups	14100.0	205000000.0	2192000000.0	553000000.0					
PAK	2018		BEA_return_cg	all_groups	14300.0	193000000.0	2071000000.0	578000000.0					
PAK	2019		BEA_return_cg	all_groups	15600.0	226000000.0	2296000000.0	606000000.0					
PAK	2020		BEA_return_cg	all_groups	14600.0	212000000.0	2244000000.0	575000000.0					
PAK	2021		BEA_return_cg	all_groups	14700.0	219000000.0	3609000000.0	598000000.0					
PAN	2004	364000000.0	BEA_return_cg	all_groups			24459000000.0	8609000000.0	44000000.0			15000000.0	0.12087912087912088
PAN	2005		BEA_return_cg	all_groups			34615000000.0		61000000.0			20000000.0	
PAN	2006		BEA_return_cg	all_groups					62000000.0			21000000.0	
PAN	2007		BEA_return_cg	all_groups					68000000.0			64000000.0	
PAN	2008		BEA_return_cg	all_groups								13000000.0	
PAN	2009	266000000.0	BEA_return_cg	all_groups	20300.0	441000000.0	9441000000.0	1772000000.0	97000000.0			-12000000.0	0.36466165413533835
PAN	2010	121000000.0	BEA_return_cg	all_groups	21600.0	456000000.0	9909000000.0	1967000000.0	94000000.0			-6000000.0	0.7768595041322314
PAN	2011		BEA_return_cg	all_groups	20600.0	413000000.0	11126000000.0	1835000000.0	88000000.0			-19000000.0	
PAN	2012	193000000.0	BEA_return_cg	all_groups	20200.0	435000000.0	10586000000.0	1838000000.0	118000000.0			10000000.0	0.6113989637305699
PAN	2013	-211000000.0	BEA_return_cg	all_groups	25300.0	675000000.0	12529000000.0	2113000000.0	181000000.0			7000000.0	-0.8578199052132701
PAN	2014	37000000.0	BEA_return_cg	all_groups	16900.0	454000000.0	13085000000.0	2441000000.0	74000000.0			-22000000.0	2.0
PAN	2015	-39000000.0	BEA_return_cg	all_groups	17200.0	451000000.0	13309000000.0	2072000000.0	53000000.0			-8000000.0	-1.358974358974359
PAN	2016	158000000.0	BEA_return_cg	all_groups	17400.0	480000000.0	11820000000.0	2042000000.0	59000000.0	5104000000.0	7499000000.0	-10000000.0	0.37341772151898733
PAN	2017	323000000.0	BEA_return_cg	all_groups	18100.0	497000000.0	11786000000.0	2092000000.0	66000000.0	5225000000.0	6989000000.0	-27000000.0	0.2043343653250774
PAN	2018	368000000.0	BEA_return_cg	all_groups	18800.0	518000000.0	11501000000.0	2647000000.0	84000000.0	6617000000.0	8397000000.0	-9000000.0	0.22826086956521738
PAN	2019	287000000.0	BEA_return_cg	all_groups	19600.0	553000000.0	12571000000.0	2740000000.0	68000000.0	6618000000.0	8445000000.0	3000000.0	0.23693379790940766
PAN	2020	93000000.0	BEA_return_cg	all_groups	19800.0	539000000.0	13103000000.0	2715000000.0	60000000.0			24000000.0	0.6451612903225806
PAN	2021	-241000000.0	BEA_return_cg	all_groups	20800.0	574000000.0	13142000000.0	2652000000.0	47000000.0			23000000.0	-0.1950207468879668
PER	2004	1731000000.0	BEA_return_cg	all_groups	31000.0	545000000.0	13942000000.0	5108000000.0	572000000.0			31000000.0	0.3304448295782785
PER	2005	2283000000.0	BEA_return_cg	all_groups	32600.0	609000000.0	16831000000.0		716000000.0			-7000000.0	0.31362242663162504
PER	2006	3059000000.0	BEA_return_cg	all_groups	33600.0	688000000.0	18536000000.0		939000000.0			34000000.0	0.3069630598234717
PER	2007	3262000000.0	BEA_return_cg	all_groups	42000.0	976000000.0	25554000000.0		1460000000.0			39000000.0	0.4475781729000613
PER	2008	2336000000.0	BEA_return_cg	all_groups	36400.0	951000000.0	22918000000.0		1112000000.0			34000000.0	0.476027397260274
PER	2009	3030000000.0	BEA_return_cg	all_groups	35600.0	857000000.0	20583000000.0	8541000000.0	1100000000.0			55000000.0	0.36303630363036304
PER	2010	3823000000.0	BEA_return_cg	all_groups	37000.0	926000000.0	23963000000.0	8556000000.0	1442000000.0			96000000.0	0.37719068794140725
PER	2011	3860000000.0	BEA_return_cg	all_groups	39900.0	1190000000.0	25231000000.0	8988000000.0	1494000000.0			98000000.0	0.3870466321243523
PER	2012	3568000000.0	BEA_return_cg	all_groups	36700.0	1208000000.0	27669000000.0	11338000000.0	1379000000.0	13472000000.0	15117000000.0	101000000.0	0.3864910313901345
PER	2013	3134000000.0	BEA_return_cg	all_groups	32000.0	1062000000.0	28903000000.0	12027000000.0	1123000000.0	12878000000.0	14135000000.0	203000000.0	0.35832801531589026
PER	2014	2383000000.0	BEA_return_cg	all_groups	41100.0	1334000000.0	34301000000.0	14663000000.0	885000000.0			133000000.0	0.37138061267310113
PER	2015	1260000000.0	BEA_return_cg	all_groups	42300.0	1463000000.0	34450000000.0	15953000000.0	629000000.0	12431000000.0	13400000000.0	164000000.0	0.4992063492063492
PER	2016	133000000.0	BEA_return_cg	all_groups	47900.0	1576000000.0	31778000000.0	14808000000.0	430000000.0			297000000.0	3.2330827067669174
PER	2017	3030000000.0	BEA_return_cg	all_groups	46000.0	1666000000.0	30506000000.0	14784000000.0	1589000000.0	11812000000.0	13478000000.0	486000000.0	0.5244224422442244
PER	2018	3419000000.0	BEA_return_cg	all_groups	47800.0	1703000000.0	31544000000.0	14626000000.0	791000000.0			661000000.0	0.2313541971336648
PER	2019	2147000000.0	BEA_return_cg	all_groups	51900.0	1721000000.0	32178000000.0	16163000000.0	936000000.0			430000000.0	0.4359571495109455
PER	2020	1883000000.0	BEA_return_cg	all_groups	47600.0	1615000000.0	31316000000.0	15453000000.0	915000000.0			437000000.0	0.485926712692512
PER	2021	4310000000.0	BEA_return_cg	all_groups	49300.0	1699000000.0	32869000000.0	14713000000.0	2090000000.0			351000000.0	0.48491879350348027
PHL	2004	1405000000.0	BEA_return_cg	all_groups	88700.0	695000000.0	19724000000.0	6966000000.0	294000000.0			122000000.0	0.2092526690391459
PHL	2005	1502000000.0	BEA_return_cg	all_groups	95100.0	771000000.0	21148000000.0		673000000.0			110000000.0	0.44806924101198403
PHL	2006	1757000000.0	BEA_return_cg	all_groups	106700.0	915000000.0	23207000000.0		793000000.0			201000000.0	0.45133750711439957
PHL	2007	1719000000.0	BEA_return_cg	all_groups	117900.0	1080000000.0	23871000000.0		724000000.0			146000000.0	0.42117510180337403
PHL	2008	1938000000.0	BEA_return_cg	all_groups	125600.0	1217000000.0	21874000000.0		835000000.0			-21000000.0	0.4308565531475748
PHL	2009	1955000000.0	BEA_return_cg	all_groups	144300.0	1467000000.0	27917000000.0	5188000000.0	710000000.0			-58000000.0	0.3631713554987212
PHL	2010	1767000000.0	BEA_return_cg	all_groups	170800.0	1834000000.0	28460000000.0	6040000000.0	387000000.0	10950000000.0	17975000000.0	-2000000.0	0.21901528013582344
PHL	2011	1634000000.0	BEA_return_cg	all_groups	202400.0	2215000000.0	30732000000.0	6753000000.0	469000000.0	11988000000.0	20970000000.0	20000000.0	0.28702570379436965
PHL	2012	1805000000.0	BEA_return_cg	all_groups	208300.0	2290000000.0	32506000000.0	6101000000.0	466000000.0	11880000000.0	20910000000.0	10000000.0	0.2581717451523546
PHL	2013	1907000000.0	BEA_return_cg	all_groups	220600.0	2467000000.0	32531000000.0	5977000000.0	451000000.0	11716000000.0	20449000000.0	32000000.0	0.23649711588883063
PHL	2014	2110000000.0	BEA_return_cg	all_groups	312700.0	3006000000.0	35838000000.0	6800000000.0	460000000.0	11854000000.0	22372000000.0	84000000.0	0.21800947867298578
PHL	2015	823000000.0	BEA_return_cg	all_groups	334700.0	3190000000.0	33794000000.0	6770000000.0	370000000.0	11286000000.0	21720000000.0	40000000.0	0.44957472660996356
PHL	2016	1983000000.0	BEA_return_cg	all_groups	335100.0	3146000000.0	33676000000.0	5827000000.0	388000000.0	11424000000.0	21299000000.0	-5000000.0	0.1956631366616238
PHL	2017	2083000000.0	BEA_return_cg	all_groups	304200.0	3179000000.0	35409000000.0	5803000000.0	446000000.0	12087000000.0	22421000000.0	-9000000.0	0.21411425828132502
PHL	2018	1447000000.0	BEA_return_cg	all_groups	332300.0	2998000000.0	27856000000.0	4744000000.0	311000000.0	12237000000.0	22151000000.0	-27000000.0	0.21492743607463718
PHL	2019	1939000000.0	BEA_return_cg	all_groups	363100.0	3146000000.0	31460000000.0	3935000000.0	458000000.0	11018000000.0	20353000000.0	-44000000.0	0.2362042289840124
PHL	2020	1716000000.0	BEA_return_cg	all_groups	362700.0	3319000000.0	23564000000.0	3744000000.0	343000000.0			-62000000.0	0.1998834498834499
PHL	2021	2018000000.0	BEA_return_cg	all_groups	281200.0	3341000000.0	31017000000.0	4182000000.0	412000000.0	11553000000.0	21247000000.0	-85000000.0	0.20416253716551042
PLW	2009		BEA_return_cg	all_groups		1000000.0		2000000.0					
PLW	2010		BEA_return_cg	all_groups		1000000.0		2000000.0					
PLW	2011		BEA_return_cg	all_groups		1000000.0		2000000.0					
PLW	2012		BEA_return_cg	all_groups		1000000.0		2000000.0					
PLW	2013		BEA_return_cg	all_groups		1000000.0		2000000.0					
PLW	2014		BEA_return_cg	all_groups		1000000.0		2000000.0					
PLW	2015		BEA_return_cg	all_groups		1000000.0		2000000.0					
PLW	2016		BEA_return_cg	all_groups		1000000.0		2000000.0					
PLW	2017		BEA_return_cg	all_groups		1000000.0		2000000.0					
PLW	2018		BEA_return_cg	all_groups		1000000.0		2000000.0					
PLW	2019		BEA_return_cg	all_groups				4000000.0					
PLW	2020		BEA_return_cg	all_groups				4000000.0					
PLW	2021		BEA_return_cg	all_groups				4000000.0					
PNG	2004		BEA_return_cg	all_groups	400.0	14000000.0							
PNG	2005		BEA_return_cg	all_groups	200.0	12000000.0							
PNG	2006		BEA_return_cg	all_groups	300.0	17000000.0							
PNG	2007		BEA_return_cg	all_groups	300.0	20000000.0							
PNG	2008		BEA_return_cg	all_groups									
PNG	2009		BEA_return_cg	all_groups		41000000.0							
PNG	2010		BEA_return_cg	all_groups	500.0	43000000.0							
PNG	2011		BEA_return_cg	all_groups	700.0	100000000.0							
PNG	2012		BEA_return_cg	all_groups	800.0								
PNG	2013		BEA_return_cg	all_groups	700.0								
PNG	2014		BEA_return_cg	all_groups	2100.0	226000000.0							
PNG	2015		BEA_return_cg	all_groups	2200.0	159000000.0							
PNG	2016		BEA_return_cg	all_groups	2100.0	137000000.0							
PNG	2017		BEA_return_cg	all_groups	2200.0	136000000.0							
PNG	2018		BEA_return_cg	all_groups	2200.0	139000000.0							
PNG	2019		BEA_return_cg	all_groups	1200.0	126000000.0							
PNG	2020		BEA_return_cg	all_groups	1200.0	122000000.0							
PNG	2021		BEA_return_cg	all_groups	1200.0	116000000.0							
POL	2004	1535000000.0	BEA_return_cg	all_groups	105800.0	1669000000.0	18214000000.0	6254000000.0	277000000.0			52000000.0	0.18045602605863192
POL	2005	1449000000.0	BEA_return_cg	all_groups	113200.0	1804000000.0	19743000000.0		201000000.0			113000000.0	0.13871635610766045
POL	2006	1804000000.0	BEA_return_cg	all_groups	118800.0	2003000000.0	23341000000.0		324000000.0			157000000.0	0.17960088691796008
POL	2007	2278000000.0	BEA_return_cg	all_groups	131400.0	2629000000.0	32718000000.0		379000000.0			94000000.0	0.16637401229148377
POL	2008	2274000000.0	BEA_return_cg	all_groups	143600.0	3284000000.0	35355000000.0		495000000.0			-62000000.0	0.21767810026385223
POL	2009	2133000000.0	BEA_return_cg	all_groups	155000.0	3666000000.0	61379000000.0	9966000000.0	363000000.0			-258000000.0	0.170182841068917
POL	2010	2476000000.0	BEA_return_cg	all_groups	153200.0	3776000000.0	59421000000.0	9904000000.0	389000000.0	24379000000.0	34228000000.0	-41000000.0	0.15710823909531502
POL	2011	3117000000.0	BEA_return_cg	all_groups	155900.0	3929000000.0	58755000000.0	9974000000.0	512000000.0	27476000000.0	38801000000.0		0.164260506897658
POL	2012	1791000000.0	BEA_return_cg	all_groups	157200.0	4014000000.0	63769000000.0	10339000000.0	509000000.0	27162000000.0	37840000000.0		0.2841987716359576
POL	2013	2655000000.0	BEA_return_cg	all_groups	162000.0	4136000000.0	73504000000.0	11202000000.0	376000000.0	27675000000.0	38190000000.0		0.1416195856873823
POL	2014	2282000000.0	BEA_return_cg	all_groups	184000.0	4604000000.0	66871000000.0	11726000000.0	373000000.0	29580000000.0	40484000000.0	-34000000.0	0.16345311130587203
POL	2015	1914000000.0	BEA_return_cg	all_groups	188200.0	4515000000.0	65586000000.0	11029000000.0	272000000.0	26684000000.0	37115000000.0	-82000000.0	0.14211076280041798
POL	2016	2378000000.0	BEA_return_cg	all_groups	199300.0	4970000000.0	60848000000.0	11199000000.0	347000000.0	27156000000.0	39011000000.0	-111000000.0	0.14592094196804037
POL	2017	2296000000.0	BEA_return_cg	all_groups	207700.0	5248000000.0	66146000000.0	12965000000.0	376000000.0	30312000000.0	42791000000.0	-265000000.0	0.16376306620209058
POL	2018	2706000000.0	BEA_return_cg	all_groups	203500.0	5384000000.0	63460000000.0	12638000000.0	504000000.0	32649000000.0	45164000000.0	-295000000.0	0.18625277161862527
POL	2019	2570000000.0	BEA_return_cg	all_groups	213900.0	5751000000.0	64479000000.0	12607000000.0	505000000.0	32415000000.0	45186000000.0	-25000000.0	0.19649805447470817
POL	2020	2474000000.0	BEA_return_cg	all_groups	208800.0	5664000000.0	72307000000.0	12432000000.0	337000000.0	30621000000.0	42599000000.0	-101000000.0	0.13621665319320939
POL	2021	2065000000.0	BEA_return_cg	all_groups	224900.0	6637000000.0	69964000000.0	12441000000.0	455000000.0	33917000000.0	47902000000.0	-273000000.0	0.22033898305084745
PRT	2004	1061000000.0	BEA_return_cg	all_groups					230000000.0			-87000000.0	0.21677662582469368
PRT	2005	846000000.0	BEA_return_cg	all_groups			31856000000.0		194000000.0			-71000000.0	0.2293144208037825
PRT	2006	911000000.0	BEA_return_cg	all_groups					225000000.0			-66000000.0	0.24698133918770582
PRT	2007		BEA_return_cg	all_groups			43497000000.0		225000000.0			-68000000.0	
PRT	2008		BEA_return_cg	all_groups					216000000.0			-44000000.0	
PRT	2009	672000000.0	BEA_return_cg	all_groups	28900.0	1383000000.0	42718000000.0	2033000000.0	206000000.0				0.30654761904761907
PRT	2010	1029000000.0	BEA_return_cg	all_groups	30600.0	1360000000.0	33886000000.0	2005000000.0	115000000.0	9994000000.0	11114000000.0		0.11175898931000972
PRT	2011	608000000.0	BEA_return_cg	all_groups	29700.0	1342000000.0	44092000000.0	1890000000.0		9857000000.0	11032000000.0		
PRT	2012	598000000.0	BEA_return_cg	all_groups	29100.0	1311000000.0	49075000000.0	1774000000.0		8694000000.0	10198000000.0		
PRT	2013	627000000.0	BEA_return_cg	all_groups	28000.0	1238000000.0	55250000000.0	1721000000.0		8709000000.0	9948000000.0		
PRT	2014	581000000.0	BEA_return_cg	all_groups	30300.0	1315000000.0	23779000000.0	1686000000.0	153000000.0	8310000000.0	9610000000.0	-35000000.0	0.2633390705679862
PRT	2015	503000000.0	BEA_return_cg	all_groups	29700.0	1231000000.0	20363000000.0	1810000000.0		7760000000.0	9080000000.0		
PRT	2016	414000000.0	BEA_return_cg	all_groups	31000.0	1267000000.0	19451000000.0	1722000000.0	49000000.0	7702000000.0	9167000000.0		0.11835748792270531
PRT	2017	453000000.0	BEA_return_cg	all_groups	33200.0	1301000000.0	18935000000.0	1816000000.0	94000000.0	8472000000.0	9915000000.0		0.20750551876379691
PRT	2018	567000000.0	BEA_return_cg	all_groups	32000.0	1316000000.0	19748000000.0	2464000000.0	151000000.0	9340000000.0	10690000000.0		0.26631393298059963
PRT	2019	624000000.0	BEA_return_cg	all_groups	32900.0	1320000000.0	19515000000.0	2592000000.0	201000000.0	8930000000.0	10348000000.0		0.32211538461538464
PRT	2020	772000000.0	BEA_return_cg	all_groups	32200.000000000004	1248000000.0	25508000000.0	2289000000.0					
PRT	2021	779000000.0	BEA_return_cg	all_groups	34000.0	1409000000.0	27984000000.0	2608000000.0					
PRY	2004		BEA_return_cg	all_groups	1500.0	16000000.0	483000000.0	86000000.0					
PRY	2005		BEA_return_cg	all_groups	1600.0	16000000.0	482000000.0						
PRY	2006		BEA_return_cg	all_groups	1700.0	19000000.0	509000000.0						
PRY	2007		BEA_return_cg	all_groups	1700.0	22000000.0	854000000.0						
PRY	2008		BEA_return_cg	all_groups	1700.0	28000000.0	1131000000.0						
PRY	2009		BEA_return_cg	all_groups	2900.0	46000000.0	1417000000.0	180000000.0					
PRY	2010		BEA_return_cg	all_groups	3100.0	48000000.0	1608000000.0	206000000.0					
PRY	2011		BEA_return_cg	all_groups	3300.0	60000000.0	2430000000.0	341000000.0					
PRY	2012		BEA_return_cg	all_groups	3100.0	60000000.0	1816000000.0	484000000.0					
PRY	2013		BEA_return_cg	all_groups	3100.0	72000000.0	1598000000.0	452000000.0					
PRY	2014		BEA_return_cg	all_groups	3300.0	74000000.0	2077000000.0	516000000.0					
PRY	2015		BEA_return_cg	all_groups	3300.0	77000000.0	1829000000.0	528000000.0					
PRY	2016		BEA_return_cg	all_groups	3100.0	65000000.0	1966000000.0	517000000.0					
PRY	2017		BEA_return_cg	all_groups	2600.0	60000000.0	1965000000.0	504000000.0					
PRY	2018		BEA_return_cg	all_groups	2400.0	57000000.0	2058000000.0	491000000.0					
PRY	2019		BEA_return_cg	all_groups	2500.0		2089000000.0	464000000.0					
PRY	2020		BEA_return_cg	all_groups	2600.0								
PRY	2021		BEA_return_cg	all_groups	2800.0			412000000.0					
QAT	2004		BEA_return_cg	all_groups									
QAT	2005		BEA_return_cg	all_groups			31652000000.0						
QAT	2006		BEA_return_cg	all_groups									
QAT	2007		BEA_return_cg	all_groups									
QAT	2008		BEA_return_cg	all_groups									
QAT	2009		BEA_return_cg	all_groups	2000.0	232000000.0							
QAT	2010		BEA_return_cg	all_groups	1600.0	221000000.0							
QAT	2011		BEA_return_cg	all_groups	1600.0	213000000.0	32227000000.0						
QAT	2012		BEA_return_cg	all_groups	1500.0	222000000.0							
QAT	2013		BEA_return_cg	all_groups	1500.0	243000000.0							
QAT	2014		BEA_return_cg	all_groups	2200.0	333000000.0							
QAT	2015		BEA_return_cg	all_groups	2100.0	320000000.0	40655000000.0						
QAT	2016		BEA_return_cg	all_groups	2200.0	316000000.0	34272000000.0						
QAT	2017		BEA_return_cg	all_groups	2100.0	313000000.0	39603000000.0						
QAT	2018		BEA_return_cg	all_groups	1900.0	305000000.0							
QAT	2019		BEA_return_cg	all_groups	2500.0	305000000.0	38692000000.0						
QAT	2020		BEA_return_cg	all_groups	2400.0	232000000.0	28493000000.0						
QAT	2021		BEA_return_cg	all_groups	2500.0	225000000.0	32361000000.0						
ROU	2004		BEA_return_cg	all_groups									
ROU	2005		BEA_return_cg	all_groups			3297000000.0						
ROU	2006		BEA_return_cg	all_groups									
ROU	2007		BEA_return_cg	all_groups	42100.0	535000000.0	4810000000.0						
ROU	2008		BEA_return_cg	all_groups									
ROU	2009		BEA_return_cg	all_groups	39700.0	650000000.0	7059000000.0	1972000000.0					
ROU	2010		BEA_return_cg	all_groups	39700.0	659000000.0	7068000000.0	1808000000.0					
ROU	2011		BEA_return_cg	all_groups	42300.0	741000000.0	7838000000.0	2014000000.0					
ROU	2012		BEA_return_cg	all_groups	45700.0	755000000.0	8912000000.0	1843000000.0					
ROU	2013		BEA_return_cg	all_groups	46600.0	797000000.0	10196000000.0	1977000000.0					
ROU	2014		BEA_return_cg	all_groups	57500.0	992000000.0	13463000000.0	3145000000.0					
ROU	2015		BEA_return_cg	all_groups	65900.0	1112000000.0	13830000000.0	3137000000.0					
ROU	2016		BEA_return_cg	all_groups	78700.0	1306000000.0	16382000000.0	3093000000.0					
ROU	2017		BEA_return_cg	all_groups	82400.0	1446000000.0	18013000000.0	3725000000.0					
ROU	2018		BEA_return_cg	all_groups	76000.0	1419000000.0	18584000000.0	3862000000.0					
ROU	2019		BEA_return_cg	all_groups	78500.0	1513000000.0	19263000000.0	4182000000.0					
ROU	2020		BEA_return_cg	all_groups	84500.0	1576000000.0	20436000000.0	4494000000.0					
ROU	2021		BEA_return_cg	all_groups	78900.0	1649000000.0	22405000000.0	4261000000.0					
RUS	2004	911000000.0	BEA_return_cg	all_groups	58300.0	793000000.0			283000000.0			66000000.0	0.3106476399560922
RUS	2005	1042000000.0	BEA_return_cg	all_groups	64000.0	938000000.0	48938000000.0		274000000.0			32000000.0	0.2629558541266795
RUS	2006	1402000000.0	BEA_return_cg	all_groups	77300.0	1270000000.0			397000000.0			180000000.0	0.2831669044222539
RUS	2007	3734000000.0	BEA_return_cg	all_groups					930000000.0			208000000.0	0.24906266738082486
RUS	2008	3113000000.0	BEA_return_cg	all_groups					1057000000.0			150000000.0	0.33954384837777063
RUS	2009	2091000000.0	BEA_return_cg	all_groups	106100.0	2527000000.0	42665000000.0	9060000000.0	693000000.0				0.3314203730272597
RUS	2010	3781000000.0	BEA_return_cg	all_groups	122900.0	2756000000.0	47818000000.0	9866000000.0		27016000000.0	33474000000.0	-14000000.0	
RUS	2011	4826000000.0	BEA_return_cg	all_groups	148100.0	4158000000.0	61059000000.0	11059000000.0	1001000000.0			-57000000.0	0.20741815167840863
RUS	2012	5046000000.0	BEA_return_cg	all_groups	152300.0	4296000000.0	72106000000.0	12907000000.0	1055000000.0			4000000.0	0.2090764962346413
RUS	2013	3821000000.0	BEA_return_cg	all_groups	154700.0	4583000000.0	76553000000.0	13393000000.0	1065000000.0			53000000.0	0.2787228474221408
RUS	2014	3211000000.0	BEA_return_cg	all_groups	176500.0	5615000000.0	64042000000.0	11486000000.0		46712000000.0	55567000000.0	238000000.0	
RUS	2015	760000000.0	BEA_return_cg	all_groups	172400.0	4765000000.0	58874000000.0	11092000000.0	618000000.0	33437000000.0	40477000000.0	159000000.0	0.8131578947368421
RUS	2016	1909000000.0	BEA_return_cg	all_groups	161700.0	4192000000.0	66062000000.0	12081000000.0	628000000.0	33218000000.0	39693000000.0	210000000.0	0.3289680460974332
RUS	2017	2853000000.0	BEA_return_cg	all_groups	171000.0	3912000000.0	61860000000.0	13577000000.0	1195000000.0	37288000000.0	44107000000.0	251000000.0	0.41885734314756395
RUS	2018	3227000000.0	BEA_return_cg	all_groups	176300.0	3965000000.0	57939000000.0	12605000000.0	853000000.0	39873000000.0	47187000000.0	57000000.0	0.2643321970870778
RUS	2019	2816000000.0	BEA_return_cg	all_groups	186600.0	4059000000.0	68028000000.0	12779000000.0	1056000000.0	38725000000.0	46661000000.0	-56000000.0	0.375
RUS	2020	2534000000.0	BEA_return_cg	all_groups	187200.0	4053000000.0	60651000000.0	12441000000.0	597000000.0	37228000000.0	44256000000.0	61000000.0	0.2355958958168903
RUS	2021	3872000000.0	BEA_return_cg	all_groups	189200.0	4457000000.0	60305000000.0	12294000000.0	679000000.0	43244000000.0	51217000000.0	35000000.0	0.1753615702479339
RWA	2004		BEA_return_cg	all_groups			1000000.0						
RWA	2005		BEA_return_cg	all_groups			1000000.0						
RWA	2006		BEA_return_cg	all_groups			1000000.0						
RWA	2007		BEA_return_cg	all_groups			1000000.0						
RWA	2008		BEA_return_cg	all_groups			1000000.0						
RWA	2009		BEA_return_cg	all_groups	0.0	0.0							
RWA	2010		BEA_return_cg	all_groups	0.0	0.0							
RWA	2011		BEA_return_cg	all_groups	0.0	0.0							
RWA	2012		BEA_return_cg	all_groups	0.0	0.0							
RWA	2013		BEA_return_cg	all_groups	0.0	0.0							
RWA	2014		BEA_return_cg	all_groups			16000000.0						
RWA	2015		BEA_return_cg	all_groups			16000000.0						
RWA	2016		BEA_return_cg	all_groups			16000000.0						
RWA	2017		BEA_return_cg	all_groups			16000000.0						
RWA	2018		BEA_return_cg	all_groups			16000000.0						
RWA	2019		BEA_return_cg	all_groups	100.0	2000000.0	24000000.0	9000000.0					
RWA	2020		BEA_return_cg	all_groups	100.0	2000000.0	24000000.0	9000000.0					
RWA	2021		BEA_return_cg	all_groups	100.0	2000000.0	24000000.0	9000000.0					
Rest	2004	265842000000.0	BEA_return_cg	all_groups	10068400.0	378591000000.0	9373484000000.0	996810000000.0	74068000000.0			-13624000000.0	0.2786166219032358
Rest	2005	341677000000.0	BEA_return_cg	all_groups	10621700.0	404995000000.0	10368282000000.0		100143000000.0			-26159000000.0	0.2930925991506598
Rest	2006	382575000000.0	BEA_return_cg	all_groups	11149900.0	436050000000.0	12118593000000.0		114027000000.0			-21463000000.0	0.2980513624779455
Rest	2007	426187000000.0	BEA_return_cg	all_groups	11731900.0	476824000000.0	14449484000000.0		125181000000.0			-14835000000.0	0.2937231778538529
Rest	2008	397181000000.0	BEA_return_cg	all_groups	11801200.0	490119000000.0	12608521000000.0		140644000000.0			-8213000000.0	0.3541055589265348
Rest	2009	410355000000.0	BEA_return_cg	all_groups	10793900.0	482041000000.0	18775261000000.0	1114490000000.0	109424000000.0			-43213000000.0	0.2666569190091506
Rest	2010	496284000000.0	BEA_return_cg	all_groups	11313400.0	493629000000.0	19582476000000.0	1120553000000.0	130000000000.0	3472682000000.0	4956296000000.0	-40967000000.0	0.2619467885323726
Rest	2011	573416000000.0	BEA_return_cg	all_groups	11850200.0	538721000000.0	20834352000000.0	1203721000000.0	163878000000.0	3959418000000.0	5693100000000.0	-43101000000.0	0.2857925136375685
Rest	2012	546599000000.0	BEA_return_cg	all_groups	12127700.0	555862000000.0	21700169000000.0	1288446000000.0	152667000000.0	3995722000000.0	5721315000000.0	-39239000000.0	0.2793034747593757
Rest	2013	520912000000.0	BEA_return_cg	all_groups	12419000.0	563542000000.0	22672812000000.0	1366495000000.0	138607000000.0	4044610000000.0	5771476000000.0	-33962000000.0	0.2660852504837669
Rest	2014	582350000000.0	BEA_return_cg	all_groups	14052400.0	632546000000.0	25178065000000.0	1456249000000.0	133164000000.0	4360991000000.0	6249821000000.0	-46774000000.0	0.22866660942732034
Rest	2015	437962000000.0	BEA_return_cg	all_groups	14081000.0	611564000000.0	24894401000000.0	1384982000000.0	91422000000.0	4011203000000.0	5708398000000.0	-48968000000.0	0.2087441376192455
Rest	2016	428482000000.0	BEA_return_cg	all_groups	14265400.0	600163000000.0	25249068000000.0	1369281000000.0	86941000000.0	3887137000000.0	5562204000000.0	-44573000000.0	0.2029046727750524
Rest	2017	601844000000.0	BEA_return_cg	all_groups	14381700.0	613340000000.0	27569828000000.0	1402391000000.0	105566000000.0	4125338000000.0	5927584000000.0	-58135000000.0	0.17540425758169892
Rest	2018	613177000000.0	BEA_return_cg	all_groups	14352100.0	624266000000.0	27326428000000.0	1369747000000.0	118108000000.0	4453274000000.0	6458863000000.0	-55866000000.0	0.19261648757210398
Rest	2019	559506000000.0	BEA_return_cg	all_groups	14153800.0	636810000000.0	28430348000000.0	1417264000000.0	110060000000.0	4357383000000.0	6387397000000.0	-62742000000.0	0.1967092399366584
Rest	2020	479389000000.0	BEA_return_cg	all_groups	13976000.0	630929000000.0	28927550000000.0	1379048000000.0	93479000000.0	4070044000000.0	5954577000000.0	-55984000000.0	0.1949961304911043
Rest	2021	616075000000.0	BEA_return_cg	all_groups	13813200.0	667554000000.0	29182070000000.0	1361979000000.0	131555000000.0	4835864000000.0	7050120000000.0	-56220000000.0	0.213537312827172
SAU	2004	53000000.0	BEA_return_cg	all_groups	10400.0	516000000.0	19788000000.0	5393000000.0	297000000.0			16000000.0	5.60377358490566
SAU	2005		BEA_return_cg	all_groups	12900.0	638000000.0	21622000000.0		361000000.0				
SAU	2006	100000000.0	BEA_return_cg	all_groups	15000.0	727000000.0	19558000000.0					11000000.0	
SAU	2007	167000000.0	BEA_return_cg	all_groups	16700.0	897000000.0	23305000000.0		388000000.0			11000000.0	2.3233532934131738
SAU	2008	159000000.0	BEA_return_cg	all_groups	15500.0	930000000.0	20928000000.0					14000000.0	
SAU	2009	319000000.0	BEA_return_cg	all_groups	8300.0	545000000.0	11117000000.0	1100000000.0				-11000000.0	
SAU	2010	410000000.0	BEA_return_cg	all_groups	10800.0	664000000.0	12524000000.0	1310000000.0	274000000.0			2000000.0	0.6682926829268293
SAU	2011	3267000000.0	BEA_return_cg	all_groups	12300.0	885000000.0	18366000000.0	3759000000.0				7000000.0	
SAU	2012	2929000000.0	BEA_return_cg	all_groups	13600.0	1047000000.0	19726000000.0	3246000000.0				7000000.0	
SAU	2013	2816000000.0	BEA_return_cg	all_groups	15200.0	1147000000.0	21747000000.0	3425000000.0				9000000.0	
SAU	2014	2629000000.0	BEA_return_cg	all_groups	22800.0	1823000000.0	23813000000.0	4028000000.0				5000000.0	
SAU	2015	413000000.0	BEA_return_cg	all_groups	21000.0	1759000000.0	23871000000.0	3982000000.0	161000000.0				0.3898305084745763
SAU	2016	-288000000.0	BEA_return_cg	all_groups	22700.0	1997000000.0	24553000000.0	4073000000.0	-45000000.0				0.15625
SAU	2017	-395000000.0	BEA_return_cg	all_groups	20900.0	1850000000.0	24945000000.0	3757000000.0	153000000.0			7000000.0	-0.38734177215189874
SAU	2018	-348000000.0	BEA_return_cg	all_groups	22500.0	1959000000.0	23617000000.0	3819000000.0	-112000000.0			6000000.0	0.3218390804597701
SAU	2019	64000000.0	BEA_return_cg	all_groups	23800.0	2179000000.0	26192000000.0	3988000000.0	-13000000.0	13183000000.0	14282000000.0	16000000.0	-0.203125
SAU	2020	188000000.0	BEA_return_cg	all_groups	22300.0	2098000000.0	26434000000.0	3894000000.0	187000000.0			-5000000.0	0.9946808510638298
SAU	2021	842000000.0	BEA_return_cg	all_groups	21200.0	2019000000.0	28104000000.0	3523000000.0	384000000.0				0.45605700712589076
SDN	2009		BEA_return_cg	all_groups	0.0	0.0	1000000.0						
SDN	2010		BEA_return_cg	all_groups	0.0	0.0	1000000.0						
SDN	2011		BEA_return_cg	all_groups	0.0	0.0	1000000.0						
SDN	2012		BEA_return_cg	all_groups	0.0	0.0	1000000.0						
SDN	2013		BEA_return_cg	all_groups	0.0	0.0	1000000.0						
SDN	2019		BEA_return_cg	all_groups	0.0	0.0							
SDN	2020		BEA_return_cg	all_groups	0.0	0.0							
SDN	2021		BEA_return_cg	all_groups	0.0	0.0							
SEN	2004		BEA_return_cg	all_groups									
SEN	2005		BEA_return_cg	all_groups	400.0	9000000.0	217000000.0						
SEN	2006		BEA_return_cg	all_groups	300.0	6000000.0							
SEN	2007		BEA_return_cg	all_groups									
SEN	2008		BEA_return_cg	all_groups	500.0	11000000.0	219000000.0						
SEN	2009		BEA_return_cg	all_groups	600.0	16000000.0	251000000.0	80000000.0					
SEN	2010		BEA_return_cg	all_groups	400.0	15000000.0	255000000.0	81000000.0					
SEN	2011		BEA_return_cg	all_groups	400.0	12000000.0	302000000.0	95000000.0					
SEN	2012		BEA_return_cg	all_groups	400.0	12000000.0	254000000.0	87000000.0					
SEN	2013		BEA_return_cg	all_groups	400.0	11000000.0	223000000.0	46000000.0					
SEN	2014		BEA_return_cg	all_groups	400.0	12000000.0	140000000.0	30000000.0					
SEN	2015		BEA_return_cg	all_groups	400.0	10000000.0		27000000.0					
SEN	2016		BEA_return_cg	all_groups	400.0			31000000.0					
SEN	2017		BEA_return_cg	all_groups	400.0								
SEN	2018		BEA_return_cg	all_groups	700.0	19000000.0	243000000.0	78000000.0					
SEN	2019		BEA_return_cg	all_groups	600.0	16000000.0	265000000.0	100000000.0					
SEN	2020		BEA_return_cg	all_groups	600.0	16000000.0	281000000.0	72000000.0					
SEN	2021		BEA_return_cg	all_groups	800.0	21000000.0	659000000.0	72000000.0					
SGP	2004	8746000000.0	BEA_return_cg	all_groups	121200.0	3868000000.0	142233000000.0	11128000000.0	924000000.0			55000000.0	0.10564829636405214
SGP	2005	7808000000.0	BEA_return_cg	all_groups	131900.0	4382000000.0	181015000000.0		639000000.0			-352000000.0	0.08183913934426229
SGP	2006	14770000000.0	BEA_return_cg	all_groups	128600.0	4735000000.0	219507000000.0		1273000000.0			-540000000.0	0.08618821936357482
SGP	2007	13431000000.0	BEA_return_cg	all_groups	124100.0	5406000000.0	254098000000.0		1013000000.0			-590000000.0	0.07542252996798451
SGP	2008	12901000000.0	BEA_return_cg	all_groups	133200.0	5745000000.0	228225000000.0		987000000.0			-546000000.0	0.07650569723277266
SGP	2009	13582000000.0	BEA_return_cg	all_groups	139000.0	7597000000.0	402340000000.0	21927000000.0				-1464000000.0	
SGP	2010	16978000000.0	BEA_return_cg	all_groups	152300.0	8334000000.0	454118000000.0	26475000000.0	1198000000.0	164394000000.0	305871000000.0	-442000000.0	0.07056190364000471
SGP	2011	25030000000.0	BEA_return_cg	all_groups	167600.0	10067000000.0	498281000000.0	28777000000.0	1938000000.0	206055000000.0	370379000000.0	-1289000000.0	0.07742708749500599
SGP	2012	21850000000.0	BEA_return_cg	all_groups	172000.0	10763000000.0	540854000000.0	29065000000.0	1809000000.0	210393000000.0	397605000000.0	-1503000000.0	0.08279176201372998
SGP	2013	26335000000.0	BEA_return_cg	all_groups	178700.0	11509000000.0	594534000000.0	29690000000.0	1859000000.0	223950000000.0	435938000000.0	-1860000000.0	0.07059046895766091
SGP	2014	29339000000.0	BEA_return_cg	all_groups	195300.0	13983000000.0	660299000000.0	30886000000.0	1931000000.0	227497000000.0	447270000000.0	-1554000000.0	0.06581683083949691
SGP	2015	34333000000.0	BEA_return_cg	all_groups	199700.0	13700000000.0	680711000000.0	31115000000.0	1738000000.0	247524000000.0	399993000000.0	-1733000000.0	0.05062185069757959
SGP	2016	27576000000.0	BEA_return_cg	all_groups	193200.0	13645000000.0	701656000000.0	33523000000.0	2356000000.0	226672000000.0	368484000000.0	-1742000000.0	0.08543661154627212
SGP	2017	35904000000.0	BEA_return_cg	all_groups	189300.0	14030000000.0	894717000000.0	35482000000.0	3036000000.0	248559000000.0	413566000000.0	-5876000000.0	0.08455882352941177
SGP	2018	75563000000.0	BEA_return_cg	all_groups	201300.0	14811000000.0	927652000000.0	37093000000.0	3823000000.0	281848000000.0	469143000000.0	-7911000000.0	0.05059354445959001
SGP	2019	18699000000.0	BEA_return_cg	all_groups	201000.0	16080000000.0	938961000000.0	37928000000.0	3192000000.0	270825000000.0	439662000000.0	-6010000000.0	0.17070431573880956
SGP	2020	46786000000.0	BEA_return_cg	all_groups	205800.0	16424000000.0	1062932000000.0	40848000000.0	3274000000.0	273024000000.0	430242000000.0	-5316000000.0	0.06997819860642072
SGP	2021	56381000000.0	BEA_return_cg	all_groups	191700.0	17026000000.0	1203510000000.0	45028000000.0	3804000000.0	353996000000.0	573466000000.0	-6012000000.0	0.06746953761018783
SLB	2004		BEA_return_cg	all_groups	0.0	0.0							
SLB	2005		BEA_return_cg	all_groups	0.0	0.0							
SLB	2006		BEA_return_cg	all_groups	0.0	0.0							
SLB	2007		BEA_return_cg	all_groups	0.0	0.0							
SLB	2008		BEA_return_cg	all_groups	0.0	0.0							
SLE	2004		BEA_return_cg	all_groups									
SLE	2005		BEA_return_cg	all_groups	300.0	4000000.0							
SLE	2006		BEA_return_cg	all_groups	300.0	4000000.0							
SLE	2007		BEA_return_cg	all_groups	300.0	4000000.0							
SLE	2008		BEA_return_cg	all_groups	300.0	4000000.0							
SLE	2009		BEA_return_cg	all_groups	0.0	0.0		0.0					
SLE	2010		BEA_return_cg	all_groups	0.0	0.0							
SLE	2011		BEA_return_cg	all_groups									
SLE	2012		BEA_return_cg	all_groups	0.0	0.0							
SLE	2013		BEA_return_cg	all_groups	0.0	0.0							
SLE	2014		BEA_return_cg	all_groups	0.0	0.0	7000000.0						
SLE	2015		BEA_return_cg	all_groups	0.0	0.0	7000000.0						
SLE	2016		BEA_return_cg	all_groups	0.0	0.0	7000000.0						
SLE	2017		BEA_return_cg	all_groups	0.0	0.0	7000000.0						
SLE	2018		BEA_return_cg	all_groups	0.0	0.0	7000000.0						
SLE	2019		BEA_return_cg	all_groups			5000000.0	1000000.0					
SLE	2020		BEA_return_cg	all_groups			5000000.0	1000000.0					
SLE	2021		BEA_return_cg	all_groups			5000000.0	1000000.0					
SLV	2004		BEA_return_cg	all_groups	19700.0	124000000.0	2839000000.0	831000000.0					
SLV	2005		BEA_return_cg	all_groups	19700.0	126000000.0	2495000000.0						
SLV	2006		BEA_return_cg	all_groups									
SLV	2007		BEA_return_cg	all_groups									
SLV	2008		BEA_return_cg	all_groups									
SLV	2009		BEA_return_cg	all_groups	36600.0	338000000.0	8460000000.0	1090000000.0					
SLV	2010		BEA_return_cg	all_groups	37500.0	373000000.0	8001000000.0	1130000000.0					
SLV	2011		BEA_return_cg	all_groups	35500.0	364000000.0	7396000000.0	1046000000.0					
SLV	2012		BEA_return_cg	all_groups	32900.0	342000000.0	7187000000.0	931000000.0					
SLV	2013		BEA_return_cg	all_groups	36400.0	375000000.0	7440000000.0	1050000000.0					
SLV	2014		BEA_return_cg	all_groups	33100.0	342000000.0	7807000000.0	1153000000.0					
SLV	2015		BEA_return_cg	all_groups	35000.0	359000000.0	7519000000.0	1180000000.0					
SLV	2016		BEA_return_cg	all_groups	34900.0	304000000.0	5382000000.0	1039000000.0					
SLV	2017		BEA_return_cg	all_groups	34300.0	310000000.0	5715000000.0	1092000000.0					
SLV	2018		BEA_return_cg	all_groups	35500.0	323000000.0	5760000000.0	1096000000.0					
SLV	2019		BEA_return_cg	all_groups	30900.0	325000000.0	6091000000.0	1267000000.0					
SLV	2020		BEA_return_cg	all_groups	27900.0	307000000.0	5117000000.0	1551000000.0					
SLV	2021		BEA_return_cg	all_groups	27200.0	287000000.0	5257000000.0	1581000000.0					
SOM	2004		BEA_return_cg	all_groups	0.0	0.0							
SOM	2005		BEA_return_cg	all_groups	0.0	0.0							
SOM	2006		BEA_return_cg	all_groups	0.0	0.0							
SOM	2007		BEA_return_cg	all_groups	0.0	0.0							
SOM	2008		BEA_return_cg	all_groups	0.0	0.0							
SOM	2009		BEA_return_cg	all_groups			2000000.0						
SOM	2010		BEA_return_cg	all_groups			2000000.0						
SOM	2011		BEA_return_cg	all_groups			2000000.0						
SOM	2012		BEA_return_cg	all_groups			2000000.0						
SOM	2013		BEA_return_cg	all_groups			2000000.0						
SRB	2004		BEA_return_cg	all_groups	11300.0	114000000.0	662000000.0	202000000.0					
SRB	2005		BEA_return_cg	all_groups	10900.0	106000000.0	731000000.0						
SRB	2006		BEA_return_cg	all_groups	10400.0	125000000.0							
SRB	2007		BEA_return_cg	all_groups	8100.0	152000000.0							
SRB	2008		BEA_return_cg	all_groups	9000.0	166000000.0							
SRB	2009		BEA_return_cg	all_groups	9300.0	207000000.0	1620000000.0	553000000.0					
SRB	2010		BEA_return_cg	all_groups	9200.0	204000000.0	1439000000.0	525000000.0					
SRB	2011		BEA_return_cg	all_groups	9000.0	169000000.0	1295000000.0	559000000.0					
SRB	2012		BEA_return_cg	all_groups	3700.0	77000000.0	737000000.0	276000000.0					
SRB	2013		BEA_return_cg	all_groups	3600.0	63000000.0	871000000.0	317000000.0					
SRB	2014		BEA_return_cg	all_groups	5100.0	96000000.0	945000000.0	329000000.0					
SRB	2015		BEA_return_cg	all_groups	5800.0	94000000.0	902000000.0	303000000.0					
SRB	2016		BEA_return_cg	all_groups	6100.0	105000000.0	1029000000.0	376000000.0					
SRB	2017		BEA_return_cg	all_groups	5900.0	104000000.0	1022000000.0	364000000.0					
SRB	2018		BEA_return_cg	all_groups	5800.0	106000000.0	1034000000.0	392000000.0					
SRB	2019		BEA_return_cg	all_groups	7500.0	123000000.0	1265000000.0	474000000.0					
SRB	2020		BEA_return_cg	all_groups	7400.0	143000000.0	1394000000.0	473000000.0					
SRB	2021		BEA_return_cg	all_groups	7500.0	149000000.0	1402000000.0	468000000.0					
SSD	2014		BEA_return_cg	all_groups	0.0	0.0							
SSD	2015		BEA_return_cg	all_groups	0.0	0.0							
SSD	2016		BEA_return_cg	all_groups	0.0	0.0							
SSD	2017		BEA_return_cg	all_groups	0.0	0.0							
SSD	2018		BEA_return_cg	all_groups	0.0	0.0							
STP	2004		BEA_return_cg	all_groups	0.0	0.0							
STP	2005		BEA_return_cg	all_groups	0.0	0.0							
STP	2006		BEA_return_cg	all_groups									
STP	2007		BEA_return_cg	all_groups	0.0	0.0							
STP	2008		BEA_return_cg	all_groups	0.0	0.0							
STP	2009		BEA_return_cg	all_groups									
STP	2010		BEA_return_cg	all_groups	0.0	0.0							
STP	2011		BEA_return_cg	all_groups	0.0	0.0							
STP	2012		BEA_return_cg	all_groups	0.0	0.0							
STP	2013		BEA_return_cg	all_groups	0.0	0.0							
STP	2014		BEA_return_cg	all_groups		1000000.0							
STP	2015		BEA_return_cg	all_groups		1000000.0							
STP	2016		BEA_return_cg	all_groups		1000000.0							
STP	2017		BEA_return_cg	all_groups		1000000.0							
STP	2018		BEA_return_cg	all_groups		1000000.0							
STP	2019		BEA_return_cg	all_groups	0.0	0.0							
STP	2020		BEA_return_cg	all_groups	0.0	0.0							
STP	2021		BEA_return_cg	all_groups	0.0	0.0							
SUR	2004		BEA_return_cg	all_groups	700.0	25000000.0	324000000.0	141000000.0					
SUR	2005		BEA_return_cg	all_groups	700.0	24000000.0							
SUR	2006		BEA_return_cg	all_groups	700.0	34000000.0							
SUR	2007		BEA_return_cg	all_groups	700.0	36000000.0							
SUR	2008		BEA_return_cg	all_groups	600.0	35000000.0							
SUR	2009		BEA_return_cg	all_groups	700.0								
SUR	2010		BEA_return_cg	all_groups	600.0								
SUR	2011		BEA_return_cg	all_groups	600.0								
SUR	2012		BEA_return_cg	all_groups	600.0								
SUR	2013		BEA_return_cg	all_groups	600.0								
SUR	2014		BEA_return_cg	all_groups	700.0								
SUR	2015		BEA_return_cg	all_groups	900.0								
SUR	2016		BEA_return_cg	all_groups	1300.0	49000000.0							
SUR	2017		BEA_return_cg	all_groups	1400.0								
SUR	2018		BEA_return_cg	all_groups									
SUR	2019		BEA_return_cg	all_groups									
SUR	2020		BEA_return_cg	all_groups				1007000000.0					
SUR	2021		BEA_return_cg	all_groups				1005000000.0					
SVK	2004		BEA_return_cg	all_groups	35300.0	564000000.0							
SVK	2005		BEA_return_cg	all_groups	35100.0	590000000.0	4781000000.0						
SVK	2006		BEA_return_cg	all_groups	35700.0	689000000.0							
SVK	2007		BEA_return_cg	all_groups									
SVK	2008		BEA_return_cg	all_groups									
SVK	2009		BEA_return_cg	all_groups	34500.0	1009000000.0	8740000000.0	2846000000.0					
SVK	2010		BEA_return_cg	all_groups	34600.0	1026000000.0	8739000000.0	2464000000.0					
SVK	2011		BEA_return_cg	all_groups	36000.0	1121000000.0	8051000000.0	2518000000.0					
SVK	2012		BEA_return_cg	all_groups	36600.0	1094000000.0	8134000000.0	2377000000.0					
SVK	2013		BEA_return_cg	all_groups	40800.0	1202000000.0	9220000000.0	2502000000.0					
SVK	2014		BEA_return_cg	all_groups	45800.0	1494000000.0	9265000000.0	2256000000.0					
SVK	2015		BEA_return_cg	all_groups	44400.0	1393000000.0	9364000000.0	1984000000.0					
SVK	2016		BEA_return_cg	all_groups	44000.0	1401000000.0	9425000000.0	1847000000.0					
SVK	2017		BEA_return_cg	all_groups	43300.0	1451000000.0	10277000000.0	2200000000.0					
SVK	2018		BEA_return_cg	all_groups	46100.0	1563000000.0	10192000000.0	2271000000.0					
SVK	2019		BEA_return_cg	all_groups	46400.0	1591000000.0	9651000000.0	2161000000.0					
SVK	2020		BEA_return_cg	all_groups	45100.0	1588000000.0	9964000000.0	2201000000.0					
SVK	2021		BEA_return_cg	all_groups	39700.0	1604000000.0	9320000000.0	1997000000.0					
SVN	2004		BEA_return_cg	all_groups	4400.0	103000000.0	752000000.0	290000000.0					
SVN	2005		BEA_return_cg	all_groups	5200.0	124000000.0	787000000.0						
SVN	2006		BEA_return_cg	all_groups	5000.0	126000000.0	771000000.0						
SVN	2007		BEA_return_cg	all_groups	4500.0	130000000.0	822000000.0						
SVN	2008		BEA_return_cg	all_groups	4600.0	148000000.0	1058000000.0						
SVN	2009		BEA_return_cg	all_groups	4700.0	161000000.0	1080000000.0	255000000.0					
SVN	2010		BEA_return_cg	all_groups	4600.0	168000000.0	1047000000.0	240000000.0					
SVN	2011		BEA_return_cg	all_groups	4700.0	178000000.0	1052000000.0	238000000.0					
SVN	2012		BEA_return_cg	all_groups	4600.0	163000000.0	969000000.0	251000000.0					
SVN	2013		BEA_return_cg	all_groups	4200.0	145000000.0	974000000.0	258000000.0					
SVN	2014		BEA_return_cg	all_groups	6100.0	163000000.0	963000000.0	272000000.0					
SVN	2015		BEA_return_cg	all_groups	5200.0	134000000.0	850000000.0	234000000.0					
SVN	2016		BEA_return_cg	all_groups	5300.0	125000000.0	835000000.0	222000000.0					
SVN	2017		BEA_return_cg	all_groups	4700.0	114000000.0	869000000.0	216000000.0					
SVN	2018		BEA_return_cg	all_groups	4000.0	94000000.0	803000000.0	206000000.0					
SVN	2019		BEA_return_cg	all_groups	4700.0	111000000.0	910000000.0	286000000.0					
SVN	2020		BEA_return_cg	all_groups	4700.0	112000000.0	1002000000.0	291000000.0					
SVN	2021		BEA_return_cg	all_groups	5000.0	123000000.0	1020000000.0	296000000.0					
SWE	2004	2646000000.0	BEA_return_cg	all_groups	102800.0	6384000000.0			152000000.0			613000000.0	0.05744520030234316
SWE	2005	1246000000.0	BEA_return_cg	all_groups	107100.0	6919000000.0	99926000000.0		455000000.0			491000000.0	0.3651685393258427
SWE	2006	997000000.0	BEA_return_cg	all_groups	106100.0	7051000000.0			267000000.0			281000000.0	0.2678034102306921
SWE	2007	2457000000.0	BEA_return_cg	all_groups					323000000.0			-117000000.0	0.13146113146113145
SWE	2008	272000000.0	BEA_return_cg	all_groups					177000000.0			825000000.0	0.6507352941176471
SWE	2009	-642000000.0	BEA_return_cg	all_groups	80000.0	6110000000.0	126477000000.0	6896000000.0	226000000.0			604000000.0	-0.35202492211838005
SWE	2010	-1225000000.0	BEA_return_cg	all_groups	64900.00000000001	4662000000.0	117341000000.0	3339000000.0	377000000.0	21055000000.0	30222000000.0	563000000.0	-0.30775510204081635
SWE	2011	360000000.0	BEA_return_cg	all_groups	72300.0	5466000000.0	121894000000.0	4457000000.0	477000000.0	24876000000.0	35729000000.0	938000000.0	1.325
SWE	2012	2041000000.0	BEA_return_cg	all_groups	74900.0	5578000000.0	130428000000.0	4749000000.0	-22000000.0	23809000000.0	35249000000.0	660000000.0	-0.010779029887310143
SWE	2013	1819000000.0	BEA_return_cg	all_groups	80100.0	5807000000.0	148119000000.0	4798000000.0	605000000.0	24339000000.0	34200000000.0	-142000000.0	0.3326003298515668
SWE	2014	3195000000.0	BEA_return_cg	all_groups	72100.0	6223000000.0	138512000000.0	4015000000.0	475000000.0	25522000000.0	37015000000.0	309000000.0	0.1486697965571205
SWE	2015	2675000000.0	BEA_return_cg	all_groups	71300.0	5905000000.0	124991000000.0	4297000000.0	646000000.0	24112000000.0	33611000000.0	155000000.0	0.24149532710280375
SWE	2016	2894000000.0	BEA_return_cg	all_groups	71700.0	5867000000.0	124916000000.0	4375000000.0	741000000.0	23719000000.0	34145000000.0	-62000000.0	0.256046993780235
SWE	2017	3070000000.0	BEA_return_cg	all_groups	72000.0	5714000000.0	125637000000.0	4827000000.0	432000000.0	22849000000.0	32108000000.0	-376000000.0	0.14071661237785016
SWE	2018	1880000000.0	BEA_return_cg	all_groups	71900.0	5629000000.0	118911000000.0	5249000000.0	711000000.0	23867000000.0	33855000000.0	-527000000.0	0.3781914893617021
SWE	2019	2548000000.0	BEA_return_cg	all_groups	65500.0	5610000000.0	160033000000.0	5505000000.0	865000000.0	25412000000.0	34796000000.0	-297000000.0	0.33948194662480374
SWE	2020	2376000000.0	BEA_return_cg	all_groups	59900.0	5298000000.0	162425000000.0	6379000000.0	565000000.0	24679000000.0	32319000000.0	-101000000.0	0.23779461279461278
SWE	2021	4401000000.0	BEA_return_cg	all_groups	61200.0	5750000000.0	158933000000.0	7648000000.0	447000000.0	29972000000.0	37824000000.0	-33000000.0	0.10156782549420586
SWZ	2004		BEA_return_cg	all_groups									
SWZ	2005		BEA_return_cg	all_groups	200.0	9000000.0							
SWZ	2006		BEA_return_cg	all_groups	200.0	9000000.0							
SWZ	2007		BEA_return_cg	all_groups									
SWZ	2008		BEA_return_cg	all_groups									
SWZ	2009		BEA_return_cg	all_groups	200.0			30000000.0					
SWZ	2010		BEA_return_cg	all_groups	200.0			33000000.0					
SWZ	2011		BEA_return_cg	all_groups	200.0			29000000.0					
SWZ	2012		BEA_return_cg	all_groups	200.0			26000000.0					
SWZ	2013		BEA_return_cg	all_groups	200.0			23000000.0					
SWZ	2014		BEA_return_cg	all_groups	200.0			26000000.0					
SWZ	2015		BEA_return_cg	all_groups	200.0			24000000.0					
SWZ	2016		BEA_return_cg	all_groups	200.0			25000000.0					
SWZ	2017		BEA_return_cg	all_groups	100.0			26000000.0					
SWZ	2018		BEA_return_cg	all_groups	100.0			27000000.0					
SWZ	2019		BEA_return_cg	all_groups	200.0	11000000.0	271000000.0	34000000.0					
SWZ	2020		BEA_return_cg	all_groups	200.0	14000000.0		35000000.0					
SWZ	2021		BEA_return_cg	all_groups	200.0		403000000.0	38000000.0					
SXM	2011		BEA_return_cg	all_groups	200.0								
SXM	2012		BEA_return_cg	all_groups	200.0								
SXM	2013		BEA_return_cg	all_groups	200.0								
SXM	2014		BEA_return_cg	all_groups	200.0								
SXM	2015		BEA_return_cg	all_groups		1000000.0		3000000.0					
SXM	2016		BEA_return_cg	all_groups	200.0								
SXM	2017		BEA_return_cg	all_groups	200.0								
SXM	2018		BEA_return_cg	all_groups	200.0								
SXM	2019		BEA_return_cg	all_groups	500.0	16000000.0							
SXM	2020		BEA_return_cg	all_groups	500.0	17000000.0							
SXM	2021		BEA_return_cg	all_groups	500.0	18000000.0							
SYC	2004		BEA_return_cg	all_groups									
SYC	2005		BEA_return_cg	all_groups		1000000.0							
SYC	2006		BEA_return_cg	all_groups									
SYC	2007		BEA_return_cg	all_groups									
SYC	2008		BEA_return_cg	all_groups									
SYC	2009		BEA_return_cg	all_groups									
SYC	2010		BEA_return_cg	all_groups									
SYC	2011		BEA_return_cg	all_groups									
SYC	2012		BEA_return_cg	all_groups									
SYC	2013		BEA_return_cg	all_groups									
SYC	2014		BEA_return_cg	all_groups			1138000000.0	103000000.0					
SYC	2015		BEA_return_cg	all_groups			1138000000.0	103000000.0					
SYC	2016		BEA_return_cg	all_groups			4819000000.0	103000000.0					
SYC	2017		BEA_return_cg	all_groups			2754000000.0	103000000.0					
SYC	2018		BEA_return_cg	all_groups			1400000000.0	103000000.0					
SYC	2019		BEA_return_cg	all_groups	200.0		2737000000.0	234000000.0					
SYC	2020		BEA_return_cg	all_groups	200.0		2805000000.0	231000000.0					
SYC	2021		BEA_return_cg	all_groups	200.0		2835000000.0	231000000.0					
SYR	2004		BEA_return_cg	all_groups									
SYR	2005		BEA_return_cg	all_groups	100.0	2000000.0							
SYR	2006		BEA_return_cg	all_groups									
SYR	2007		BEA_return_cg	all_groups									
SYR	2008		BEA_return_cg	all_groups									
SYR	2009		BEA_return_cg	all_groups	200.0	4000000.0							
SYR	2010		BEA_return_cg	all_groups	200.0								
SYR	2011		BEA_return_cg	all_groups	200.0								
SYR	2012		BEA_return_cg	all_groups	200.0								
SYR	2013		BEA_return_cg	all_groups	200.0								
SYR	2014		BEA_return_cg	all_groups	0.0	0.0		1000000.0					
SYR	2015		BEA_return_cg	all_groups	0.0	0.0							
SYR	2016		BEA_return_cg	all_groups	0.0	0.0							
SYR	2017		BEA_return_cg	all_groups	0.0	0.0							
SYR	2018		BEA_return_cg	all_groups	0.0	0.0	1000000.0						
TCD	2004		BEA_return_cg	all_groups	1200.0	112000000.0	5395000000.0	2620000000.0					
TCD	2005		BEA_return_cg	all_groups	700.0	67000000.0							
TCD	2006		BEA_return_cg	all_groups	800.0	71000000.0							
TCD	2007		BEA_return_cg	all_groups	800.0	65000000.0							
TCD	2008		BEA_return_cg	all_groups	600.0	60000000.0							
TCD	2009		BEA_return_cg	all_groups	700.0								
TCD	2010		BEA_return_cg	all_groups	600.0								
TCD	2011		BEA_return_cg	all_groups	600.0								
TCD	2012		BEA_return_cg	all_groups	500.0								
TCD	2013		BEA_return_cg	all_groups	500.0								
TCD	2014		BEA_return_cg	all_groups	500.0								
TCD	2015		BEA_return_cg	all_groups	400.0								
TCD	2016		BEA_return_cg	all_groups	400.0								
TCD	2017		BEA_return_cg	all_groups	300.0								
TCD	2018		BEA_return_cg	all_groups	300.0								
TCD	2019		BEA_return_cg	all_groups	400.0								
TCD	2020		BEA_return_cg	all_groups	400.0								
TCD	2021		BEA_return_cg	all_groups	400.0								
TGO	2004		BEA_return_cg	all_groups									
TGO	2005		BEA_return_cg	all_groups	100.0	2000000.0							
TGO	2006		BEA_return_cg	all_groups		1000000.0							
TGO	2007		BEA_return_cg	all_groups									
TGO	2008		BEA_return_cg	all_groups									
TGO	2009		BEA_return_cg	all_groups	0.0	0.0							
TGO	2010		BEA_return_cg	all_groups	0.0	0.0							
TGO	2011		BEA_return_cg	all_groups	0.0	0.0							
TGO	2012		BEA_return_cg	all_groups	0.0	0.0							
TGO	2013		BEA_return_cg	all_groups	0.0	0.0							
TGO	2014		BEA_return_cg	all_groups	100.0	3000000.0		3000000.0					
TGO	2015		BEA_return_cg	all_groups	100.0	3000000.0							
TGO	2016		BEA_return_cg	all_groups	100.0	2000000.0							
TGO	2017		BEA_return_cg	all_groups	100.0	2000000.0							
TGO	2018		BEA_return_cg	all_groups	100.0	2000000.0		2000000.0					
TGO	2019		BEA_return_cg	all_groups	100.0	2000000.0		2000000.0					
TGO	2020		BEA_return_cg	all_groups	100.0	3000000.0		2000000.0					
TGO	2021		BEA_return_cg	all_groups	100.0	2000000.0		2000000.0					
THA	2004	2969000000.0	BEA_return_cg	all_groups	142700.0	1292000000.0	33855000000.0	7993000000.0	760000000.0			-40000000.0	0.25597844392051194
THA	2005	3177000000.0	BEA_return_cg	all_groups	146800.0	1238000000.0	38277000000.0		962000000.0			-81000000.0	0.30280138495435943
THA	2006	4598000000.0	BEA_return_cg	all_groups	146800.0	1416000000.0	45221000000.0		1409000000.0			-176000000.0	0.3064375815571988
THA	2007	4444000000.0	BEA_return_cg	all_groups	156400.0	1734000000.0	51049000000.0		1536000000.0			-229000000.0	0.34563456345634563
THA	2008	5133000000.0	BEA_return_cg	all_groups	169500.0	1886000000.0	48326000000.0		1922000000.0			-771000000.0	0.37443989869472044
THA	2009	4643000000.0	BEA_return_cg	all_groups	151800.0	1922000000.0	51929000000.0	11781000000.0	1500000000.0			-562000000.0	0.32306698255438293
THA	2010	5628000000.0	BEA_return_cg	all_groups	162900.0	2315000000.0	48354000000.0	12732000000.0	1309000000.0	34581000000.0	47385000000.0	-35000000.0	0.2325870646766169
THA	2011	6278000000.0	BEA_return_cg	all_groups	167300.0	2616000000.0	47730000000.0	13464000000.0	1622000000.0	40007000000.0	54905000000.0	-70000000.0	0.2583625358394393
THA	2012	7160000000.0	BEA_return_cg	all_groups	169600.0	2771000000.0	52003000000.0	13891000000.0	2010000000.0	43015000000.0	62541000000.0	-64000000.0	0.2807262569832402
THA	2013	7271000000.0	BEA_return_cg	all_groups	176800.0	2969000000.0	55672000000.0	15083000000.0	1420000000.0	44668000000.0	66647000000.0	-73000000.0	0.1952963828909366
THA	2014	6453000000.0	BEA_return_cg	all_groups	177900.0	3178000000.0	58450000000.0	15212000000.0		41738000000.0	62305000000.0	-38000000.0	
THA	2015	5791000000.0	BEA_return_cg	all_groups	170800.0	3149000000.0	72763000000.0	14335000000.0	940000000.0	35790000000.0	55039000000.0	-78000000.0	0.16232084268692798
THA	2016	5066000000.0	BEA_return_cg	all_groups	158200.0	2843000000.0	72576000000.0	12918000000.0	718000000.0	32582000000.0	50229000000.0	-86000000.0	0.14172917489143308
THA	2017	6264000000.0	BEA_return_cg	all_groups	161900.0	2948000000.0	73200000000.0	12359000000.0	1065000000.0	35994000000.0	56448000000.0	-81000000.0	0.1700191570881226
THA	2018	6829000000.0	BEA_return_cg	all_groups	166900.0	2996000000.0	77780000000.0	12487000000.0	1000000000.0	42346000000.0	65516000000.0	-64000000.0	0.1464343242055938
THA	2019	5536000000.0	BEA_return_cg	all_groups	184000.0	3415000000.0	83965000000.0	11386000000.0	1079000000.0			-22000000.0	0.19490606936416185
THA	2020	3890000000.0	BEA_return_cg	all_groups	172600.0	3381000000.0	74188000000.0	11149000000.0	437000000.0	31551000000.0	53729000000.0	-78000000.0	0.11233933161953727
THA	2021	4541000000.0	BEA_return_cg	all_groups	177100.0	3405000000.0	87412000000.0	11964000000.0	509000000.0	38954000000.0	63168000000.0	-63000000.0	0.11208984805109007
TJK	2004		BEA_return_cg	all_groups	100.0	1000000.0							
TJK	2005		BEA_return_cg	all_groups	100.0	1000000.0							
TJK	2006		BEA_return_cg	all_groups	100.0	1000000.0							
TJK	2007		BEA_return_cg	all_groups	100.0	1000000.0							
TJK	2008		BEA_return_cg	all_groups	100.0	1000000.0							
TJK	2014		BEA_return_cg	all_groups	600.0	4000000.0	75000000.0						
TJK	2015		BEA_return_cg	all_groups	600.0	4000000.0							
TJK	2016		BEA_return_cg	all_groups	400.0	3000000.0	61000000.0						
TJK	2017		BEA_return_cg	all_groups	400.0	3000000.0	64000000.0						
TJK	2018		BEA_return_cg	all_groups	400.0	3000000.0	63000000.0						
TJK	2019		BEA_return_cg	all_groups	900.0	5000000.0	61000000.0						
TJK	2020		BEA_return_cg	all_groups	900.0	5000000.0	64000000.0						
TJK	2021		BEA_return_cg	all_groups	900.0	5000000.0	67000000.0						
TKM	2004		BEA_return_cg	all_groups									
TKM	2005		BEA_return_cg	all_groups		4000000.0							
TKM	2006		BEA_return_cg	all_groups		4000000.0							
TKM	2007		BEA_return_cg	all_groups									
TKM	2008		BEA_return_cg	all_groups									
TKM	2009		BEA_return_cg	all_groups		2000000.0	8000000.0	3000000.0					
TKM	2010		BEA_return_cg	all_groups		2000000.0	9000000.0						
TKM	2011		BEA_return_cg	all_groups		2000000.0	9000000.0						
TKM	2012		BEA_return_cg	all_groups		2000000.0							
TKM	2013		BEA_return_cg	all_groups		2000000.0							
TKM	2014		BEA_return_cg	all_groups	100.0	2000000.0							
TKM	2015		BEA_return_cg	all_groups	100.0	2000000.0							
TKM	2016		BEA_return_cg	all_groups	100.0	2000000.0							
TKM	2017		BEA_return_cg	all_groups	100.0	2000000.0							
TKM	2018		BEA_return_cg	all_groups	100.0	2000000.0							
TKM	2019		BEA_return_cg	all_groups	100.0	2000000.0							
TKM	2020		BEA_return_cg	all_groups	100.0	2000000.0							
TKM	2021		BEA_return_cg	all_groups	100.0	2000000.0							
TLS	2004		BEA_return_cg	all_groups	0.0	0.0							
TLS	2005		BEA_return_cg	all_groups	0.0	0.0							
TLS	2006		BEA_return_cg	all_groups	0.0	0.0							
TLS	2007		BEA_return_cg	all_groups									
TLS	2008		BEA_return_cg	all_groups	0.0	0.0							
TLS	2009		BEA_return_cg	all_groups	100.0	3000000.0							
TLS	2010		BEA_return_cg	all_groups	100.0	1000000.0							
TLS	2011		BEA_return_cg	all_groups	100.0	1000000.0							
TLS	2012		BEA_return_cg	all_groups	100.0	1000000.0							
TLS	2013		BEA_return_cg	all_groups	100.0	1000000.0							
TON	2004		BEA_return_cg	all_groups			1000000.0						
TON	2005		BEA_return_cg	all_groups			1000000.0						
TON	2006		BEA_return_cg	all_groups			1000000.0						
TON	2007		BEA_return_cg	all_groups			1000000.0						
TON	2008		BEA_return_cg	all_groups			1000000.0						
TTO	2004		BEA_return_cg	all_groups	4200.0	128000000.0	6241000000.0	3806000000.0					
TTO	2005		BEA_return_cg	all_groups	4000.0	129000000.0	6165000000.0						
TTO	2006		BEA_return_cg	all_groups	4000.0	127000000.0	7517000000.0						
TTO	2007		BEA_return_cg	all_groups	3700.0	123000000.0							
TTO	2008		BEA_return_cg	all_groups	4600.0	148000000.0	10438000000.0						
TTO	2009		BEA_return_cg	all_groups	4400.0	163000000.0	12303000000.0	4378000000.0					
TTO	2010		BEA_return_cg	all_groups	4300.0	165000000.0	15365000000.0	3957000000.0					
TTO	2011		BEA_return_cg	all_groups	4600.0	158000000.0	16910000000.0	4402000000.0					
TTO	2012		BEA_return_cg	all_groups	4600.0	170000000.0	17156000000.0	4458000000.0					
TTO	2013		BEA_return_cg	all_groups	4900.0	199000000.0	19086000000.0	4931000000.0					
TTO	2014		BEA_return_cg	all_groups	4600.0	229000000.0	20510000000.0	5483000000.0					
TTO	2015		BEA_return_cg	all_groups	4500.0	255000000.0	20235000000.0	6360000000.0					
TTO	2016		BEA_return_cg	all_groups	4400.0	272000000.0	10474000000.0	7024000000.0					
TTO	2017		BEA_return_cg	all_groups	4400.0	256000000.0	10833000000.0						
TTO	2018		BEA_return_cg	all_groups	4300.0	276000000.0	10042000000.0						
TTO	2019		BEA_return_cg	all_groups	5200.0	249000000.0	9654000000.0						
TTO	2020		BEA_return_cg	all_groups	5100.0	157000000.0	6734000000.0						
TTO	2021		BEA_return_cg	all_groups	5000.0	253000000.0	7978000000.0						
TUN	2004		BEA_return_cg	all_groups	3500.0	31000000.0							
TUN	2005		BEA_return_cg	all_groups	4100.0	39000000.0	453000000.0						
TUN	2006		BEA_return_cg	all_groups	4500.0	39000000.0							
TUN	2007		BEA_return_cg	all_groups	4200.0	37000000.0							
TUN	2008		BEA_return_cg	all_groups	4700.0	37000000.0							
TUN	2009		BEA_return_cg	all_groups	4100.0	45000000.0	1278000000.0	346000000.0					
TUN	2010		BEA_return_cg	all_groups	4200.0	47000000.0	1210000000.0	318000000.0					
TUN	2011		BEA_return_cg	all_groups	4200.0	49000000.0	718000000.0	136000000.0					
TUN	2012		BEA_return_cg	all_groups	4300.0	47000000.0	743000000.0	144000000.0					
TUN	2013		BEA_return_cg	all_groups	4800.0	51000000.0	948000000.0	244000000.0					
TUN	2014		BEA_return_cg	all_groups	5600.0	63000000.0	948000000.0	242000000.0					
TUN	2015		BEA_return_cg	all_groups	4300.0	57000000.0	789000000.0	135000000.0					
TUN	2016		BEA_return_cg	all_groups	4200.0	53000000.0	664000000.0	110000000.0					
TUN	2017		BEA_return_cg	all_groups	4200.0	53000000.0	653000000.0	114000000.0					
TUN	2018		BEA_return_cg	all_groups	4100.0	51000000.0	659000000.0	123000000.0					
TUN	2019		BEA_return_cg	all_groups	3700.0	40000000.0	797000000.0	107000000.0					
TUN	2020		BEA_return_cg	all_groups	3700.0	40000000.0	1155000000.0	117000000.0					
TUN	2021		BEA_return_cg	all_groups	3700.0	37000000.0	1088000000.0	122000000.0					
TUR	2004	432000000.0	BEA_return_cg	all_groups	31700.0	968000000.0	8667000000.0	2108000000.0	171000000.0			-24000000.0	0.3958333333333333
TUR	2005		BEA_return_cg	all_groups	36000.0	1081000000.0	8889000000.0		160000000.0			7000000.0	
TUR	2006		BEA_return_cg	all_groups	44300.0	1175000000.0	10721000000.0		445000000.0			-3000000.0	
TUR	2007		BEA_return_cg	all_groups	48000.0	1528000000.0	21101000000.0		343000000.0			-46000000.0	
TUR	2008		BEA_return_cg	all_groups	43300.0	1723000000.0	19936000000.0		377000000.0			-118000000.0	
TUR	2009	1019000000.0	BEA_return_cg	all_groups	37300.0	1616000000.0	17416000000.0	1684000000.0					
TUR	2010	1083000000.0	BEA_return_cg	all_groups	44400.0	1819000000.0	22386000000.0	1944000000.0	336000000.0			-111000000.0	0.31024930747922436
TUR	2011	-72000000.0	BEA_return_cg	all_groups	44600.0	1930000000.0	19362000000.0	1815000000.0				-143000000.0	
TUR	2012	555000000.0	BEA_return_cg	all_groups	47900.0	2051000000.0	22280000000.0	2175000000.0					
TUR	2013	413000000.0	BEA_return_cg	all_groups	48800.0	2119000000.0	20351000000.0	2070000000.0					
TUR	2014	1027000000.0	BEA_return_cg	all_groups	50500.0	2135000000.0	21140000000.0	2099000000.0	333000000.0				0.32424537487828625
TUR	2015	851000000.0	BEA_return_cg	all_groups	47600.0	1975000000.0	20962000000.0	2076000000.0	239000000.0	23476000000.0	25391000000.0		0.2808460634547591
TUR	2016	1205000000.0	BEA_return_cg	all_groups	54100.0	1974000000.0	21135000000.0	2030000000.0	300000000.0				0.24896265560165975
TUR	2017	1223000000.0	BEA_return_cg	all_groups	55100.0	1912000000.0	21527000000.0	2280000000.0	308000000.0				0.2518397383483238
TUR	2018	856000000.0	BEA_return_cg	all_groups	57200.0	1866000000.0	20445000000.0	2254000000.0	243000000.0				0.2838785046728972
TUR	2019	1461000000.0	BEA_return_cg	all_groups	59300.0	1791000000.0	22533000000.0	2492000000.0	371000000.0				0.2539356605065024
TUR	2020	1116000000.0	BEA_return_cg	all_groups	59600.0	1700000000.0	23953000000.0	2316000000.0					
TUR	2021	1241000000.0	BEA_return_cg	all_groups	57900.0	1674000000.0	23449000000.0	2070000000.0	424000000.0				0.3416599516518936
TUV	2004		BEA_return_cg	all_groups			1000000.0						
TUV	2005		BEA_return_cg	all_groups			1000000.0						
TUV	2006		BEA_return_cg	all_groups			1000000.0						
TUV	2007		BEA_return_cg	all_groups			1000000.0						
TUV	2008		BEA_return_cg	all_groups			1000000.0						
TUV	2009		BEA_return_cg	all_groups	200.0	4000000.0							
TUV	2010		BEA_return_cg	all_groups	200.0	4000000.0							
TUV	2011		BEA_return_cg	all_groups	200.0	4000000.0							
TUV	2012		BEA_return_cg	all_groups	200.0	4000000.0							
TUV	2013		BEA_return_cg	all_groups	200.0	4000000.0							
TWN	2004	2532000000.0	BEA_return_cg	all_groups	83500.0	2053000000.0	73262000000.0	4999000000.0	745000000.0			94000000.0	0.2942338072669826
TWN	2005	2238000000.0	BEA_return_cg	all_groups	92000.0	2276000000.0	78320000000.0		415000000.0			-91000000.0	0.18543342269883825
TWN	2006	2664000000.0	BEA_return_cg	all_groups	94600.0	2393000000.0	92762000000.0		547000000.0			29000000.0	0.20533033033033032
TWN	2007	3291000000.0	BEA_return_cg	all_groups	104500.0	2632000000.0	106444000000.0		671000000.0			71000000.0	0.20388939532057127
TWN	2008		BEA_return_cg	all_groups	100700.0	2535000000.0			-2000000.0			-2200000000.0	
TWN	2009	3002000000.0	BEA_return_cg	all_groups	90700.0	2512000000.0	117444000000.0	8062000000.0	654000000.0			-1772000000.0	0.217854763491006
TWN	2010	4740000000.0	BEA_return_cg	all_groups	88900.0	2727000000.0	141735000000.0	8858000000.0	713000000.0	29055000000.0	37987000000.0	-2222000000.0	0.15042194092827005
TWN	2011	4422000000.0	BEA_return_cg	all_groups	86800.0	2730000000.0	84794000000.0	7861000000.0	754000000.0	27801000000.0	36486000000.0	-593000000.0	0.17051108095884215
TWN	2012	3823000000.0	BEA_return_cg	all_groups	88400.0	2813000000.0	80317000000.0	7385000000.0	704000000.0	25499000000.0	35583000000.0	-415000000.0	0.18414857441799634
TWN	2013	3298000000.0	BEA_return_cg	all_groups	86900.0	2818000000.0	70551000000.0	6965000000.0	546000000.0	26681000000.0	33757000000.0	-378000000.0	0.16555488174651303
TWN	2014	3249000000.0	BEA_return_cg	all_groups	98300.0	3168000000.0	73990000000.0	7793000000.0	559000000.0	28266000000.0	37717000000.0	-312000000.0	0.17205293936595875
TWN	2015	2997000000.0	BEA_return_cg	all_groups	94000.0	3156000000.0	70549000000.0	7693000000.0	474000000.0	28588000000.0	36798000000.0	-214000000.0	0.15815815815815815
TWN	2016	3073000000.0	BEA_return_cg	all_groups	100100.0	3239000000.0	71511000000.0	9068000000.0	485000000.0	27582000000.0	35693000000.0	-121000000.0	0.15782622844126262
TWN	2017	3695000000.0	BEA_return_cg	all_groups	82400.0	3394000000.0	81507000000.0	13309000000.0	578000000.0	27393000000.0	38759000000.0	-245000000.0	0.1564276048714479
TWN	2018	3467000000.0	BEA_return_cg	all_groups	91200.0	3912000000.0	86233000000.0	14991000000.0	585000000.0	29229000000.0	42424000000.0	-386000000.0	0.16873377559850014
TWN	2019	3981000000.0	BEA_return_cg	all_groups	92600.0	3956000000.0	90967000000.0	16934000000.0	717000000.0	29992000000.0	44920000000.0	-399000000.0	0.18010550113036924
TWN	2020	4024000000.0	BEA_return_cg	all_groups	97400.0	4322000000.0	105260000000.0	16012000000.0	655000000.0	32233000000.0	47561000000.0	-246000000.0	0.16277335984095428
TWN	2021	4422000000.0	BEA_return_cg	all_groups	101400.0	4927000000.0	98551000000.0	19080000000.0	831000000.0	38906000000.0	57263000000.0	-215000000.0	0.18792401628222524
TZA	2004		BEA_return_cg	all_groups									
TZA	2005		BEA_return_cg	all_groups									
TZA	2006		BEA_return_cg	all_groups	600.0	7000000.0	81000000.0						
TZA	2007		BEA_return_cg	all_groups									
TZA	2008		BEA_return_cg	all_groups									
TZA	2009		BEA_return_cg	all_groups	600.0	14000000.0	393000000.0	24000000.0					
TZA	2010		BEA_return_cg	all_groups	700.0	16000000.0		35000000.0					
TZA	2011		BEA_return_cg	all_groups	1100.0	17000000.0		24000000.0					
TZA	2012		BEA_return_cg	all_groups		42000000.0	1203000000.0						
TZA	2013		BEA_return_cg	all_groups	900.0	44000000.0		247000000.0					
TZA	2014		BEA_return_cg	all_groups	2000.0	47000000.0	2905000000.0	454000000.0					
TZA	2015		BEA_return_cg	all_groups	2000.0	50000000.0	2990000000.0	492000000.0					
TZA	2016		BEA_return_cg	all_groups	2500.0	45000000.0	3155000000.0	506000000.0					
TZA	2017		BEA_return_cg	all_groups	3900.0	51000000.0	3244000000.0	484000000.0					
TZA	2018		BEA_return_cg	all_groups	3100.0	45000000.0	3287000000.0	489000000.0					
TZA	2019		BEA_return_cg	all_groups	1900.0	33000000.0	3281000000.0	519000000.0					
TZA	2020		BEA_return_cg	all_groups	1500.0	30000000.0	3484000000.0	514000000.0					
TZA	2021		BEA_return_cg	all_groups	1600.0	32000000.0	3439000000.0	478000000.0					
UGA	2004		BEA_return_cg	all_groups									
UGA	2005		BEA_return_cg	all_groups									
UGA	2006		BEA_return_cg	all_groups	100.0	2000000.0							
UGA	2007		BEA_return_cg	all_groups									
UGA	2008		BEA_return_cg	all_groups									
UGA	2009		BEA_return_cg	all_groups	200.0	7000000.0		4000000.0					
UGA	2010		BEA_return_cg	all_groups	200.0	7000000.0		4000000.0					
UGA	2011		BEA_return_cg	all_groups	200.0	7000000.0		6000000.0					
UGA	2012		BEA_return_cg	all_groups	200.0	7000000.0		6000000.0					
UGA	2013		BEA_return_cg	all_groups	200.0	8000000.0		4000000.0					
UGA	2014		BEA_return_cg	all_groups	1200.0	24000000.0	381000000.0	20000000.0					
UGA	2015		BEA_return_cg	all_groups	1200.0	23000000.0	322000000.0	21000000.0					
UGA	2016		BEA_return_cg	all_groups	1100.0	22000000.0	375000000.0	24000000.0					
UGA	2017		BEA_return_cg	all_groups	1100.0	22000000.0	371000000.0	24000000.0					
UGA	2018		BEA_return_cg	all_groups	1100.0	22000000.0	363000000.0	24000000.0					
UGA	2019		BEA_return_cg	all_groups	900.0	16000000.0	396000000.0	20000000.0					
UGA	2020		BEA_return_cg	all_groups	1000.0	17000000.0	391000000.0	22000000.0					
UGA	2021		BEA_return_cg	all_groups	1000.0	17000000.0	516000000.0	20000000.0					
UKR	2004		BEA_return_cg	all_groups	14000.0	93000000.0							
UKR	2005		BEA_return_cg	all_groups	14600.0	111000000.0							
UKR	2006		BEA_return_cg	all_groups	15300.0	136000000.0							
UKR	2007		BEA_return_cg	all_groups									
UKR	2008		BEA_return_cg	all_groups									
UKR	2009		BEA_return_cg	all_groups	22700.0	259000000.0	11154000000.0	735000000.0					
UKR	2010		BEA_return_cg	all_groups	23100.0	288000000.0	3403000000.0	855000000.0					
UKR	2011		BEA_return_cg	all_groups	24400.0	294000000.0	3531000000.0	911000000.0					
UKR	2012		BEA_return_cg	all_groups	25600.0	331000000.0	3654000000.0	1062000000.0					
UKR	2013		BEA_return_cg	all_groups	22700.0	316000000.0	3588000000.0	932000000.0					
UKR	2014		BEA_return_cg	all_groups	29600.0	484000000.0	3211000000.0	685000000.0					
UKR	2015		BEA_return_cg	all_groups	29100.0	468000000.0	2881000000.0	498000000.0					
UKR	2016		BEA_return_cg	all_groups	34100.0	486000000.0	3751000000.0	615000000.0					
UKR	2017		BEA_return_cg	all_groups	34200.0	507000000.0	4067000000.0	738000000.0					
UKR	2018		BEA_return_cg	all_groups	35200.0	534000000.0	4426000000.0	800000000.0					
UKR	2019		BEA_return_cg	all_groups	41500.0	606000000.0	6434000000.0	1227000000.0					
UKR	2020		BEA_return_cg	all_groups	40100.0	560000000.0	7326000000.0	1348000000.0					
UKR	2021		BEA_return_cg	all_groups	36100.0	615000000.0	7102000000.0	988000000.0					
UK_Caribbean	2004	4649000000.0	BEA_return_cg	all_groups	10500.0	427000000.0	299968000000.0	2537000000.0	101000000.0			-1896000000.0	0.021725102172510218
UK_Caribbean	2005	5009000000.0	BEA_return_cg	all_groups	10200.0	468000000.0	319875000000.0		367000000.0			-3798000000.0	0.07326811738870034
UK_Caribbean	2006	6279000000.0	BEA_return_cg	all_groups	8200.0	302000000.0	363382000000.0		355000000.0			-3184000000.0	0.05653766523331741
UK_Caribbean	2007	8030000000.0	BEA_return_cg	all_groups	6900.0	304000000.0	367987000000.0		679000000.0			-4209000000.0	0.08455790784557908
UK_Caribbean	2008	1044000000.0	BEA_return_cg	all_groups	6700.0	303000000.0	319131000000.0		481000000.0			-4260000000.0	0.460727969348659
UK_Caribbean	2009	9060000000.0	BEA_return_cg	all_groups	4100.0	302000000.0	1170547000000.0	6949000000.0	976000000.0			-4928000000.0	0.10772626931567329
UK_Caribbean	2010	11097000000.0	BEA_return_cg	all_groups	4000.0	241000000.0	1275223000000.0	5780000000.0	771000000.0			-4269000000.0	0.06947823736144904
UK_Caribbean	2011	10238000000.0	BEA_return_cg	all_groups	4300.0	190000000.0	1063751000000.0	6702000000.0	647000000.0	10843000000.0	29840000000.0	-4476000000.0	0.06319593670638797
UK_Caribbean	2012	7216000000.0	BEA_return_cg	all_groups	4900.0	294000000.0	979081000000.0	9678000000.0	1243000000.0	12628000000.0	37011000000.0	-3352000000.0	0.1722560975609756
UK_Caribbean	2013	5511000000.0	BEA_return_cg	all_groups	5600.0	409000000.0	988171000000.0	12039000000.0	939000000.0	14051000000.0	28215000000.0	-4439000000.0	0.17038649972781708
UK_Caribbean	2014	21351000000.0	BEA_return_cg	all_groups	20300.0	1491000000.0	1570594000000.0	14379000000.0	697000000.0	21535000000.0	42161000000.0	-7550000000.0	0.03264484099105428
UK_Caribbean	2015	10276000000.0	BEA_return_cg	all_groups	21800.0	1304000000.0	1349097000000.0	14904000000.0	553000000.0	24018000000.0	43378000000.0	-7542000000.0	0.05381471389645776
UK_Caribbean	2016	11862000000.0	BEA_return_cg	all_groups	25200.0	1443000000.0	1197286000000.0	13018000000.0	448000000.0	20056000000.0	40182000000.0	-6171000000.0	0.03776766143989209
UK_Caribbean	2017	12906000000.0	BEA_return_cg	all_groups	23100.0	1274000000.0	1224559000000.0	11434000000.0	603000000.0	20293000000.0	41049000000.0	-6330000000.0	0.046722454672245464
UK_Caribbean	2018	13384000000.0	BEA_return_cg	all_groups	21900.0	1084000000.0	1025371000000.0	8019000000.0	825000000.0	22422000000.0	36710000000.0	-5616000000.0	0.06164076509264794
UK_Caribbean	2019	23565000000.0	BEA_return_cg	all_groups	23900.0	1145000000.0	1279380000000.0	9707000000.0	732000000.0	22822000000.0	40560000000.0	-6032000000.0	0.03106301718650541
UK_Caribbean	2020	29688000000.0	BEA_return_cg	all_groups	25100.0	1363000000.0	1216132000000.0	9085000000.0	547000000.0	22496000000.0	39257000000.0	-5618000000.0	0.018424952842899488
UK_Caribbean	2021	23808000000.0	BEA_return_cg	all_groups	23300.0	1399000000.0	1159074000000.0	9216000000.0	925000000.0	25320000000.0	38620000000.0	-6078000000.0	0.03885248655913978
URY	2004		BEA_return_cg	all_groups	5000.0	76000000.0							
URY	2005		BEA_return_cg	all_groups	5000.0	75000000.0	1713000000.0						
URY	2006		BEA_return_cg	all_groups	4900.0	83000000.0							
URY	2007		BEA_return_cg	all_groups	5500.0	93000000.0							
URY	2008		BEA_return_cg	all_groups	6100.0	115000000.0							
URY	2009		BEA_return_cg	all_groups	7300.0	203000000.0	9136000000.0	931000000.0					
URY	2010		BEA_return_cg	all_groups	8900.0	235000000.0	11093000000.0	944000000.0					
URY	2011		BEA_return_cg	all_groups	8600.0	274000000.0	9269000000.0	1003000000.0					
URY	2012		BEA_return_cg	all_groups	8800.0	293000000.0	8873000000.0	937000000.0					
URY	2013		BEA_return_cg	all_groups	8600.0	270000000.0	7689000000.0	979000000.0					
URY	2014		BEA_return_cg	all_groups	8100.0	288000000.0	10331000000.0	1651000000.0					
URY	2015		BEA_return_cg	all_groups	6300.0	246000000.0	9730000000.0	1553000000.0					
URY	2016		BEA_return_cg	all_groups	6000.0	233000000.0	11035000000.0	1495000000.0					
URY	2017		BEA_return_cg	all_groups	5000.0	204000000.0	10782000000.0	977000000.0					
URY	2018		BEA_return_cg	all_groups	6000.0	255000000.0	9622000000.0	977000000.0					
URY	2019		BEA_return_cg	all_groups	10300.0	317000000.0	11292000000.0	1181000000.0					
URY	2020		BEA_return_cg	all_groups	11100.0	295000000.0	17702000000.0	1074000000.0					
URY	2021		BEA_return_cg	all_groups	10600.0	306000000.0	12464000000.0	983000000.0					
UZB	2004		BEA_return_cg	all_groups			280000000.0	113000000.0					
UZB	2005		BEA_return_cg	all_groups									
UZB	2006		BEA_return_cg	all_groups	100.0	1000000.0							
UZB	2007		BEA_return_cg	all_groups	100.0	1000000.0							
UZB	2008		BEA_return_cg	all_groups	100.0	1000000.0							
UZB	2009		BEA_return_cg	all_groups	300.0	6000000.0							
UZB	2010		BEA_return_cg	all_groups	300.0	6000000.0							
UZB	2011		BEA_return_cg	all_groups	300.0	6000000.0							
UZB	2012		BEA_return_cg	all_groups		6000000.0							
UZB	2013		BEA_return_cg	all_groups		6000000.0							
UZB	2014		BEA_return_cg	all_groups		5000000.0							
UZB	2015		BEA_return_cg	all_groups		5000000.0							
UZB	2016		BEA_return_cg	all_groups		5000000.0							
UZB	2017		BEA_return_cg	all_groups		5000000.0							
UZB	2018		BEA_return_cg	all_groups		5000000.0							
UZB	2019		BEA_return_cg	all_groups	0.0	0.0	6000000.0	1000000.0					
UZB	2020		BEA_return_cg	all_groups	0.0	0.0	6000000.0	1000000.0					
UZB	2021		BEA_return_cg	all_groups	0.0	0.0	6000000.0	1000000.0					
VCT	2004		BEA_return_cg	all_groups									
VCT	2005		BEA_return_cg	all_groups									
VCT	2006		BEA_return_cg	all_groups		1000000.0	7000000.0						
VCT	2007		BEA_return_cg	all_groups									
VCT	2008		BEA_return_cg	all_groups									
VCT	2009		BEA_return_cg	all_groups		1000000.0	8000000.0	1000000.0					
VCT	2010		BEA_return_cg	all_groups		1000000.0	8000000.0	1000000.0					
VCT	2011		BEA_return_cg	all_groups		1000000.0	8000000.0	1000000.0					
VCT	2012		BEA_return_cg	all_groups		1000000.0	8000000.0	1000000.0					
VCT	2013		BEA_return_cg	all_groups		1000000.0	8000000.0	1000000.0					
VCT	2014		BEA_return_cg	all_groups	100.0	2000000.0	11000000.0	3000000.0					
VCT	2015		BEA_return_cg	all_groups	100.0	2000000.0	11000000.0	3000000.0					
VCT	2016		BEA_return_cg	all_groups	100.0	2000000.0	11000000.0	3000000.0					
VCT	2017		BEA_return_cg	all_groups	100.0	2000000.0	11000000.0	3000000.0					
VCT	2018		BEA_return_cg	all_groups	100.0	2000000.0	11000000.0	3000000.0					
VCT	2019		BEA_return_cg	all_groups	100.0	2000000.0	8000000.0	1000000.0					
VCT	2020		BEA_return_cg	all_groups		2000000.0	8000000.0	1000000.0					
VCT	2021		BEA_return_cg	all_groups		2000000.0	8000000.0	1000000.0					
VEN	2004	2879000000.0	BEA_return_cg	all_groups	70000.0	1691000000.0	33737000000.0	10858000000.0	508000000.0			192000000.0	0.17645015630427233
VEN	2005	3370000000.0	BEA_return_cg	all_groups	70500.0	1746000000.0	35460000000.0		751000000.0			133000000.0	0.2228486646884273
VEN	2006	2994000000.0	BEA_return_cg	all_groups	77400.0	2045000000.0	44257000000.0		817000000.0			40000000.0	0.2728790915163661
VEN	2007	2288000000.0	BEA_return_cg	all_groups	57200.0	1475000000.0			778000000.0			-67000000.0	0.34003496503496505
VEN	2008	2772000000.0	BEA_return_cg	all_groups	57000.0	1762000000.0			651000000.0			-35000000.0	0.23484848484848486
VEN	2009	3489000000.0	BEA_return_cg	all_groups	53600.0	2201000000.0	32669000000.0	2962000000.0				-231000000.0	
VEN	2010	2222000000.0	BEA_return_cg	all_groups	51200.0	1898000000.0	28902000000.0	2896000000.0	755000000.0			-87000000.0	0.3397839783978398
VEN	2011	3060000000.0	BEA_return_cg	all_groups	51400.0	2074000000.0	32796000000.0	3196000000.0	829000000.0	17073000000.0		-72000000.0	0.27091503267973854
VEN	2012	3922000000.0	BEA_return_cg	all_groups	53400.0	2471000000.0	38522000000.0	3870000000.0	1131000000.0			-145000000.0	0.2883732789393167
VEN	2013	2664000000.0	BEA_return_cg	all_groups	53500.0	2561000000.0	38817000000.0	4211000000.0	647000000.0	20609000000.0		-216000000.0	0.24286786786786788
VEN	2014	-294000000.0	BEA_return_cg	all_groups	51800.0	2446000000.0	32268000000.0	3721000000.0	448000000.0			-178000000.0	-1.5238095238095237
VEN	2015	102000000.0	BEA_return_cg	all_groups	42600.0	1616000000.0	33737000000.0	3430000000.0	320000000.0			-304000000.0	3.1372549019607843
VEN	2016	910000000.0	BEA_return_cg	all_groups	32500.0	1094000000.0	24145000000.0	2828000000.0	362000000.0			-219000000.0	0.3978021978021978
VEN	2017	1505000000.0	BEA_return_cg	all_groups	30300.0	986000000.0	25486000000.0	2497000000.0	247000000.0			-118000000.0	0.16411960132890366
VEN	2018	1406000000.0	BEA_return_cg	all_groups	29400.0	885000000.0	25922000000.0	2377000000.0	296000000.0			-131000000.0	0.21052631578947367
VEN	2019	886000000.0	BEA_return_cg	all_groups	19800.0	500000000.0	22568000000.0	1833000000.0	211000000.0			-126000000.0	0.2381489841986456
VEN	2020	190000000.0	BEA_return_cg	all_groups	16200.0	403000000.0	20589000000.0	1310000000.0	190000000.0			-52000000.0	1.0
VEN	2021	272000000.0	BEA_return_cg	all_groups	15500.0	368000000.0	20346000000.0	1335000000.0	207000000.0			-64000000.0	0.7610294117647058
VNM	2004		BEA_return_cg	all_groups	5900.0	49000000.0							
VNM	2005		BEA_return_cg	all_groups	4900.0	45000000.0	972000000.0						
VNM	2006		BEA_return_cg	all_groups	5600.0	57000000.0							
VNM	2007		BEA_return_cg	all_groups	5700.0	63000000.0							
VNM	2008		BEA_return_cg	all_groups	6300.0	67000000.0							
VNM	2009		BEA_return_cg	all_groups	14400.0	166000000.0	3657000000.0	1296000000.0					
VNM	2010		BEA_return_cg	all_groups		173000000.0	4039000000.0	1332000000.0					
VNM	2011		BEA_return_cg	all_groups	25500.0	378000000.0	5036000000.0	1524000000.0					
VNM	2012		BEA_return_cg	all_groups	28900.0	414000000.0	5339000000.0	1528000000.0					
VNM	2013		BEA_return_cg	all_groups	29900.0	422000000.0	7993000000.0	1722000000.0					
VNM	2014		BEA_return_cg	all_groups	38900.0	404000000.0	9268000000.0	2025000000.0					
VNM	2015		BEA_return_cg	all_groups	56300.0	485000000.0	10039000000.0	1680000000.0					
VNM	2016		BEA_return_cg	all_groups	51600.0	539000000.0	10251000000.0	1906000000.0					
VNM	2017		BEA_return_cg	all_groups	54700.0	590000000.0	13006000000.0	2238000000.0					
VNM	2018		BEA_return_cg	all_groups	56100.0	580000000.0	14072000000.0	2825000000.0					
VNM	2019	788000000.0	BEA_return_cg	all_groups	55800.0	628000000.0	15576000000.0	3426000000.0	129000000.0			-63000000.0	0.16370558375634517
VNM	2020	1144000000.0	BEA_return_cg	all_groups	66900.0	745000000.0	12842000000.0	3536000000.0	127000000.0			-65000000.0	0.11101398601398602
VNM	2021	1082000000.0	BEA_return_cg	all_groups	75700.0	902000000.0	17997000000.0	3606000000.0	141000000.0			-46000000.0	0.13031423290203328
VUT	2004		BEA_return_cg	all_groups									
VUT	2005		BEA_return_cg	all_groups		1000000.0							
VUT	2006		BEA_return_cg	all_groups		1000000.0							
VUT	2007		BEA_return_cg	all_groups									
VUT	2008		BEA_return_cg	all_groups									
VUT	2009		BEA_return_cg	all_groups	100.0	3000000.0		4000000.0					
VUT	2010		BEA_return_cg	all_groups	100.0	3000000.0		4000000.0					
VUT	2011		BEA_return_cg	all_groups	100.0	3000000.0	89000000.0	3000000.0					
VUT	2012		BEA_return_cg	all_groups	100.0	3000000.0	87000000.0	3000000.0					
VUT	2013		BEA_return_cg	all_groups	100.0	3000000.0	90000000.0	3000000.0					
VUT	2014		BEA_return_cg	all_groups	0.0	0.0							
VUT	2015		BEA_return_cg	all_groups	0.0	0.0							
VUT	2016		BEA_return_cg	all_groups	0.0	0.0							
VUT	2017		BEA_return_cg	all_groups	0.0	0.0							
VUT	2018		BEA_return_cg	all_groups	0.0	0.0							
WSM	2004		BEA_return_cg	all_groups			3000000.0						
WSM	2005		BEA_return_cg	all_groups			3000000.0						
WSM	2006		BEA_return_cg	all_groups			3000000.0						
WSM	2007		BEA_return_cg	all_groups			3000000.0						
WSM	2008		BEA_return_cg	all_groups			3000000.0						
WSM	2009		BEA_return_cg	all_groups			1000000.0						
WSM	2010		BEA_return_cg	all_groups			1000000.0						
WSM	2011		BEA_return_cg	all_groups			1000000.0						
WSM	2012		BEA_return_cg	all_groups			1000000.0						
WSM	2013		BEA_return_cg	all_groups			1000000.0						
WSM	2014		BEA_return_cg	all_groups	0.0	0.0							
WSM	2015		BEA_return_cg	all_groups	0.0	0.0							
WSM	2016		BEA_return_cg	all_groups	0.0	0.0							
WSM	2017		BEA_return_cg	all_groups	0.0	0.0							
WSM	2018		BEA_return_cg	all_groups	0.0	0.0							
WSM	2019		BEA_return_cg	all_groups		2000000.0							
WSM	2020		BEA_return_cg	all_groups		2000000.0							
WSM	2021		BEA_return_cg	all_groups		2000000.0							
XKX	2016		BEA_return_cg	all_groups		2000000.0							
XKX	2017		BEA_return_cg	all_groups		2000000.0							
XKX	2018		BEA_return_cg	all_groups	200.0	2000000.0							
XKX	2019		BEA_return_cg	all_groups	300.0	2000000.0		2000000.0					
XKX	2020		BEA_return_cg	all_groups	300.0	2000000.0		2000000.0					
XKX	2021		BEA_return_cg	all_groups	300.0	2000000.0		2000000.0					
YEM	2004		BEA_return_cg	all_groups									
YEM	2005		BEA_return_cg	all_groups			1329000000.0						
YEM	2006		BEA_return_cg	all_groups	400.0	19000000.0							
YEM	2007		BEA_return_cg	all_groups	600.0	23000000.0							
YEM	2008		BEA_return_cg	all_groups	600.0	28000000.0							
YEM	2009		BEA_return_cg	all_groups	600.0	33000000.0							
YEM	2010		BEA_return_cg	all_groups	600.0	28000000.0							
YEM	2011		BEA_return_cg	all_groups	500.0	28000000.0							
YEM	2012		BEA_return_cg	all_groups	500.0	28000000.0							
YEM	2013		BEA_return_cg	all_groups	300.0								
YEM	2014		BEA_return_cg	all_groups	300.0								
YEM	2015		BEA_return_cg	all_groups	300.0								
YEM	2016		BEA_return_cg	all_groups	100.0								
YEM	2017		BEA_return_cg	all_groups	100.0								
YEM	2018		BEA_return_cg	all_groups	100.0			17000000.0					
YEM	2019		BEA_return_cg	all_groups	100.0	1000000.0							
YEM	2020		BEA_return_cg	all_groups	100.0	1000000.0							
YEM	2021		BEA_return_cg	all_groups	100.0	1000000.0							
ZAF	2004	1377000000.0	BEA_return_cg	all_groups	112100.0	2857000000.0	22757000000.0	8877000000.0	407000000.0			-14000000.0	0.29557007988380535
ZAF	2005	2335000000.0	BEA_return_cg	all_groups	73900.0	1922000000.0	14251000000.0		1180000000.0			1000000.0	0.5053533190578159
ZAF	2006	2587000000.0	BEA_return_cg	all_groups	70600.0	1971000000.0	15375000000.0		1164000000.0			2000000.0	0.4499420177812138
ZAF	2007	2337000000.0	BEA_return_cg	all_groups	84700.0	2599000000.0	21972000000.0		1136000000.0			-45000000.0	0.48609328198545143
ZAF	2008		BEA_return_cg	all_groups	80200.0	2574000000.0	20433000000.0					57000000.0	
ZAF	2009	1847000000.0	BEA_return_cg	all_groups	58100.0	2222000000.0	24173000000.0	2684000000.0	1130000000.0			34000000.0	0.6118029236599891
ZAF	2010	1490000000.0	BEA_return_cg	all_groups	61100.0	2488000000.0	29458000000.0	3139000000.0	323000000.0	20616000000.0	23066000000.0	137000000.0	0.21677852348993287
ZAF	2011	1649000000.0	BEA_return_cg	all_groups	66000.0	2817000000.0	32458000000.0	3093000000.0	326000000.0	24231000000.0	27008000000.0	78000000.0	0.19769557307459065
ZAF	2012	1408000000.0	BEA_return_cg	all_groups	98100.0	3388000000.0	40448000000.0	3639000000.0	369000000.0	32581000000.0	35929000000.0	103000000.0	0.26207386363636365
ZAF	2013	1400000000.0	BEA_return_cg	all_groups	97300.0	3326000000.0	38101000000.0	3460000000.0	382000000.0	31149000000.0	34194000000.0	-14000000.0	0.27285714285714285
ZAF	2014	1543000000.0	BEA_return_cg	all_groups	107600.0	3498000000.0	42013000000.0	3677000000.0	439000000.0	31280000000.0	34721000000.0	-62000000.0	0.2845106934543098
ZAF	2015	1209000000.0	BEA_return_cg	all_groups	109000.0	3326000000.0	41214000000.0	3597000000.0	316000000.0	29360000000.0	31703000000.0	181000000.0	0.261373035566584
ZAF	2016	809000000.0	BEA_return_cg	all_groups	113900.0	3205000000.0	40203000000.0	3894000000.0	281000000.0	25327000000.0	28502000000.0	-67000000.0	0.3473423980222497
ZAF	2017	914000000.0	BEA_return_cg	all_groups	125000.0	3458000000.0	41699000000.0	4085000000.0	347000000.0	28328000000.0	31024000000.0	15000000.0	0.3796498905908096
ZAF	2018	1374000000.0	BEA_return_cg	all_groups	126300.0	3412000000.0	40289000000.0	4220000000.0	374000000.0	28850000000.0	31999000000.0	35000000.0	0.27219796215429404
ZAF	2019	1586000000.0	BEA_return_cg	all_groups	137600.0	3375000000.0	54905000000.0	6575000000.0	238000000.0	30420000000.0	33793000000.0	161000000.0	0.15006305170239598
ZAF	2020	946000000.0	BEA_return_cg	all_groups	142900.0	3270000000.0	60508000000.0	8373000000.0	185000000.0	29158000000.0	32571000000.0	137000000.0	0.19556025369978858
ZAF	2021	1123000000.0	BEA_return_cg	all_groups	131200.0	3387000000.0	59577000000.0	8729000000.0	242000000.0	33719000000.0	37853000000.0	105000000.0	0.21549421193232413
ZMB	2004		BEA_return_cg	all_groups	2100.0	14000000.0							
ZMB	2005		BEA_return_cg	all_groups	2200.0	17000000.0	261000000.0						
ZMB	2006		BEA_return_cg	all_groups									
ZMB	2007		BEA_return_cg	all_groups	2400.0	21000000.0							
ZMB	2008		BEA_return_cg	all_groups									
ZMB	2009		BEA_return_cg	all_groups	1400.0	19000000.0	496000000.0	33000000.0					
ZMB	2010		BEA_return_cg	all_groups	1700.0	21000000.0	480000000.0	34000000.0					
ZMB	2011		BEA_return_cg	all_groups	1400.0	16000000.0	469000000.0	28000000.0					
ZMB	2012		BEA_return_cg	all_groups	2000.0	21000000.0	609000000.0	28000000.0					
ZMB	2013		BEA_return_cg	all_groups	2500.0	23000000.0	665000000.0	28000000.0					
ZMB	2014		BEA_return_cg	all_groups	3400.0	37000000.0	650000000.0	42000000.0					
ZMB	2015		BEA_return_cg	all_groups	3000.0	30000000.0	449000000.0	32000000.0					
ZMB	2016		BEA_return_cg	all_groups	3400.0	31000000.0	484000000.0	35000000.0					
ZMB	2017		BEA_return_cg	all_groups	2800.0	33000000.0	476000000.0	34000000.0					
ZMB	2018		BEA_return_cg	all_groups	2700.0	33000000.0	470000000.0	45000000.0					
ZMB	2019		BEA_return_cg	all_groups	1800.0	20000000.0	466000000.0	49000000.0					
ZMB	2020		BEA_return_cg	all_groups	1900.0	20000000.0	351000000.0	37000000.0					
ZMB	2021		BEA_return_cg	all_groups	1900.0	20000000.0	445000000.0	42000000.0					
ZWE	2004		BEA_return_cg	all_groups	2600.0	24000000.0	320000000.0	98000000.0					
ZWE	2005		BEA_return_cg	all_groups	2100.0	17000000.0	283000000.0						
ZWE	2006		BEA_return_cg	all_groups	2000.0	15000000.0							
ZWE	2007		BEA_return_cg	all_groups	1800.0	18000000.0							
ZWE	2008		BEA_return_cg	all_groups	1700.0	17000000.0							
ZWE	2009		BEA_return_cg	all_groups	800.0	19000000.0	172000000.0	31000000.0					
ZWE	2010		BEA_return_cg	all_groups	800.0	19000000.0	190000000.0	34000000.0					
ZWE	2011		BEA_return_cg	all_groups	1000.0	13000000.0	255000000.0	31000000.0					
ZWE	2012		BEA_return_cg	all_groups	900.0	9000000.0	238000000.0						
ZWE	2013		BEA_return_cg	all_groups			256000000.0	33000000.0					
ZWE	2014		BEA_return_cg	all_groups			282000000.0						
ZWE	2015		BEA_return_cg	all_groups			275000000.0						
ZWE	2016		BEA_return_cg	all_groups			390000000.0						
ZWE	2017		BEA_return_cg	all_groups			389000000.0						
ZWE	2018		BEA_return_cg	all_groups	1000.0		365000000.0						
ZWE	2019		BEA_return_cg	all_groups			420000000.0	71000000.0					
ZWE	2020		BEA_return_cg	all_groups			412000000.0						
ZWE	2021		BEA_return_cg	all_groups			348000000.0	40000000.0					
USA	2004	468357000000.0	BEA_return_cg	all_groups	21176500.0	1239523000000.0	16141530000000.0	2280227000000.0	163544000000.0	6630390000000.0	7058957000000.0	-6448000000.0	0.3491866247328427
USA	2005	619794000000.0	BEA_return_cg	all_groups	21472000.0	1281321000000.0	17196187000000.0		205556000000.0	7284445000000.0	7756125000000.0	9427000000.0	0.3316521295785374
USA	2006	754032000000.0	BEA_return_cg	all_groups	21615800.0	1363634000000.0	18620815000000.0		230876000000.0	7773056000000.0	8217881000000.0	13567000000.0	0.30618859677042887
USA	2007	657884000000.0	BEA_return_cg	all_groups	21548900.0	1386455000000.0	20271992000000.0		249691000000.0	8100368000000.0	8593134000000.0	29922000000.0	0.37953651403590905
USA	2008	35828000000.0	BEA_return_cg	all_groups	20901000.0	1355204000000.0	16777082000000.0		145831000000.0	8088422000000.0	8635003000000.0	34515000000.0	4.070308138885788
USA	2009	475856000000.0	BEA_return_cg	all_groups	22932700.0	1590589000000.0	27630675000000.0	2854807000000.0	135995000000.0	8607461000000.0	9208797000000.0	-23121000000.0	0.2857902390639185
USA	2010	717589000000.0	BEA_return_cg	all_groups	22791100.0	1618713000000.0	29546451000000.0		202855000000.0	9110122000000.0	9774337000000.0	23128000000.0	0.28268967333668715
USA	2011	859949000000.0	BEA_return_cg	all_groups	22994200.0	1692811000000.0	30597694000000.0		217634000000.0	9872534000000.0	10593201000000.0	-17092000000.0	0.2530777987996963
USA	2012	812511000000.0	BEA_return_cg	all_groups	23091900.0	1772517000000.0	32419222000000.0		223832000000.0	10213458000000.0	10935873000000.0	-2161000000.0	0.2754818088616646
USA	2013	1051108000000.0	BEA_return_cg	all_groups	23348800.0	1812968000000.0	33620732000000.0		282903000000.0	10496017000000.0	11201011000000.0	29480000000.0	0.2691474139669758
USA	2014	1159189000000.0	BEA_return_cg	all_groups	27587200.0	2116998000000.0	39011574000000.0	4290724000000.0	331712000000.0	12152511000000.0	13000380000000.0	-39285000000.0	0.28615868508069003
USA	2015	994195000000.0	BEA_return_cg	all_groups	28045600.0	2191540000000.0	39701859000000.0		300987000000.0	11769870000000.0	12522976000000.0	19893000000.0	0.30274443142441876
USA	2016	1069145000000.0	BEA_return_cg	all_groups	28022600.0	2199969000000.0	40464823000000.0		288815000000.0	11855768000000.0	12616391000000.0	-15876000000.0	0.27013641741765615
USA	2017	995778000000.0	BEA_return_cg	all_groups	27981700.0	2238621000000.0	42266346000000.0		233927000000.0	12583001000000.0	13438681000000.0	-24130000000.0	0.23491882728881336
USA	2018	1143253000000.0	BEA_return_cg	all_groups	28532300.0	2344056000000.0	43783215000000.0		212147000000.0	13409706000000.0	14338829000000.0	-41792000000.0	0.1855643501482174
USA	2019	1233468000000.0	BEA_return_cg	all_groups	29075700.0	2421669000000.0	46917468000000.0		207239000000.0	13778767000000.0	14658889000000.0	-81820000000.0	0.16801327638819977
USA	2020	684632000000.0	BEA_return_cg	all_groups	28893300.0	2438171000000.0	50865358000000.0		139634000000.0	13226244000000.0	14015682000000.0	-41344000000.0	0.20395482536603607
USA	2021	2011453000000.0	BEA_return_cg	all_groups	29502700.0	2602939000000.0	54629117000000.0		306772000000.0	15169668000000.0	16066851000000.0	-21926000000.0	0.1525126363877257
