country	n_forms	at	t_at	capital_exp	revenue_total	income	va	rd	wages	emp	year	n_pars	fdi	fdi_income	n_groups	profit_return	net_interest	income_equity	capital_gains	txt	income_equity1	income_equity2	_	us_related_sales	us_unrelated_sales	for1_relates_sales	for1_unrelates_sales	for2_relates_sales	for2_unrelates_sales	iso
Afghanistan					0.0	0.0			0.0	0.0	2004			0.0	1.0															AFG
Afghanistan					0.0	0.0			0.0	0.0	2005																			AFG
Afghanistan					0.0	0.0			0.0	0.0	2006																			AFG
Afghanistan					0.0	0.0			0.0	0.0	2007																			AFG
Afghanistan					0.0	0.0			0.0	0.0	2008																			AFG
Afghanistan	0.0	4.0	1.0		8.0	-1.0		0.0			2009		3.0	-1.0	0.0															AFG
Afghanistan	0.0	4.0	1.0		8.0	-1.0		0.0			2010																			AFG
Afghanistan	0.0	4.0	1.0		8.0	-1.0		0.0			2011																			AFG
Afghanistan	0.0	4.0	1.0		8.0	-1.0		0.0			2012																			AFG
Afghanistan	0.0	4.0	1.0		8.0	-1.0		0.0			2013																			AFG
Afghanistan	0.0		3.0		9.0		5.0	0.0	7.0	0.5	2014				0.0															AFG
Afghanistan	0.0		3.0		9.0		5.0	0.0	7.0	0.5	2015																			AFG
Afghanistan	1.0		3.0			1.0	5.0	0.0	9.0	0.9	2016																			AFG
Afghanistan	1.0		3.0			1.0	5.0	0.0	9.0	0.9	2017																			AFG
Afghanistan	1.0		3.0			1.0	5.0	0.0	9.0	0.9	2018																			AFG
Afghanistan	2.0	125.0			89.0	4.0	28.0	0.0	17.0	2.3	2019	4.0																		AFG
Afghanistan	2.0	130.0	37.0	5.0	86.0	2.0	21.0	0.0	16.0	2.3	2020																			AFG
Afghanistan	2.0	120.0	29.0	4.0	89.0	1.0	16.0	0.0	14.0	2.1	2021																			AFG
Albania		2.0									2004		2.0		2.0															ALB
Albania		2.0									2005																			ALB
Albania		2.0									2006																			ALB
Albania	1.0										2007																			ALB
Albania	1.0										2008																			ALB
Albania	1.0		1.0			1.0		0.0			2009		-2.0		1.0															ALB
Albania	1.0		1.0			2.0		0.0			2010																			ALB
Albania	1.0		1.0			2.0		0.0			2011																			ALB
Albania	1.0		1.0			3.0		0.0			2012																			ALB
Albania	1.0		1.0			3.0		0.0			2013																			ALB
Albania	1.0	42.0	5.0		59.0	3.0		0.0	7.0	0.3	2014				1.0															ALB
Albania	1.0		5.0		58.0	3.0		0.0	7.0	0.3	2015																			ALB
Albania	1.0	43.0	5.0		56.0	3.0		0.0	7.0		2016																			ALB
Albania	1.0	45.0	5.0		56.0	3.0		0.0	7.0		2017																			ALB
Albania	1.0	46.0	5.0		53.0	3.0		0.0	7.0	0.3	2018																			ALB
Albania	2.0	98.0	24.0	1.0	94.0		66.0	0.0	9.0	0.2	2019	12.0																		ALB
Albania	2.0	99.0	24.0	1.0	92.0		64.0	0.0	9.0	0.2	2020																			ALB
Albania	2.0	102.0	24.0	1.0	106.0	-1.0	78.0	0.0	9.0	0.2	2021																			ALB
Algeria	18.0	6626.0	1741.0		2328.0	602.0			184.0	2.4	2004		3711.0		17.0															DZA
Algeria	18.0	8681.0							171.0	2.1	2005																			DZA
Algeria	19.0								190.0	5.8	2006																			DZA
Algeria	20.0								175.0	6.2	2007																			DZA
Algeria	20.0								164.0	5.9	2008																			DZA
Algeria	18.0	13407.0	3713.0	112.0	4214.0	507.0	2167.0	0.0	161.0	4.3	2009				14.0															DZA
Algeria	20.0	12745.0	3495.0	817.0	4099.0	764.0	2728.0	1.0	191.0	4.2	2010																			DZA
Algeria	20.0	13928.0	3663.0	691.0	5192.0	1873.0	3876.0	1.0	212.0	4.3	2011																			DZA
Algeria	19.0	16105.0	3833.0	647.0	4767.0	4079.0	3565.0	0.0	195.0	4.3	2012																			DZA
Algeria	18.0	15072.0	2886.0	433.0	3818.0	1496.0	2875.0	0.0	153.0	4.1	2013																			DZA
Algeria	21.0	15719.0	2839.0	84.0	4080.0	1546.0	3073.0	0.0	185.0	3.5	2014		2918.0	1052.0	16.0															DZA
Algeria	19.0	14340.0	2594.0	206.0	2539.0	584.0	1698.0	1.0	133.0	3.4	2015																			DZA
Algeria	21.0	8610.0	2357.0	191.0	2849.0	307.0	1544.0		162.0	3.6	2016																			DZA
Algeria	19.0	8587.0	1942.0	135.0	2856.0	626.0	1637.0		153.0	3.2	2017																			DZA
Algeria	18.0	6918.0		53.0	2842.0	848.0	1747.0	1.0	158.0	3.2	2018																			DZA
Algeria	27.0	7900.0		57.0	3215.0	833.0	1660.0	3.0	190.0	3.8	2019	26.0																		DZA
Algeria	27.0	6817.0		35.0	2210.0	-701.0	756.0	3.0	157.0	3.3	2020																			DZA
Algeria	27.0	7006.0		34.0	2505.0	317.0	898.0	4.0	143.0	3.2	2021																			DZA
All countries	24405.0	9373484.0	996810.0		3841409.0	496964.0			378591.0	10068.4	2004		1869724.0	208792.0	2400.0	258763.0	-13624.0	259242.0	7079.0	74068.0			3312531.0							Rest
All countries	24621.0	10368282.0			4362234.0	650016.0			404995.0	10621.7	2005					324862.0	-26159.0	360517.0	16815.0	100143.0										Rest
All countries	25685.0	12118593.0			4793319.0	727625.0			436050.0	11149.9	2006					365201.0	-21463.0	403871.0	17374.0	114027.0										Rest
All countries	26416.0	14449484.0			5522695.0	844721.0			476824.0	11731.9	2007					419550.0	-14835.0	469666.0	6637.0	125181.0										Rest
All countries	25903.0	12608521.0			6073021.0	938183.0			490119.0	11801.2	2008					449158.0	-8213.0	602828.0	-51977.0	140644.0										Rest
All countries	25037.0	18775261.0	1114490.0	167066.0	4783647.0	778787.0	1144957.0	39205.0	482041.0	10793.9	2009		3374188.0	313269.0	2255.0	398679.0	-43213.0	514677.0	11676.0	109424.0			4783647.0							Rest
All countries	25153.0	19582476.0	1120553.0	166384.0	5168635.0	1026365.0	1242237.0	39887.0	493629.0	11313.4	2010					460173.0	-40967.0	668550.0	36111.0	130000.0				381426.0	87772.0	287207.0	2694206.0	814981.0	690704.0	Rest
All countries	25674.0	20834352.0	1203721.0	188819.0	5912702.0	1098520.0	1415892.0	44684.0	538721.0	11850.2	2011					561088.0	-43101.0	697128.0	12328.0	163878.0				445815.0	101789.0	352654.0	3046651.0	935213.0	810978.0	Rest
All countries	26308.0	21700169.0	1288446.0	217951.0	5942859.0	1066376.0	1414679.0	44983.0	555862.0	12127.7	2012					543380.0	-39239.0	681449.0	3219.0	152667.0				472687.0	103153.0	335461.0	3072670.0	917445.0	819899.0	Rest
All countries	26608.0	22672812.0	1366495.0	223160.0	6001943.0	1044636.0	1394826.0	49221.0	563542.0	12419.0	2013					511726.0	-33962.0	671811.0	9186.0	138607.0				468299.0	99709.0	325996.0	3121379.0	932571.0	823522.0	Rest
All countries	34314.0	25178065.0	1456249.0	245247.0	6504909.0	1166223.0	1490153.0	55278.0	632546.0	14052.4	2014		5013263.0	436857.0	4120.0	554226.0	-46774.0	718790.0	28124.0	133164.0			6504909.0	576440.0	104957.0	321525.0	3390239.0	990865.0	865795.0	Rest
All countries	34502.0	24894401.0	1384982.0	214815.0	5950947.0	1064921.0	1358772.0	56096.0	611564.0	14081.0	2015					478188.0	-48968.0	727897.0	-40226.0	91422.0				537394.0	106197.0	260787.0	3066789.0	899014.0	838217.0	Rest
All countries	34824.0	25249068.0	1369281.0	195087.0	5800836.0	1023223.0	1302066.0	54307.0	600163.0	14265.4	2016					434090.0	-44573.0	689599.0	-5608.0	86941.0				546364.0	93301.0	274553.0	3015596.0	854150.0	778240.0	Rest
All countries	35079.0	27569828.0	1402391.0	189627.0	6189163.0	1266171.0	1416377.0	57831.0	613340.0	14381.7	2017					538833.0	-58135.0	777177.0	63011.0	105566.0				582221.0	104315.0	300505.0	3194066.0	919520.0	826957.0	Rest
All countries	35145.0	27326428.0	1369747.0	189611.0	6739148.0	1442282.0	1458164.0	58458.0	624266.0	14352.1	2018					556233.0	-55866.0	953623.0	56944.0	118108.0				650178.0	123308.0	350192.0	3378670.0	1005219.0	951296.0	Rest
All countries	38260.0	28430348.0	1417264.0	191661.0	6678872.0	1389718.0	1416159.0	58336.0	636810.0	14153.8	2019	4255.0				510847.0	-62742.0	943394.0	48659.0	110060.0	917557.0	25837.0		669834.0	136256.0	372307.0	3318836.0	987873.0	902291.0	Rest
All countries	37768.0	28927550.0	1379048.0	179578.0	6210102.0	1164534.0	1329756.0	59321.0	630929.0	13976.0	2020					439354.0	-55984.0	781978.0	40035.0	93479.0				649781.0	111452.0	328177.0	3141534.0	906575.0	817058.0	Rest
All countries	37382.0	29182070.0	1361979.0	187947.0	7319062.0	1253439.0	1571923.0	69448.0	667554.0	13813.2	2021					614627.0	-56220.0	772541.0	1448.0	131555.0				695351.0	127958.0	430493.0	3686552.0	1088412.0	1021354.0	Rest
Andorra		1.0									2004				1.0															AND
Andorra		1.0									2005																			AND
Andorra		1.0									2006																			AND
Andorra		1.0									2007																			AND
Andorra		1.0									2008																			AND
Andorra	0.0					1.0	4.0	0.0	2.0		2009		0.0	0.0	0.0															AND
Andorra	0.0					1.0	4.0	0.0	2.0		2010																			AND
Andorra	0.0					1.0	4.0	0.0	2.0		2011																			AND
Andorra	0.0					1.0	4.0	0.0	2.0		2012																			AND
Andorra	0.0					1.0	4.0	0.0	2.0		2013																			AND
Andorra	0.0		1.0					0.0	0.0	0.0	2019	1.0																		AND
Andorra	0.0		1.0					0.0	0.0	0.0	2020																			AND
Andorra	0.0		1.0					0.0	0.0	0.0	2021																			AND
Angola	19.0				3717.0	1629.0			185.0	4.2	2004			-76.0	12.0															AGO
Angola	22.0								229.0	4.3	2005																			AGO
Angola	25.0	19893.0							339.0	5.7	2006																			AGO
Angola	27.0								358.0	6.1	2007																			AGO
Angola	30.0								417.0	5.6	2008																			AGO
Angola	31.0	42358.0	15030.0	3749.0	9215.0	5301.0	6460.0		467.0	5.7	2009		2525.0	256.0	10.0															AGO
Angola	31.0		16407.0	3653.0	10190.0	4901.0	7789.0		587.0	6.0	2010																			AGO
Angola	31.0				12056.0		9049.0		612.0	5.9	2011																			AGO
Angola	29.0	50061.0			12100.0				698.0	6.5	2012																			AGO
Angola	32.0	56122.0	17411.0	3078.0	11526.0		8776.0		771.0	6.3	2013																			AGO
Angola	35.0	60504.0	20274.0	4362.0	10728.0	4845.0	7312.0	0.0	791.0	6.9	2014			-147.0	14.0															AGO
Angola	35.0	57917.0		3092.0	6727.0	-720.0	3519.0	0.0	718.0	6.2	2015																			AGO
Angola	34.0				5469.0	123.0	3542.0	0.0	658.0	5.5	2016																			AGO
Angola	36.0				5888.0	1291.0	4050.0	0.0	605.0	5.1	2017																			AGO
Angola	35.0				6994.0		5088.0	0.0	559.0	5.2	2018																			AGO
Angola	39.0			507.0	6341.0		3760.0	0.0	549.0	4.3	2019	22.0																		AGO
Angola	40.0				4120.0	-987.0	2972.0	0.0	545.0	4.0	2020																			AGO
Angola	39.0			369.0	5401.0		3614.0	0.0	517.0	4.1	2021																			AGO
Anguilla		7.0	1.0						0.0		2004		-5.0		1.0															AIA
Anguilla		7.0							0.0		2005																			AIA
Anguilla		7.0							0.0		2006																			AIA
Anguilla		7.0							0.0		2007																			AIA
Anguilla		7.0							0.0		2008																			AIA
Anguilla	0.0	5.0	3.0		4.0	1.0	2.0	0.0	1.0		2009				0.0															AIA
Anguilla	0.0	5.0	3.0		4.0	1.0	2.0	0.0	1.0		2010																			AIA
Anguilla	0.0	5.0	3.0		4.0	1.0	2.0	0.0	1.0		2011																			AIA
Anguilla	0.0	5.0	3.0		4.0	1.0	2.0	0.0	1.0		2012																			AIA
Anguilla	0.0	5.0	3.0		4.0	1.0	2.0	0.0	1.0		2013																			AIA
Anguilla	6.0	504.0	62.0		51.0	-8.0	7.0	0.0	1.0	0.2	2014		210.0	11.0	5.0															AIA
Anguilla	5.0	236.0	62.0		46.0	6.0	7.0	0.0	1.0	0.2	2015																			AIA
Anguilla	6.0	353.0	60.0		53.0	1.0	-1.0	0.0	1.0	0.2	2016																			AIA
Anguilla	6.0	443.0	59.0		52.0	72.0	21.0	0.0	1.0	0.2	2017																			AIA
Anguilla	7.0	539.0	61.0		72.0	43.0	31.0	0.0	1.0	0.2	2018																			AIA
Anguilla	6.0	304.0			51.0	23.0	-17.0	0.0	1.0	0.2	2019	7.0																		AIA
Anguilla	6.0	308.0			32.0	-9.0	-12.0	0.0	1.0	0.2	2020																			AIA
Anguilla	6.0	190.0			33.0	-16.0	-21.0	0.0	1.0	0.2	2021																			AIA
Antigua and Barbuda	2.0										2004																			ATG
Antigua and Barbuda	2.0	72.0			25.0	6.0			4.0	0.2	2005																			ATG
Antigua and Barbuda	1.0	43.0			13.0	6.0			3.0	0.1	2006																			ATG
Antigua and Barbuda	1.0										2007																			ATG
Antigua and Barbuda	1.0										2008																			ATG
Antigua and Barbuda	0.0	12.0	2.0		7.0	-2.0		0.0	2.0		2009		2.0		0.0															ATG
Antigua and Barbuda	0.0	12.0	2.0		7.0	-2.0		0.0	2.0		2010																			ATG
Antigua and Barbuda	0.0	12.0	2.0		7.0	-2.0		0.0	2.0		2011																			ATG
Antigua and Barbuda	0.0	12.0	2.0		7.0	-2.0		0.0	2.0		2012																			ATG
Antigua and Barbuda	0.0	12.0	2.0		7.0	-2.0		0.0	2.0		2013																			ATG
Antigua and Barbuda	1.0	11.0	1.0		1.0	-1.0		0.0			2014			-1.0	1.0															ATG
Antigua and Barbuda	1.0	10.0	1.0		1.0	-1.0		0.0			2015																			ATG
Antigua and Barbuda	1.0	10.0	1.0		1.0	-1.0		0.0			2016																			ATG
Antigua and Barbuda	1.0	10.0	1.0		1.0	-1.0		0.0			2017																			ATG
Antigua and Barbuda	1.0	10.0	1.0		1.0	-1.0		0.0			2018																			ATG
Antigua and Barbuda	1.0	35.0			5.0	4.0	5.0	0.0			2019	2.0																		ATG
Antigua and Barbuda	1.0	35.0			5.0	4.0	5.0	0.0			2020																			ATG
Antigua and Barbuda	1.0	35.0			5.0	4.0	5.0	0.0			2021																			ATG
Argentina	272.0	32396.0	12275.0		22889.0	1794.0			1606.0	98.8	2004		6974.0	601.0	329.0	1814.0	216.0	680.0	183.0	846.0			21178.0							ARG
Argentina	259.0	32822.0			24960.0	2573.0			1767.0	97.9	2005					2526.0	207.0	722.0	-32.0	568.0										ARG
Argentina	267.0	40416.0			29075.0	3348.0			2067.0	107.8	2006					3554.0	116.0	1042.0	10.0	1282.0										ARG
Argentina	265.0	44301.0			34003.0	3154.0			2399.0	123.5	2007					3447.0	102.0	890.0	-12.0	1288.0										ARG
Argentina	256.0	46299.0			42410.0	2839.0			2995.0	131.7	2008					3457.0	148.0	760.0	-17.0	1283.0										ARG
Argentina	230.0	50196.0	17795.0	3740.0	35956.0	2353.0	12984.0	92.0	3407.0	137.1	2009		11932.0	818.0	160.0	3559.0				1432.0			35956.0							ARG
Argentina	222.0	58259.0	18807.0	2922.0	41703.0	3746.0	16498.0	117.0	3936.0	141.2	2010					5039.0	-106.0	786.0	-58.0	1464.0						312.0	27421.0	4805.0	3181.0	ARG
Argentina	222.0	56710.0	17440.0	3469.0	49609.0	3561.0	18439.0	136.0	4504.0	139.0	2011					5440.0	-122.0	694.0	-15.0	2301.0				4945.0	744.0	400.0	32067.0	5792.0	4563.0	ARG
Argentina	231.0	59451.0	17574.0	3558.0	49572.0	2972.0	17419.0	161.0	5040.0	134.3	2012					4560.0	-205.0	733.0	107.0	2155.0						1351.0	32065.0	4925.0	4232.0	ARG
Argentina	239.0	60406.0	17760.0	3467.0	51474.0	2808.0	16469.0	162.0	5291.0	133.9	2013					4324.0	-204.0	1019.0	231.0	2313.0				1827.0	255.0	1343.0	34387.0	8425.0	3903.0	ARG
Argentina	263.0	66597.0	18758.0	4036.0	47582.0	4339.0	17773.0	156.0	5600.0	138.1	2014		14410.0	1287.0	178.0	5181.0	-35.0						47582.0			631.0	33179.0	7469.0	2079.0	ARG
Argentina	265.0	68716.0	20019.0	3828.0	46821.0	2163.0	17739.0	151.0	6133.0	136.4	2015					4307.0	-159.0	1047.0	-557.0	2538.0				2495.0	190.0	593.0	33521.0	5962.0	2587.0	ARG
Argentina	263.0	67075.0	20263.0	2423.0	42992.0	1645.0	14858.0	130.0	5518.0	131.2	2016					3372.0	-216.0	467.0	-158.0	1956.0				2451.0	264.0	551.0	29801.0	6103.0	2578.0	ARG
Argentina	268.0	66768.0	20731.0	2834.0	43679.0	3834.0	16963.0	272.0	5774.0	133.4	2017					4342.0	-119.0	475.0	-62.0	834.0				2095.0	350.0	660.0	30566.0	6669.0	2146.0	ARG
Argentina	268.0	52636.0	10677.0	1562.0	39511.0	1417.0	12269.0	229.0	4987.0	127.5	2018					2658.0	108.0	53.0	-335.0	874.0				2451.0	29.0	1063.0	26186.0	7252.0	1546.0	ARG
Argentina	283.0	51231.0	10553.0	1889.0	35008.0	532.0	9736.0	128.0	4553.0	124.6	2019	284.0				1551.0	-120.0	-243.0	-101.0		-241.0	-2.0		3456.0	126.0	970.0	20211.0	7451.0	1893.0	ARG
Argentina	281.0	53114.0	10316.0	1267.0	29243.0	-137.0	7735.0	178.0	4012.0	109.9	2020					408.0	-95.0			443.0				2775.0	33.0	553.0	16917.0	6878.0	1413.0	ARG
Argentina	274.0	53284.0	9787.0	1075.0	32209.0	1671.0	9498.0	148.0	3789.0	101.0	2021					2309.0	-119.0			665.0				3289.0	98.0	604.0	19077.0	6774.0	1723.0	ARG
Armenia		6.0	1.0						3.0		2004		3.0	1.0	2.0															ARM
Armenia		6.0							3.0		2005																			ARM
Armenia		6.0							3.0		2006																			ARM
Armenia		6.0							3.0		2007																			ARM
Armenia		6.0							3.0		2008																			ARM
Armenia	0.0	9.0	1.0		4.0		3.0	0.0	3.0		2009		1.0		0.0															ARM
Armenia	0.0	9.0	1.0		4.0		3.0	0.0	3.0	0.4	2010																			ARM
Armenia	0.0	9.0	1.0		4.0		3.0	0.0	3.0	0.4	2011																			ARM
Armenia	0.0	9.0	1.0		4.0		3.0	0.0	3.0	0.4	2012																			ARM
Armenia	0.0	9.0	1.0		3.0		3.0	0.0	3.0	0.4	2013																			ARM
Armenia	1.0	85.0	4.0		60.0	2.0	9.0	0.0	18.0	1.4	2014		14.0	3.0	1.0															ARM
Armenia	1.0	87.0	4.0		58.0	1.0	12.0	0.0	18.0	1.5	2015																			ARM
Armenia	1.0	82.0	3.0		60.0	2.0	12.0	0.0	17.0	1.4	2016																			ARM
Armenia	1.0	78.0	3.0		58.0	3.0	14.0	0.0	17.0	1.4	2017																			ARM
Armenia	1.0	76.0	3.0		57.0	3.0	14.0	0.0	17.0	1.4	2018																			ARM
Armenia	3.0	103.0	12.0	6.0	89.0	2.0	29.0		29.0	1.5	2019	8.0																		ARM
Armenia	3.0	104.0	12.0	6.0	78.0	3.0	29.0		29.0	1.5	2020																			ARM
Armenia	3.0	102.0	12.0	6.0	86.0	4.0	30.0		29.0	1.5	2021																			ARM
Aruba	14.0	2353.0	714.0						90.0	1.6	2004		125.0	-47.0	10.0															ABW
Aruba	14.0	2400.0							98.0	2.2	2005																			ABW
Aruba	12.0								99.0	2.2	2006																			ABW
Aruba	11.0								111.0	2.2	2007																			ABW
Aruba	10.0								107.0	2.1	2008																			ABW
Aruba	7.0	2560.0	1057.0		2334.0	-119.0	77.0	0.0	105.0	2.4	2009		4.0	25.0	6.0															ABW
Aruba	10.0	2474.0	1048.0	34.0	613.0	-240.0	112.0	0.0	114.0	2.5	2010																			ABW
Aruba	8.0	2634.0	1060.0	56.0		-102.0	118.0	0.0	113.0	2.4	2011																			ABW
Aruba	11.0	942.0	217.0	30.0	1783.0		163.0	0.0	151.0	2.2	2012																			ABW
Aruba	11.0	1097.0	223.0	24.0	654.0	2.0	141.0	0.0	72.0	2.0	2013																			ABW
Aruba	23.0	2217.0	447.0	45.0	961.0	-6.0	280.0	0.0	131.0	3.1	2014		621.0	24.0	14.0															ABW
Aruba	22.0	2062.0	477.0	28.0	916.0	8.0	223.0	0.0	120.0	2.8	2015																			ABW
Aruba	22.0	2285.0	471.0	49.0	880.0		351.0	0.0	113.0	2.8	2016																			ABW
Aruba	22.0	1995.0	387.0	32.0	603.0	60.0	176.0	0.0	104.0	2.7	2017																			ABW
Aruba	18.0	1461.0	315.0	17.0	548.0	43.0	123.0	0.0	77.0	2.0	2018																			ABW
Aruba	20.0	1487.0	381.0	35.0	672.0	87.0	197.0	0.0	85.0	2.5	2019	19.0																		ABW
Aruba	22.0	1744.0	347.0	16.0	492.0	-19.0	122.0	0.0	71.0	2.3	2020																			ABW
Aruba	22.0	1744.0	329.0	14.0	501.0	11.0	151.0	0.0	84.0	2.3	2021																			ABW
Australia	818.0	175583.0	32722.0		104225.0	12440.0			14316.0	321.8	2004		43293.0	4012.0	680.0	7438.0	-418.0	5447.0	7.0	1485.0			86230.0							AUS
Australia	805.0	222551.0			114022.0	12890.0			16046.0	321.9	2005					10364.0	-1385.0	3784.0	-212.0	1664.0										AUS
Australia	841.0	225696.0			120204.0	15060.0			16871.0	315.0	2006					11317.0	202.0	6314.0	284.0	3289.0										AUS
Australia	856.0	297057.0			158769.0	15515.0			19179.0	327.9	2007					11958.0	1260.0	6184.0	111.0	3195.0										AUS
Australia	826.0	282965.0			175521.0	18223.0			19756.0	318.3	2008					13809.0	2396.0	8368.0	-511.0	4097.0										AUS
Australia	771.0	420953.0	54758.0	10675.0	138269.0	13428.0	44880.0	751.0	19998.0	294.6	2009		105527.0	4453.0	427.0	10200.0		7001.0	205.0	4009.0			138269.0							AUS
Australia	764.0	494608.0	56337.0	10945.0	151498.0	17481.0	49165.0	982.0	21876.0	290.9	2010					16762.0	-591.0	8237.0	-2711.0	3995.0				3912.0	478.0	5440.0	104842.0	11658.0	16586.0	AUS
Australia	800.0	566883.0	69937.0	14403.0	176606.0	25019.0	57346.0	1081.0	25062.0	305.5	2011					20425.0	-171.0	11235.0	-1213.0	4528.0				5915.0	648.0	5825.0	121077.0	11846.0	21771.0	AUS
Australia	816.0	573811.0	85123.0	18558.0	184429.0	19596.0	56984.0	1153.0	26863.0	308.1	2012					16032.0	248.0	11792.0	-2319.0	4922.0				5021.0	508.0	5834.0	127945.0	13351.0	22974.0	AUS
Australia	833.0	582424.0	94158.0	16289.0	185621.0	15405.0	50140.0	1113.0	27042.0	309.4	2013					9418.0	184.0	11465.0	-2273.0	2455.0				5070.0	422.0	9766.0	127327.0	14732.0	20186.0	AUS
Australia	1051.0	677567.0	103415.0	14937.0	183124.0	19654.0	58424.0	1271.0	29666.0	343.4	2014		175297.0	9908.0	568.0	14042.0	292.0	11437.0	39.0	3528.0			183124.0	4981.0	557.0	9833.0	128558.0	11721.0	19238.0	AUS
Australia	1065.0	632314.0	79329.0	12578.0	150285.0	4689.0	44704.0	1053.0	26826.0	324.8	2015					6108.0	911.0	7298.0	-6076.0	2224.0				4099.0	521.0	6399.0	105924.0	10466.0	16918.0	AUS
Australia	1068.0	690220.0	79618.0	8438.0	140568.0	8816.0	41423.0	869.0	25798.0	310.2	2016					3446.0	1392.0	6877.0	755.0	1871.0				4058.0	521.0	5642.0	102060.0	10326.0	12847.0	AUS
Australia	1086.0	761976.0	76889.0	7453.0	155140.0	18360.0	47924.0	985.0	26421.0	322.8	2017					7454.0	606.0	6841.0	6998.0	2652.0				5137.0	512.0	5341.0	112167.0	10192.0	16154.0	AUS
Australia	1100.0	771662.0	75415.0	8006.0	169856.0	26536.0	44903.0	1003.0	26265.0	324.4	2018					4228.0	-292.0	21382.0	4172.0	2915.0				5395.0	715.0	7026.0	117574.0	11205.0	21156.0	AUS
Australia	1191.0	757933.0	74627.0	7322.0	168506.0	16638.0	45753.0	968.0	26186.0	332.0	2019	812.0				4908.0	-184.0	12358.0	2499.0	2958.0	11903.0	455.0		4781.0	668.0	9816.0	118866.0	9644.0	18113.0	AUS
Australia	1173.0	808803.0	72618.0	6823.0	153426.0	2491.0	45393.0	956.0	25399.0	316.1	2020					7622.0	-775.0	1043.0	-3379.0	2617.0				4984.0	552.0	5722.0	112745.0	9872.0	14003.0	AUS
Australia	1171.0	798964.0	73531.0	6996.0	187597.0	24553.0	55949.0	1070.0	27924.0	328.1	2021					13018.0	-266.0			3606.0				5456.0	661.0	7127.0	138634.0	11825.0	18417.0	AUS
Austria	206.0	30078.0	3567.0		16387.0	1459.0			2218.0	35.6	2004		8051.0	622.0	253.0	1260.0	-70.0	504.0	1.0	281.0			15837.0							AUT
Austria	213.0	36848.0							2603.0	40.5	2005					1344.0	-61.0	2216.0	5480.0	164.0										AUT
Austria	225.0								2758.0	40.6	2006					1207.0	-69.0	2548.0	-2.0	220.0										AUT
Austria	231.0								3024.0	40.4	2007					1291.0	36.0	2653.0	146.0	266.0										AUT
Austria	229.0								3239.0	44.9	2008					1051.0	293.0	4198.0	-52.0	300.0										AUT
Austria	193.0	40217.0	4250.0	844.0	20984.0	2669.0	5795.0	296.0	3317.0	41.0	2009			1737.0	133.0	828.0	244.0	2236.0	0.0	279.0			20984.0							AUT
Austria	186.0	35340.0	3641.0	650.0	20125.0	3753.0	5748.0	278.0	3288.0	40.3	2010					1325.0	331.0	2600.0	8.0	180.0				442.0	85.0	464.0	12008.0	4635.0	2371.0	AUT
Austria	187.0	40027.0	4086.0	662.0	21909.0	2980.0	5156.0	289.0	3568.0	43.8	2011					360.0	292.0	2836.0	5.0	220.0				464.0	123.0	399.0	13974.0	4029.0	2812.0	AUT
Austria	199.0	43544.0	4327.0	852.0	20922.0	2365.0	4450.0	257.0	3671.0	46.1	2012					-267.0	219.0	2851.0	-10.0	209.0				445.0	406.0	1394.0	11533.0	4252.0	2753.0	AUT
Austria	205.0	46997.0	4602.0	802.0	21353.0	3003.0	5882.0	283.0	3815.0	46.1	2013					1121.0	85.0	2138.0	-31.0	226.0				448.0	122.0	1295.0	13011.0	3714.0	2592.0	AUT
Austria	225.0	37158.0	3975.0	689.0	22467.0	4198.0	6169.0	580.0	3991.0	47.9	2014			2223.0	153.0	1183.0	54.0	3394.0	5.0				22467.0	732.0	106.0	1094.0	14805.0	2730.0	2851.0	AUT
Austria	230.0	47692.0	4007.0	611.0	20159.0	2803.0	4905.0	536.0	3972.0	49.9	2015					-22.0	51.0	3112.0	-6.0	257.0				648.0	109.0	865.0	13601.0	2424.0	2254.0	AUT
Austria	234.0	40490.0	4259.0	522.0	22053.0	2100.0	5670.0	548.0	3571.0	47.9	2016					1215.0	-67.0	1171.0	-17.0	245.0				1727.0	66.0	1016.0	12633.0	4605.0	1490.0	AUT
Austria	236.0	42049.0	4827.0	650.0	23775.0	1902.0	6548.0	527.0	3792.0	49.8	2017					1810.0	-52.0	613.0	-167.0	325.0				1704.0	100.0	848.0	13287.0	4964.0	2469.0	AUT
Austria	228.0	39637.0	4530.0	628.0	24793.0	1363.0	5747.0	465.0	3691.0	47.0	2018					1078.0	-5.0	503.0	-10.0	204.0				1780.0	109.0	599.0	13775.0	5525.0	2631.0	AUT
Austria	255.0	38839.0	4236.0	748.0	24514.0	1174.0	6006.0	389.0	3278.0	41.6	2019	242.0				1229.0	-8.0		-19.0	262.0				1910.0	43.0	431.0	14618.0	5234.0	1904.0	AUT
Austria	245.0	29427.0	3702.0	766.0	22608.0	1006.0	4916.0	163.0	2508.0	28.8	2020					856.0	22.0	326.0	-38.0	139.0				609.0	209.0	399.0	14788.0	4629.0	1823.0	AUT
Austria	241.0	30174.0	3885.0	683.0	24456.0	719.0	5070.0	241.0	2724.0	29.7	2021					561.0	20.0	350.0	-1.0	191.0				941.0	206.0	467.0	15822.0	4991.0	1922.0	AUT
Azerbaijan	16.0	4897.0	4065.0		743.0	258.0			11.0	0.3	2004		2738.0	261.0	15.0															AZE
Azerbaijan	17.0	7504.0			1782.0	964.0			18.0	0.6	2005																			AZE
Azerbaijan	18.0	10384.0			4429.0	1981.0			20.0	0.7	2006																			AZE
Azerbaijan	21.0	14266.0			7964.0	3703.0			61.0	1.3	2007																			AZE
Azerbaijan	17.0	14529.0			6814.0	3446.0			47.0	1.1	2008																			AZE
Azerbaijan	15.0	6844.0	4608.0	240.0	2565.0	747.0	1631.0	0.0	53.0	1.0	2009		1702.0	425.0	10.0															AZE
Azerbaijan	12.0	6035.0	4499.0		2019.0			0.0	52.0	0.9	2010																			AZE
Azerbaijan	11.0	6130.0	4410.0	434.0	2366.0	1022.0		0.0	61.0	0.9	2011																			AZE
Azerbaijan	11.0	5982.0	4342.0	567.0	2462.0	1029.0		0.0	72.0	1.0	2012																			AZE
Azerbaijan	13.0	5343.0			2416.0	1157.0		0.0	117.0	1.1	2013																			AZE
Azerbaijan	13.0	5004.0			2189.0	512.0		0.0	100.0	2.0	2014		1258.0		10.0															AZE
Azerbaijan	13.0	4281.0			1530.0	77.0	891.0	0.0	85.0	1.8	2015																			AZE
Azerbaijan	14.0	3581.0			1359.0	-137.0	732.0	0.0	84.0	1.7	2016																			AZE
Azerbaijan	14.0	3663.0			1334.0	16.0	728.0	0.0	75.0	1.7	2017																			AZE
Azerbaijan	14.0	3580.0			1202.0	152.0	670.0	0.0	74.0	1.7	2018																			AZE
Azerbaijan	17.0	3679.0		283.0	1246.0	358.0	702.0	0.0	84.0	1.7	2019	18.0																		AZE
Azerbaijan	17.0	3544.0		306.0	775.0	-86.0	300.0	0.0	82.0	1.7	2020																			AZE
Azerbaijan	16.0	3597.0			892.0	41.0	397.0	3.0	74.0	1.6	2021																			AZE
Bahamas	48.0	19908.0	2417.0		4243.0	471.0			95.0	2.0	2004		8871.0	491.0	39.0															BHS
Bahamas	48.0	26630.0							117.0	2.3	2005																			BHS
Bahamas	51.0								110.0	2.5	2006																			BHS
Bahamas	44.0								105.0	1.5	2007																			BHS
Bahamas	46.0								168.0	2.2	2008																			BHS
Bahamas	55.0	421231.0	493.0	62.0	5365.0	1646.0	258.0	0.0	93.0	1.4	2009		26489.0	1567.0	28.0															BHS
Bahamas	56.0	468553.0	493.0	68.0	6419.0	2972.0	786.0	0.0	93.0	1.4	2010																			BHS
Bahamas	54.0	541174.0	1680.0	237.0	6397.0	1907.0	878.0	0.0	118.0	1.5	2011																			BHS
Bahamas	55.0	278148.0	1821.0	202.0	6159.0	2129.0	755.0	0.0	110.0	1.5	2012																			BHS
Bahamas	54.0	222565.0	1841.0	125.0	6317.0	2226.0	1114.0	0.0	122.0	1.8	2013																			BHS
Bahamas	101.0	183404.0	3826.0	234.0	14272.0	12704.0	11157.0		371.0	11.1	2014		29721.0	3181.0	56.0															BHS
Bahamas	101.0	160005.0	3585.0	130.0	19202.0	15931.0	14481.0		353.0	11.0	2015																			BHS
Bahamas	97.0	85458.0	3511.0	146.0	16044.0	7330.0	11923.0		364.0	11.6	2016																			BHS
Bahamas	93.0	86600.0	3563.0	127.0	16727.0	5077.0	11814.0		371.0	11.7	2017																			BHS
Bahamas	77.0	102693.0	3482.0	144.0	18751.0	17453.0	13275.0		333.0	10.1	2018																			BHS
Bahamas	100.0	104176.0		106.0	6545.0	2764.0	673.0	1.0	387.0	10.8	2019	71.0																		BHS
Bahamas	86.0	87678.0	2428.0	51.0	5355.0	1839.0	549.0		328.0	10.3	2020																			BHS
Bahamas	84.0	104221.0	2406.0	57.0	5355.0	3223.0	1095.0		324.0	10.3	2021																			BHS
Bahrain	11.0								44.0	1.0	2004		19.0	25.0	16.0															BHR
Bahrain	11.0	349.0							29.0	1.0	2005																			BHR
Bahrain	13.0				264.0				18.0	0.7	2006																			BHR
Bahrain	12.0	349.0			286.0	37.0			22.0	0.7	2007																			BHR
Bahrain	10.0	331.0			313.0	35.0			19.0	0.5	2008																			BHR
Bahrain	10.0		103.0	4.0	652.0	-221.0	18.0	0.0	77.0	1.3	2009		-349.0		8.0															BHR
Bahrain	13.0		370.0		940.0	198.0	343.0	0.0	82.0	1.4	2010																			BHR
Bahrain	15.0	14115.0	467.0		1150.0	220.0	404.0	0.0	95.0	1.5	2011																			BHR
Bahrain	14.0	12545.0	1067.0		1096.0	-13.0	248.0	0.0	112.0	1.6	2012																			BHR
Bahrain	15.0	5091.0	969.0		967.0	120.0	326.0	0.0	97.0	1.4	2013																			BHR
Bahrain	17.0	3429.0	316.0		1548.0	-685.0	497.0		134.0	2.8	2014				15.0															BHR
Bahrain	17.0	3095.0	326.0	64.0	934.0	9.0	200.0		115.0	2.8	2015																			BHR
Bahrain	18.0	3005.0	403.0		787.0	32.0	238.0		120.0	3.2	2016																			BHR
Bahrain	18.0	2791.0	423.0		1204.0	120.0	266.0		104.0	3.1	2017																			BHR
Bahrain	21.0	3247.0	591.0		2348.0	149.0	359.0		102.0	3.1	2018																			BHR
Bahrain	24.0	3216.0	527.0		2025.0	145.0	297.0	4.0	99.0	2.7	2019	39.0																		BHR
Bahrain	24.0	3174.0	655.0		1319.0	46.0	267.0	4.0	74.0	2.5	2020																			BHR
Bahrain	22.0	3952.0	681.0		1529.0	69.0	227.0	4.0	80.0	2.5	2021																			BHR
Bangladesh	9.0								20.0	1.8	2004		285.0	27.0	15.0															BGD
Bangladesh	11.0	2954.0							19.0	1.8	2005																			BGD
Bangladesh	12.0								24.0	1.8	2006																			BGD
Bangladesh	11.0								27.0	1.7	2007																			BGD
Bangladesh	8.0	2135.0			680.0	341.0			17.0	1.0	2008																			BGD
Bangladesh	8.0	2765.0			700.0		426.0	0.0	39.0	1.1	2009		312.0	31.0	7.0															BGD
Bangladesh	8.0	2667.0			669.0	196.0		0.0	38.0	1.2	2010																			BGD
Bangladesh	9.0	2704.0			802.0	319.0		0.0	40.0	1.2	2011																			BGD
Bangladesh	9.0	2923.0			943.0	345.0		0.0	51.0	1.4	2012																			BGD
Bangladesh	12.0				1212.0	452.0			70.0	2.9	2013																			BGD
Bangladesh	11.0				1255.0	438.0	669.0	0.0	97.0	4.2	2014				10.0															BGD
Bangladesh	12.0	4284.0			1337.0	366.0	713.0		99.0	4.0	2015																			BGD
Bangladesh	12.0	4302.0		32.0	1249.0	300.0	645.0		107.0	3.8	2016																			BGD
Bangladesh	12.0	4087.0		14.0	1280.0	320.0	670.0	3.0	91.0	3.7	2017																			BGD
Bangladesh	12.0			10.0	1349.0	335.0	642.0		86.0	4.0	2018																			BGD
Bangladesh	12.0	4133.0		33.0	736.0	112.0	81.0		82.0	4.0	2019	21.0																		BGD
Bangladesh	12.0	4358.0		24.0	681.0	-184.0	-148.0		81.0	3.7	2020																			BGD
Bangladesh	12.0	4331.0		19.0	815.0	156.0	171.0	1.0	89.0	4.5	2021																			BGD
Barbados	64.0								72.0	1.8	2004			581.0	74.0	1959.0	-211.0	313.0	0.0	51.0			3944.0							BRB
Barbados	64.0	24814.0							76.0	1.8	2005					1019.0	-166.0	227.0	16.0	30.0										BRB
Barbados	64.0								74.0	1.7	2006					3141.0	-208.0	370.0	35.0	128.0										BRB
Barbados	61.0								75.0	1.8	2007					3128.0	-216.0	496.0	17.0	135.0										BRB
Barbados	59.0								63.0	1.6	2008						-307.0	529.0	-101.0	295.0										BRB
Barbados	71.0	46625.0	1890.0	111.0	10210.0	1385.0	2133.0		52.0	1.4	2009				48.0	2244.0	-373.0	-404.0	0.0	-169.0			10210.0							BRB
Barbados	70.0	49941.0	2237.0		10186.0	2884.0	1758.0		53.0	1.4	2010					1840.0	-355.0	1014.0	124.0	94.0				617.0	74.0	300.0	509.0	5754.0	1135.0	BRB
Barbados	67.0	56660.0	937.0		10215.0	3813.0	2968.0	1.0	50.0	1.3	2011					3085.0	-264.0	833.0	-60.0	46.0				704.0	84.0					BRB
Barbados	66.0	52009.0	1244.0		7900.0	2442.0	1218.0		36.0	1.2	2012					1400.0	-305.0			124.0				591.0	88.0					BRB
Barbados	64.0	52101.0	1062.0		8545.0	2231.0	1401.0		56.0	1.4	2013					1596.0	-330.0			11.0										BRB
Barbados	86.0	61372.0	1145.0		11703.0	2585.0	1785.0	0.0	51.0	1.2	2014		13941.0		54.0	1790.0		466.0		366.0			11703.0	1988.0	93.0					BRB
Barbados	81.0	62291.0	1238.0		13097.0	2109.0	1043.0	1.0	49.0	1.2	2015					1222.0	-353.0			53.0				2218.0	100.0	102.0	928.0			BRB
Barbados	90.0	83328.0	1182.0		17066.0	2085.0	947.0	3.0	46.0	1.2	2016					1190.0		1019.0	142.0	265.0				3602.0	99.0					BRB
Barbados	91.0	131848.0	1155.0		21016.0	5660.0	4118.0	3.0	22.0	0.9	2017					4843.0		1172.0						4372.0	16.0					BRB
Barbados	92.0	141286.0	1102.0		24503.0	7579.0	4392.0	2.0	30.0	0.9	2018					5282.0				30.0				5036.0	16.0					BRB
Barbados	105.0	144685.0	1648.0	531.0	31270.0	10325.0	6198.0		31.0	0.9	2019	91.0				7352.0	-1286.0			116.0		0.0		5846.0	51.0	140.0	242.0			BRB
Barbados	97.0	99833.0	1507.0	16.0	30553.0	5681.0	2545.0		56.0	1.8	2020					4247.0	-1871.0	1539.0	-59.0	45.0				6117.0	55.0					BRB
Barbados	102.0	93089.0	422.0	64.0	39186.0	5214.0	3190.0		58.0	1.9	2021					4647.0	-1598.0	1932.0	-1364.0	1.0				7923.0	52.0		517.0		468.0	BRB
Belarus	1.0										2004																			BLR
Belarus	1.0								3.0	0.7	2005																			BLR
Belarus	1.0								3.0	0.7	2006																			BLR
Belarus	1.0										2007																			BLR
Belarus	1.0										2008																			BLR
Belarus	0.0		3.0				9.0	0.0	9.0	0.6	2009			2.0	0.0															BLR
Belarus	0.0		3.0					0.0	9.0	0.6	2010																			BLR
Belarus	0.0		3.0					0.0	9.0	0.6	2011																			BLR
Belarus	0.0		3.0					0.0	9.0	0.6	2012																			BLR
Belarus	0.0		3.0					0.0	9.0	0.6	2013																			BLR
Belarus	2.0	169.0	52.0	8.0	258.0			1.0			2014		-20.0		2.0															BLR
Belarus	2.0	147.0	11.0		293.0	6.0		1.0			2015																			BLR
Belarus	3.0	300.0	58.0	2.0	316.0			1.0			2016																			BLR
Belarus	3.0		56.0	1.0	335.0			1.0			2017																			BLR
Belarus	3.0	311.0	62.0	1.0	422.0			1.0			2018																			BLR
Belarus	4.0	309.0		1.0				1.0			2019	10.0																		BLR
Belarus	4.0			1.0				1.0			2020																			BLR
Belarus	4.0							1.0			2021																			BLR
Belgium	580.0	246011.0	15759.0		80507.0	8480.0			9326.0	128.2	2004		40472.0	2228.0	476.0	5190.0	-1925.0	2541.0	40.0	880.0			70573.0							BEL
Belgium	574.0	238100.0			94103.0	18134.0			9270.0	130.0	2005					7764.0	-1362.0	6092.0	4656.0	1612.0										BEL
Belgium	602.0	266319.0			105987.0	14358.0			10197.0	133.9	2006					6695.0	-1398.0	7059.0	1124.0	1693.0										BEL
Belgium	606.0	307856.0			126223.0	16410.0			11553.0	139.8	2007					8260.0	-2362.0	7854.0	-119.0	1011.0										BEL
Belgium	598.0	339757.0			147261.0	16281.0			12267.0	142.8	2008					7988.0	-2838.0	9007.0	-554.0	1404.0										BEL
Belgium	529.0	350360.0	18092.0	2055.0	117077.0	14054.0	23110.0	2378.0	11543.0	135.8	2009				302.0	6942.0	-1766.0	7898.0	85.0	702.0			117077.0							BEL
Belgium	525.0	346331.0	15643.0	1991.0	123228.0	18133.0	24741.0	2031.0	11080.0	132.5	2010					8084.0	-1084.0		1136.0					3908.0	442.0	6046.0	41272.0	34010.0	32707.0	BEL
Belgium	532.0	399583.0	16217.0	2286.0	145515.0	11979.0	24679.0	2431.0	12232.0	132.2	2011					7038.0	-2000.0	5741.0	748.0	1549.0				4281.0	2442.0	6906.0	44092.0	39443.0	43783.0	BEL
Belgium	539.0	421898.0	15978.0	2122.0	138314.0	10265.0	24858.0	2547.0	11907.0	130.5	2012					6943.0	-1576.0	4899.0	-262.0	1316.0				3218.0	557.0	9302.0	40464.0	40990.0	40156.0	BEL
Belgium	524.0	419525.0	16726.0	2233.0	134902.0	9573.0	25247.0	2588.0	11792.0	125.9	2013					5644.0	-426.0	4991.0	120.0	1183.0				6421.0	1803.0	8101.0	43052.0	37213.0	34066.0	BEL
Belgium	579.0	387351.0	15183.0	2563.0	141254.0	13032.0	26349.0	1198.0	11719.0	129.6	2014				349.0	6774.0	-308.0			1590.0			141254.0	9206.0	2115.0	9488.0	42459.0	38674.0	35408.0	BEL
Belgium	582.0	373828.0	14240.0	2417.0	119465.0	7767.0	25106.0	1121.0	11364.0	130.1	2015					7228.0	-215.0	2212.0	219.0	1892.0				9046.0	712.0	6601.0	42121.0	29272.0	27835.0	BEL
Belgium	578.0	391852.0	15852.0	2713.0	137898.0	13155.0	25350.0	1726.0	10779.0	123.5	2016					7345.0	107.0	7226.0	213.0	1628.0				10218.0	433.0	27879.0	42152.0	26697.0	26412.0	BEL
Belgium	574.0	423602.0	17268.0	2699.0	159989.0	9379.0	27046.0	1370.0	10912.0	123.7	2017					8551.0	121.0	3042.0	-1.0	2212.0				22832.0	446.0	10989.0	42158.0	49152.0	29728.0	BEL
Belgium	567.0	379347.0	17576.0	2521.0	173105.0	9585.0	26991.0	1778.0	11105.0	125.0	2018					7750.0	84.0	4046.0	-15.0	2195.0				26433.0	434.0	11531.0	43653.0	51871.0	33260.0	BEL
Belgium	600.0	405475.0	18771.0	2471.0	180959.0	11810.0	25787.0	2154.0	11142.0	123.8	2019	448.0				7100.0	-116.0		464.0	2104.0				33416.0	481.0	14260.0	40116.0	56625.0	29603.0	BEL
Belgium	601.0	405330.0	18734.0	2892.0	171983.0	8106.0	27568.0	2270.0	11029.0	116.1	2020					9301.0	-173.0	752.0	-184.0	1756.0				33114.0	362.0	14541.0	39009.0	56929.0	22201.0	BEL
Belgium	595.0	390878.0	18347.0	3011.0	223231.0	9632.0	30462.0	2595.0	11609.0	115.8	2021					10708.0	-149.0	605.0	191.0	1867.0				40966.0	495.0	8876.0	43778.0	90697.0	31043.0	BEL
Belize	4.0	151.0	20.0		147.0	5.0			5.0	0.2	2004			4.0	11.0															BLZ
Belize	4.0	163.0			175.0	1.0			5.0	0.2	2005																			BLZ
Belize	4.0	189.0			181.0	2.0			5.0	0.2	2006																			BLZ
Belize	3.0	52.0			171.0	1.0			5.0	0.2	2007																			BLZ
Belize	3.0	59.0							4.0	0.2	2008																			BLZ
Belize	3.0	56.0	14.0		134.0		21.0	0.0	3.0	0.1	2009				3.0															BLZ
Belize	3.0	54.0	15.0	1.0	173.0	3.0	30.0	0.0	2.0	0.1	2010																			BLZ
Belize	2.0	44.0		2.0		2.0		0.0	2.0	0.1	2011																			BLZ
Belize	1.0	22.0	2.0			3.0	4.0	0.0	1.0	0.1	2012																			BLZ
Belize	1.0	22.0	3.0			3.0	4.0	0.0	1.0	0.1	2013																			BLZ
Belize	5.0	219.0	21.0		53.0	7.0	19.0	0.0	11.0	0.7	2014				4.0															BLZ
Belize	6.0	216.0	21.0	1.0	52.0	8.0	20.0	0.0	11.0	0.7	2015																			BLZ
Belize	6.0	217.0	21.0	1.0	51.0	8.0	20.0	0.0	11.0	0.7	2016																			BLZ
Belize	6.0	224.0	22.0	1.0	52.0	8.0	20.0	0.0	11.0	0.7	2017																			BLZ
Belize	6.0	221.0	22.0	1.0	53.0	8.0	20.0	0.0	11.0	0.7	2018																			BLZ
Belize	6.0	175.0	16.0		45.0	-4.0	5.0	0.0	5.0	0.4	2019	10.0																		BLZ
Belize	6.0	175.0	16.0		41.0	-4.0	3.0	0.0	5.0	0.3	2020																			BLZ
Belize	6.0	173.0	16.0		44.0	-3.0	4.0	0.0	5.0	0.3	2021																			BLZ
Benin	1.0										2004																			BEN
Benin	1.0								1.0		2005																			BEN
Benin	1.0								1.0		2006																			BEN
Benin	2.0										2007																			BEN
Benin	2.0										2008																			BEN
Benin	2.0						1.0	0.0		0.0	2009				1.0															BEN
Benin	0.0						2.0	0.0	0.0	0.0	2010																			BEN
Benin	0.0						2.0	0.0	0.0	0.0	2011																			BEN
Benin	0.0						2.0	0.0	0.0	0.0	2012																			BEN
Benin	0.0						2.0	0.0	0.0	0.0	2013																			BEN
Benin	1.0	4.0			6.0						2014		2.0		1.0															BEN
Benin	0.0	4.0			6.0			1.0			2015																			BEN
Benin	0.0	4.0			6.0			1.0			2016																			BEN
Benin	0.0	4.0			6.0			1.0			2017																			BEN
Benin	0.0	4.0			6.0			1.0			2018																			BEN
Benin	0.0	2.0			3.0			0.0			2019	1.0																		BEN
Benin	0.0	2.0			3.0			0.0			2020																			BEN
Benin	0.0	2.0			3.0			0.0			2021																			BEN
Bermuda	367.0	465963.0	5955.0		50764.0	29409.0			369.0	6.5	2004		95508.0	9331.0	211.0	8276.0	-3116.0	18813.0	19.0	489.0			47878.0							BMU
Bermuda	381.0	553948.0			61244.0	44159.0					2005					8745.0	-3809.0	32575.0	2020.0	405.0										BMU
Bermuda	400.0	623897.0			67954.0	54094.0					2006					9997.0	-3897.0	40546.0	2310.0	604.0										BMU
Bermuda	437.0	742136.0			78915.0	72883.0					2007					10471.0	-3511.0	55277.0	5143.0	387.0										BMU
Bermuda	449.0	691821.0			63646.0	62815.0					2008					11879.0	-4249.0	52969.0	-3307.0	387.0										BMU
Bermuda	570.0	876418.0	7577.0		43376.0	64422.0	4078.0	5.0	374.0	3.4	2009			21858.0	191.0	9469.0	-6252.0	53216.0	1026.0	-64.0			43376.0							BMU
Bermuda	548.0	928086.0	7953.0	528.0	41786.0	81778.0	8070.0		378.0	3.2	2010					12522.0	-5296.0	68227.0	1263.0	231.0				5649.0	1238.0	832.0	3301.0	12089.0	4962.0	BMU
Bermuda	535.0	978601.0	7708.0	499.0	38541.0	73503.0	3330.0		293.0	3.0	2011					6984.0	-4394.0	66945.0	-168.0	255.0				4401.0	1255.0	1007.0	3562.0	12962.0	4927.0	BMU
Bermuda	546.0	1028399.0	7861.0	452.0	48819.0	87209.0	8553.0		697.0	6.6	2012					11697.0	-4614.0	68947.0	6233.0	-334.0				10762.0	900.0	1199.0	4894.0	14365.0	5880.0	BMU
Bermuda	556.0	1033153.0	9550.0	2666.0	52626.0	76466.0	10532.0		805.0	7.6	2013					12884.0	-3980.0	66209.0	-2449.0	176.0				9725.0	1385.0	2038.0	5540.0	12781.0	7445.0	BMU
Bermuda	687.0	1191373.0	8114.0	993.0	60210.0	84222.0	4830.0	9.0	1248.0	9.8	2014		274966.0	39155.0	281.0	7594.0		75807.0	156.0				60210.0	12545.0	2246.0	1418.0	9053.0	11624.0	5850.0	BMU
Bermuda	673.0	1272633.0	7603.0	764.0	57517.0	72069.0	3679.0	67.0	1200.0	10.3	2015					7177.0	-5263.0	67177.0	-1539.0	709.0				11302.0	1831.0	1775.0	10571.0	9041.0	5407.0	BMU
Bermuda	674.0	1297147.0	9194.0	506.0	53650.0	78786.0	-8909.0	53.0	986.0	10.8	2016					-5544.0	-5038.0	81134.0	3979.0	746.0				10213.0	975.0	1633.0	9997.0	9023.0	4690.0	BMU
Bermuda	641.0	1458532.0	5901.0	696.0	52885.0	89058.0	1212.0	77.0	1220.0	13.8	2017					4388.0	-5700.0	81949.0	3813.0	838.0				9894.0	862.0	1134.0	10768.0	9386.0	3632.0	BMU
Bermuda	637.0	1315327.0	5858.0	866.0	64254.0	86766.0	4475.0	94.0	1181.0	14.1	2018					8644.0	-6662.0	78028.0	1349.0	1043.0				10501.0	2903.0	1676.0	12513.0	9784.0	6070.0	BMU
Bermuda	651.0	1276176.0	6549.0	219.0	63446.0	88152.0	4357.0	106.0	1253.0	16.1	2019	298.0				9673.0	-7575.0			-240.0	67081.0			6151.0	2974.0	1156.0	12934.0	8542.0	4934.0	BMU
Bermuda	615.0	960930.0	5258.0	249.0	52513.0	61446.0	1352.0		885.0	12.2	2020					6031.0	-6962.0	51295.0	4781.0					4052.0	2051.0	1649.0	10982.0	5079.0	2878.0	BMU
Bermuda	567.0	848861.0	4553.0	330.0	56421.0	44125.0	5552.0	173.0	853.0	10.4	2021					9503.0	-5869.0	34619.0	833.0	820.0				3918.0	3878.0	541.0	10673.0	5083.0	3597.0	BMU
Bhutan		3.0	1.0								2004		3.0		0.0															BTN
Bhutan		3.0									2005																			BTN
Bhutan		3.0									2006																			BTN
Bhutan		3.0									2007																			BTN
Bhutan	0.0							0.0			2009				0.0															BTN
Bhutan	0.0							0.0			2010																			BTN
Bhutan	0.0							0.0			2011																			BTN
Bhutan	0.0							0.0			2012																			BTN
Bhutan	0.0							0.0			2013																			BTN
Bhutan	0.0	9.0				1.0	3.0	0.0	1.0	0.1	2014				0.0															BTN
Bhutan	0.0	9.0				1.0	3.0	0.0	1.0	0.1	2015																			BTN
Bhutan	0.0	9.0				1.0	3.0	0.0	1.0	0.1	2016																			BTN
Bhutan	0.0	9.0				1.0	3.0	0.0	1.0	0.1	2017																			BTN
Bhutan	0.0	9.0				1.0	3.0	0.0	1.0	0.1	2018																			BTN
Bhutan	0.0			0.0	1.0		1.0	0.0	1.0	0.3	2019	1.0																		BTN
Bhutan	0.0			0.0	1.0		1.0	0.0	1.0	0.3	2020																			BTN
Bhutan	0.0			0.0	1.0		1.0	0.0	1.0	0.3	2021																			BTN
Bolivia	24.0								50.0	3.0	2004				40.0															BOL
Bolivia	23.0	1809.0							51.0	2.9	2005																			BOL
Bolivia	23.0										2006																			BOL
Bolivia	18.0										2007																			BOL
Bolivia	18.0								55.0	2.6	2008																			BOL
Bolivia	12.0	990.0	241.0	38.0	825.0	94.0	260.0	0.0	52.0	2.8	2009		370.0	61.0	12.0															BOL
Bolivia	11.0	1098.0	244.0	46.0	994.0	93.0	222.0	0.0	53.0	2.8	2010																			BOL
Bolivia	11.0		294.0	62.0	1209.0	94.0	241.0	0.0	60.0	2.9	2011																			BOL
Bolivia	11.0	1489.0	482.0	81.0	1618.0	155.0	403.0	0.0	78.0	3.3	2012																			BOL
Bolivia	11.0	1554.0	535.0	67.0	1783.0	121.0	364.0	0.0	101.0	3.5	2013																			BOL
Bolivia	13.0	1537.0	509.0	71.0	1752.0	89.0	341.0	0.0	115.0	3.6	2014				13.0															BOL
Bolivia	14.0	1516.0	468.0	72.0	1451.0	55.0	311.0		121.0	3.8	2015																			BOL
Bolivia	14.0	1475.0	563.0	67.0	1469.0	77.0	326.0		126.0	3.1	2016																			BOL
Bolivia	14.0	1293.0	349.0	50.0	1321.0	33.0	216.0	1.0	88.0	2.8	2017																			BOL
Bolivia	12.0	1110.0	331.0	65.0	812.0	39.0	182.0		65.0	2.1	2018																			BOL
Bolivia	12.0	774.0	166.0		429.0	-30.0		0.0	48.0	1.6	2019	26.0																		BOL
Bolivia	13.0	1188.0	285.0			-89.0			67.0	2.2	2020																			BOL
Bolivia	13.0	1090.0		22.0		-148.0	-17.0		62.0	2.1	2021																			BOL
Bosnia and Herzegovina	1.0										2004																			BIH
Bosnia and Herzegovina	1.0				8.0	2.0			2.0	0.1	2005																			BIH
Bosnia and Herzegovina	1.0				9.0	2.0			2.0	0.1	2006																			BIH
Bosnia and Herzegovina	1.0										2007																			BIH
Bosnia and Herzegovina	2.0										2008																			BIH
Bosnia and Herzegovina	2.0	106.0	12.0	2.0	70.0	5.0		0.0	6.0	0.3	2009		6.0	1.0	2.0															BIH
Bosnia and Herzegovina	2.0	104.0	12.0	1.0	71.0	4.0		0.0	7.0	0.4	2010																			BIH
Bosnia and Herzegovina	2.0	100.0	11.0	1.0	78.0	3.0			7.0	0.4	2011																			BIH
Bosnia and Herzegovina	2.0	102.0	11.0		80.0	2.0			8.0	0.3	2012																			BIH
Bosnia and Herzegovina	2.0	107.0	10.0	1.0	85.0	3.0		0.0	6.0	0.3	2013																			BIH
Bosnia and Herzegovina	4.0	178.0	44.0	1.0	108.0	3.0		0.0	11.0	0.6	2014		9.0	1.0	4.0															BIH
Bosnia and Herzegovina	4.0	175.0	43.0	1.0	102.0	4.0		0.0	10.0	0.6	2015																			BIH
Bosnia and Herzegovina	4.0	175.0	44.0		102.0	5.0		0.0	10.0	0.6	2016																			BIH
Bosnia and Herzegovina	4.0	189.0	48.0	1.0	108.0	5.0		0.0	11.0	0.6	2017																			BIH
Bosnia and Herzegovina	4.0	190.0	48.0	2.0	111.0	6.0		0.0	11.0	0.6	2018																			BIH
Bosnia and Herzegovina	4.0	163.0	41.0	2.0	95.0			0.0	9.0	0.5	2019	11.0																		BIH
Bosnia and Herzegovina	4.0	174.0	45.0	2.0	93.0	-2.0		0.0	9.0	0.5	2020																			BIH
Bosnia and Herzegovina	4.0	172.0	45.0	2.0	111.0	-4.0		0.0	10.0	0.5	2021																			BIH
Botswana	2.0										2004																			BWA
Botswana	2.0										2005																			BWA
Botswana	2.0	48.0							6.0	0.3	2006																			BWA
Botswana	2.0										2007																			BWA
Botswana	2.0										2008																			BWA
Botswana	1.0	58.0	15.0	1.0	143.0	9.0	32.0	0.0	7.0	0.3	2009		22.0	3.0	1.0															BWA
Botswana	2.0	88.0	15.0	1.0	312.0	11.0	33.0	0.0	7.0	0.3	2010																			BWA
Botswana	3.0	78.0	17.0	2.0	436.0	12.0	42.0	0.0	7.0	0.3	2011																			BWA
Botswana	4.0	122.0	23.0	1.0	341.0	12.0	46.0	0.0	10.0	0.4	2012																			BWA
Botswana	4.0	131.0	29.0		333.0	12.0	45.0	0.0	10.0	0.4	2013																			BWA
Botswana	3.0	99.0	19.0	1.0	240.0	7.0	29.0	0.0	10.0	0.4	2014		65.0	7.0	3.0															BWA
Botswana	3.0	69.0	19.0	1.0	186.0	3.0	20.0	0.0	10.0	0.4	2015																			BWA
Botswana	3.0	65.0	19.0	1.0	157.0	5.0	20.0	0.0	10.0	0.4	2016																			BWA
Botswana	3.0	62.0	26.0	1.0	129.0	4.0	19.0	0.0	9.0	0.3	2017																			BWA
Botswana	3.0	63.0	26.0	1.0	131.0	4.0	19.0	0.0	9.0	0.3	2018																			BWA
Botswana	4.0	54.0	23.0	2.0	237.0	5.0	25.0	0.0	7.0	0.4	2019	9.0																		BWA
Botswana	4.0	53.0	23.0	2.0	234.0	6.0	25.0	0.0	7.0	0.4	2020																			BWA
Botswana	4.0	56.0	25.0	2.0	276.0	8.0	28.0	0.0	7.0	0.4	2021																			BWA
Brazil	591.0	98192.0	25972.0		79988.0	3154.0			7745.0	399.4	2004		21321.0	1767.0	584.0	3283.0	638.0	513.0	4.0	1336.0			69308.0							BRA
Brazil	587.0	112656.0			101640.0	3809.0			9148.0	435.2	2005					3180.0	616.0	1088.0	-463.0	678.0										BRA
Brazil	593.0	124258.0			113035.0	5955.0			10814.0	465.9	2006					5484.0	172.0	1359.0	235.0	1714.0										BRA
Brazil	612.0	175344.0			134513.0	11365.0			12689.0	484.1	2007					9371.0	-447.0	2204.0	2253.0	3087.0										BRA
Brazil	597.0	160112.0			156763.0	12823.0			14806.0	501.2	2008					13062.0	396.0	3809.0	-988.0	3790.0										BRA
Brazil	603.0	206617.0	38851.0	8334.0	142023.0	13195.0	37427.0	955.0	15402.0	522.4	2009		54739.0	7352.0	376.0	11510.0				2761.0			142023.0							BRA
Brazil	599.0	241572.0	41475.0	8512.0	171794.0	16812.0	44338.0	1389.0	18068.0	565.0	2010					15764.0	-1706.0	3751.0	735.0	3325.0				3432.0	920.0	4128.0	128632.0	18296.0	9820.0	BRA
Brazil	640.0	267711.0	45800.0	9238.0	202988.0	13084.0	47444.0	1325.0	21722.0	572.6	2011					14745.0	-2613.0	2728.0	-54.0	4169.0				4367.0	1474.0	9241.0	147352.0	19521.0	12246.0	BRA
Brazil	654.0	281762.0	44155.0	8448.0	200364.0	10407.0	43642.0	1285.0	22633.0	598.8	2012					10030.0	-2075.0	3962.0	132.0	3659.0				4204.0	810.0	8184.0	144127.0	24871.0	9827.0	BRA
Brazil	661.0	267987.0	43692.0	8066.0	208528.0	9264.0	46317.0	1220.0	23645.0	626.7	2013					10200.0	-1807.0	4023.0	-625.0	4282.0				4246.0	667.0	15878.0	150255.0	18214.0	7893.0	BRA
Brazil	869.0	313988.0	55530.0	8702.0	216629.0	7151.0	46370.0	1212.0	26326.0	715.2	2014		71091.0	4438.0	527.0	7500.0	-1413.0	2594.0	79.0	1537.0			216629.0	5962.0	519.0	11814.0	161706.0	19504.0	5490.0	BRA
Brazil	875.0	268260.0	45225.0	7896.0	171321.0	-265.0	37270.0	884.0	23285.0	654.3	2015					2436.0	-974.0	2092.0	-3264.0	1385.0				4725.0	581.0	10040.0	122358.0	14668.0	8694.0	BRA
Brazil	879.0	277255.0	46525.0	6723.0	159487.0	-3004.0	34477.0	793.0	21432.0	632.9	2016					2116.0	-612.0	-2000.0	-1923.0	1052.0				4689.0	1099.0	10721.0	110978.0	10892.0	10651.0	BRA
Brazil	882.0	305746.0	48275.0	6579.0	177485.0	4363.0	37858.0	890.0	22795.0	632.0	2017					5498.0	-1905.0	1653.0	-1088.0	1562.0				5810.0	861.0	15241.0	119604.0	14144.0	8846.0	BRA
Brazil	881.0	279742.0	49857.0	9142.0	175197.0	6335.0	34670.0	908.0	20127.0	570.5	2018					5150.0	-1103.0	3508.0	-403.0	1773.0				6157.0	771.0	19101.0	112697.0	15942.0	9945.0	BRA
Brazil	958.0	298971.0	49518.0	7574.0	165162.0	5473.0	33601.0	816.0	19027.0	544.0	2019	687.0				5500.0	-781.0	1284.0	555.0	1767.0	1106.0	178.0		5211.0	405.0	6908.0	116937.0	18123.0	7614.0	BRA
Brazil	952.0	295699.0	44547.0	6341.0	144815.0	3527.0	29719.0	701.0	16480.0	536.5	2020					5389.0	-742.0	1087.0	-1083.0	1759.0				7730.0	438.0	4389.0	96696.0	19165.0	8259.0	BRA
Brazil	937.0	291188.0	42308.0	6945.0	158317.0	7659.0	30937.0	536.0	15701.0	520.3	2021					7978.0	-1114.0	2085.0	170.0	2473.0				8588.0	435.0	6041.0	109603.0	19676.0	5677.0	BRA
Brunei	5.0	532.0	7.0		170.0	31.0			9.0	0.2	2004		22.0	5.0	12.0															BRN
Brunei	5.0	561.0			275.0	41.0			9.0	0.2	2005																			BRN
Brunei	5.0	733.0			516.0	146.0			12.0	0.3	2006																			BRN
Brunei	5.0	1014.0			448.0	176.0			14.0	0.3	2007																			BRN
Brunei	5.0	1138.0							15.0	0.3	2008																			BRN
Brunei	4.0	2382.0	71.0	6.0	627.0	43.0	42.0	0.0	21.0	0.2	2009		60.0		4.0															BRN
Brunei	2.0		32.0	3.0	165.0	11.0	46.0	0.0	21.0	0.2	2010																			BRN
Brunei	2.0		39.0			11.0	48.0	0.0	28.0	0.3	2011																			BRN
Brunei	2.0		36.0			16.0		0.0	34.0	0.3	2012																			BRN
Brunei	3.0	1181.0	99.0			-4.0	80.0	0.0		0.4	2013																			BRN
Brunei	4.0	1165.0	86.0	4.0	157.0	-16.0	26.0	0.0	38.0	0.5	2014		8.0		4.0															BRN
Brunei	4.0	205.0		5.0	103.0	-12.0	34.0	0.0	28.0	0.4	2015																			BRN
Brunei	4.0	224.0		2.0	114.0	-6.0	50.0	0.0	32.0	0.4	2016																			BRN
Brunei	4.0	216.0		3.0	123.0	-10.0	55.0	0.0	41.0	0.5	2017																			BRN
Brunei	4.0	248.0		6.0	139.0	5.0	69.0	0.0	41.0	0.5	2018																			BRN
Brunei	5.0	247.0		9.0	147.0		60.0	0.0		0.6	2019	11.0																		BRN
Brunei	5.0	223.0		4.0			13.0	0.0		0.6	2020																			BRN
Brunei	5.0	227.0				8.0		0.0		0.6	2021																			BRN
Bulgaria	12.0				1181.0	194.0					2004				26.0															BGR
Bulgaria	12.0	1602.0			1125.0	124.0					2005																			BGR
Bulgaria	13.0	1039.0			628.0	30.0			67.0	6.5	2006																			BGR
Bulgaria	11.0								48.0	3.9	2007																			BGR
Bulgaria	12.0								55.0	4.1	2008																			BGR
Bulgaria	14.0	3068.0	2031.0		653.0	43.0	363.0		97.0	5.9	2009			50.0	12.0															BGR
Bulgaria	16.0	3094.0	1977.0		857.0	36.0	436.0		104.0	4.8	2010																			BGR
Bulgaria	17.0	3265.0	1798.0		1222.0	58.0	581.0		111.0	4.9	2011																			BGR
Bulgaria	17.0	3164.0	1791.0	32.0	1260.0	151.0	696.0	1.0	104.0	4.4	2012																			BGR
Bulgaria	19.0	3860.0	1895.0	53.0	1514.0	187.0	848.0	1.0	149.0	6.5	2013																			BGR
Bulgaria	27.0	4338.0	1860.0	20.0	2099.0	202.0	849.0	17.0	201.0	9.8	2014		812.0	81.0	25.0															BGR
Bulgaria	27.0	4127.0	1691.0	33.0	2297.0	188.0	821.0	16.0	199.0	9.8	2015																			BGR
Bulgaria	29.0	3693.0	1598.0	40.0	2224.0		774.0	16.0	201.0	9.8	2016																			BGR
Bulgaria	28.0	4833.0	1702.0	50.0	2287.0	108.0	761.0	18.0	214.0	9.4	2017																			BGR
Bulgaria	31.0	4375.0	1643.0	34.0	2593.0	140.0	1070.0	19.0	261.0	11.2	2018																			BGR
Bulgaria	31.0	4176.0	1601.0	86.0	2366.0	150.0	1043.0	9.0	265.0	9.8	2019	52.0																		BGR
Bulgaria	32.0	4513.0	1719.0	75.0	2218.0	187.0	1107.0	9.0	290.0	10.5	2020																			BGR
Bulgaria	33.0	4448.0	1595.0	41.0	2760.0	231.0	1206.0	12.0	278.0	10.8	2021																			BGR
Burkina Faso	1.0										2004																			BFA
Burma	1.0										2004			0.0																MMR
Burma	1.0										2005																			MMR
Burma	1.0										2006																			MMR
Burma	2.0										2007																			MMR
Burma	2.0										2008																			MMR
Burma	2.0			3.0				0.0	1.0		2009				1.0															MMR
Burma	2.0			1.0				0.0	1.0		2010																			MMR
Burma	2.0			8.0				0.0	1.0		2011																			MMR
Burma	2.0							0.0	1.0		2012																			MMR
Burma	2.0							0.0	1.0		2013																			MMR
Burma	4.0							0.0	6.0	0.3	2014				3.0															MMR
Burma	5.0							0.0	6.0	0.4	2015																			MMR
Burma	6.0		481.0					0.0	8.0	0.5	2016																			MMR
Burma	6.0		445.0			71.0		0.0	8.0	0.5	2017																			MMR
Burma	5.0			21.0				0.0	4.0	0.4	2018																			MMR
Burma	8.0				266.0		128.0	0.0	10.0	0.5	2019	17.0																		MMR
Burma	8.0		276.0	8.0	221.0		8.0	0.0	10.0	0.5	2020																			MMR
Burma	8.0			7.0	218.0		54.0	0.0	10.0	0.5	2021																			MMR
Burundi		1.0			1.0						2004		1.0		1.0															BDI
Burundi		1.0			1.0						2005																			BDI
Burundi		1.0			1.0						2006																			BDI
Burundi		1.0			1.0						2007																			BDI
Burundi		1.0			1.0						2008																			BDI
Burundi	0.0			0.0				0.0	0.0	0.0	2009				0.0															BDI
Burundi	0.0			0.0				0.0	0.0	0.0	2010																			BDI
Burundi	0.0			0.0				0.0	0.0	0.0	2011																			BDI
Burundi	0.0			0.0				0.0	0.0	0.0	2012																			BDI
Burundi	0.0			0.0				0.0	0.0	0.0	2013																			BDI
Burundi	0.0	3.0			2.0		1.0	0.0	1.0	0.1	2014		1.0		0.0															BDI
Burundi	0.0	3.0			2.0		1.0	0.0	1.0	0.1	2015																			BDI
Burundi	0.0	3.0			2.0		1.0	0.0	1.0	0.1	2016																			BDI
Burundi	0.0	3.0			2.0		1.0	0.0	1.0	0.1	2017																			BDI
Burundi	0.0	3.0			2.0		1.0	0.0	1.0	0.1	2018																			BDI
Burundi	0.0	1.0			2.0			0.0			2019	1.0																		BDI
Burundi	0.0	1.0			2.0			0.0			2020																			BDI
Burundi	0.0	1.0			2.0			0.0			2021																			BDI
Cambodia	2.0										2004																			KHM
Cambodia	2.0								2.0	0.6	2005																			KHM
Cambodia	4.0								3.0	0.6	2006																			KHM
Cambodia	4.0								3.0	0.6	2007																			KHM
Cambodia	4.0								2.0	0.6	2008																			KHM
Cambodia	4.0	233.0	61.0	4.0	140.0	4.0	70.0	0.0	4.0	0.8	2009		25.0	2.0	3.0															KHM
Cambodia	4.0	259.0	67.0	8.0	158.0	9.0	71.0	0.0	5.0	0.7	2010																			KHM
Cambodia	5.0	314.0	101.0		213.0	6.0	87.0	0.0	15.0	1.6	2011																			KHM
Cambodia	5.0	314.0	101.0		263.0	17.0	99.0	0.0	15.0	1.6	2012																			KHM
Cambodia	3.0	226.0			260.0	9.0	87.0	0.0	16.0	1.7	2013																			KHM
Cambodia	5.0	545.0	118.0	6.0	369.0	49.0	146.0	0.0	21.0	4.2	2014		147.0		5.0															KHM
Cambodia	6.0	585.0	136.0		383.0	20.0	82.0		17.0	4.1	2015																			KHM
Cambodia	5.0	475.0	156.0		316.0	20.0	85.0		18.0	4.2	2016																			KHM
Cambodia	5.0	515.0	162.0		360.0	29.0	98.0		19.0	4.3	2017																			KHM
Cambodia	5.0	515.0			404.0	33.0	112.0		20.0	4.2	2018																			KHM
Cambodia	5.0	456.0	200.0		459.0	36.0	99.0		21.0	3.4	2019	16.0																		KHM
Cambodia	5.0	474.0	186.0		434.0	34.0	82.0		21.0	3.4	2020																			KHM
Cambodia	6.0	565.0	233.0		619.0	38.0	108.0		24.0	3.5	2021																			KHM
Cameroon	11.0										2004				9.0															CMR
Cameroon	10.0	3339.0			1168.0	528.0					2005																			CMR
Cameroon	11.0	3238.0			1238.0	461.0					2006																			CMR
Cameroon	11.0	3486.0			1167.0	385.0					2007																			CMR
Cameroon	8.0	3250.0			1178.0	352.0					2008																			CMR
Cameroon	11.0	3825.0			959.0	297.0	603.0	0.0	101.0	5.5	2009		224.0	10.0	7.0															CMR
Cameroon	10.0	4066.0			975.0	272.0	654.0	0.0	127.0	5.5	2010																			CMR
Cameroon	10.0	3937.0			1048.0	160.0	534.0	0.0	135.0	5.6	2011																			CMR
Cameroon	9.0	3791.0	2068.0		938.0	132.0	512.0	0.0	137.0	5.4	2012																			CMR
Cameroon	9.0	2788.0	1392.0	46.0	465.0	88.0	284.0	0.0	49.0	2.0	2013																			CMR
Cameroon	7.0	1668.0			269.0	-151.0	-10.0	0.0	46.0	0.6	2014		16.0		8.0															CMR
Cameroon	6.0	653.0	101.0	4.0	134.0	-14.0	34.0	0.0	19.0	0.4	2015																			CMR
Cameroon	6.0	677.0	96.0	1.0	91.0	-16.0	21.0	0.0	16.0	0.3	2016																			CMR
Cameroon	6.0	734.0	99.0	1.0	93.0	-23.0	13.0	0.0	16.0	0.3	2017																			CMR
Cameroon	6.0	739.0	100.0		85.0	14.0	45.0	0.0	10.0	0.3	2018																			CMR
Cameroon	7.0	760.0			65.0	15.0	33.0	0.0	8.0	0.2	2019	12.0																		CMR
Cameroon	7.0	787.0			62.0	9.0	34.0	0.0	8.0	0.2	2020																			CMR
Cameroon	6.0	459.0			65.0	9.0	41.0	0.0	9.0	0.2	2021																			CMR
Canada	1874.0	655088.0	125970.0		455922.0	40025.0			44129.0	1104.9	2004		197771.0	21630.0	1337.0	31032.0	-1127.0	17464.0	199.0	8627.0			430026.0							CAN
Canada	1834.0	764620.0			487510.0	40194.0			46492.0	1112.9	2005					35371.0	-2713.0	23344.0	-7089.0	10707.0										CAN
Canada	1905.0	861894.0			511932.0	51776.0			50584.0	1104.0	2006					30360.0	-2618.0	26832.0	2943.0	8279.0										CAN
Canada	1941.0	1065258.0			562209.0	53585.0			54602.0	1114.6	2007					32010.0	-2247.0	32599.0	-272.0	10212.0										CAN
Canada	1867.0	950209.0			614184.0	63293.0			55509.0	1072.3	2008					35052.0	1315.0	42906.0	-6863.0	9447.0										CAN
Canada	1801.0	1169619.0	163052.0	20298.0	505833.0	35181.0	113675.0	2920.0	56345.0	1082.7	2009		268996.0	16583.0	1037.0	24029.0	-291.0	23569.0	813.0	7466.0			505833.0							CAN
Canada	1782.0	1170385.0	167619.0	22863.0	575184.0	77847.0	130571.0	2765.0	57434.0	1085.5	2010					39901.0	-2274.0	38463.0	10571.0	8554.0				91170.0	20293.0	26816.0	398039.0	8021.0	10364.0	CAN
Canada	1788.0	1240463.0	182662.0	25670.0	664129.0	87740.0	145804.0	2964.0	61730.0	1116.1	2011					46197.0	-1101.0	48605.0	3844.0	8439.0				113213.0	23214.0	35669.0	447079.0	11857.0	14590.0	CAN
Canada	1830.0	1348630.0	212010.0	32022.0	664152.0	64754.0	140854.0	2864.0	63497.0	1144.8	2012					39508.0	-125.0	40897.0	-4556.0	8626.0				118770.0	20818.0	34047.0	452318.0	8489.0	14332.0	CAN
Canada	1808.0	1401740.0	224039.0	33608.0	641358.0	69512.0	137105.0	3160.0	62549.0	1128.6	2013					36184.0	863.0	41835.0	1115.0	7441.0				107822.0	19802.0	35164.0	443472.0	8356.0	12495.0	CAN
Canada	2422.0	1482102.0	230289.0	34817.0	677696.0	71035.0	154279.0	3558.0	68578.0	1194.7	2014		377727.0	34102.0	1381.0	46406.0	-29.0	44835.0	4427.0	9178.0			677696.0	110150.0	23473.0	40487.0	467901.0	7360.0	13145.0	CAN
Canada	2388.0	1388462.0	206859.0	26383.0	562767.0	43517.0	128981.0	3447.0	63111.0	1158.6	2015					30905.0	524.0	21894.0	-1551.0	5530.0				89644.0	20123.0	25747.0	395345.0	7143.0	12714.0	CAN
Canada	2405.0	1361338.0	200091.0	25147.0	542974.0	27755.0	119377.0	3443.0	60655.0	1201.9	2016					23348.0	697.0	10138.0	661.0	4526.0				85085.0	20011.0	20456.0	385747.0	7805.0	12189.0	CAN
Canada	2413.0	1397333.0	211847.0	20940.0	583419.0	42351.0	130401.0	3538.0	61828.0	1218.0	2017					32425.0	560.0	15674.0	2470.0	6457.0				90272.0	22561.0	28917.0	405933.0	9799.0	13027.0	CAN
Canada	2382.0	1356817.0	193594.0	17329.0	642291.0	43938.0	134320.0	3890.0	62821.0	1223.1	2018					35621.0	-55.0	17993.0	388.0	8957.0				106227.0	27869.0	48403.0	420700.0	11815.0	14227.0	CAN
Canada	2565.0	1345526.0	169557.0	18170.0	630179.0	49113.0	128885.0	4085.0	59869.0	1186.6	2019	1631.0				34281.0	-919.0	23387.0	4.0	8170.0	21534.0	1853.0		99150.0	36204.0	53171.0	401510.0	11361.0	15152.0	CAN
Canada	2532.0	1312321.0	165083.0	16743.0	543848.0	30989.0	108794.0	4242.0	57479.0	1146.8	2020					22252.0	-1284.0	16540.0	-1784.0	5698.0				76706.0	27682.0	36519.0	367575.0	8845.0	13435.0	CAN
Canada	2486.0	1378792.0	172105.0	18284.0	681602.0	49074.0	140671.0	5005.0	63517.0	1186.4	2021					41781.0	-943.0	17202.0	-907.0	8678.0				102458.0	31314.0	70088.0	437917.0	10249.0	15666.0	CAN
Cape Verde	0.0	3.0	1.0		1.0	1.0	1.0	0.0	0.0	0.0	2019	1.0																		CPV
Cape Verde	0.0	3.0	1.0		1.0	1.0	1.0	0.0	0.0	0.0	2020																			CPV
Cape Verde	0.0	3.0	1.0		1.0	1.0	1.0	0.0	0.0	0.0	2021																			CPV
Central African Republic	0.0	1.0	1.0		3.0	1.0	2.0	0.0			2009			1.0	0.0															CAF
Central African Republic	1.0		1.0		9.0			0.0	1.0		2010																			CAF
Central African Republic	1.0		1.0					0.0	1.0		2011																			CAF
Central African Republic	1.0		1.0					0.0	1.0		2012																			CAF
Central African Republic	1.0		1.0					0.0	1.0		2013																			CAF
Central African Republic	1.0			8.0				0.0			2014				1.0															CAF
Central African Republic	1.0							0.0			2015																			CAF
Central African Republic	1.0							0.0	0.0	0.0	2016																			CAF
Central African Republic	1.0							0.0	0.0	0.0	2017																			CAF
Central African Republic	1.0							0.0	0.0	0.0	2018																			CAF
Central African Republic	1.0							0.0			2019	3.0																		CAF
Central African Republic	1.0							0.0			2020																			CAF
Central African Republic	1.0							0.0			2021																			CAF
Chad	12.0	5395.0	2620.0		1417.0	433.0			112.0	1.2	2004		628.0		5.0															TCD
Chad	12.0				1960.0	797.0			67.0	0.7	2005																			TCD
Chad	12.0				2113.0	503.0			71.0	0.8	2006																			TCD
Chad	14.0				2369.0	660.0			65.0	0.8	2007																			TCD
Chad	12.0								60.0	0.6	2008																			TCD
Chad	11.0							0.0		0.7	2009				3.0															TCD
Chad	11.0							0.0		0.6	2010																			TCD
Chad	11.0							0.0		0.6	2011																			TCD
Chad	11.0							0.0		0.5	2012																			TCD
Chad	11.0							0.0		0.5	2013																			TCD
Chad	6.0							0.0		0.5	2014				2.0															TCD
Chad	3.0							0.0		0.4	2015																			TCD
Chad	2.0			4.0				0.0		0.4	2016																			TCD
Chad	2.0							0.0		0.3	2017																			TCD
Chad	2.0					6.0		0.0		0.3	2018																			TCD
Chad	4.0							0.0		0.4	2019	3.0																		TCD
Chad	4.0							0.0		0.4	2020																			TCD
Chad	4.0			2.0				0.0		0.4	2021																			TCD
Chile	176.0	25970.0	7279.0		12503.0	1337.0			1194.0	72.2	2004		8322.0	993.0	225.0	1227.0	254.0	137.0	7.0	207.0			10068.0							CHL
Chile	171.0	29455.0			15112.0	1514.0			1347.0	76.6	2005					1445.0	-28.0	240.0	-32.0	330.0										CHL
Chile	183.0	31150.0			18415.0	1905.0			1532.0	79.8	2006					2246.0	-21.0	285.0	-163.0	792.0										CHL
Chile	174.0	37942.0			29189.0	8442.0			1910.0	82.2	2007					9397.0	-234.0	190.0	-41.0	1436.0										CHL
Chile	166.0	42381.0			28990.0	4382.0			1836.0	75.2	2008					5095.0	-373.0	11.0	-64.0	912.0										CHL
Chile	144.0	59519.0	12639.0	1604.0	21764.0	3322.0	6867.0	20.0	2285.0	113.8	2009		23600.0	2504.0	108.0	3847.0	-343.0	274.0		668.0			21764.0							CHL
Chile	139.0	70837.0	11160.0	1783.0	28367.0	5010.0	9137.0	21.0	2615.0	110.0	2010					5899.0	-417.0	438.0	94.0	1187.0				650.0	84.0	646.0	19830.0	878.0	5330.0	CHL
Chile	136.0	71645.0	13084.0	2133.0	33106.0	5362.0	10198.0	21.0	3000.0	116.6	2011					6840.0	-641.0	574.0	-46.0	1759.0				383.0	446.0	498.0	22970.0	1787.0	5650.0	CHL
Chile	145.0	72882.0	18472.0	4182.0	37266.0	2124.0	7742.0	23.0	3520.0	128.1	2012					3533.0	-616.0	617.0	-269.0	1237.0				547.0	273.0	476.0	30914.0	1636.0	1911.0	CHL
Chile	149.0	164878.0	20232.0	4046.0	41072.0	4659.0	10149.0	25.0	3472.0	136.9	2013					6075.0	-702.0	1056.0	-101.0	1702.0				407.0	295.0	525.0	34361.0	1690.0	1959.0	CHL
Chile	197.0	175908.0	24616.0	3950.0	39412.0	3370.0	9739.0	29.0	3936.0	142.3	2014		30054.0	2425.0	141.0	4829.0	-886.0	738.0	50.0				39412.0	653.0	502.0	784.0	24955.0	756.0	9365.0	CHL
Chile	210.0	170049.0	25991.0	4819.0	37033.0	4289.0	8934.0	32.0	3840.0	151.2	2015					3863.0	-652.0	1708.0	-163.0	841.0				638.0	116.0	1249.0	22433.0	806.0	9784.0	CHL
Chile	214.0	179733.0	24848.0	3133.0	32727.0	2567.0	7835.0	35.0	3518.0	145.8	2016					2681.0	-583.0	993.0	107.0	812.0				482.0	290.0	1501.0	21502.0	467.0	6468.0	CHL
Chile	218.0	235952.0	21498.0	2150.0	36029.0	2321.0	8707.0	53.0	3586.0	144.1	2017					3248.0	-591.0	405.0	-8.0	835.0				513.0	301.0	1217.0	23451.0	606.0	7765.0	CHL
Chile	218.0	210244.0	19692.0	1890.0	35759.0	7566.0	10355.0	52.0	3716.0	150.7	2018					4690.0	-271.0			950.0				504.0	395.0	968.0	25357.0	641.0	6780.0	CHL
Chile	249.0	222062.0	22382.0	2443.0	37113.0	3995.0	10160.0	70.0	3795.0	152.9	2019	247.0				4288.0	-274.0	993.0	-430.0	855.0	824.0	169.0				1164.0	25851.0	1022.0	6430.0	CHL
Chile	235.0	220573.0	19858.0	2306.0	32588.0	2510.0	9519.0	41.0	3332.0	146.9	2020					3808.0	-95.0	536.0	-1152.0	682.0						1269.0	23731.0			CHL
Chile	232.0	197092.0	19345.0	1933.0	41490.0	2190.0	11059.0	90.0	3518.0	150.6	2021					5683.0	-602.0	460.0	-2999.0	953.0				993.0	412.0	1620.0	29376.0			CHL
China	699.0	63436.0	14665.0		73006.0	6933.0			4234.0	507.1	2004		16781.0	3233.0	572.0	5343.0	101.0	1495.0	32.0	871.0			62078.0							CHN
China	744.0	73684.0			92642.0	8946.0			5025.0	612.8	2005					7999.0	41.0	1402.0	-24.0	1368.0										CHN
China	828.0	97764.0			115478.0	9798.0			6148.0	704.1	2006					8318.0	153.0	1403.0	13.0	1233.0										CHN
China	908.0	129198.0			139407.0	10893.0			7846.0	788.8	2007					9005.0	132.0	1802.0	205.0	1483.0										CHN
China	926.0	162240.0			168109.0	11499.0			10163.0	952.5	2008					10784.0	138.0	1747.0	-112.0	2199.0										CHN
China	1016.0	190914.0	33509.0	6283.0	143702.0	10360.0	30442.0	1579.0	12086.0	941.0	2009		39990.0	4075.0	430.0	10735.0		1936.0	307.0	2483.0			143702.0							CHN
China	1052.0	209320.0	37428.0	7642.0	169828.0	14449.0	36984.0	1535.0	13684.0	1125.3	2010					14038.0	-386.0	3393.0	31.0	2843.0				10360.0	1797.0	9761.0	114287.0	21039.0	11272.0	CHN
China	1091.0	244991.0	41887.0	8369.0	210617.0	20215.0	45973.0	1653.0	16127.0	1252.7	2011					18989.0	-510.0	4695.0	400.0	3709.0				14176.0	2322.0	15917.0	139952.0	22259.0	14375.0	CHN
China	1124.0	264432.0	44633.0	8414.0	233841.0	18870.0	46216.0	2012.0	17895.0	1342.8	2012					17812.0	-532.0	5253.0	-57.0	4006.0				13253.0	2525.0	18574.0	162160.0	22345.0	13150.0	CHN
China	1161.0	294272.0	48302.0	8332.0	263998.0	19874.0	51306.0	2201.0	20317.0	1413.6	2013					20022.0	-711.0	4691.0	47.0	4704.0				12954.0	2447.0	20825.0	185894.0	23811.0	15843.0	CHN
China	1561.0	371946.0	55255.0	9959.0	343031.0	25684.0	67647.0	3048.0	27734.0	1705.6	2014		72462.0	11010.0	695.0	27927.0	-399.0	4085.0	95.0				343031.0	18695.0	2061.0	22347.0	255292.0	26763.0	15840.0	CHN
China	1610.0	391464.0	56404.0	10012.0	357372.0	22320.0	66366.0	3423.0	28776.0	1713.7	2015					25018.0	-273.0	4470.0	-1820.0	5249.0				18170.0	1603.0	21379.0	274541.0	26868.0	12797.0	CHN
China	1665.0	411694.0	60889.0	10751.0	345938.0	26096.0	66367.0	3280.0	29385.0	1758.8	2016					23751.0	-102.0	4122.0	2963.0	4633.0				17830.0	3172.0	19116.0	265834.0	24069.0	13787.0	CHN
China	1720.0	441488.0	64042.0	11594.0	374548.0	26734.0	71559.0	3644.0	30332.0	1723.3	2017					27416.0	60.0	4972.0	153.0	5720.0				22436.0	1832.0	23898.0	281509.0	30669.0	11961.0	CHN
China	1737.0	462591.0	69519.0	12058.0	392646.0	29881.0	77741.0	3944.0	32322.0	1698.9	2018					30655.0	186.0	5126.0	62.0	5878.0				20787.0	4740.0	26875.0	290496.0	34463.0	12596.0	CHN
China	1939.0	441370.0	67433.0	9967.0	370738.0	28571.0	79555.0	4270.0	32579.0	1238.6	2019	1058.0				29756.0	82.0			5866.0	3432.0			19685.0	6406.0	29904.0	262164.0	38183.0	12305.0	CHN
China	1917.0	486500.0	66588.0	10572.0	362494.0	32557.0	78917.0	4436.0	32130.0	1197.5	2020					31813.0	-660.0	6191.0	287.0	5686.0				20786.0	2878.0	28565.0	253405.0	43894.0	10715.0	CHN
China	1942.0	519461.0	73237.0	12813.0	470515.0	39898.0	92317.0	5601.0	36191.0	1218.2	2021					39236.0	-540.0	8636.0	-67.0	7860.0				24199.0	3695.0	48338.0	328189.0	50534.0	13410.0	CHN
Colombia	125.0	10816.0	2633.0		10503.0	846.0					2004		2928.0		166.0	995.0	-5.0	92.0		255.0			10235.0							COL
Colombia	121.0	11647.0			12737.0	1035.0					2005					1443.0	-24.0	70.0	-13.0	475.0										COL
Colombia	123.0	14025.0			14381.0	1018.0					2006					1470.0	-26.0	68.0	-11.0	533.0										COL
Colombia	124.0										2007					1874.0	-91.0	159.0	-56.0	664.0										COL
Colombia	120.0										2008					2137.0	-20.0	161.0	-4.0	803.0										COL
Colombia	110.0	19826.0	4843.0	1020.0	17169.0	1397.0	5344.0	26.0	1624.0	59.8	2009		6026.0		82.0	1957.0	-106.0	219.0	0.0	843.0			17169.0							COL
Colombia	117.0	22453.0	5348.0	1044.0	20578.0	1905.0	6458.0		1876.0	58.8	2010					2451.0	44.0	216.0	33.0	791.0						850.0	14665.0	795.0	3059.0	COL
Colombia	121.0	25664.0	5542.0	1041.0	23502.0	2266.0	7071.0	32.0	2247.0	62.3	2011					2870.0	-197.0	285.0	68.0	953.0						947.0	16588.0	733.0	3728.0	COL
Colombia	132.0	29738.0	6143.0	1160.0	24703.0	2335.0	7224.0	37.0	2372.0	63.9	2012					3035.0	-295.0	290.0		987.0						796.0	17918.0	576.0	3610.0	COL
Colombia	134.0	30679.0	6602.0	1127.0	24037.0	1859.0	6925.0	63.0	2452.0	65.8	2013					2548.0	-190.0	137.0	80.0	902.0						701.0	17714.0	611.0	3204.0	COL
Colombia	183.0	32525.0	7346.0	1169.0	25681.0	509.0	6683.0	62.0	2946.0	83.2	2014		8199.0	346.0	141.0	1747.0	-50.0	-330.0	5.0				25681.0	180.0	516.0	2096.0	18298.0	776.0	3028.0	COL
Colombia	186.0	30133.0	6418.0	900.0	21479.0	-259.0	5087.0	64.0	2660.0	82.4	2015					629.0	-10.0			391.0				261.0	365.0	1052.0	15497.0	1389.0	2290.0	COL
Colombia	195.0	31557.0	6370.0	763.0	19795.0	279.0	5181.0	64.0	2467.0	87.4	2016					908.0	-52.0	43.0	-3.0	545.0				206.0	118.0	926.0	14170.0	1175.0	2482.0	COL
Colombia	200.0	32634.0	6165.0	793.0	20697.0	335.0	5613.0	105.0	2571.0	88.9	2017					1099.0	-71.0			491.0				218.0	210.0	280.0	15523.0	929.0	2867.0	COL
Colombia	192.0	32333.0	6008.0	809.0	19861.0	919.0	5395.0	113.0	2578.0	86.1	2018					1483.0	-80.0			574.0				207.0	166.0	274.0	14502.0	906.0	3219.0	COL
Colombia	216.0	33441.0	7083.0	1054.0	20023.0	863.0	5290.0	83.0	2598.0	104.9	2019	245.0				1332.0	-90.0	26.0	206.0	701.0	8.0	18.0		373.0	451.0	267.0	14796.0	724.0	2842.0	COL
Colombia	212.0	29124.0	5792.0	694.0	16791.0	245.0	4117.0	83.0	2340.0	102.7	2020					583.0	-78.0	-101.0	111.0	341.0				462.0	149.0	254.0	12629.0	585.0	2239.0	COL
Colombia	209.0	28831.0	5713.0	765.0	19602.0	516.0	4392.0	56.0	2416.0	105.5	2021					821.0	-80.0	62.0	52.0	411.0				363.0	208.0	289.0	14604.0	694.0	2879.0	COL
Comoros		2.0	1.0		2.0						2004		1.0		1.0															COM
Comoros		2.0			2.0						2005																			COM
Comoros		2.0			2.0						2006																			COM
Comoros		2.0			2.0						2007																			COM
Comoros		2.0			2.0						2008																			COM
Comoros	0.0			0.0	0.0	0.0	0.0	0.0	0.0	0.0	2014			0.0	0.0															COM
Comoros	0.0			0.0	0.0	0.0	0.0	0.0	0.0	0.0	2015																			COM
Comoros	0.0			0.0	0.0	0.0	0.0	0.0	0.0	0.0	2016																			COM
Comoros	0.0			0.0	0.0	0.0	0.0	0.0	0.0	0.0	2017																			COM
Comoros	0.0			0.0	0.0	0.0	0.0	0.0	0.0	0.0	2018																			COM
Congo (Brazzaville)	8.0				430.0	80.0			19.0	0.5	2004		201.0	59.0	11.0															COG
Congo (Brazzaville)	7.0	1429.0			612.0	131.0			19.0	0.5	2005																			COG
Congo (Brazzaville)	8.0				512.0	96.0			34.0	1.0	2006																			COG
Congo (Brazzaville)	11.0				666.0	-45.0			35.0	1.8	2007																			COG
Congo (Brazzaville)	8.0				623.0	70.0			35.0	0.6	2008																			COG
Congo (Brazzaville)	11.0				840.0	-11.0	440.0	0.0	49.0	0.4	2009		277.0	19.0	4.0															COG
Congo (Brazzaville)	10.0				1013.0	-64.0		0.0	32.0	0.3	2010																			COG
Congo (Brazzaville)	10.0			206.0				0.0	40.0	0.3	2011																			COG
Congo (Brazzaville)	9.0			335.0				0.0		0.3	2012																			COG
Congo (Brazzaville)	9.0			658.0			429.0	0.0		0.5	2013																			COG
Congo (Brazzaville)	8.0							0.0	50.0	0.4	2014				3.0															COG
Congo (Brazzaville)	8.0									0.2	2015																			COG
Congo (Brazzaville)	8.0									0.3	2016																			COG
Congo (Brazzaville)	8.0									0.3	2017																			COG
Congo (Brazzaville)	8.0									0.3	2018																			COG
Congo (Brazzaville)	9.0							0.0		0.3	2019	6.0																		COG
Congo (Brazzaville)	10.0							0.0	33.0	0.3	2020																			COG
Congo (Brazzaville)	10.0							0.0		0.3	2021																			COG
Congo (Kinshasa)	5.0								7.0	0.4	2004		29.0	-5.0	5.0															COD
Congo (Kinshasa)	4.0								2.0	0.4	2005																			COD
Congo (Kinshasa)	4.0	213.0							2.0	0.5	2006																			COD
Congo (Kinshasa)	4.0	263.0							2.0	0.6	2007																			COD
Congo (Kinshasa)	5.0										2008																			COD
Congo (Kinshasa)	6.0					13.0	191.0	0.0			2009			-24.0	5.0															COD
Congo (Kinshasa)	5.0							0.0			2010																			COD
Congo (Kinshasa)	5.0							0.0			2011																			COD
Congo (Kinshasa)	5.0							0.0			2012																			COD
Congo (Kinshasa)	5.0							0.0			2013																			COD
Congo (Kinshasa)	6.0							0.0			2014				6.0															COD
Congo (Kinshasa)	6.0							0.0			2015																			COD
Congo (Kinshasa)	5.0	575.0	81.0	1.0	139.0	22.0	57.0	0.0	18.0	1.0	2016																			COD
Congo (Kinshasa)	5.0	527.0	79.0	2.0	130.0	12.0	47.0	0.0	19.0	1.0	2017																			COD
Congo (Kinshasa)	5.0	523.0	79.0	2.0	136.0	16.0	48.0	0.0	18.0	0.9	2018																			COD
Congo (Kinshasa)	7.0	720.0	78.0	8.0	118.0	11.0	32.0	0.0	17.0	0.8	2019	9.0																		COD
Congo (Kinshasa)	7.0	783.0		7.0	109.0	8.0	25.0	0.0	17.0	0.8	2020																			COD
Congo (Kinshasa)	7.0	642.0		8.0	128.0	12.0	29.0	0.0	18.0	0.8	2021																			COD
Costa Rica	63.0	7627.0	847.0		3547.0	412.0			414.0	33.8	2004		2384.0	328.0	89.0	400.0	5.0	43.0	0.0	55.0			3478.0							CRI
Costa Rica	65.0	5881.0			3972.0	502.0			487.0	36.8	2005					495.0	-8.0	63.0	1.0											CRI
Costa Rica	68.0										2006					511.0	-19.0	92.0	1.0	49.0										CRI
Costa Rica	68.0										2007					574.0	-45.0	40.0		46.0										CRI
Costa Rica	63.0										2008					495.0	-20.0	228.0		46.0										CRI
Costa Rica	62.0	26120.0	1111.0	189.0	6025.0	604.0	1417.0	8.0	659.0	48.1	2009		167.0	248.0	43.0	590.0	-36.0	74.0	0.0	43.0			6025.0							CRI
Costa Rica	61.0	29109.0	1183.0	188.0	7483.0	944.0	1788.0	20.0	750.0	47.0	2010					870.0	-51.0	123.0	3.0	52.0				2939.0		387.0	2702.0	984.0	376.0	CRI
Costa Rica	58.0	29898.0	1299.0	260.0	8367.0	718.0	1746.0		821.0	46.7	2011					689.0	-37.0			67.0				3262.0		110.0	3605.0	953.0	330.0	CRI
Costa Rica	58.0	31652.0	1447.0	218.0	8950.0	766.0	1896.0		919.0	53.1	2012					747.0	-23.0	72.0	9.0	62.0				3093.0		395.0	3799.0	1233.0	324.0	CRI
Costa Rica	58.0	32929.0	2107.0	329.0	11008.0	510.0	2127.0	80.0	1125.0	60.8	2013					680.0	-16.0			95.0				2920.0		159.0	5945.0	1341.0	537.0	CRI
Costa Rica	88.0	36735.0	3049.0	1312.0	12980.0	719.0	2620.0	40.0	1431.0	85.3	2014		1556.0	139.0	70.0	693.0	-14.0		0.0				12980.0	3126.0	203.0	124.0	7515.0	1386.0	527.0	CRI
Costa Rica	92.0	38344.0	2774.0	1547.0	13043.0	739.0	2926.0	77.0	1536.0	87.4	2015					863.0	-31.0			176.0				2660.0	192.0	92.0	7656.0	1601.0	743.0	CRI
Costa Rica	97.0	39471.0	2706.0	1351.0	13514.0	1070.0	3142.0	84.0	1615.0	90.3	2016					1087.0	-32.0			104.0				2669.0	185.0	129.0	7488.0	2368.0	590.0	CRI
Costa Rica	98.0	41186.0	2972.0	1274.0	14006.0	921.0	3131.0	103.0	1611.0	80.1	2017					1122.0	-67.0			202.0				2605.0	206.0	112.0	7449.0	2683.0	855.0	CRI
Costa Rica	96.0	42968.0	3030.0	1303.0	14366.0	740.0	2859.0	103.0	1630.0	80.0	2018					823.0	-84.0			125.0				2597.0	194.0	129.0	7624.0	2751.0	963.0	CRI
Costa Rica	111.0	15250.0	3577.0	1413.0	12847.0	778.0	2920.0	125.0	1690.0	83.2	2019	130.0				856.0	-42.0			168.0		0.0		1436.0	280.0	358.0	7678.0	2441.0	552.0	CRI
Costa Rica	114.0	15748.0	3623.0	1403.0	13521.0	1375.0	3622.0	148.0	2105.0	95.9	2020					1036.0	-59.0			136.0				2244.0	187.0	184.0	8272.0	1972.0	576.0	CRI
Costa Rica	111.0	16560.0	3910.0	1356.0	15565.0	2048.0	4184.0	159.0	2121.0	94.3	2021					1540.0	-63.0	6.0						3097.0	198.0	191.0	8774.0	2534.0	680.0	CRI
Cote D'Ivoire	11.0	491.0	221.0		975.0	40.0			48.0	2.5	2004		103.0	6.0	15.0															CIV
Cote D'Ivoire	11.0	481.0			1039.0	45.0			42.0	2.5	2005																			CIV
Cote D'Ivoire	10.0	470.0			943.0	17.0			44.0	2.5	2006																			CIV
Cote D'Ivoire	10.0	457.0			1106.0	22.0			45.0	2.7	2007																			CIV
Cote D'Ivoire	9.0	393.0			1219.0	1.0			47.0	2.5	2008																			CIV
Cote D'Ivoire	10.0	588.0	96.0	7.0	1069.0	-11.0	155.0	0.0	41.0	1.2	2009		71.0	-24.0	7.0															CIV
Cote d'Ivoire	8.0	602.0	99.0	4.0	1275.0	-39.0	144.0	0.0	42.0	1.2	2010																			CIV
Cote d'Ivoire	8.0	913.0	166.0	3.0	1272.0	-24.0	219.0	0.0	44.0	1.2	2011																			CIV
Cote d'Ivoire	8.0	668.0	170.0		1248.0	-88.0	163.0	0.0	43.0	1.2	2012																			CIV
Cote d'Ivoire	8.0	729.0	256.0		1259.0	-132.0	99.0	0.0	43.0	1.2	2013																			CIV
Cote d'Ivoire	7.0	731.0	192.0		1272.0	-96.0	29.0	0.0	43.0	1.0	2014				5.0															CIV
Cote d'Ivoire	5.0	607.0	168.0	5.0		-45.0	150.0	0.0	31.0	0.7	2015																			CIV
Cote d'Ivoire	5.0	781.0				-64.0	153.0	0.0	29.0	0.6	2016																			CIV
Cote d'Ivoire	7.0	645.0	51.0	5.0		-381.0	193.0	0.0	29.0	0.6	2017																			CIV
Cote d'Ivoire	7.0	624.0	51.0	6.0		-17.0	179.0	0.0	29.0	0.6	2018																			CIV
Cote d'Ivoire	10.0	926.0	109.0	36.0	1165.0	-17.0	153.0	0.0	37.0	0.9	2019	12.0																		CIV
Cote d'Ivoire	8.0	986.0	159.0	13.0	1146.0	-14.0	167.0	0.0	38.0	0.9	2020																			CIV
Cote d'Ivoire	8.0	1093.0	208.0		1504.0	-38.0	177.0	0.0	42.0	1.0	2021																			CIV
Croatia	7.0	128.0	28.0		126.0	5.0			30.0	1.2	2004		59.0	1.0	18.0															HRV
Croatia	8.0	151.0			234.0	6.0			32.0	1.3	2005																			HRV
Croatia	9.0	214.0			283.0	11.0			41.0	1.4	2006																			HRV
Croatia	10.0	483.0			345.0	5.0			43.0	1.4	2007																			HRV
Croatia	13.0	685.0			564.0	-10.0			62.0	2.7	2008																			HRV
Croatia	11.0	719.0	337.0	36.0	621.0	3.0		2.0	82.0	3.1	2009		96.0	-9.0	13.0															HRV
Croatia	10.0	661.0			552.0	-67.0	233.0	2.0	71.0	2.1	2010																			HRV
Croatia	10.0	601.0		36.0	606.0	-153.0	157.0	2.0	71.0	2.2	2011																			HRV
Croatia	9.0	531.0		16.0	399.0	6.0	272.0	2.0	56.0	1.7	2012																			HRV
Croatia	9.0	556.0	53.0		464.0	13.0	217.0	2.0	56.0	1.7	2013																			HRV
Croatia	15.0	822.0	224.0	28.0	587.0	14.0	386.0	7.0	74.0	2.1	2014			-1.0	16.0															HRV
Croatia	14.0	584.0	48.0	12.0	496.0	28.0	314.0	7.0	66.0	1.5	2015																			HRV
Croatia	16.0	873.0	83.0	19.0	786.0	42.0	338.0	17.0	85.0	1.8	2016																			HRV
Croatia	16.0	1103.0	115.0	61.0	832.0	49.0	376.0	17.0	89.0	1.9	2017																			HRV
Croatia	16.0	1099.0	116.0	74.0	871.0	46.0	417.0	17.0	88.0	2.0	2018																			HRV
Croatia	18.0	957.0	144.0	14.0	964.0	41.0	492.0	7.0	122.0	2.7	2019	33.0																		HRV
Croatia	18.0	1054.0	147.0	12.0	1049.0	107.0	608.0	3.0	93.0	2.6	2020																			HRV
Croatia	18.0	1038.0	147.0	27.0	1152.0	78.0	654.0	8.0	100.0	2.6	2021																			HRV
Cuba	1.0										2004																			CUB
Cuba	1.0					-1.0					2005																			CUB
Cuba	1.0					-1.0					2006																			CUB
Cuba	1.0										2007																			CUB
Cuba	1.0										2008																			CUB
Cuba	0.0		2.0		7.0		1.0	0.0			2009				0.0															CUB
Cuba	0.0		2.0		7.0		1.0	0.0			2010																			CUB
Cuba	0.0		2.0		7.0		1.0	0.0			2011																			CUB
Cuba	0.0		2.0		7.0		1.0	0.0			2012																			CUB
Cuba	0.0		2.0		7.0		1.0	0.0			2013																			CUB
Curacao	35.0	89422.0	46.0		1693.0	7149.0	263.0	0.0	15.0	0.9	2011																			CUW
Curacao	37.0	105246.0	15.0		1778.0	8886.0	973.0	0.0	19.0	0.9	2012																			CUW
Curacao	31.0	92339.0	15.0		1568.0		165.0	0.0	21.0	0.9	2013																			CUW
Curacao	31.0	86351.0	97.0	6.0	1350.0		263.0	0.0	15.0	0.2	2014		5710.0	273.0	23.0															CUW
Curacao	30.0	87436.0	82.0		895.0	8335.0	163.0	0.0		0.2	2015																			CUW
Curacao	26.0	55187.0	31.0		423.0		115.0	0.0	3.0	0.1	2016																			CUW
Curacao	24.0	60690.0	34.0	1.0	620.0	5197.0	134.0	0.0	2.0		2017																			CUW
Curacao	22.0	60967.0	33.0	1.0	836.0		233.0	0.0	2.0		2018																			CUW
Curacao	22.0	42796.0	49.0	1.0	842.0	3883.0	126.0	0.0	5.0	0.1	2019	33.0																		CUW
Curacao	22.0	40740.0			690.0		314.0	0.0			2020																			CUW
Curacao	23.0	38516.0			684.0		294.0	0.0			2021																			CUW
Cyprus	11.0								40.0	1.1	2004		43.0	31.0	24.0															CYP
Cyprus	13.0	1570.0							55.0	2.2	2005																			CYP
Cyprus	21.0	2131.0							61.0	2.3	2006																			CYP
Cyprus	26.0	4607.0			1575.0	323.0			76.0	2.3	2007																			CYP
Cyprus	29.0	4591.0			1695.0	287.0			86.0	2.4	2008																			CYP
Cyprus	33.0	5498.0	137.0	10.0	1275.0	172.0	310.0	0.0	62.0	1.2	2009		1722.0	142.0	23.0															CYP
Cyprus	39.0	8215.0	184.0	19.0	1628.0	379.0	449.0	0.0	80.0	1.7	2010																			CYP
Cyprus	45.0	9676.0	196.0	13.0	1696.0	176.0	651.0	0.0	92.0	1.5	2011																			CYP
Cyprus	49.0	11628.0	269.0	41.0	1726.0	426.0	578.0	0.0	92.0	1.5	2012																			CYP
Cyprus	49.0	12814.0	412.0		1466.0	368.0	552.0	0.0	94.0	1.5	2013																			CYP
Cyprus	80.0	15521.0	396.0	45.0	1882.0	363.0	456.0	5.0	124.0	2.0	2014		2564.0	136.0	56.0															CYP
Cyprus	75.0	-9845.0	129.0	25.0	1378.0	-2387.0	893.0	5.0	100.0	1.7	2015																			CYP
Cyprus	78.0	-14601.0	138.0	27.0	1506.0		141.0		99.0	1.6	2016																			CYP
Cyprus	79.0	-24965.0	139.0	27.0	1711.0	-1348.0	241.0		101.0	1.6	2017																			CYP
Cyprus	86.0	-29405.0	195.0	92.0	2028.0	-261.0	464.0		79.0	1.5	2018																			CYP
Cyprus	88.0	-27210.0	363.0	87.0	2095.0	-368.0	253.0		78.0	1.3	2019	75.0																		CYP
Cyprus	89.0	-24922.0	366.0	53.0	2203.0	132.0	272.0		102.0	1.8	2020																			CYP
Cyprus	97.0	48101.0	498.0	69.0	2755.0	910.0	-393.0		103.0	1.9	2021																			CYP
Czech Republic	152.0				10426.0	547.0					2004		1812.0	190.0	196.0	782.0	-52.0	18.0		243.0			10049.0							CZE
Czech Republic	148.0	12283.0			12941.0	1058.0					2005					1161.0	-104.0	39.0	-8.0	221.0										CZE
Czech Republic	156.0				14475.0	1034.0					2006					1131.0	-126.0	22.0	16.0	221.0										CZE
Czech Republic	156.0										2007					1114.0	-109.0	7.0	6.0	283.0										CZE
Czech Republic	157.0										2008					1090.0	-57.0	6.0	-8.0	255.0										CZE
Czech Republic	146.0	29042.0	4074.0	491.0	16715.0	921.0	5086.0	81.0	2072.0	72.0	2009		5384.0	727.0	113.0	1392.0	-199.0			234.0			16715.0							CZE
Czech Republic	144.0	28740.0	3883.0	333.0	16605.0	1248.0	5514.0	56.0	2137.0	80.2	2010					1472.0	-31.0	37.0	-51.0	202.0				299.0	43.0	1071.0	9391.0	3465.0	1951.0	CZE
Czech Republic	150.0	29394.0	3737.0	397.0	18222.0	1313.0	5860.0	60.0	2274.0	86.0	2011					1608.0	14.0	5.0	-3.0	287.0				311.0	149.0	1413.0	10215.0	3561.0	2240.0	CZE
Czech Republic	152.0	30095.0	4585.0	449.0	18403.0	1241.0	5634.0	75.0	2204.0	84.9	2012					1464.0	11.0	66.0	-13.0	267.0				527.0	157.0	876.0	8758.0	5464.0	2340.0	CZE
Czech Republic	153.0	30306.0	4574.0	405.0	17619.0	1110.0	5425.0	63.0	2102.0	84.8	2013					1274.0	117.0	83.0	17.0	255.0				362.0	152.0	706.0	7978.0	6129.0	2075.0	CZE
Czech Republic	181.0	30662.0	4896.0	505.0	19003.0	1308.0	5504.0	105.0	2294.0	93.8	2014		6430.0		132.0	1424.0	24.0	92.0	0.0	264.0			19003.0	521.0	74.0	490.0	8171.0	6522.0	3019.0	CZE
Czech Republic	183.0	27331.0	3431.0	430.0	15535.0		4986.0	88.0	2198.0	94.4	2015					1299.0	-13.0	65.0	-19.0					478.0	64.0	425.0	7312.0	3975.0	3002.0	CZE
Czech Republic	186.0	20426.0	3608.0	542.0	15257.0	686.0	4424.0	75.0	2203.0	87.4	2016					649.0		11.0	157.0	130.0				361.0	72.0	668.0	7693.0	3176.0	3059.0	CZE
Czech Republic	190.0	22968.0	4133.0	650.0	16839.0	934.0	5088.0	131.0	2254.0	85.4	2017					1017.0	125.0	11.0	75.0	170.0				489.0	175.0	1069.0	8314.0	3509.0	3053.0	CZE
Czech Republic	185.0	20459.0	3879.0	526.0	16056.0	900.0	5025.0	126.0	2201.0	78.9	2018					1014.0		18.0	31.0	163.0				533.0	66.0	605.0	9106.0	3469.0	2044.0	CZE
Czech Republic	183.0	19504.0	3658.0	376.0	15202.0	620.0	4506.0	181.0	2135.0	74.6	2019	205.0				779.0		44.0	97.0	299.0	44.0	0.0		628.0	88.0			3423.0	1695.0	CZE
Czech Republic	187.0	20191.0	3729.0	392.0	14032.0	818.0	4827.0	160.0	2206.0	74.5	2020					933.0		47.0	56.0	219.0				485.0	71.0	260.0	8486.0	2891.0	1654.0	CZE
Czech Republic	188.0	21120.0	3914.0	580.0	16727.0	792.0	5436.0	215.0	2500.0	73.9	2021					990.0		48.0	14.0	260.0				558.0	81.0	552.0	10236.0	3145.0	1977.0	CZE
Denmark	236.0	39646.0	3269.0		21467.0	4259.0			3469.0	41.8	2004		7709.0	780.0	256.0	1366.0	-169.0	2183.0	0.0	686.0			12270.0							DNK
Denmark	239.0	40007.0			19862.0	3875.0			3148.0	45.5	2005					1868.0	-163.0	2691.0	191.0	852.0										DNK
Denmark	244.0	51045.0			29008.0	4973.0			4600.0	66.4	2006					2364.0	-27.0	2858.0	174.0	988.0										DNK
Denmark	240.0										2007					2211.0	97.0	3004.0	-54.0	962.0										DNK
Denmark	238.0										2008					7532.0	84.0	2845.0	29.0	4698.0										DNK
Denmark	221.0	58261.0	4642.0	981.0	18527.0	5399.0	8759.0	185.0	3055.0	34.2	2009				145.0	4360.0				2486.0			18527.0							DNK
Denmark	219.0	56802.0	4159.0	646.0	19075.0	7065.0	8986.0	199.0	3051.0	32.6	2010					4588.0	149.0	5427.0	50.0	2998.0				449.0	100.0	360.0	9908.0	5312.0	2777.0	DNK
Denmark	219.0	60778.0	4241.0	799.0	21079.0	2664.0	9994.0	185.0	3073.0	32.0	2011					5746.0	-87.0	537.0	20.0	3631.0				578.0	114.0	428.0	10071.0	6438.0	3181.0	DNK
Denmark	227.0	58745.0	4678.0	811.0	20023.0	2799.0	8579.0	237.0	3337.0	34.4	2012					3927.0	79.0	1764.0	-80.0	2806.0				588.0	152.0	503.0	9992.0	5659.0	2918.0	DNK
Denmark	230.0	71197.0	6780.0	918.0	23185.0	4902.0	10446.0	510.0	3961.0	39.9	2013					4971.0	115.0	2044.0	-132.0	1977.0				525.0	1104.0	401.0	10293.0	5482.0	5199.0	DNK
Denmark	270.0	84843.0	5779.0	704.0	23123.0	2777.0	8018.0	515.0	4591.0	44.9	2014				173.0	2317.0	62.0	1471.0	4.0	2219.0			23123.0	677.0	1388.0	621.0	12222.0	2724.0	5241.0	DNK
Denmark	270.0	81791.0	5799.0	638.0	18587.0	1921.0	5981.0	587.0	3861.0	40.8	2015					1029.0	30.0	1035.0	186.0	330.0				649.0	192.0	3509.0	10010.0	1793.0	2233.0	DNK
Denmark	279.0	80727.0	5438.0	461.0	18336.0	1198.0	5489.0	621.0	3834.0	40.3	2016					587.0	-5.0	1049.0	190.0	629.0				621.0	163.0			1845.0	2080.0	DNK
Denmark	283.0	74687.0	5714.0	492.0	19741.0	2577.0	5337.0	649.0	3907.0	40.8	2017					598.0	-31.0	2357.0	-45.0	333.0				683.0	407.0			1813.0	2422.0	DNK
Denmark	292.0	76166.0	6014.0	586.0	21450.0	1542.0	5345.0	674.0	3947.0	44.5	2018					593.0	-93.0	1275.0	112.0	438.0				573.0	470.0			2164.0	2218.0	DNK
Denmark	303.0	73841.0	5797.0	827.0	19915.0	1204.0	5502.0	616.0	3677.0	40.8	2019	252.0				1110.0	-24.0			649.0	744.0			706.0	464.0			1809.0	2108.0	DNK
Denmark	303.0	73805.0	5185.0	605.0	18536.0	2913.0	3942.0	626.0	3707.0	37.4	2020					-433.0	-29.0			-17.0				738.0	455.0	2259.0	11123.0	1718.0	2090.0	DNK
Denmark	284.0	66959.0	5051.0	890.0	20112.0	2135.0	5361.0	697.0	3815.0	37.3	2021					732.0	-58.0			250.0				1007.0	595.0	2337.0	12164.0	1847.0	2003.0	DNK
Djibouti	1.0										2004																			DJI
Djibouti	1.0								2.0		2005																			DJI
Djibouti	1.0								2.0		2006																			DJI
Djibouti	1.0										2007																			DJI
Djibouti	0.0	2.0	1.0		4.0	1.0	2.0	0.0	1.0		2009			1.0	0.0															DJI
Djibouti	0.0	2.0	1.0		4.0	1.0	2.0	0.0	1.0		2010																			DJI
Djibouti	0.0	2.0	1.0		4.0	1.0	2.0	0.0	1.0		2011																			DJI
Djibouti	0.0	2.0	1.0		4.0	1.0	2.0	0.0	1.0		2012																			DJI
Djibouti	0.0	2.0	1.0		4.0	1.0	2.0	0.0	1.0		2013																			DJI
Djibouti	1.0	2.0		0.0				0.0		0.1	2014				1.0															DJI
Djibouti	1.0			0.0		5.0		0.0		0.2	2015																			DJI
Djibouti	1.0		0.0	0.0				0.0		0.2	2016																			DJI
Djibouti	1.0		0.0	0.0				0.0		0.2	2017																			DJI
Djibouti	1.0		0.0	0.0				0.0		0.2	2018																			DJI
Djibouti	1.0		0.0	0.0				0.0	0.0	0.0	2019	1.0																		DJI
Djibouti	1.0		0.0	0.0				0.0	0.0	0.0	2020																			DJI
Djibouti	1.0					5.0		0.0		0.2	2021																			DJI
Dominica	2.0										2004																			DMA
Dominica	2.0										2005																			DMA
Dominica	2.0	75.0			48.0	1.0			5.0	0.5	2006																			DMA
Dominica	2.0										2007																			DMA
Dominica	1.0										2008																			DMA
Dominica	0.0		1.0		2.0			0.0	0.0	0.0	2009		-1.0		0.0															DMA
Dominica	1.0					5.0	7.0				2010																			DMA
Dominica	1.0			1.0		8.0					2011																			DMA
Dominica	1.0					9.0			0.0	0.0	2012																			DMA
Dominica	1.0							0.0	0.0	0.0	2013																			DMA
Dominica	2.0									0.5	2014				2.0															DMA
Dominica	2.0									0.5	2015																			DMA
Dominica	2.0									0.6	2016																			DMA
Dominica	2.0			2.0						0.6	2017																			DMA
Dominica	2.0									0.5	2018																			DMA
Dominica	2.0		72.0	3.0						0.2	2019	3.0																		DMA
Dominica	1.0			3.0					1.0		2020																			DMA
Dominica	1.0			3.0					1.0		2021																			DMA
Dominican Republic	39.0										2004			122.0	57.0	258.0	72.0	-2.0	0.0	15.0			3164.0							DOM
Dominican Republic	42.0	5132.0									2005					639.0	50.0	-3.0	-5.0	147.0										DOM
Dominican Republic	47.0	4687.0									2006					640.0	-3.0	0.0	0.0	71.0										DOM
Dominican Republic	43.0				4520.0	324.0			315.0	32.0	2007					383.0	-14.0	0.0	1.0	60.0										DOM
Dominican Republic	37.0				4578.0	344.0			183.0	24.6	2008						14.0	0.0		104.0										DOM
Dominican Republic	35.0	4185.0	936.0	66.0	4357.0	561.0	1124.0	2.0	232.0	26.0	2009				31.0	639.0	-11.0		0.0				4357.0							DOM
Dominican Republic	33.0	4109.0	938.0	153.0	4636.0	375.0	1022.0	2.0	228.0	24.9	2010					476.0	58.0	0.0	2.0	103.0				455.0	5.0	158.0	3539.0	425.0	48.0	DOM
Dominican Republic	35.0	4178.0	1062.0	176.0	4887.0	445.0	1158.0	1.0	220.0	23.2	2011					596.0	46.0		10.0	162.0				471.0	40.0	181.0	3695.0	253.0	242.0	DOM
Dominican Republic	33.0	4790.0	1058.0	92.0	3997.0	290.0	984.0	1.0	221.0	20.4	2012					422.0	54.0	1.0	5.0	139.0						94.0	2977.0			DOM
Dominican Republic	31.0	5184.0	1027.0	85.0	3453.0	336.0	950.0	1.0	217.0	19.7	2013					435.0	62.0	2.0	7.0	107.0					5.0	31.0	2591.0		34.0	DOM
Dominican Republic	37.0	5204.0	1003.0	44.0	3825.0	380.0	860.0	1.0	225.0	21.8	2014				34.0	416.0	34.0	2.0		83.0			3825.0	346.0	16.0	15.0	2675.0	613.0	148.0	DOM
Dominican Republic	38.0	4931.0	1074.0	218.0	3622.0	439.0	1039.0	3.0	260.0	23.3	2015					523.0			9.0	93.0						28.0	2068.0	278.0	218.0	DOM
Dominican Republic	38.0	5198.0	1011.0	285.0	3604.0	541.0	1124.0	3.0	257.0	24.4	2016					606.0	29.0		4.0	68.0				1033.0	34.0	29.0	1992.0	288.0	217.0	DOM
Dominican Republic	34.0	4790.0	1088.0	202.0	3615.0	518.0	1127.0	2.0	242.0	22.5	2017					616.0	13.0			102.0					4.0	28.0	2114.0	301.0		DOM
Dominican Republic	34.0	5292.0	1279.0	232.0	3925.0	617.0	1179.0	2.0	247.0	23.1	2018					670.0	-3.0			79.0				935.0	4.0	36.0	2204.0	421.0	310.0	DOM
Dominican Republic	39.0	6043.0	1784.0	334.0	4038.0	714.0	1252.0	2.0	271.0	25.8	2019	63.0				798.0	-12.0	-2.0	7.0	89.0	-2.0	0.0				60.0	2454.0	393.0	190.0	DOM
Dominican Republic	39.0	6188.0	1909.0	289.0	3480.0	486.0	1033.0	1.0	262.0	25.6	2020					537.0	23.0			75.0				358.0	89.0	39.0	2407.0	392.0	177.0	DOM
Dominican Republic	39.0	6405.0	2005.0	357.0	4144.0	571.0	1164.0	1.0	268.0	25.9	2021					646.0	22.0	-1.0	12.0	87.0				567.0	68.0		2820.0		233.0	DOM
East Timor	1.0								0.0	0.0	2004																			TLS
East Timor	1.0								0.0	0.0	2005																			TLS
East Timor	1.0								0.0	0.0	2006																			TLS
East Timor	1.0										2007																			TLS
East Timor	1.0								0.0	0.0	2008																			TLS
East Timor	1.0				88.0			0.0	3.0	0.1	2009			1.0	1.0															TLS
Ecuador	51.0				3008.0	342.0					2004			304.0	69.0	488.0	-5.0	27.0	0.0	109.0			2910.0							ECU
Ecuador	50.0	3412.0									2005					630.0	-20.0	4.0	-4.0	173.0										ECU
Ecuador	52.0								176.0	8.6	2006					257.0	-10.0	28.0	-8.0	80.0										ECU
Ecuador	53.0	4589.0			3708.0	-52.0			198.0	11.5	2007					113.0	-17.0	-116.0	-4.0	96.0										ECU
Ecuador	51.0	4037.0			4362.0	204.0			205.0	12.4	2008					191.0	17.0	15.0	8.0	62.0										ECU
Ecuador	53.0	4066.0	591.0	49.0	3657.0	13.0	887.0	1.0	264.0	13.6	2009		1400.0	59.0	41.0	205.0	5.0	-49.0	0.0	60.0			3657.0							ECU
Ecuador	51.0	4381.0	601.0	55.0	4114.0	239.0	971.0	1.0	301.0	14.9	2010					326.0	-25.0			83.0				231.0	35.0	246.0	3063.0	396.0	83.0	ECU
Ecuador	54.0	4161.0	704.0	92.0	4657.0	231.0	955.0	2.0	301.0	15.6	2011					318.0	-22.0			97.0				215.0	37.0	239.0	3465.0	395.0	240.0	ECU
Ecuador	55.0	4373.0	743.0	170.0	5246.0	216.0	990.0	2.0	345.0	15.2	2012					325.0	-32.0	1.0	-1.0	108.0						249.0	4031.0	309.0	250.0	ECU
Ecuador	55.0	4543.0	806.0	178.0	5340.0	249.0	1109.0	1.0	376.0	16.7	2013					367.0	-2.0			104.0					33.0	227.0	3705.0	345.0	269.0	ECU
Ecuador	69.0	5320.0	911.0	111.0	6377.0	525.0	1192.0	2.0	535.0	21.9	2014			125.0	54.0	294.0	10.0		0.0	75.0			6377.0	51.0	69.0	894.0	4608.0	367.0	225.0	ECU
Ecuador	66.0	5108.0	764.0	108.0	5520.0	102.0	950.0		495.0	18.9	2015					132.0	-10.0	-6.0	3.0	27.0				40.0	61.0	788.0	3843.0	373.0	212.0	ECU
Ecuador	61.0	4878.0	700.0	67.0	4805.0	113.0	869.0	1.0	464.0	16.6	2016					122.0	-13.0	3.0	3.0	15.0				40.0	59.0	659.0	3152.0	326.0	327.0	ECU
Ecuador	59.0	5031.0	712.0	60.0	5146.0	135.0	911.0	8.0	463.0	17.1	2017					151.0	-20.0			23.0				50.0	63.0	658.0	3376.0	402.0	334.0	ECU
Ecuador	59.0	5066.0	691.0	64.0	5110.0	147.0	906.0		449.0	16.1	2018					169.0	-23.0	4.0	1.0	27.0				51.0	66.0	613.0	3307.0	464.0	332.0	ECU
Ecuador	65.0	5640.0	1153.0	83.0	5021.0	519.0	1131.0		440.0	21.7	2019	77.0				429.0	28.0			83.0		1.0		43.0	67.0	549.0	3116.0			ECU
Ecuador	66.0	5517.0	1390.0	89.0	4620.0		978.0		439.0	22.0	2020					276.0	-30.0			43.0				127.0	48.0	568.0	2280.0	886.0	370.0	ECU
Ecuador	63.0	5402.0	1333.0	109.0	4678.0	112.0	908.0		451.0	21.1	2021					147.0	-9.0	3.0						224.0	55.0					ECU
Egypt	56.0								270.0	29.8	2004		4563.0	604.0	69.0	1175.0	10.0	6.0	0.0	512.0			4910.0							EGY
Egypt	56.0	11142.0			7252.0	1055.0			320.0	34.1	2005					1728.0	50.0	9.0	6.0	780.0										EGY
Egypt	60.0	13398.0			8544.0	1507.0			368.0	35.0	2006							9.0	1.0	885.0										EGY
Egypt	57.0	16377.0			10393.0	1801.0			403.0	35.5	2007					2463.0	98.0	19.0		1026.0										EGY
Egypt	57.0	19213.0			13482.0	2222.0			498.0	38.2	2008					3422.0	28.0	16.0	-1.0	1549.0										EGY
Egypt	55.0	17026.0	7731.0	1468.0		1737.0	4816.0	6.0	554.0	24.9	2009		10322.0	1564.0	44.0	3407.0	-122.0	19.0	0.0											EGY
Egypt	56.0	19614.0	7613.0	1666.0	12281.0	2374.0	5551.0	6.0	655.0	30.0	2010					3945.0	-103.0	5.0		1304.0				21.0	77.0	85.0	11355.0	214.0	364.0	EGY
Egypt	57.0	22512.0	8617.0	1737.0	14337.0	2739.0	7305.0	2.0	781.0	32.0	2011					5599.0	-132.0		-1.0					17.0	6.0	357.0	13011.0	446.0	348.0	EGY
Egypt	55.0	25617.0	8431.0	1950.0	15084.0	2719.0	7223.0	2.0	741.0	26.6	2012					5465.0	-80.0		40.0	2019.0				20.0	6.0	519.0	13351.0	384.0	647.0	EGY
Egypt	58.0	29582.0	8810.0	2301.0	14304.0	1943.0	5923.0	3.0	693.0	25.8	2013					4301.0	-164.0		54.0	1551.0				19.0	6.0	486.0	12402.0	421.0	827.0	EGY
Egypt	74.0	34178.0	8994.0	2083.0	13940.0	1493.0	6443.0	19.0	744.0	31.0	2014		23697.0	1113.0	53.0	3788.0	-289.0	3.0	1.0				13940.0	57.0	5.0	437.0	11967.0	438.0	892.0	EGY
Egypt	75.0	32651.0	8303.0	1761.0	12255.0	1058.0	6152.0	43.0	700.0	27.7	2015					2971.0	-298.0			1045.0				68.0	7.0	408.0	10905.0	248.0	462.0	EGY
Egypt	77.0	23887.0	5800.0	1426.0	11932.0	-59.0	4067.0	23.0	712.0	36.9	2016					998.0				524.0				70.0	6.0	375.0	10169.0	400.0	440.0	EGY
Egypt	76.0	22760.0	5358.0	1329.0	11414.0	-720.0	3779.0	19.0	607.0	41.7	2017					1452.0	-37.0							71.0	6.0	421.0	9827.0	445.0	521.0	EGY
Egypt	75.0	22203.0	5010.0	1415.0	13081.0	1265.0	4955.0	21.0	596.0	41.2	2018					2386.0	-38.0			1063.0				73.0	5.0	431.0	11420.0	524.0	471.0	EGY
Egypt	87.0	23783.0	4265.0	1478.0	13175.0	1208.0	5031.0	12.0	624.0	40.3	2019	87.0				2146.0	-94.0			818.0				55.0	3.0	441.0	11658.0	468.0	391.0	EGY
Egypt	87.0	23875.0	4255.0	1223.0	11232.0	878.0	4486.0	6.0	694.0	38.6	2020					1412.0	-31.0			661.0				57.0	3.0	412.0	10200.0	163.0	221.0	EGY
Egypt	88.0	26148.0	3339.0	1193.0	13228.0	1319.0	5554.0	48.0	624.0	38.4	2021					2180.0	-45.0			990.0				49.0	3.0	484.0	11603.0	439.0	458.0	EGY
El Salvador	27.0	2839.0	831.0		2113.0	126.0			124.0	19.7	2004		790.0	50.0	44.0															SLV
El Salvador	27.0	2495.0			2649.0	70.0			126.0	19.7	2005																			SLV
El Salvador	29.0										2006																			SLV
El Salvador	31.0				4440.0	175.0					2007																			SLV
El Salvador	31.0				4660.0	128.0					2008																			SLV
El Salvador	32.0	8460.0	1090.0	120.0	4243.0	235.0	1010.0	1.0	338.0	36.6	2009		2335.0	116.0	17.0															SLV
El Salvador	30.0	8001.0	1130.0	177.0	4740.0	367.0	971.0	2.0	373.0	37.5	2010																			SLV
El Salvador	30.0	7396.0	1046.0	68.0	5133.0	279.0	978.0		364.0	35.5	2011																			SLV
El Salvador	27.0	7187.0	931.0	58.0	3758.0	316.0	812.0		342.0	32.9	2012																			SLV
El Salvador	29.0	7440.0	1050.0	95.0	4193.0	342.0	946.0		375.0	36.4	2013																			SLV
El Salvador	37.0	7807.0	1153.0	93.0	4313.0	319.0	876.0	3.0	342.0	33.1	2014		2448.0	228.0	21.0															SLV
El Salvador	37.0	7519.0	1180.0	142.0	4102.0	2.0	891.0	3.0	359.0	35.0	2015																			SLV
El Salvador	34.0	5382.0	1039.0	86.0	3764.0	566.0	1138.0	3.0	304.0	34.9	2016																			SLV
El Salvador	33.0	5715.0	1092.0	103.0	4062.0	506.0	1079.0	3.0	310.0	34.3	2017																			SLV
El Salvador	33.0	5760.0	1096.0	118.0	4427.0	591.0	1212.0	3.0	323.0	35.5	2018																			SLV
El Salvador	37.0	6091.0	1267.0	198.0	4221.0	546.0	1166.0	3.0	325.0	30.9	2019	41.0																		SLV
El Salvador	34.0	5117.0	1551.0	366.0	3454.0	212.0	837.0	3.0	307.0	27.9	2020																			SLV
El Salvador	32.0	5257.0	1581.0	412.0	4247.0	298.0	864.0	3.0	287.0	27.2	2021																			SLV
Equatorial Guinea	14.0	14596.0	6271.0		3467.0	1539.0			40.0	0.6	2004		5510.0	1572.0	11.0															GNQ
Equatorial Guinea	22.0	16572.0			4721.0	2483.0			175.0	0.8	2005																			GNQ
Equatorial Guinea	22.0	20032.0			4968.0	2568.0			188.0	0.8	2006																			GNQ
Equatorial Guinea	24.0	21835.0			5714.0	5017.0			117.0	0.9	2007																			GNQ
Equatorial Guinea	23.0								123.0	0.9	2008																			GNQ
Equatorial Guinea	20.0	17121.0	6638.0	536.0	4141.0	3452.0	3695.0	0.0	126.0	0.8	2009		2073.0	743.0	8.0															GNQ
Equatorial Guinea	20.0	23683.0	10522.0	1634.0	5222.0	6375.0	5249.0	0.0	205.0	1.1	2010																			GNQ
Equatorial Guinea	20.0	25766.0	11474.0	1180.0	6353.0	8831.0	6063.0	0.0	190.0	1.1	2011																			GNQ
Equatorial Guinea	19.0	25651.0	11142.0	1250.0	6014.0	5584.0	4700.0	0.0	129.0	0.9	2012																			GNQ
Equatorial Guinea	21.0	31211.0	11578.0	1339.0	7291.0	6248.0	5848.0	0.0	171.0	1.5	2013																			GNQ
Equatorial Guinea	24.0	27789.0	10105.0	1229.0	6446.0	5039.0	5470.0	0.0	187.0	2.0	2014		4096.0		9.0															GNQ
Equatorial Guinea	23.0	22810.0	6929.0	857.0	3704.0		2915.0	0.0	190.0	1.9	2015																			GNQ
Equatorial Guinea	23.0	21913.0	6109.0		3048.0	993.0	2327.0	0.0	170.0	1.8	2016																			GNQ
Equatorial Guinea	24.0	17613.0	3547.0	196.0	2373.0	1185.0	1541.0	0.0	146.0	1.6	2017																			GNQ
Equatorial Guinea	24.0	16493.0	2468.0	110.0	2615.0	1387.0	1563.0	0.0	143.0	1.7	2018																			GNQ
Equatorial Guinea	26.0	16874.0	2834.0		2604.0	1581.0	1599.0	0.0	125.0	1.4	2019	12.0																		GNQ
Equatorial Guinea	27.0	16004.0	2474.0	65.0	1877.0	971.0	1001.0	0.0	119.0	1.3	2020																			GNQ
Equatorial Guinea	27.0	17565.0	2349.0	67.0	2286.0	1438.0	1305.0	0.0	100.0	1.3	2021																			GNQ
Eritrea	2.0										2004			0.0																ERI
Eritrea	1.0										2005																			ERI
Eritrea	1.0										2006																			ERI
Eritrea	0.0		1.0		1.0	1.0	1.0	0.0	0.0	0.0	2009			1.0	0.0															ERI
Eritrea	0.0		1.0		1.0	1.0	1.0	0.0	0.0	0.0	2010																			ERI
Eritrea	0.0		1.0		1.0	1.0	1.0	0.0	0.0	0.0	2011																			ERI
Eritrea	0.0		1.0		1.0	1.0	1.0	0.0	0.0	0.0	2012																			ERI
Eritrea	0.0		1.0		1.0	1.0	1.0	0.0	0.0	0.0	2013																			ERI
Eritrea	0.0	1.0			0.0	0.0		0.0	0.0	0.0	2014		-2.0	0.0	0.0															ERI
Eritrea	0.0	1.0			0.0	0.0		0.0	0.0	0.0	2015																			ERI
Eritrea	0.0	1.0			0.0	0.0		0.0	0.0	0.0	2016																			ERI
Eritrea	0.0	1.0			0.0	0.0		0.0	0.0	0.0	2017																			ERI
Eritrea	0.0	1.0			0.0	0.0		0.0	0.0	0.0	2018																			ERI
Estonia	7.0	180.0	49.0		213.0	12.0			26.0	2.2	2004		18.0	-1.0	23.0															EST
Estonia	7.0				232.0	8.0			28.0	2.3	2005																			EST
Estonia	7.0	202.0			257.0	9.0			29.0	2.3	2006																			EST
Estonia	8.0	333.0			379.0	15.0			35.0	2.5	2007																			EST
Estonia	6.0	318.0			346.0	18.0			34.0	2.2	2008																			EST
Estonia	6.0	337.0	68.0	6.0	332.0	21.0	163.0	4.0	38.0	1.8	2009		75.0	18.0	6.0															EST
Estonia	7.0	379.0	82.0	9.0	446.0	35.0	206.0	5.0	45.0	2.2	2010																			EST
Estonia	9.0	439.0	103.0	12.0	585.0	46.0	250.0	6.0	57.0	2.9	2011																			EST
Estonia	11.0	626.0	182.0	20.0	697.0	25.0	291.0	28.0	91.0	3.8	2012																			EST
Estonia	12.0	668.0	178.0	17.0	687.0	32.0	311.0		97.0	3.7	2013																			EST
Estonia	12.0	610.0	174.0	38.0	625.0	17.0	271.0		105.0	3.4	2014		181.0	-1.0	12.0															EST
Estonia	13.0	670.0	166.0	42.0	604.0	3.0	257.0		107.0	4.0	2015																			EST
Estonia	13.0	527.0	131.0	8.0	534.0	33.0	264.0		93.0	3.5	2016																			EST
Estonia	13.0	554.0	141.0	14.0	554.0	25.0	262.0		97.0	3.6	2017																			EST
Estonia	14.0	525.0	147.0	14.0	588.0	14.0	243.0		93.0	3.4	2018																			EST
Estonia	16.0	605.0	120.0	18.0	634.0	24.0	214.0		88.0	3.1	2019	27.0																		EST
Estonia	17.0	654.0	130.0	18.0	619.0	1.0	217.0		91.0	3.4	2020																			EST
Estonia	16.0	687.0	132.0	14.0	743.0	-2.0	251.0		100.0	3.4	2021																			EST
Eswatini	1.0		27.0	1.0						0.1	2018																			SWZ
Eswatini	1.0	271.0	34.0	5.0				0.0	11.0	0.2	2019	10.0																		SWZ
Eswatini	2.0		35.0	2.0				0.0	14.0	0.2	2020																			SWZ
Eswatini	2.0	403.0	38.0	6.0				0.0		0.2	2021																			SWZ
Ethiopia	2.0										2004																			ETH
Ethiopia	2.0										2005																			ETH
Ethiopia	1.0										2006																			ETH
Ethiopia	1.0										2007																			ETH
Ethiopia	1.0										2008																			ETH
Ethiopia	1.0		1.0					0.0	3.0	0.7	2009		3.0		1.0															ETH
Ethiopia	1.0		1.0					0.0	3.0	0.7	2010																			ETH
Ethiopia	1.0		1.0					0.0	3.0	0.7	2011																			ETH
Ethiopia	1.0		1.0					0.0	3.0	0.7	2012																			ETH
Ethiopia	2.0	70.0		4.0				0.0	3.0	0.7	2013																			ETH
Ethiopia	2.0	91.0							3.0	0.8	2014				2.0															ETH
Ethiopia	2.0	98.0		6.0					3.0	0.8	2015																			ETH
Ethiopia	2.0	53.0				2.0	9.0		3.0	0.8	2016																			ETH
Ethiopia	2.0	52.0				3.0	9.0		3.0	0.8	2017																			ETH
Ethiopia	1.0					1.0	5.0		3.0	0.8	2018																			ETH
Ethiopia	2.0	72.0	20.0		102.0	-2.0	14.0	0.0	12.0	2.5	2019	6.0																		ETH
Ethiopia	2.0	72.0	21.0		100.0	-4.0	14.0	0.0	12.0	2.5	2020																			ETH
Ethiopia	2.0	74.0	21.0		110.0	-3.0	15.0	0.0	12.0	2.5	2021																			ETH
Fiji	2.0										2004																			FJI
Fiji	2.0										2005																			FJI
Fiji	2.0	109.0			69.0	6.0			11.0	0.8	2006																			FJI
Fiji	2.0										2007																			FJI
Fiji	2.0								9.0	0.8	2008																			FJI
Fiji	3.0	83.0	37.0	5.0	207.0	3.0	59.0	0.0	16.0	1.4	2009		27.0	3.0	3.0															FJI
Fiji	3.0	82.0	41.0	5.0	243.0	5.0	72.0	0.0	16.0	1.4	2010																			FJI
Fiji	3.0	92.0	43.0	5.0	272.0	8.0	80.0	0.0	16.0	1.4	2011																			FJI
Fiji	3.0	106.0	44.0	4.0	284.0	4.0	79.0	0.0	16.0	1.4	2012																			FJI
Fiji	3.0	112.0	45.0	5.0	281.0	-1.0	75.0	0.0	16.0	1.4	2013																			FJI
Fiji	5.0	241.0	78.0	24.0	437.0	26.0	121.0	0.0	35.0	3.1	2014		53.0	24.0	4.0															FJI
Fiji	5.0	246.0	132.0	25.0	382.0	26.0	124.0	0.0	34.0	3.2	2015																			FJI
Fiji	5.0	265.0	157.0	44.0	365.0	18.0	121.0	0.0	34.0	3.2	2016																			FJI
Fiji	5.0	298.0	176.0	32.0	418.0	13.0	129.0	0.0	35.0	3.3	2017																			FJI
Fiji	4.0	272.0	149.0	10.0	479.0	13.0	128.0	0.0	28.0	2.6	2018																			FJI
Fiji	4.0	282.0	151.0	9.0	450.0	11.0	118.0	0.0	18.0		2019	5.0																		FJI
Fiji	4.0	281.0	154.0	13.0	305.0	15.0	106.0	0.0	19.0		2020																			FJI
Fiji	4.0	328.0	141.0	12.0	403.0	24.0	127.0	0.0	19.0		2021																			FJI
Finland	135.0								1188.0	24.1	2004		2727.0	237.0	179.0	558.0	4.0	159.0		181.0			11825.0							FIN
Finland	144.0	16683.0							1379.0	25.0	2005					559.0	71.0	169.0	70.0	215.0										FIN
Finland	152.0								1399.0	22.9	2006					565.0	99.0	287.0	40.0	298.0										FIN
Finland	152.0				13512.0	1055.0			1528.0	24.0	2007					892.0	107.0	337.0	51.0	233.0										FIN
Finland	146.0								1640.0	23.4	2008					844.0	107.0	78.0	95.0	177.0										FIN
Finland	111.0	18162.0	1530.0	193.0	10683.0	2767.0	3104.0	145.0	1526.0	20.7	2009		1671.0	83.0	84.0	419.0	67.0						10683.0							FIN
Finland	109.0	14861.0	1436.0	161.0	10344.0	784.0	2786.0	221.0	1487.0	19.8	2010					392.0	-18.0			112.0				252.0	116.0	439.0	5833.0	1688.0	1920.0	FIN
Finland	110.0	16409.0	1776.0	266.0	11768.0	670.0	3247.0	224.0	1527.0	22.7	2011					594.0	35.0			137.0				323.0	159.0	550.0	6402.0	2231.0	1998.0	FIN
Finland	113.0	15560.0	1792.0	285.0	10656.0	493.0	3121.0	191.0	1517.0	22.6	2012					518.0	2.0		-3.0					413.0	144.0	541.0	5915.0	1715.0	1822.0	FIN
Finland	114.0	15172.0	1761.0	219.0	10086.0	1013.0	3065.0	195.0	1429.0	19.4	2013					582.0	1.0	478.0	2.0	49.0						545.0	6018.0	1566.0	1325.0	FIN
Finland	125.0	36388.0	2436.0	1229.0	11140.0	-124.0	2380.0	433.0	1493.0	20.4	2014				97.0	-213.0				105.0			11140.0			192.0	6032.0	1034.0	1125.0	FIN
Finland	130.0	35870.0	2610.0	649.0	16584.0	-1106.0	1181.0	1089.0	2038.0	25.6	2015					-1758.0	11.0			61.0				2275.0		320.0	5018.0	1220.0	2255.0	FIN
Finland	138.0	28212.0	2671.0	239.0	13558.0	-6851.0	1294.0	525.0	1401.0	20.4	2016					-1030.0				-96.0				3162.0	113.0	1250.0	4819.0	1251.0	2847.0	FIN
Finland	144.0	28719.0	2618.0	333.0	9665.0	787.0	3152.0	263.0	1373.0	19.6	2017					810.0				58.0				1101.0	101.0	407.0	5163.0	1351.0	1397.0	FIN
Finland	142.0	29573.0	2480.0	262.0	10004.0	870.0	3244.0	278.0	1386.0	21.3	2018					838.0				68.0				1040.0	133.0	441.0	5484.0	1596.0	1162.0	FIN
Finland	157.0	25394.0	1763.0	262.0	10230.0	354.0	3112.0	245.0	1431.0	21.2	2019	184.0				596.0		116.0	-245.0	113.0	107.0	9.0		705.0	159.0	391.0	5826.0	1599.0	1451.0	FIN
Finland	156.0	27211.0	1709.0	359.0	10045.0	834.0	3223.0	239.0	1406.0	20.9	2020					667.0		252.0	16.0	101.0				672.0	207.0	240.0	6130.0	1048.0	1655.0	FIN
Finland	155.0	31006.0	1778.0	338.0	10939.0	598.0	3653.0	314.0	1509.0	19.3	2021					794.0		66.0	-113.0	148.0				688.0	339.0	337.0	6461.0	1030.0	1997.0	FIN
France	1329.0	262086.0	40736.0		181239.0	10247.0			29424.0	594.0	2004		58567.0	4987.0	830.0	8522.0	467.0	3784.0	17.0	2645.0			170622.0							FRA
France	1325.0	271894.0			196673.0	9848.0			31229.0	646.3	2005					8431.0	830.0	4021.0	-350.0	2573.0										FRA
France	1368.0	286132.0			200668.0	9200.0			33002.0	665.4	2006					7425.0	574.0	2969.0	107.0	2783.0										FRA
France	1375.0	333993.0			227287.0	12694.0			35443.0	652.8	2007					9042.0	804.0	4454.0	1268.0	3556.0										FRA
France	1348.0	352484.0			241918.0	11066.0			36012.0	635.4	2008					8928.0	881.0	6415.0	199.0	3266.0										FRA
France	1147.0	376478.0	31601.0	4392.0	200491.0	7375.0	52299.0	1943.0	33985.0	537.4	2009		89113.0	2620.0	540.0	5970.0	768.0	3605.0	780.0	2204.0			200491.0							FRA
France	1124.0	373084.0	27195.0	4097.0	197592.0	7297.0	50240.0	2021.0	34211.0	465.4	2010					5197.0	485.0	4733.0	389.0	3007.0				5019.0	927.0	8366.0	121997.0	39381.0	18897.0	FRA
France	1125.0	374838.0	28882.0	4764.0	220040.0	9435.0	54626.0	2109.0	35445.0	478.0	2011					7736.0	563.0	5199.0	-27.0	3457.0				6126.0	1110.0	12018.0	135111.0	39247.0	23204.0	FRA
France	1132.0	374171.0	28802.0	4307.0	211999.0	9057.0	52719.0	2031.0	34192.0	452.5	2012					6950.0	318.0	5577.0	-103.0	3352.0				5180.0	1272.0	11992.0	129930.0	38322.0	22180.0	FRA
France	1126.0	391152.0	29994.0	4854.0	212468.0	6804.0	52565.0	2373.0	34437.0	451.7	2013					5860.0	254.0	4471.0	-56.0	3457.0				4488.0	1440.0	15765.0	130227.0	38641.0	18992.0	FRA
France	1308.0	402180.0	30426.0	4947.0	218946.0	7888.0	54997.0	2469.0	35623.0	479.0	2014		76983.0	3693.0	636.0	7444.0	540.0	5218.0	55.0	3877.0			218946.0	5683.0	1229.0	14125.0	137260.0	38462.0	19707.0	FRA
France	1332.0	385409.0	28207.0	5023.0	190990.0	2436.0	48710.0	2231.0	33127.0	478.5	2015					4847.0	534.0	4621.0	-3535.0	3486.0						11328.0	119898.0	31318.0	20921.0	FRA
France	1336.0	367724.0	30323.0	5475.0	186379.0	8125.0	50135.0	1856.0	32315.0	476.1	2016					6890.0	650.0	4550.0	-20.0	3285.0				5868.0	1123.0	8302.0	123876.0	25483.0	19631.0	FRA
France	1335.0	393913.0	33875.0	5645.0	198897.0	9923.0	51421.0	2009.0	33681.0	495.0	2017					6451.0	432.0	6024.0	269.0	2801.0				5263.0	1758.0	8738.0	131039.0	27494.0	22455.0	FRA
France	1307.0	383390.0	32440.0	5287.0	211914.0	6356.0	52008.0	2081.0	34811.0	496.7	2018					5121.0	613.0	4794.0	-450.0	3099.0				5043.0	1893.0	9048.0	140806.0	29207.0	23632.0	FRA
France	1363.0	427000.0	33798.0	5808.0	208509.0	10716.0	55118.0	2016.0	34639.0	497.2	2019	799.0				9329.0	207.0	4475.0	1040.0	4123.0	4434.0	41.0		5347.0	1390.0	8946.0	145915.0	24343.0	20770.0	FRA
France	1339.0	469366.0	35012.0	5360.0	190062.0	9762.0	52068.0	2010.0	33619.0	485.3	2020					7063.0	15.0	4558.0	1328.0	3183.0				6215.0	1282.0	7319.0	134386.0	19796.0	18957.0	FRA
France	1309.0	478676.0	32293.0	4709.0	210675.0	12819.0	55018.0	2150.0	34235.0	473.6	2021					9490.0	207.0	4380.0	1870.0	2916.0				6759.0	1839.0	7272.0	147322.0	22884.0	22442.0	FRA
French Guiana	0.0						1.0	0.0			2009		0.0	0.0	0.0															GUF
French Guiana	0.0				3.0		1.0	0.0			2010																			GUF
French Guiana	0.0				3.0		1.0	0.0			2011																			GUF
French Guiana	0.0				3.0		1.0	0.0			2012																			GUF
French Guiana	0.0				3.0		1.0	0.0			2013																			GUF
French Guiana	0.0							0.0	0.0	0.0	2014		5.0		0.0															GUF
French Guiana	0.0							0.0	0.0	0.0	2015																			GUF
French Guiana	0.0							0.0	0.0	0.0	2016																			GUF
French Guiana	0.0							0.0	0.0	0.0	2017																			GUF
French Guiana	0.0							0.0	0.0	0.0	2018																			GUF
French Guiana	0.0				2.0		1.0	0.0	0.0	0.0	2019	2.0																		GUF
French Guiana	0.0				2.0		1.0	0.0	0.0	0.0	2020																			GUF
French Guiana	0.0				2.0		1.0	0.0	0.0	0.0	2021																			GUF
Gabon	9.0	770.0	228.0		707.0	90.0			34.0	0.7	2004		324.0		12.0															GAB
Gabon	8.0	909.0							34.0	0.6	2005																			GAB
Gabon	7.0								32.0	0.6	2006																			GAB
Gabon	7.0								28.0	0.6	2007																			GAB
Gabon	5.0				811.0	1272.0			12.0	0.2	2008																			GAB
Gabon	9.0	1197.0	154.0		577.0	524.0	401.0	0.0	46.0	0.3	2009		4.0	119.0	7.0															GAB
Gabon	5.0	980.0	161.0	4.0	556.0	257.0	355.0		44.0	0.3	2010																			GAB
Gabon	4.0	281.0	45.0	6.0	206.0	73.0	52.0		49.0	0.4	2011																			GAB
Gabon	4.0	288.0	50.0		243.0	80.0	94.0	0.0	83.0	0.5	2012																			GAB
Gabon	4.0	231.0	142.0	7.0	226.0	-8.0	116.0	0.0	80.0	0.6	2013																			GAB
Gabon	8.0	494.0	130.0	11.0	302.0	-143.0	19.0	0.0	83.0	0.6	2014		79.0	-8.0	6.0															GAB
Gabon	8.0	477.0	122.0	7.0	230.0	-67.0	27.0		72.0	0.5	2015																			GAB
Gabon	9.0	508.0	139.0	8.0	227.0	-132.0	-11.0		93.0	0.6	2016																			GAB
Gabon	9.0	520.0	29.0	6.0	242.0	-55.0	21.0		72.0	0.5	2017																			GAB
Gabon	9.0	521.0	29.0	6.0	261.0	-61.0	16.0		72.0	0.5	2018																			GAB
Gabon	9.0	435.0	21.0	2.0	109.0	-45.0	-11.0	0.0		0.2	2019	8.0																		GAB
Gabon	8.0	351.0	21.0	1.0	88.0	-57.0	-24.0	0.0		0.2	2020																			GAB
Gabon	7.0	255.0	21.0	1.0	103.0			0.0		0.2	2021																			GAB
Gambia		1.0			1.0						2004				1.0															GMB
Gambia		1.0			1.0						2005																			GMB
Gambia		1.0			1.0						2006																			GMB
Gambia		1.0			1.0						2007																			GMB
Gambia		1.0			1.0						2008																			GMB
Gambia	0.0	1.0			2.0		1.0	0.0	1.0	0.3	2009		0.0	0.0	0.0															GMB
Gambia	0.0	1.0			2.0		1.0	0.0	1.0	0.3	2010																			GMB
Gambia	0.0	1.0			2.0		1.0	0.0	1.0	0.3	2011																			GMB
Gambia	0.0	1.0			2.0		1.0	0.0	1.0	0.3	2012																			GMB
Gambia	0.0	1.0			2.0		1.0	0.0	1.0	0.3	2013																			GMB
Gambia	0.0	1.0			1.0		1.0	0.0	1.0		2019	2.0																		GMB
Gambia	0.0	1.0			1.0		1.0	0.0	1.0		2020																			GMB
Gambia	0.0	1.0			1.0		1.0	0.0	1.0		2021																			GMB
Georgia	3.0	226.0	69.0		169.0	79.0			9.0	1.0	2004		51.0	22.0	4.0															GEO
Georgia	2.0										2005																			GEO
Georgia	1.0										2006																			GEO
Georgia		1.0			1.0						2007																			GEO
Georgia		1.0			1.0						2008																			GEO
Georgia	0.0	4.0			5.0	-1.0		0.0			2009		1.0		0.0															GEO
Georgia	0.0	4.0	1.0		5.0	-1.0		0.0			2010																			GEO
Georgia	0.0	4.0	1.0		5.0	-1.0		0.0			2011																			GEO
Georgia	0.0	4.0	1.0		5.0	-1.0		0.0			2012																			GEO
Georgia	1.0	17.0	2.0					0.0	2.0		2013																			GEO
Georgia	3.0	164.0	4.0	1.0	103.0	14.0	66.0	2.0	14.0	0.9	2014		27.0	7.0	3.0															GEO
Georgia	3.0	259.0	4.0		164.0		81.0	2.0	16.0	0.9	2015																			GEO
Georgia	4.0	408.0	7.0	1.0	225.0		114.0	2.0	30.0	1.6	2016																			GEO
Georgia	4.0	475.0	7.0	1.0	260.0		159.0	2.0	25.0	1.5	2017																			GEO
Georgia	5.0	503.0	8.0	1.0	181.0		115.0	2.0	25.0	1.5	2018																			GEO
Georgia	7.0	409.0	23.0	2.0	173.0	21.0	97.0	0.0	31.0	1.9	2019	11.0																		GEO
Georgia	7.0	397.0	21.0	2.0	151.0	18.0	91.0	0.0	31.0	1.9	2020																			GEO
Georgia	6.0	308.0	19.0	2.0	145.0	15.0	88.0	0.0	26.0	1.4	2021																			GEO
Germany	1519.0	439643.0	72429.0		286547.0	10700.0			41593.0	613.9	2004		58884.0	3823.0	912.0	6527.0	389.0	5610.0	163.0	2990.0			251288.0							DEU
Germany	1524.0	445393.0			315974.0	13809.0			43947.0	647.2	2005					9969.0	207.0	5022.0	-331.0	3823.0										DEU
Germany	1609.0	522267.0			325004.0	17596.0			46114.0	665.2	2006					13026.0	167.0	6677.0	-804.0	4200.0										DEU
Germany	1653.0	629481.0			356354.0	20404.0			50098.0	684.9	2007					13597.0	724.0	8248.0	2329.0	6652.0										DEU
Germany	1615.0	598040.0			394082.0	21585.0			51448.0	665.5	2008					14374.0	2624.0	8249.0	2135.0	4658.0										DEU
Germany	1518.0	672964.0	68082.0	8007.0	316584.0	4881.0	87065.0	7528.0	49753.0	619.7	2009		106563.0	4002.0	647.0	9473.0		6933.0	30.0	4434.0			316584.0							DEU
Germany	1478.0	645727.0	64447.0	7379.0	312184.0	10551.0	85451.0	6717.0	48016.0	621.1	2010					11307.0	604.0	4300.0	-1549.0	3489.0				6944.0	3528.0	13269.0	183174.0	65619.0	33425.0	DEU
Germany	1504.0	672671.0	58364.0	7642.0	351754.0	16660.0	92594.0	7230.0	51063.0	620.6	2011					13021.0	1069.0	7895.0	596.0	4833.0				9457.0	3645.0	17057.0	207375.0	69662.0	38290.0	DEU
Germany	1528.0	701350.0	56252.0	7569.0	328279.0	11772.0	86401.0	8027.0	49963.0	620.5	2012					11578.0	1515.0	5505.0	-1052.0	4242.0				11879.0	3572.0	11277.0	193667.0	64606.0	37397.0	DEU
Germany	1535.0	736460.0	58365.0	8222.0	336702.0	16921.0	88483.0	8248.0	50356.0	614.2	2013					13703.0	2189.0	7271.0	-94.0	3941.0				12469.0	2896.0	14487.0	195480.0	63289.0	42312.0	DEU
Germany	1851.0	804173.0	55732.0	9040.0	363546.0	22976.0	94232.0	8373.0	54948.0	701.0	2014		118361.0	5463.0	779.0	14627.0	1051.0	14243.0	538.0				363546.0	17718.0	3353.0	18955.0	202512.0	62901.0	51570.0	DEU
Germany	1842.0	790236.0	51313.0	7937.0	357450.0	15606.0	86742.0	8768.0	53211.0	701.7	2015					12746.0	693.0	10290.0	-2527.0	4843.0				11381.0	6675.0	18619.0	181257.0	69145.0	64627.0	DEU
Germany	1840.0	821069.0	49715.0	8007.0	344608.0	17128.0	83497.0	9133.0	53150.0	711.8	2016					9563.0	821.0	12206.0	-739.0	3858.0				16072.0	5424.0	17505.0	179848.0	63289.0	57381.0	DEU
Germany	1837.0	845842.0	53362.0	8636.0	341832.0	15814.0	83645.0	8173.0	50997.0	661.4	2017					11524.0	389.0	9312.0	-704.0	4271.0				14375.0	6146.0	32940.0	187212.0	52250.0	43651.0	DEU
Germany	1843.0	903682.0	56507.0	8194.0	372049.0	17049.0	84457.0	6264.0	52910.0	674.1	2018					10012.0	663.0	12617.0	-617.0	4918.0				12887.0	5343.0	36375.0	201044.0	63406.0	47513.0	DEU
Germany	1929.0	952034.0	54340.0	7992.0	369225.0	19608.0	80329.0	7153.0	52573.0	673.4	2019	982.0				8483.0	479.0	16305.0	-293.0	4879.0	14809.0	1496.0		10430.0	4707.0	36568.0	203781.0	65741.0	42426.0	DEU
Germany	1898.0	1064716.0	52195.0	7820.0	342022.0	11042.0	76353.0	5781.0	49743.0	638.6	2020					6820.0	1186.0	8337.0	71.0	4178.0				10181.0	4400.0	34756.0	192885.0	55342.0	38953.0	DEU
Germany	1862.0	1178631.0	53722.0	8454.0	387159.0	22775.0	87626.0	6659.0	51831.0	639.6	2021					14423.0	1409.0	12353.0	863.0	4857.0				11620.0	5737.0	37024.0	216232.0	60524.0	50533.0	DEU
Ghana	7.0	743.0	215.0		572.0	8.0			44.0	3.9	2004		313.0	10.0	13.0															GHA
Ghana	5.0	370.0			178.0	-1.0			15.0	2.6	2005																			GHA
Ghana	5.0	1379.0			613.0	51.0			25.0	1.7	2006																			GHA
Ghana	4.0	1369.0			563.0	37.0			53.0	2.0	2007																			GHA
Ghana	6.0	1748.0							82.0	2.3	2008																			GHA
Ghana	7.0	2126.0	1453.0	378.0	857.0	149.0	389.0	1.0	87.0	2.0	2009			128.0	7.0															GHA
Ghana	8.0	4145.0	2681.0	705.0	922.0	131.0	466.0	1.0	112.0		2010																			GHA
Ghana	8.0	4687.0	2871.0	580.0	1941.0	493.0	1144.0	1.0	85.0	3.6	2011																			GHA
Ghana	8.0	9707.0	2872.0	763.0	2004.0	1053.0	1102.0	1.0	51.0	2.3	2012																			GHA
Ghana	10.0	9047.0	3281.0	831.0	2240.0	1328.0	1413.0	1.0	97.0	2.6	2013																			GHA
Ghana	10.0	8633.0	3543.0	745.0	1866.0	1005.0	1123.0	2.0	114.0	3.0	2014		2852.0	477.0	10.0															GHA
Ghana	12.0	7137.0	4750.0		2115.0	100.0	738.0	2.0	147.0	3.1	2015																			GHA
Ghana	13.0	6885.0	4655.0		1878.0	-95.0	711.0	2.0	149.0	3.1	2016																			GHA
Ghana	13.0	5944.0	4098.0	482.0	2140.0	-178.0	813.0	3.0	152.0	3.0	2017																			GHA
Ghana	12.0	5321.0			2477.0	328.0	1369.0	3.0	159.0	3.1	2018																			GHA
Ghana	18.0	8795.0	6037.0	636.0	3896.0	729.0	2080.0	1.0	212.0	3.3	2019	23.0																		GHA
Ghana	20.0	7447.0	4872.0	307.0	3285.0	499.0	1857.0	1.0	211.0	3.3	2020																			GHA
Ghana	20.0	9154.0	5209.0	971.0	3706.0	585.0	1955.0	1.0	192.0	3.2	2021																			GHA
Gibraltar	5.0	2371.0	38.0		50.0	57.0			4.0	0.2	2004				8.0															GIB
Gibraltar	4.0								4.0	0.2	2005																			GIB
Gibraltar	11.0								4.0	0.2	2006																			GIB
Gibraltar	13.0										2007																			GIB
Gibraltar	20.0										2008																			GIB
Gibraltar	31.0	35879.0	61.0		102.0	1611.0	-88.0	0.0	9.0	0.2	2009		20983.0	853.0	16.0															GIB
Gibraltar	36.0	39624.0	66.0		215.0	772.0	57.0	0.0	9.0	0.2	2010																			GIB
Gibraltar	38.0	57979.0	14.0		320.0		68.0	0.0	9.0	0.2	2011																			GIB
Gibraltar	47.0	85897.0	70.0		1163.0	3601.0	259.0	0.0			2012																			GIB
Gibraltar	50.0	95608.0			1550.0	1547.0	515.0	0.0			2013																			GIB
Gibraltar	70.0	96784.0			940.0	869.0	119.0	0.0			2014		40189.0	1251.0	42.0															GIB
Gibraltar	68.0	87496.0			243.0			0.0			2015																			GIB
Gibraltar	63.0	83311.0		1.0	198.0	-5381.0	-6436.0	0.0	5.0	0.1	2016																			GIB
Gibraltar	62.0	80309.0	14.0	1.0	178.0	17620.0		0.0	5.0	0.1	2017																			GIB
Gibraltar	57.0	65995.0	14.0	1.0	118.0	1304.0		0.0	5.0	0.1	2018																			GIB
Gibraltar	49.0		9.0	3.0	139.0			0.0	3.0	0.1	2019	34.0																		GIB
Gibraltar	43.0		9.0	2.0	129.0	594.0		0.0	3.0	0.1	2020																			GIB
Gibraltar	41.0		11.0	2.0	126.0		-4.0	0.0	3.0	0.1	2021																			GIB
Greece	99.0	16773.0	2719.0		11106.0	584.0			1461.0	54.4	2004		1857.0	177.0	118.0	568.0	-4.0	15.0	0.0	223.0			6352.0							GRC
Greece	97.0	18930.0									2005						5.0	23.0	-12.0	167.0										GRC
Greece	101.0										2006						15.0	83.0	13.0	168.0										GRC
Greece	105.0										2007						51.0	20.0	4.0	204.0										GRC
Greece	104.0										2008						2.0	35.0	-86.0	243.0										GRC
Greece	85.0	11928.0	885.0	114.0	8260.0	284.0	3671.0	32.0	1118.0	18.1	2009				72.0	595.0		19.0	0.0	253.0			8260.0							GRC
Greece	85.0	9832.0	847.0	106.0	7130.0	-161.0	3053.0	27.0	1128.0	18.2	2010					-75.0		43.0	3.0	133.0				28.0	9.0	28.0	6528.0	179.0	109.0	GRC
Greece	87.0	10265.0	989.0	107.0	7210.0	-248.0	3102.0	26.0	1100.0	17.9	2011					-5.0	-109.0							28.0	9.0	67.0	6451.0	243.0	128.0	GRC
Greece	90.0	9904.0	1184.0	95.0	6470.0	110.0	2806.0	21.0	987.0	17.0	2012					73.0	-59.0			57.0				27.0	9.0	66.0	5618.0	197.0	281.0	GRC
Greece	87.0	9927.0	853.0	81.0	6500.0	132.0	2937.0	18.0	1004.0	16.8	2013					224.0	-1.0			174.0				26.0	9.0	114.0	5651.0	172.0	260.0	GRC
Greece	85.0	8683.0	875.0	146.0	6445.0	175.0	2837.0	45.0	1037.0	17.8	2014			41.0	73.0	149.0				92.0			6445.0	53.0	5.0	131.0	5185.0	416.0	312.0	GRC
Greece	87.0	9156.0	879.0	90.0	5432.0	57.0	2361.0	43.0	869.0	16.4	2015									81.0				53.0	12.0	122.0	4342.0	407.0	289.0	GRC
Greece	87.0	9435.0	857.0	114.0	5189.0	99.0	2234.0	29.0	842.0	15.7	2016					114.0			1.0					57.0	10.0	112.0	4079.0	437.0	301.0	GRC
Greece	89.0	10783.0	909.0	119.0	5216.0	420.0	2578.0	46.0	827.0	15.6	2017					488.0				117.0				53.0	5.0			421.0	141.0	GRC
Greece	89.0	10666.0	1047.0	139.0	5610.0	77.0	2293.0	49.0	823.0	15.5	2018					140.0		5.0	3.0	71.0				57.0	9.0			426.0	145.0	GRC
Greece	100.0	10646.0	1648.0	236.0	5656.0	427.0	2340.0	37.0	838.0	18.2	2019	116.0				228.0			245.0	133.0	87.0			45.0	5.0	124.0	4618.0	483.0	171.0	GRC
Greece	97.0	10874.0	1372.0	220.0	5777.0	241.0	2252.0	35.0	826.0	18.2	2020					237.0								52.0	7.0	138.0	4736.0	399.0	188.0	GRC
Greece	95.0	11119.0	1342.0	183.0	6757.0	350.0	2582.0	60.0	868.0	18.6	2021					313.0								70.0	8.0	206.0	5543.0	462.0	231.0	GRC
Greenland	0.0	1.0						0.0	0.0	0.0	2009		0.0	0.0	0.0															GRL
Greenland	0.0	1.0						0.0	0.0	0.0	2010																			GRL
Greenland	0.0	1.0						0.0	0.0	0.0	2011																			GRL
Greenland	0.0	1.0						0.0	0.0	0.0	2012																			GRL
Greenland	0.0	1.0						0.0	0.0	0.0	2013																			GRL
Greenland	1.0			2.0	8.0			0.0	1.0		2014				1.0															GRL
Greenland	1.0			2.0	8.0			0.0	1.0		2015																			GRL
Greenland	1.0			2.0	7.0			0.0	1.0		2016																			GRL
Greenland	0.0				5.0			0.0	1.0		2017																			GRL
Greenland	0.0				5.0			0.0	1.0		2018																			GRL
Grenada	2.0										2004																			GRD
Grenada	2.0										2005																			GRD
Grenada	1.0										2006																			GRD
Grenada	1.0										2007																			GRD
Grenada	1.0										2008																			GRD
Grenada	2.0	30.0	9.0	1.0		3.0		0.0	2.0	0.1	2009		7.0		2.0															GRD
Grenada	2.0	32.0	10.0	1.0		3.0		0.0	2.0	0.1	2010																			GRD
Grenada	1.0	22.0	5.0			2.0	5.0	0.0	1.0	0.1	2011																			GRD
Grenada	1.0	23.0	5.0			3.0	5.0	0.0	1.0	0.1	2012																			GRD
Grenada	1.0	23.0	5.0			3.0	5.0	0.0	1.0	0.1	2013																			GRD
Grenada	2.0	135.0		2.0		19.0		0.0		0.3	2014		38.0	4.0	2.0															GRD
Grenada	2.0	135.0		2.0		17.0	28.0	0.0		0.3	2015																			GRD
Grenada	2.0	133.0		2.0		16.0	26.0	0.0		0.3	2016																			GRD
Grenada	2.0	127.0				17.0		0.0		0.3	2017																			GRD
Grenada	2.0	130.0		2.0		17.0		0.0		0.3	2018																			GRD
Grenada	2.0			2.0				0.0		0.3	2019	4.0																		GRD
Grenada	1.0	10.0				2.0		0.0	2.0		2020																			GRD
Grenada	1.0	10.0				2.0		0.0	2.0		2021																			GRD
Guatemala	53.0		640.0		2281.0				159.0	17.5	2004		434.0	50.0	73.0															GTM
Guatemala	53.0	2963.0			2951.0	234.0					2005																			GTM
Guatemala	52.0	2464.0			2765.0	195.0			176.0	17.2	2006																			GTM
Guatemala	52.0	3213.0			3994.0	245.0			267.0	24.6	2007																			GTM
Guatemala	48.0	3155.0			4885.0	226.0			304.0	26.2	2008																			GTM
Guatemala	39.0	3253.0	909.0	95.0	2971.0	209.0	714.0		224.0	15.5	2009				26.0															GTM
Guatemala	40.0	3424.0	935.0	129.0	3252.0	278.0	828.0		232.0	15.2	2010																			GTM
Guatemala	40.0	3609.0	953.0	67.0	3674.0	229.0	799.0		226.0	15.1	2011																			GTM
Guatemala	32.0	3109.0	809.0	71.0	2989.0	142.0	521.0		209.0	15.1	2012																			GTM
Guatemala	32.0	3811.0	967.0	97.0	4322.0	195.0	718.0	1.0	297.0	19.3	2013																			GTM
Guatemala	44.0	4509.0	1039.0	141.0	4211.0	232.0	740.0	4.0	345.0	24.6	2014		1177.0	24.0	36.0															GTM
Guatemala	44.0	4409.0	1053.0	134.0	4110.0	116.0	729.0	3.0	348.0	24.3	2015																			GTM
Guatemala	43.0	3468.0	668.0	103.0	3792.0	104.0	671.0	3.0	330.0	21.3	2016																			GTM
Guatemala	43.0	3619.0	753.0	139.0	4144.0	121.0	750.0	4.0	335.0	20.9	2017																			GTM
Guatemala	43.0	3546.0	722.0	92.0	4333.0	143.0	762.0	4.0	337.0	22.3	2018																			GTM
Guatemala	47.0	3952.0	864.0	122.0	4375.0	194.0	932.0	1.0	447.0	28.7	2019	78.0																		GTM
Guatemala	49.0	4176.0	1056.0	180.0	4468.0	207.0	990.0	3.0	454.0	28.7	2020																			GTM
Guatemala	50.0	4221.0	1195.0	177.0	5400.0	206.0	1033.0	11.0	476.0	27.5	2021																			GTM
Guinea	3.0										2004				7.0															GIN
Guinea	3.0										2005																			GIN
Guinea	3.0										2006																			GIN
Guinea	2.0										2007																			GIN
Guinea	1.0										2008																			GIN
Guinea	2.0							0.0		0.2	2009				1.0															GIN
Guinea	2.0			2.0				0.0		0.2	2010																			GIN
Guinea	2.0			2.0				0.0		0.2	2011																			GIN
Guinea	3.0		1.0					0.0		0.3	2012																			GIN
Guinea	3.0							0.0		0.1	2013																			GIN
Guinea	3.0		7.0					0.0		0.9	2014				2.0															GIN
Guinea	3.0						6.0	0.0			2015																			GIN
Guinea	3.0							0.0			2016																			GIN
Guinea	3.0	103.0				-3.0	2.0	0.0	3.0	0.8	2017																			GIN
Guinea	3.0	102.0				10.0	15.0	0.0	3.0		2018																			GIN
Guinea	4.0							0.0			2019	4.0																		GIN
Guinea	3.0		2.0				4.0	0.0	4.0	0.8	2020																			GIN
Guinea	3.0		2.0			5.0	10.0	0.0	4.0	0.8	2021																			GIN
Guyana	6.0	276.0	141.0		322.0	19.0			11.0	1.4	2004		117.0	13.0	8.0															GUY
Guyana	6.0				362.0	22.0			13.0	1.1	2005																			GUY
Guyana	6.0	287.0			356.0	22.0			13.0	1.1	2006																			GUY
Guyana	6.0	320.0			410.0	17.0			14.0	1.1	2007																			GUY
Guyana	5.0										2008																			GUY
Guyana	4.0				310.0	15.0		1.0		0.8	2009				3.0															GUY
Guyana	4.0							1.0		0.8	2010																			GUY
Guyana	2.0							1.0		0.8	2011																			GUY
Guyana	2.0							1.0		0.7	2012																			GUY
Guyana	2.0			1.0				1.0		0.8	2013																			GUY
Guyana	2.0			9.0		17.0	64.0	0.0		0.8	2014		139.0		2.0															GUY
Guyana	3.0					12.0		0.0		0.9	2015																			GUY
Guyana	7.0							0.0	22.0	1.0	2016																			GUY
Guyana	11.0							0.0		1.0	2017																			GUY
Guyana	15.0							0.0			2018																			GUY
Guyana	23.0						20.0	0.0	71.0		2019	12.0																		GUY
Guyana	20.0				624.0		305.0	0.0	125.0		2020																			GUY
Guyana	27.0				2280.0			0.0	151.0		2021																			GUY
Haiti	4.0								5.0	0.6	2004		53.0	20.0	6.0															HTI
Haiti	5.0	198.0							9.0	0.8	2005																			HTI
Haiti	6.0	338.0							12.0	1.1	2006																			HTI
Haiti	6.0	371.0							16.0	1.2	2007																			HTI
Haiti	6.0	328.0							17.0	1.3	2008																			HTI
Haiti	2.0					-6.0		0.0		0.6	2009				2.0															HTI
Haiti	2.0					-7.0		0.0	9.0	0.6	2010																			HTI
Haiti	2.0							0.0		0.6	2011																			HTI
Haiti	1.0		1.0		6.0	1.0	2.0	0.0	1.0		2012																			HTI
Haiti	1.0		1.0	1.0	6.0		2.0	0.0	1.0		2013																			HTI
Haiti	1.0		4.0		18.0	1.0	9.0	0.0	9.0	0.9	2014			-2.0	1.0															HTI
Haiti	1.0		9.0		16.0		9.0	0.0	9.0	0.9	2015																			HTI
Haiti	2.0		6.0		20.0	-2.0	9.0	0.0	13.0	1.1	2016																			HTI
Haiti	2.0		8.0		18.0	-2.0	7.0	0.0	11.0		2017																			HTI
Haiti	2.0		7.0		18.0	-2.0	7.0	0.0	10.0		2018																			HTI
Haiti	2.0	90.0	9.0	1.0	25.0	1.0	2.0	0.0	5.0	0.4	2019	4.0																		HTI
Haiti	2.0	97.0	11.0	1.0	26.0	2.0	4.0	0.0	5.0	0.4	2020																			HTI
Haiti	2.0	88.0	9.0	1.0	26.0	2.0	3.0	0.0	5.0	0.4	2021																			HTI
Honduras	31.0								189.0	21.3	2004		626.0	68.0	42.0	98.0	1.0	1.0	0.0	18.0			1693.0							HND
Honduras	30.0	1455.0							184.0	20.0	2005						4.0	0.0	1.0											HND
Honduras	33.0										2006						6.0	0.0		114.0										HND
Honduras	34.0	2166.0			3781.0	157.0					2007						8.0	0.0												HND
Honduras	34.0										2008						8.0	0.0	3.0											HND
Honduras	28.0	2803.0	469.0	23.0	3248.0	139.0	791.0		381.0	44.0	2009		789.0	94.0	18.0	243.0			0.0				3248.0							HND
Honduras	28.0	2869.0	449.0	30.0	3665.0	135.0	756.0	3.0	402.0	46.1	2010					149.0			2.0	17.0						538.0	1632.0	495.0	46.0	HND
Honduras	26.0	2671.0	482.0	69.0	4055.0	132.0	767.0	3.0	405.0	45.5	2011					132.0	-40.0		4.0	4.0					7.0	609.0	1766.0	560.0	44.0	HND
Honduras	23.0	2735.0	450.0	40.0	3481.0	117.0	673.0	4.0	388.0	39.0	2012					148.0			-5.0	26.0					7.0					HND
Honduras	24.0	3018.0	531.0	50.0	4005.0	134.0	778.0	4.0	442.0	44.0	2013					156.0									7.0					HND
Honduras	30.0	2935.0	633.0	84.0	3901.0	85.0	565.0	4.0	418.0	42.8	2014		892.0		21.0	79.0	-15.0	3.0	0.0	24.0			3901.0		4.0			384.0	26.0	HND
Honduras	33.0	3254.0	762.0	61.0	3739.0	100.0	669.0	5.0	429.0	46.5	2015					141.0	-23.0	2.0	-5.0	38.0					4.0			438.0	97.0	HND
Honduras	32.0	2985.0	728.0	145.0	3447.0	84.0	663.0	5.0	443.0	45.5	2016					130.0	-26.0		-1.0	45.0				88.0	4.0			325.0	101.0	HND
Honduras	32.0	3108.0	826.0	167.0	3646.0	76.0	646.0	4.0	425.0	47.6	2017					110.0	-32.0			34.0				63.0	4.0			356.0	115.0	HND
Honduras	32.0	3279.0	856.0	167.0	4110.0	161.0	729.0	4.0	446.0	48.5	2018					185.0	-41.0		-3.0	21.0				62.0	4.0			371.0	122.0	HND
Honduras	33.0	3357.0	863.0	200.0	4166.0	311.0	786.0	4.0	381.0	45.3	2019	42.0				330.0	-41.0	1.0	17.0	37.0	1.0	0.0		75.0	3.0					HND
Honduras	32.0	3407.0	823.0	218.0	3327.0	149.0	542.0	3.0	384.0	48.9	2020					62.0	-33.0		-3.0					374.0	3.0	307.0	2197.0	290.0	96.0	HND
Honduras	32.0	3382.0	834.0	138.0	4071.0	52.0	564.0	5.0	322.0	43.0	2021					123.0	-1.0			24.0						374.0	2902.0	125.0	50.0	HND
Hong Kong	492.0	168247.0	7191.0		64473.0	6917.0			3815.0	123.1	2004		19928.0	3383.0	446.0	3623.0	-668.0	3537.0	19.0	676.0			63534.0							HKG
Hong Kong	489.0	159811.0			75485.0	7665.0			4112.0	120.1	2005					4385.0	-1356.0	3485.0	772.0	928.0										HKG
Hong Kong	524.0	197749.0			84446.0	10355.0			4703.0	124.2	2006					5692.0	-1184.0	4720.0	989.0	1013.0										HKG
Hong Kong	536.0	217601.0			93802.0	10299.0			5158.0	124.4	2007					7170.0	-601.0	3515.0	977.0	1202.0										HKG
Hong Kong	509.0	126121.0			89341.0	5602.0					2008					7506.0	-901.0	2175.0	-3428.0	534.0										HKG
Hong Kong	535.0	268499.0	7939.0	1136.0	94989.0	12765.0	13785.0	70.0	5974.0	112.8	2009		46294.0	7488.0	291.0	7805.0	-1532.0	6045.0					94989.0							HKG
Hong Kong	544.0	270589.0	7783.0	1033.0	102815.0	13079.0	13718.0	148.0	6572.0	117.5	2010					6427.0	-899.0	5964.0	1821.0	1133.0				8625.0	2739.0	4236.0	43975.0	10673.0	29830.0	HKG
Hong Kong	555.0	297697.0	7597.0	1083.0	117494.0	10660.0	14924.0	164.0	6778.0	115.8	2011					7603.0	-1070.0	3730.0	419.0	1092.0				8125.0	2748.0	3894.0	51777.0	14269.0	33848.0	HKG
Hong Kong	560.0	317287.0	7864.0	1133.0	118817.0	12659.0	16052.0	154.0	8073.0	116.6	2012					7094.0	-817.0	5594.0	1159.0	1187.0				9254.0	2641.0	4118.0	53391.0	10898.0	35008.0	HKG
Hong Kong	578.0	303393.0	7716.0	841.0	115111.0	13760.0	16435.0	151.0	8456.0	112.3	2013					7303.0	-1084.0	6683.0	1340.0	1566.0				6679.0	1841.0	4518.0	51850.0	12505.0	34471.0	HKG
Hong Kong	793.0	334618.0	5210.0	914.0	142981.0	16299.0	19041.0	172.0	10286.0	142.1	2014		65037.0	5313.0	478.0	7859.0	-704.0	8296.0	311.0	1372.0			142981.0	42604.0	2881.0	4907.0	55288.0	14979.0	18677.0	HKG
Hong Kong	811.0	347270.0	5074.0	798.0	144402.0	18329.0	19716.0	150.0	10319.0	140.5	2015					8590.0	-871.0	8570.0	2456.0	1276.0				42777.0	3166.0	4845.0	60476.0	12964.0	15612.0	HKG
Hong Kong	824.0	359657.0	5681.0	1014.0	134515.0	14143.0	17773.0	156.0	10901.0	140.4	2016					5875.0	-934.0	8022.0	1767.0	1510.0				48030.0	2796.0	4320.0	49950.0	11124.0	13782.0	HKG
Hong Kong	840.0	417417.0	7401.0	1112.0	137843.0	18506.0	18990.0	174.0	11119.0	144.3	2017					7738.0	-1623.0	10148.0	2301.0	1670.0				52665.0	2904.0	4860.0	46966.0	12010.0	14426.0	HKG
Hong Kong	845.0	434481.0	9757.0	1429.0	156075.0	25644.0	19971.0	200.0	11148.0	143.0	2018					8136.0	-1395.0	16308.0	2927.0	1716.0				59915.0	2850.0	5913.0	55529.0	12557.0	15014.0	HKG
Hong Kong	952.0	535031.0	11004.0	1516.0	163706.0	26389.0	20831.0	248.0	11712.0	139.5	2019	738.0				8144.0	-1093.0			1932.0	17225.0			72060.0	2328.0	6224.0	51548.0	14802.0	11945.0	HKG
Hong Kong	937.0	590632.0	8974.0	1105.0	172163.0	32441.0	21692.0	205.0	11811.0	131.6	2020					9630.0	-1373.0	20771.0	4323.0	2272.0				78367.0	2429.0	6794.0	52697.0	14616.0	13943.0	HKG
Hong Kong	947.0	504016.0	8451.0	1162.0	197794.0	40950.0	25785.0	280.0	12184.0	119.3	2021					13084.0	-1300.0			2628.0				30600.0	2369.0	9284.0	61530.0	71429.0	19565.0	HKG
Hungary	148.0	17490.0	2611.0		10819.0	234.0			1025.0	54.6	2004		3204.0	259.0	186.0	319.0	-12.0	39.0	1.0	87.0			10368.0							HUN
Hungary	145.0	19602.0			12226.0	825.0			1041.0	53.3	2005					900.0	-35.0	11.0	-3.0	96.0										HUN
Hungary	155.0	29417.0			15626.0	1225.0			1225.0	61.3	2006					1365.0	-462.0	12.0	22.0	192.0										HUN
Hungary	166.0	41126.0			22446.0	2210.0			1592.0	67.6	2007					2357.0	-502.0	64.0	-47.0	242.0										HUN
Hungary	169.0	38459.0			23442.0	2683.0			1692.0	65.1	2008					2756.0	-427.0	119.0	43.0	327.0										HUN
Hungary	150.0	28958.0	3932.0	467.0	17283.0	2213.0	5430.0	45.0	1623.0	58.0	2009			172.0	102.0	2468.0	-17.0	86.0		283.0			17283.0							HUN
Hungary	152.0	50767.0	3694.0	450.0	18074.0	1952.0	4096.0	65.0	1629.0	59.7	2010					181.0	741.0	2040.0						2299.0	215.0	791.0	6153.0	4417.0	3930.0	HUN
Hungary	151.0	46634.0	3729.0	438.0	19137.0	2931.0	5010.0	77.0	1694.0	62.1	2011					1526.0	493.0			164.0				2565.0	116.0	739.0	6648.0	4836.0	3895.0	HUN
Hungary	151.0	49584.0	3458.0	361.0	20011.0	464.0	2860.0	75.0	1664.0	62.9	2012					-566.0	560.0			246.0				2901.0	146.0	541.0	6383.0	5665.0	4123.0	HUN
Hungary	149.0	49984.0	3480.0	504.0	20515.0	2158.0	3675.0	89.0	1686.0	62.9	2013					800.0	59.0								121.0		6055.0	2742.0	4939.0	HUN
Hungary	156.0	43048.0	3639.0	462.0	22872.0	689.0	3470.0	104.0	1698.0	67.8	2014		5442.0	386.0	114.0	632.0	138.0			433.0			22872.0			856.0	6731.0	2373.0	8860.0	HUN
Hungary	158.0	68975.0	3754.0	458.0	30490.0		14488.0	99.0	1625.0	66.9	2015						29.0								55.0	424.0	6435.0	11256.0	5141.0	HUN
Hungary	168.0	62228.0	3678.0	499.0	16871.0	4225.0	3754.0	105.0	1645.0	67.3	2016					1241.0	-11.0			238.0				1525.0	45.0	441.0	6089.0	3796.0	4818.0	HUN
Hungary	170.0	54829.0	3967.0	576.0	16573.0	2217.0	4203.0	108.0	1716.0	71.2	2017					1648.0	-119.0	662.0	105.0	198.0				1311.0	47.0	514.0	6380.0	3855.0	4292.0	HUN
Hungary	172.0	57448.0	3794.0	588.0	17766.0	1246.0	3789.0	108.0	1752.0	68.0	2018					1204.0	-103.0	343.0	-57.0	243.0				1233.0	41.0	1078.0	7394.0	3792.0	4052.0	HUN
Hungary	182.0	64677.0	2925.0	405.0	14389.0	1237.0	3722.0	154.0	1608.0	62.4	2019	185.0				969.0	-119.0	610.0	-34.0	308.0	610.0	0.0		591.0	43.0	705.0	6435.0	2888.0	3547.0	HUN
Hungary	181.0	139445.0	2948.0	367.0	13870.0	2728.0	3342.0	106.0	1561.0	58.7	2020					691.0	-454.0			193.0				544.0	27.0	658.0	5965.0	2791.0	2675.0	HUN
Hungary	169.0	134094.0	2885.0	364.0	16137.0	3202.0	3749.0	121.0	1586.0	56.3	2021					1175.0	-689.0	2183.0	71.0	219.0				541.0	37.0	524.0	7498.0	2815.0	3147.0	HUN
Iceland	1.0										2004																			ISL
Iceland	1.0				160.0	36.0			22.0	0.4	2005																			ISL
Iceland	3.0								20.0	0.5	2006																			ISL
Iceland	3.0								28.0	0.6	2007																			ISL
Iceland	3.0								76.0	1.1	2008																			ISL
Iceland	5.0							0.0	65.0	1.1	2009				4.0															ISL
Iceland	5.0								73.0	1.1	2010																			ISL
Iceland	5.0			28.0				1.0	81.0	1.1	2011																			ISL
Iceland	7.0	10522.0		34.0			217.0		96.0	1.3	2012																			ISL
Iceland	5.0										2013																			ISL
Iceland	7.0			68.0		152.0	345.0		116.0	1.2	2014				5.0															ISL
Iceland	7.0			60.0	1249.0	-28.0	237.0		110.0	1.2	2015																			ISL
Iceland	7.0			57.0	1270.0	-41.0	192.0		115.0	1.2	2016																			ISL
Iceland	7.0	4532.0		37.0	1635.0	-77.0	346.0		161.0	1.4	2017																			ISL
Iceland	7.0	3095.0		94.0	1895.0	-157.0	301.0		168.0	1.3	2018																			ISL
Iceland	10.0	2981.0	1850.0	59.0	1746.0	-224.0	180.0		187.0	1.7	2019	14.0																		ISL
Iceland	9.0	2870.0		43.0	1613.0	-94.0	291.0		185.0	1.7	2020																			ISL
Iceland	10.0	3016.0		45.0	2042.0	46.0	458.0		196.0	1.8	2021																			ISL
India	226.0	23842.0	6911.0		14939.0	832.0			1959.0	182.2	2004		6917.0	648.0	342.0	1049.0	-118.0	40.0	6.0	358.0			13213.0							IND
India	236.0	24620.0			20016.0	1321.0			2266.0	210.2	2005					1466.0	-81.0	3.0	21.0	327.0										IND
India	254.0	31834.0			24330.0	1805.0			2982.0	242.5	2006						-211.0	-4.0	23.0	397.0										IND
India	292.0	49486.0			33215.0	2630.0			4269.0	341.2	2007					2545.0	-383.0	10.0	335.0	563.0										IND
India	306.0	47908.0			41803.0	3211.0			5431.0	404.3	2008					3587.0	-246.0	131.0	92.0	722.0										IND
India	338.0	81193.0	9260.0	1746.0	42011.0	3112.0	14575.0	1377.0	8106.0	518.0	2009		20203.0	2456.0	219.0	4928.0	-598.0	212.0	8.0	1441.0			42011.0							IND
India	346.0	88883.0	10653.0	2270.0	49301.0	4522.0	17719.0	1716.0	10359.0	712.7	2010					5514.0	-947.0	187.0	267.0	1444.0				5495.0	971.0	1547.0	33624.0	3014.0	2464.0	IND
India	369.0	97533.0	11523.0	2593.0	58574.0	4921.0	19836.0	2075.0	12282.0	817.4	2011					6113.0	-1330.0	204.0	437.0	1830.0				7306.0	1118.0	2107.0	39071.0	3912.0	2472.0	IND
India	393.0	103096.0	13625.0	3120.0	63624.0	4266.0	20997.0	2289.0	13367.0	839.4	2012					5787.0	-1158.0	223.0	204.0	1946.0				9002.0	1154.0	2350.0	40601.0	4264.0	3677.0	IND
India	405.0	104550.0	14706.0	3325.0	70736.0	3612.0	21261.0	2557.0	15193.0	954.4	2013					4045.0	-1011.0	301.0	887.0	1617.0				10241.0	783.0	2973.0	44853.0	6426.0	3027.0	IND
India	512.0	122590.0	16249.0	3636.0	76881.0	4972.0	25925.0	2905.0	17012.0	1121.3	2014		35007.0	2802.0	317.0	6931.0	-865.0	174.0	12.0	2763.0			76881.0	13465.0	1665.0	2345.0	47802.0	6625.0	2661.0	IND
India	509.0	130679.0	16320.0	3262.0	79153.0	5152.0	26898.0	3171.0	18312.0	1138.7	2015					6473.0	-1005.0	392.0	565.0	2277.0				14305.0	1999.0	2768.0	48292.0	6578.0	3232.0	IND
India	518.0	141552.0	17945.0	3092.0	83400.0	5312.0	29648.0	3289.0	20029.0	1222.3	2016					7034.0	-1159.0	316.0	286.0	2324.0				15339.0	1752.0	2704.0	51804.0	6377.0	3408.0	IND
India	528.0	164892.0	21933.0	4567.0	94010.0	6840.0	33861.0	3582.0	21924.0	1297.5	2017					8943.0	-1235.0	234.0	562.0	2898.0				17974.0	1903.0	3108.0	57325.0	8284.0	2764.0	IND
India	536.0	189645.0	23421.0	4840.0	105718.0	5476.0	34639.0	3941.0	23200.0	1294.7	2018					8727.0	-1366.0	472.0	32.0	3755.0				20229.0	1602.0	3793.0	66799.0	7112.0	3364.0	IND
India	632.0	202590.0	21126.0	3915.0	117153.0	4857.0	38275.0	3940.0	27020.0	1408.4	2019	617.0				7940.0	-1407.0	309.0	522.0	3877.0	270.0	39.0		22043.0	3200.0	5596.0	70469.0	9086.0	3654.0	IND
India	634.0	209439.0	20728.0	3559.0	112114.0	3923.0	38129.0	4432.0	28020.0	1463.9	2020					6596.0	-1176.0	549.0	266.0	3456.0				22164.0	3085.0	4255.0	67500.0	9588.0	3187.0	IND
India	634.0	234259.0	24164.0	5147.0	136877.0	5974.0	45376.0	5338.0	32186.0	1566.9	2021					8441.0	-1058.0	287.0	824.0	3543.0				23801.0	4066.0	6547.0	84745.0	11835.0	3743.0	IND
Indonesia	161.0	32015.0	13058.0		16674.0	3309.0			994.0	73.3	2004		9624.0	1678.0	146.0	4237.0	19.0	524.0	0.0	1866.0			13397.0							IDN
Indonesia	161.0	39544.0			18288.0	4135.0			1181.0	122.7	2005						46.0	926.0	6.0	1977.0										IDN
Indonesia	161.0	44400.0			23747.0	6122.0			1320.0	105.1	2006						68.0	1000.0	76.0	2750.0										IDN
Indonesia	165.0	56159.0			27390.0	6911.0			1646.0	107.2	2007						465.0	1564.0	-4.0	2512.0										IDN
Indonesia	163.0	53301.0			27745.0	8475.0			1604.0	107.2	2008						159.0	2886.0	12.0	2959.0										IDN
Indonesia	133.0	50224.0	17121.0	2424.0	21471.0	5772.0	13752.0	23.0	1795.0	102.3	2009		9817.0	3828.0	72.0	8141.0		1495.0		2973.0			21471.0							IDN
Indonesia	130.0	52007.0	17645.0	2227.0	25731.0	7896.0	16563.0	28.0	1971.0	100.6	2010					9788.0		2300.0	121.0	3873.0				90.0	178.0	3057.0	10768.0	6204.0	4951.0	IDN
Indonesia	144.0	57153.0	18381.0	2696.0	30465.0	9912.0	18360.0	17.0	2165.0	101.8	2011					10747.0		3757.0	15.0	4266.0				99.0	55.0	834.0	13432.0	12345.0	3182.0	IDN
Indonesia	146.0	65312.0	21118.0	3764.0	30757.0	8464.0	18368.0	18.0	2316.0	110.5	2012					9932.0		2943.0	47.0	4053.0				758.0	54.0	1411.0	14492.0	10643.0	3070.0	IDN
Indonesia	148.0	71516.0	21961.0	4020.0	30896.0	7152.0	17100.0		2376.0	117.0	2013					8621.0	97.0	2209.0	149.0	3358.0				725.0	59.0	1335.0	14333.0	10736.0	3368.0	IDN
Indonesia	174.0	74675.0	22485.0	3645.0	29625.0	6118.0	16072.0	20.0	3084.0	121.9	2014		12623.0	1874.0	95.0	6987.0	95.0	2280.0	1.0				29625.0	771.0	74.0	965.0	15456.0	8788.0	3128.0	IDN
Indonesia	175.0	66686.0	21390.0	3264.0	24464.0	3120.0	12898.0	19.0	3030.0	118.7	2015					3874.0	-8.0	1430.0	-23.0	1709.0				106.0	71.0	1016.0	14238.0	6492.0	1940.0	IDN
Indonesia	179.0	67548.0	22025.0	3014.0	23829.0	4011.0	13493.0	21.0	2653.0	114.3	2016					4367.0	-55.0	1782.0	64.0	1728.0				173.0	18.0	1287.0	12953.0	6914.0	1714.0	IDN
Indonesia	180.0	63083.0	19847.0	2017.0	25246.0	4624.0	14483.0	29.0	2329.0	104.2	2017					5787.0	-103.0	1524.0	95.0	1921.0				177.0	20.0	1265.0	13287.0	8254.0	1490.0	IDN
Indonesia	178.0	68022.0	24581.0	2100.0	26833.0	6155.0	16178.0	27.0	2215.0	101.6	2018					7235.0	-192.0	1630.0	-7.0	1903.0				158.0	21.0	1025.0	12930.0	9638.0	2193.0	IDN
Indonesia	206.0	68756.0	25615.0	2351.0	25119.0	3788.0	13412.0	16.0	2176.0	91.1	2019	176.0				4160.0	-51.0			1679.0	1590.0			121.0	31.0	3194.0	13666.0	4151.0	3041.0	IDN
Indonesia	209.0	68898.0	26002.0	2133.0	22945.0	2698.0	11513.0	14.0	2097.0	90.0	2020					3172.0	-113.0			1390.0				119.0	32.0	2472.0	12399.0	3788.0	3443.0	IDN
Indonesia	210.0	69655.0	25193.0	2476.0	29511.0	6155.0	16823.0	18.0	2142.0	97.7	2021					7115.0				2051.0				129.0	97.0			3588.0	6225.0	IDN
Iran	3.0				68.0	21.0			7.0	0.1	2004				4.0															IRN
Iran	2.0								7.0	0.1	2005																			IRN
Iran	2.0				60.0	24.0			1.0		2006																			IRN
Iran	2.0										2007																			IRN
Iran	2.0										2008																			IRN
Iran	0.0	3.0	2.0					0.0	0.0	0.0	2009		-1.0		0.0															IRN
Iran	0.0	3.0	2.0					0.0	0.0	0.0	2010																			IRN
Iran	0.0	3.0	2.0					0.0	0.0	0.0	2011																			IRN
Iran	0.0	3.0	2.0					0.0	0.0	0.0	2012																			IRN
Iran	0.0	3.0	2.0					0.0	0.0	0.0	2013																			IRN
Iran	0.0			0.0	0.0			0.0	0.0	0.0	2019	2.0																		IRN
Iran	0.0			0.0	0.0			0.0	0.0	0.0	2020																			IRN
Iran	0.0			0.0	0.0			0.0	0.0	0.0	2021																			IRN
Iraq	3.0								4.0	0.2	2004				4.0															IRQ
Iraq	3.0								48.0	0.5	2005																			IRQ
Iraq	3.0								24.0	0.3	2006																			IRQ
Iraq	3.0								24.0	0.3	2007																			IRQ
Iraq	3.0								24.0	0.3	2008																			IRQ
Iraq	2.0	73.0	54.0			-71.0	-60.0	0.0	2.0		2009		43.0	-44.0	2.0															IRQ
Iraq	5.0	593.0	328.0	188.0	209.0	-147.0		0.0		0.2	2010																			IRQ
Iraq	14.0		999.0		1112.0	5.0	631.0	0.0		0.4	2011																			IRQ
Iraq	17.0	2838.0	1209.0		1649.0	-118.0	940.0	0.0		0.4	2012																			IRQ
Iraq	22.0	5047.0		1578.0	1957.0	-775.0	1059.0	0.0	54.0	0.4	2013																			IRQ
Iraq	26.0	7987.0	3126.0	1112.0	1533.0	-844.0	438.0	0.0	147.0	1.8	2014			-536.0	9.0															IRQ
Iraq	26.0	7452.0	2598.0	879.0	1678.0	-1525.0	426.0	0.0	97.0	3.0	2015																			IRQ
Iraq	25.0	7237.0	2363.0	502.0	1127.0	-889.0	-75.0	0.0	142.0	3.3	2016																			IRQ
Iraq	26.0	6942.0	2221.0	406.0	1271.0	-935.0	124.0	0.0	180.0	3.7	2017																			IRQ
Iraq	23.0	6541.0	1963.0	342.0	1307.0	-694.0	270.0	0.0	111.0	1.4	2018																			IRQ
Iraq	29.0	6816.0	1961.0	455.0	1544.0	-653.0	104.0	0.0	123.0	1.8	2019	16.0																		IRQ
Iraq	29.0	5327.0	1708.0	295.0	1231.0	-239.0	469.0	0.0	94.0	1.6	2020																			IRQ
Iraq	28.0	3019.0	1085.0		883.0	-857.0	-272.0	0.0	79.0	1.6	2021																			IRQ
Ireland	516.0	345753.0	13850.0		134719.0	39286.0			4618.0	86.3	2004		56395.0	19458.0	342.0	29592.0	-1443.0	17589.0	97.0	1920.0			134379.0							IRL
Ireland	532.0	402234.0			164624.0	42056.0			4951.0	93.1	2005					30751.0	-1799.0	8993.0	4946.0	2653.0										IRL
Ireland	546.0	427640.0			185666.0	46902.0			5292.0	92.3	2006					37855.0	-944.0	11499.0	40.0	2508.0										IRL
Ireland	563.0	539373.0			228141.0	66142.0			6184.0	95.0	2007					47320.0	-3117.0	21522.0	361.0	3492.0										IRL
Ireland	547.0	669799.0			249740.0	76888.0			6844.0	91.0	2008					38421.0	-2729.0	40701.0	741.0	3457.0										IRL
Ireland	608.0	807045.0	46477.0	4989.0	237478.0	69580.0	55476.0	1046.0	7316.0	99.7	2009		141770.0	26670.0	262.0	44177.0	-2883.0			2333.0			237478.0							IRL
Ireland	625.0	840882.0	45603.0	4908.0	269639.0	95344.0	61741.0	1431.0	7190.0	98.0	2010					51391.0	-1667.0	46608.0	450.0	3101.0				49230.0	1726.0	16906.0	36363.0	81296.0	78477.0	IRL
Ireland	642.0	1016955.0	49002.0	6623.0	299970.0	119203.0	72241.0	1419.0	7421.0	98.3	2011					62852.0	-3199.0	56591.0	2117.0	2351.0				54704.0	856.0	28441.0	40016.0	79874.0	87941.0	IRL
Ireland	661.0	1164473.0	58310.0	11660.0	321462.0	119624.0	81682.0	1465.0	8158.0	106.6	2012					69538.0	-2301.0	50488.0	2487.0	2884.0				61803.0	2468.0	29937.0	44106.0	79319.0	95378.0	IRL
Ireland	686.0	1165837.0	60666.0	11374.0	315648.0	106789.0	77351.0	1874.0	8267.0	106.8	2013					61747.0	-749.0	48135.0	529.0	3615.0				56590.0	2186.0	13764.0	45096.0	83213.0	105071.0	IRL
Ireland	880.0	1311837.0	70527.0	20829.0	358012.0	115282.0	79477.0	2797.0	9337.0	123.6	2014		240583.0	33149.0	362.0	61572.0	-603.0	54022.0	235.0	3840.0			358012.0	70331.0	2673.0	14342.0	47572.0	87826.0	125983.0	IRL
Ireland	876.0	1411228.0	72696.0	12176.0	359176.0	133960.0	87913.0	3113.0	8949.0	119.3	2015					73602.0	-1471.0	67173.0	-2931.0	3879.0				72939.0	2542.0	14600.0	40889.0	90272.0	127564.0	IRL
Ireland	888.0	1436619.0	71723.0	9302.0	370052.0	149403.0	90910.0	3065.0	9292.0	123.1	2016					76913.0	-2488.0	76246.0	461.0	4212.0				71335.0	2193.0	19570.0	41621.0	84265.0	139970.0	IRL
Ireland	887.0	1761677.0	66735.0	8654.0	362651.0	157058.0	93733.0	3665.0	9895.0	129.5	2017					81268.0	-4218.0	81058.0	-1130.0	4134.0				50000.0	2804.0	19908.0	48446.0	93034.0	136037.0	IRL
Ireland	944.0	2050008.0	57222.0	7436.0	437192.0	216796.0	112006.0	3521.0	10765.0	135.2	2018					99596.0	-5931.0	117319.0	7250.0	7367.0				73389.0	3977.0	19072.0	47669.0	122926.0	154508.0	IRL
Ireland	1097.0	1957645.0	75412.0	7795.0	459568.0	223713.0	97156.0	4170.0	11855.0	149.7	2019	490.0				83047.0	-6296.0	127987.0	17767.0	5082.0	127603.0	384.0		93129.0	5318.0	18553.0	48754.0	125768.0	152861.0	IRL
Ireland	1090.0	2015411.0	80356.0	10260.0	470070.0	194372.0	118818.0	4062.0	12985.0	155.5	2020					99177.0	-3039.0	101887.0	454.0	7140.0				117374.0	5200.0	21921.0	48030.0	120318.0	146019.0	IRL
Ireland	992.0	1941109.0	60015.0	8070.0	517400.0	174710.0	117564.0	4495.0	14505.0	160.3	2021					97009.0	-1296.0	91374.0	-440.0	13227.0				133129.0	7825.0	25550.0	66048.0	99423.0	176197.0	IRL
Israel	125.0	22150.0	3212.0		12897.0	1141.0			2237.0	66.3	2004		6935.0	562.0	143.0	672.0	-80.0	147.0	-2.0	143.0			7940.0							ISR
Israel	128.0	26107.0			14313.0	1369.0			2693.0	69.8	2005					955.0	-19.0	86.0	6.0	167.0										ISR
Israel	131.0	29860.0							2837.0	63.0	2006					1315.0		155.0	11.0	237.0										ISR
Israel	129.0								3403.0	68.3	2007					1368.0	-7.0	95.0	29.0	215.0										ISR
Israel	123.0	32814.0							4030.0	77.4	2008					899.0	22.0	-25.0	-17.0	342.0										ISR
Israel	117.0	31766.0	5057.0	591.0	14059.0	438.0	5753.0	1845.0	3530.0	63.5	2009		8897.0	-290.0	89.0	702.0	-38.0	-1.0		188.0			14059.0							ISR
Israel	122.0	34913.0	4683.0	660.0	15740.0	1539.0	6934.0	2000.0	3675.0	69.8	2010					1560.0		275.0		196.0										ISR
Israel	125.0	38281.0	6649.0	2744.0	16120.0	1444.0	7463.0	2045.0	4066.0	71.0	2011					1560.0	26.0	107.0	132.0	338.0				4376.0	749.0	190.0	5362.0			ISR
Israel	119.0	54366.0	7758.0	3230.0	19302.0	4716.0	10169.0	2012.0	4267.0	72.0	2012					3606.0	54.0		-28.0	386.0						230.0	5879.0	2647.0	2492.0	ISR
Israel	122.0	56063.0	7179.0	1703.0	18164.0	2444.0	8749.0	2148.0	4427.0	72.5	2013					2139.0		892.0	-48.0	436.0				6978.0	735.0	224.0	5853.0	2099.0	2043.0	ISR
Israel	172.0	62931.0	6733.0	663.0	20667.0	3281.0	10414.0	2645.0	5242.0	67.2	2014		12316.0	758.0	134.0	3566.0	111.0						20667.0	6997.0	355.0	355.0	8182.0	3088.0	1464.0	ISR
Israel	173.0	60281.0	6315.0	687.0	20554.0	2636.0	9238.0	2955.0	5271.0	67.4	2015					2675.0	-2.0	463.0	-15.0	389.0				7291.0	358.0	291.0	7720.0	3312.0	1328.0	ISR
Israel	187.0	65398.0	5610.0	624.0	19771.0	2080.0	8818.0	2518.0	5331.0	69.8	2016					2218.0	17.0	328.0	29.0	422.0				6463.0	360.0	204.0	7645.0	3181.0	1673.0	ISR
Israel	198.0	71340.0	6483.0	622.0	20775.0	2917.0	10052.0	2615.0	6070.0	74.2	2017					2837.0		582.0	54.0	531.0				6986.0	580.0	401.0	7663.0	3226.0	1654.0	ISR
Israel	200.0	73082.0	13445.0	666.0	21969.0	3407.0	10753.0	2782.0	6184.0	74.0	2018					3186.0		513.0	355.0	646.0				7420.0	576.0	261.0	8167.0	3692.0	1541.0	ISR
Israel	229.0	96525.0	14368.0	1949.0	26900.0	4431.0	14305.0	3345.0	7345.0	87.2	2019	227.0				3897.0		1162.0	-40.0		1161.0	1.0		10414.0	815.0	866.0	9365.0	3626.0	1486.0	ISR
Israel	234.0	104194.0	14089.0	1928.0	29667.0	6426.0	16190.0	4008.0	8375.0	89.2	2020					4134.0	-41.0			401.0				12334.0	558.0	850.0	9845.0	4524.0	1244.0	ISR
Israel	233.0	112457.0	14348.0	2549.0	34256.0	7370.0	18654.0	4637.0	9305.0	90.1	2021					5171.0	10.0	2773.0	89.0	657.0				12867.0	585.0	1128.0	13087.0	4728.0	1510.0	ISR
Italy	710.0	144122.0	29990.0		118712.0	8552.0			13257.0	263.7	2004		25079.0	1146.0	615.0	3861.0	275.0	744.0	47.0	2279.0			98571.0							ITA
Italy	714.0	151036.0			131145.0	11585.0			13789.0	267.1	2005					4803.0	293.0	2165.0	1401.0	2084.0										ITA
Italy	747.0	168123.0			137109.0	9620.0			14140.0	274.6	2006					5189.0	560.0	2488.0	-101.0	2305.0										ITA
Italy	748.0	204563.0			153279.0	10582.0			14783.0	276.2	2007					6014.0	594.0	1918.0	-71.0	2910.0										ITA
Italy	709.0	192661.0			160958.0	12008.0			16064.0	265.9	2008					6152.0	958.0	1771.0	238.0	1620.0										ITA
Italy	639.0	155293.0	18361.0	2729.0	113075.0	3451.0	29980.0	788.0	14490.0	213.7	2009		29387.0	1876.0	397.0	3992.0	396.0	1326.0	-4.0	1701.0			113075.0							ITA
Italy	619.0	155883.0	15599.0	2490.0	112160.0	2857.0	28301.0	596.0	13886.0	205.6	2010					3393.0	516.0	1332.0	-140.0	1724.0				1837.0	617.0	4290.0	80428.0	12134.0	11338.0	ITA
Italy	625.0	169229.0	16234.0	3315.0	120439.0	4716.0	32306.0	939.0	15315.0	207.9	2011					4575.0	606.0	1820.0	303.0	1979.0				2583.0	747.0	3233.0	86860.0	14620.0	10820.0	ITA
Italy	645.0	173422.0	15276.0	2522.0	111963.0	2250.0	30749.0	683.0	15018.0	206.7	2012					3475.0	575.0	1435.0	-319.0	2341.0				3610.0	474.0	5631.0	75933.0	14635.0	9902.0	ITA
Italy	648.0	179956.0	16219.0	2471.0	112186.0	3806.0	32211.0	796.0	14972.0	204.9	2013					3980.0	715.0	1945.0	-235.0	1884.0				4229.0	487.0	5680.0	78658.0	8619.0	13009.0	ITA
Italy	737.0	180436.0	17689.0	3777.0	119115.0	2236.0	32901.0	890.0	16040.0	217.7	2014		30621.0	1122.0	456.0	3494.0		1225.0	52.0	2220.0			119115.0	4907.0	1256.0	5005.0	83963.0	9417.0	13167.0	ITA
Italy	748.0	168758.0	16253.0	3551.0	109878.0	4280.0	30255.0	840.0	14603.0	214.9	2015					4321.0	192.0	1920.0	-493.0	1464.0				5846.0	2271.0	3964.0	78675.0	7212.0	10303.0	ITA
Italy	737.0	167274.0	16344.0	3980.0	108284.0	5307.0	28442.0	772.0	14370.0	223.7	2016					3777.0	110.0	3020.0	-298.0	1188.0				6681.0	901.0	3702.0	76265.0	7539.0	11190.0	ITA
Italy	760.0	189095.0	18527.0	4311.0	114756.0	6667.0	31507.0	846.0	15112.0	232.5	2017					5224.0	-6.0	2751.0	286.0	1589.0				6230.0	1930.0	3489.0	82179.0	8936.0	10123.0	ITA
Italy	756.0	182698.0	23603.0	4352.0	126797.0	5163.0	32606.0	847.0	16385.0	249.4	2018					4328.0	-201.0	1698.0	600.0	1459.0				7001.0	1200.0	3968.0	87623.0	10994.0	13969.0	ITA
Italy	799.0	205604.0	25313.0	4368.0	118783.0	8063.0	34797.0	954.0	16370.0	254.8	2019	590.0				7143.0	-40.0	2651.0	171.0	1884.0	2400.0	251.0		5514.0	915.0	3760.0	86068.0	8319.0	12406.0	ITA
Italy	780.0	209938.0	19411.0	3258.0	104856.0	4753.0	29984.0	997.0	15793.0	237.1	2020					4900.0	-297.0	1346.0	-126.0	1352.0				2974.0	770.0	3349.0	78156.0	7699.0	10079.0	ITA
Italy	761.0	202338.0	18391.0	3183.0	121173.0	6478.0	33199.0	1119.0	16923.0	234.1	2021					5683.0	-268.0	2485.0	-107.0	1569.0				3187.0	1057.0			8367.0	11726.0	ITA
Jamaica	24.0	5056.0	1031.0		1681.0	62.0					2004			54.0	32.0															JAM
Jamaica	19.0	2191.0							124.0	5.9	2005																			JAM
Jamaica	17.0										2006																			JAM
Jamaica	15.0	1893.0			1082.0	39.0			64.0	4.4	2007																			JAM
Jamaica	14.0	1966.0			1163.0	-64.0			60.0	4.2	2008																			JAM
Jamaica	14.0	2208.0	642.0	12.0	996.0	33.0	199.0	1.0	112.0	4.9	2009		609.0	12.0	10.0															JAM
Jamaica	14.0	2152.0	648.0	10.0	985.0	47.0	219.0	1.0	106.0	4.8	2010																			JAM
Jamaica	14.0	2232.0	616.0	19.0	1094.0	52.0	233.0	1.0	104.0	4.8	2011																			JAM
Jamaica	11.0	1955.0	526.0	28.0	764.0		120.0	1.0	101.0	4.7	2012																			JAM
Jamaica	11.0	1947.0	508.0	4.0	733.0	3.0	142.0	1.0	103.0	4.7	2013																			JAM
Jamaica	15.0	902.0	287.0	12.0	837.0	111.0	228.0	0.0	97.0	5.2	2014			56.0	11.0															JAM
Jamaica	17.0	1002.0	364.0	20.0	896.0	62.0	250.0	0.0	145.0	5.9	2015																			JAM
Jamaica	18.0	931.0	342.0	25.0	706.0	60.0	216.0	0.0	118.0	3.8	2016																			JAM
Jamaica	18.0	962.0	346.0	17.0	772.0	58.0	216.0	0.0	118.0	3.8	2017																			JAM
Jamaica	18.0	953.0	354.0	23.0	819.0	60.0	220.0	0.0	118.0	3.8	2018																			JAM
Jamaica	20.0	1071.0	455.0	37.0	803.0	3.0	214.0	0.0	150.0	6.8	2019	27.0																		JAM
Jamaica	20.0	1095.0	452.0	45.0	701.0	-26.0	187.0	0.0	148.0	6.7	2020																			JAM
Jamaica	19.0	1075.0	447.0	33.0	790.0	-56.0	140.0	0.0	129.0	6.7	2021																			JAM
Japan	886.0	545517.0	60096.0		303366.0	14383.0			31941.0	537.9	2004		64010.0	8203.0	652.0	14960.0	-3434.0	656.0	52.0	6089.0			184972.0							JPN
Japan	877.0	585486.0			328384.0	16070.0			34489.0	619.7	2005					16803.0	-2728.0	609.0	1737.0	6638.0										JPN
Japan	907.0	621842.0			296176.0	15386.0			31694.0	594.1	2006					15718.0	-3358.0	1101.0	2991.0	8350.0										JPN
Japan	964.0	654603.0			298748.0	14277.0			31628.0	619.5	2007					16277.0	-2882.0	1738.0	240.0	6815.0										JPN
Japan	921.0	591268.0			319145.0	10680.0			31868.0	581.9	2008					17830.0	-6040.0	1247.0	-7249.0	4396.0										JPN
Japan	690.0	860671.0	42617.0	4356.0	221098.0	7063.0	51175.0	1835.0	27943.0	311.1	2009		83664.0	12516.0	385.0	15574.0	-6925.0	744.0	77.0	404.0			221098.0							JPN
Japan	690.0	951445.0	33494.0	4348.0	246223.0	9425.0	47928.0	1812.0	28021.0	311.9	2010					11916.0	-7866.0	2564.0	272.0	5319.0				5255.0	735.0	25845.0	169727.0	11031.0	3386.0	JPN
Japan	657.0	1029082.0	33823.0	4688.0	289877.0	13467.0	60921.0	2169.0	30828.0	319.9	2011					19481.0	-6811.0	1875.0	377.0	8252.0				6450.0	702.0	31158.0	198988.0	12688.0	6532.0	JPN
Japan	659.0	1017303.0	25619.0	3092.0	250097.0	13247.0	54952.0	2314.0	32303.0	321.4	2012					21977.0	-6645.0	761.0	-1941.0	7529.0				6477.0	594.0	5752.0	177922.0	12081.0	6450.0	JPN
Japan	644.0	892888.0	23411.0	2925.0	235257.0	11541.0	46356.0	2392.0	28252.0	321.7	2013					18982.0	-6504.0	2504.0	-4836.0	5096.0				5139.0	397.0	5100.0	161066.0	12391.0	6601.0	JPN
Japan	774.0	932829.0	26056.0	3791.0	233748.0	19547.0	49471.0	2674.0	27205.0	337.9	2014		95660.0	8891.0	455.0	21044.0	-5961.0	4191.0	1130.0				233748.0	5884.0	255.0	3308.0	166767.0	13864.0	6763.0	JPN
Japan	787.0	897397.0	27345.0	4940.0	217017.0	17562.0	47533.0	2504.0	25984.0	367.4	2015					22406.0	-7579.0	3613.0	-2936.0	5509.0				5038.0	212.0	6720.0	150943.0	13283.0	6406.0	JPN
Japan	794.0	1029070.0	28632.0	5848.0	230410.0	19767.0	45914.0	2788.0	25289.0	344.2	2016					21183.0	-8540.0	1982.0	3469.0	6852.0				4567.0	373.0	9506.0	156557.0	13236.0	9338.0	JPN
Japan	767.0	1021529.0	28644.0	4751.0	236635.0	22538.0	47034.0	2945.0	25433.0	361.6	2017					22730.0	-9038.0	2105.0	2737.0	5015.0				5174.0	393.0	5195.0	169146.0	15510.0	6851.0	JPN
Japan	753.0	1030302.0	30285.0	5759.0	241719.0	22152.0	50169.0	2808.0	25603.0	370.1	2018					24949.0	-8683.0	2340.0	2349.0	7469.0				5230.0	626.0	5434.0	173468.0	15610.0	7931.0	JPN
Japan	803.0	1047375.0	34673.0	8242.0	237777.0	20357.0	51955.0	2872.0	26048.0	380.5	2019	634.0				24133.0	-6797.0	2250.0	2032.0	8057.0	2124.0	126.0		5088.0	814.0	3961.0	178696.0	15246.0	4125.0	JPN
Japan	790.0	1099594.0	35894.0	8084.0	256088.0	21149.0	49809.0	2753.0	26771.0	386.3	2020					23507.0	-9540.0	1555.0	986.0	4897.0				5515.0	771.0	3416.0	201069.0	9775.0	2999.0	JPN
Japan	774.0	1066576.0	36945.0	8449.0	277946.0	20351.0	51200.0	3165.0	26458.0	353.2	2021					23370.0	-8501.0	3998.0	-862.0	6154.0				5583.0	855.0	4242.0	220753.0	10744.0	3208.0	JPN
Jordan	4.0				152.0	11.0			22.0	2.3	2004		35.0	5.0	12.0															JOR
Jordan	4.0	253.0			160.0	-1.0			23.0	2.4	2005																			JOR
Jordan	4.0				142.0	12.0			20.0	1.7	2006																			JOR
Jordan	4.0				167.0	10.0			20.0	1.7	2007																			JOR
Jordan	5.0								24.0	1.7	2008																			JOR
Jordan	5.0	895.0	150.0		408.0	33.0	78.0		28.0	2.1	2009		135.0	16.0	4.0															JOR
Jordan	5.0	947.0	168.0		443.0	27.0	99.0		31.0	2.4	2010																			JOR
Jordan	5.0	983.0			460.0	20.0	105.0	0.0	35.0		2011																			JOR
Jordan	4.0	722.0	91.0	7.0	432.0	45.0	111.0	0.0	34.0	1.5	2012																			JOR
Jordan	4.0	766.0	97.0	9.0	448.0	61.0	124.0	0.0	33.0	1.4	2013																			JOR
Jordan	7.0	902.0	142.0	17.0	530.0	69.0	159.0	0.0	56.0	1.9	2014		196.0	34.0	7.0															JOR
Jordan	8.0	985.0	149.0	23.0	506.0		161.0	0.0	57.0	1.9	2015																			JOR
Jordan	9.0	1112.0	147.0	12.0	520.0	109.0	222.0	0.0	60.0	1.8	2016																			JOR
Jordan	7.0	898.0	99.0	10.0	315.0		107.0	0.0	36.0	1.1	2017																			JOR
Jordan	8.0	944.0	141.0	14.0	382.0	40.0	113.0	0.0	46.0	1.3	2018																			JOR
Jordan	13.0	1232.0	159.0	9.0	491.0	33.0	96.0	1.0	73.0	2.3	2019	22.0																		JOR
Jordan	13.0	1234.0	158.0	10.0	453.0	26.0	112.0		73.0	2.4	2020																			JOR
Jordan	15.0	1436.0	199.0	15.0	568.0	29.0	133.0		79.0	2.4	2021																			JOR
Kazakhstan	29.0								231.0	8.7	2004		4600.0		23.0															KAZ
Kazakhstan	29.0	28096.0							226.0	8.8	2005																			KAZ
Kazakhstan	31.0								243.0	9.2	2006																			KAZ
Kazakhstan	32.0								300.0	9.9	2007																			KAZ
Kazakhstan	31.0								298.0	7.5	2008																			KAZ
Kazakhstan	35.0	46023.0	15790.0	2525.0				0.0	287.0	7.4	2009		7320.0	763.0	19.0															KAZ
Kazakhstan	35.0	50128.0	16634.0	2561.0				0.0	333.0	7.5	2010																			KAZ
Kazakhstan	37.0	65367.0	17390.0	2212.0				0.0	301.0	6.6	2011																			KAZ
Kazakhstan	38.0	71470.0	17986.0	2671.0				0.0	335.0	8.5	2012																			KAZ
Kazakhstan	38.0			7327.0				0.0	388.0	9.4	2013																			KAZ
Kazakhstan	41.0								367.0	8.9	2014				23.0															KAZ
Kazakhstan	40.0								484.0	9.9	2015																			KAZ
Kazakhstan	42.0								383.0	8.8	2016																			KAZ
Kazakhstan	42.0							1.0	343.0	7.5	2017																			KAZ
Kazakhstan	41.0							1.0	338.0	7.0	2018																			KAZ
Kazakhstan	47.0								321.0	6.7	2019	46.0																		KAZ
Kazakhstan	47.0							1.0			2020																			KAZ
Kazakhstan	47.0						7400.0	3.0			2021																			KAZ
Kenya	16.0	724.0	285.0		844.0	15.0					2004		124.0	9.0	24.0															KEN
Kenya	15.0	675.0			1017.0	18.0					2005																			KEN
Kenya	14.0	595.0			812.0	22.0					2006																			KEN
Kenya	13.0	753.0			891.0	18.0					2007																			KEN
Kenya	13.0	687.0			1196.0	26.0					2008																			KEN
Kenya	9.0	1225.0	207.0	5.0	515.0	49.0	128.0		60.0	3.4	2009			20.0	9.0															KEN
Kenya	8.0	1342.0	222.0	12.0	415.0	51.0	146.0		62.0	3.9	2010																			KEN
Kenya	9.0	1596.0	217.0	7.0	499.0	71.0	168.0		61.0	3.8	2011																			KEN
Kenya	10.0	1587.0	228.0	15.0	710.0	95.0	207.0	1.0	66.0	4.0	2012																			KEN
Kenya	16.0	2116.0	527.0	121.0	967.0	-42.0	68.0	1.0	78.0	3.9	2013																			KEN
Kenya	21.0	2228.0	567.0	131.0	1165.0	-44.0	130.0		94.0	5.6	2014			-91.0	19.0															KEN
Kenya	21.0	2049.0	485.0	116.0	1030.0	-65.0	86.0		89.0	5.3	2015																			KEN
Kenya	22.0	2252.0	535.0	28.0	1034.0	-46.0	151.0		92.0	5.9	2016																			KEN
Kenya	22.0	2172.0	536.0	50.0	1034.0	-48.0	150.0		92.0	5.9	2017																			KEN
Kenya	21.0	2079.0	525.0	45.0	1027.0		174.0		86.0	5.9	2018																			KEN
Kenya	22.0	2220.0	490.0	32.0	1086.0	-33.0	150.0		105.0	4.3	2019	44.0																		KEN
Kenya	22.0	2212.0	487.0	32.0	2070.0	-33.0	156.0	2.0	105.0	4.4	2020																			KEN
Kenya	22.0	2396.0	500.0	27.0	2288.0	-46.0	132.0	4.0	105.0	4.3	2021																			KEN
Kiribati					4.0				1.0		2004		0.0	0.0	1.0															KIR
Kiribati					4.0				1.0		2005																			KIR
Kiribati					4.0				1.0		2006																			KIR
Kiribati					4.0				1.0		2007																			KIR
Kiribati					4.0				1.0		2008																			KIR
Korea Republic of	288.0	50748.0	15460.0		51421.0	3327.0			4318.0	112.6	2004		11852.0	1828.0	383.0	2463.0	224.0	85.0	4.0	660.0			25186.0							KOR
Korea Republic of	287.0	59406.0			64062.0	4331.0			5216.0	119.6	2005					2880.0	-26.0	32.0	392.0	722.0										KOR
Korea Republic of	303.0	86901.0			80343.0	5696.0			5973.0	125.1	2006					3900.0	-44.0	46.0	54.0	721.0										KOR
Korea Republic of	307.0	99625.0			99558.0	6112.0			6433.0	120.8	2007					4701.0	-186.0	74.0	223.0	1258.0										KOR
Korea Republic of	297.0	83903.0			104673.0	4985.0			5857.0	120.2	2008					3056.0	-473.0	84.0	-471.0	808.0										KOR
Korea Republic of	253.0	130996.0	9373.0	1599.0	48610.0	2069.0	9157.0	746.0	5069.0	118.2	2009		19015.0	1638.0	183.0	2818.0	-807.0	88.0	3.0	656.0			48610.0							KOR
Korea Republic of	244.0	134697.0	11224.0	1811.0	55149.0	3355.0	11169.0	824.0	5352.0	118.9	2010					3947.0	-548.0	129.0	128.0	848.0				3072.0	535.0	566.0	34934.0	5129.0	7186.0	KOR
Korea Republic of	244.0	136952.0	12952.0	2679.0	64424.0	4285.0	13238.0	854.0	6104.0	122.4	2011					5081.0	-690.0	103.0	248.0	1147.0				3163.0	1409.0	412.0	38589.0	7580.0	9311.0	KOR
Korea Republic of	251.0	141967.0	11212.0	2469.0	67132.0	4524.0	13982.0	898.0	6890.0	126.4	2012					5372.0	-900.0	155.0	5.0	1008.0				2611.0	206.0	401.0	39065.0	9780.0	10803.0	KOR
Korea Republic of	249.0	142247.0	11563.0	1707.0	67347.0	4173.0	13062.0	912.0	6974.0	122.6	2013					4354.0	-948.0	105.0	745.0	1031.0				4222.0	309.0	362.0	39928.0	12747.0	5288.0	KOR
Korea Republic of	333.0	163806.0	15403.0	2907.0	74499.0	4988.0	15201.0	996.0	8075.0	131.1	2014		36279.0	2267.0	239.0	5093.0	-964.0	338.0	17.0	1253.0			74499.0	4616.0	328.0	1209.0	47233.0	12730.0	3683.0	KOR
Korea Republic of	328.0	155812.0	15191.0	2097.0	72830.0	4947.0	15786.0	985.0	7540.0	125.3	2015					5399.0	-962.0	396.0	319.0	1167.0				3925.0	297.0	1176.0	43670.0	12648.0	6720.0	KOR
Korea Republic of	332.0	152605.0	15488.0	1785.0	70852.0	5161.0	16086.0	915.0	7339.0	121.9	2016					5692.0	-998.0	409.0	164.0	1104.0				3989.0	201.0	1089.0	42588.0	11356.0	7476.0	KOR
Korea Republic of	332.0	162686.0	15725.0	1867.0	69713.0	5240.0	16630.0	1024.0	7584.0	119.3	2017					5517.0	-804.0	427.0	665.0	1369.0				4699.0	270.0	934.0	46441.0	7512.0	5730.0	KOR
Kosovo	1.0					2.0	1.0	0.0	2.0		2016																			XKX
Kosovo	1.0					2.0	1.0	0.0	2.0		2017																			XKX
Kosovo	1.0					2.0	1.0	0.0	2.0	0.2	2018																			XKX
Kosovo	1.0		2.0			4.0	-2.0	0.0	2.0	0.3	2019	1.0																		XKX
Kosovo	1.0		2.0			5.0	-2.0	0.0	2.0	0.3	2020																			XKX
Kosovo	1.0		2.0				-3.0	0.0	2.0	0.3	2021																			XKX
Kuwait	11.0	2984.0	1536.0		2737.0	839.0			90.0	1.4	2004				14.0															KWT
Kuwait	11.0				3164.0	829.0			115.0	1.5	2005																			KWT
Kuwait	13.0				4281.0	896.0			170.0	2.0	2006																			KWT
Kuwait	12.0				4766.0	1053.0			185.0	1.9	2007																			KWT
Kuwait	12.0				5838.0	1107.0			176.0	2.0	2008																			KWT
Kuwait	7.0							0.0	189.0	2.4	2009		149.0	14.0	5.0															KWT
Kuwait	7.0	4192.0				309.0		0.0	214.0	2.3	2010																			KWT
Kuwait	7.0	1176.0	98.0	9.0	398.0	60.0	192.0	0.0	90.0	1.5	2011																			KWT
Kuwait	6.0		103.0		405.0	41.0	172.0	0.0	91.0	1.5	2012																			KWT
Kuwait	6.0		83.0		415.0	49.0		0.0	85.0	1.5	2013																			KWT
Kuwait	7.0	1319.0	144.0	5.0	495.0	69.0		0.0	78.0	0.8	2014		177.0	17.0	7.0															KWT
Kuwait	6.0	1092.0	58.0	4.0	482.0	65.0	169.0	0.0	76.0	0.8	2015																			KWT
Kuwait	7.0	1390.0		9.0	638.0	84.0	227.0	0.0	97.0	0.9	2016																			KWT
Kuwait	8.0	1547.0		7.0	950.0	157.0	357.0	0.0	159.0	1.7	2017																			KWT
Kuwait	9.0	1719.0		7.0	1048.0	115.0	350.0	0.0	193.0	2.0	2018																			KWT
Kuwait	16.0	2330.0	319.0	43.0	1475.0	115.0	630.0	0.0	224.0	2.2	2019	25.0																		KWT
Kuwait	17.0	2648.0	275.0	13.0	1274.0	144.0	432.0	0.0	199.0	1.9	2020																			KWT
Kuwait	16.0	2422.0	209.0	14.0	1079.0	107.0	371.0	0.0	188.0	3.8	2021																			KWT
Kyrgyzstan	0.0		7.0		24.0	-1.0		0.0		0.6	2009				0.0															KGZ
Kyrgyzstan	0.0		7.0		24.0	-1.0		0.0		0.6	2010																			KGZ
Kyrgyzstan	0.0		7.0		24.0	-1.0		0.0		0.6	2011																			KGZ
Kyrgyzstan	0.0		7.0		24.0	-1.0		0.0		0.6	2012																			KGZ
Kyrgyzstan	0.0		7.0		24.0	-1.0		0.0		0.6	2013																			KGZ
Kyrgyzstan	3.0	389.0	23.0	3.0	85.0	-2.0	9.0	0.0	26.0	2.1	2014		60.0	1.0	3.0															KGZ
Kyrgyzstan	3.0	354.0	20.0	2.0	83.0	-4.0	25.0	0.0	24.0	2.0	2015																			KGZ
Kyrgyzstan	3.0	281.0	19.0	2.0	95.0	3.0	37.0	0.0	20.0	2.0	2016																			KGZ
Kyrgyzstan	3.0	514.0	26.0	3.0	68.0	11.0	35.0	0.0	18.0	1.9	2017																			KGZ
Kyrgyzstan	3.0	291.0	21.0	4.0	100.0	14.0	46.0	0.0	24.0	2.2	2018																			KGZ
Kyrgyzstan	3.0	330.0	21.0	3.0	108.0	20.0	50.0	0.0	22.0	2.0	2019	5.0																		KGZ
Kyrgyzstan	3.0	302.0	21.0	2.0	102.0	15.0	44.0	0.0	21.0	1.9	2020																			KGZ
Kyrgyzstan	3.0	323.0	20.0	2.0	109.0	18.0	48.0	0.0	21.0	2.0	2021																			KGZ
Laos	1.0										2004																			LAO
Laos	1.0	8.0							1.0	0.1	2005																			LAO
Laos	1.0	8.0							1.0	0.1	2006																			LAO
Laos	1.0										2007																			LAO
Laos	1.0										2008																			LAO
Laos	1.0	4.0	1.0					0.0			2009			0.0	1.0															LAO
Laos	1.0	5.0	1.0					0.0			2010																			LAO
Laos	1.0	5.0	1.0					0.0			2011																			LAO
Laos	1.0		6.0			5.0	7.0	0.0	1.0		2014			5.0	1.0															LAO
Laos	1.0			1.0		2.0	6.0	0.0	3.0	0.1	2015																			LAO
Laos	1.0		3.0	3.0				0.0	1.0		2016																			LAO
Laos	1.0		3.0				2.0	0.0	1.0		2017																			LAO
Laos	1.0		3.0			4.0	7.0		1.0		2018																			LAO
Laos	1.0		6.0	1.0		2.0	5.0	0.0	1.0		2019	2.0																		LAO
Laos	1.0		6.0		7.0			0.0	1.0		2020																			LAO
Laos	1.0		6.0			4.0	8.0	0.0	1.0		2021																			LAO
Latvia	7.0								11.0	1.0	2004			7.0	13.0															LVA
Latvia	7.0	203.0							13.0	1.1	2005																			LVA
Latvia	7.0								17.0	1.3	2006																			LVA
Latvia	7.0								24.0	1.4	2007																			LVA
Latvia	6.0	536.0			294.0	-9.0			22.0	1.0	2008																			LVA
Latvia	4.0	356.0	76.0	2.0	221.0	-37.0	117.0	2.0	21.0	0.7	2009				4.0															LVA
Latvia	4.0	263.0	68.0	3.0	209.0	9.0		2.0	20.0	0.8	2010																			LVA
Latvia	4.0	215.0	72.0	3.0	215.0	4.0		2.0	20.0	0.8	2011																			LVA
Latvia	5.0	387.0	76.0		225.0	5.0			27.0	1.1	2012																			LVA
Latvia	4.0	189.0	77.0	3.0	196.0	19.0		2.0	16.0	0.7	2013																			LVA
Latvia	7.0	238.0	68.0	3.0	308.0	16.0	144.0	4.0	28.0	1.2	2014		57.0	7.0	7.0															LVA
Latvia	6.0	229.0	66.0	3.0	280.0	15.0	130.0	4.0	28.0	1.2	2015																			LVA
Latvia	6.0	212.0	57.0	2.0	277.0	24.0	135.0	4.0	29.0	1.3	2016																			LVA
Latvia	6.0	217.0	55.0	2.0	282.0	17.0	130.0	4.0	29.0	1.3	2017																			LVA
Latvia	7.0	219.0	53.0	3.0	277.0	8.0	121.0	4.0	28.0	1.3	2018																			LVA
Latvia	12.0	441.0	105.0		414.0	24.0	183.0	1.0	36.0	1.7	2019	26.0																		LVA
Latvia	12.0	448.0	107.0	12.0	408.0	22.0	176.0	1.0	38.0	1.8	2020																			LVA
Latvia	12.0	452.0	106.0	13.0	454.0	25.0	193.0	2.0	40.0	1.8	2021																			LVA
Lebanon	6.0								16.0	0.4	2004		44.0	14.0	15.0															LBN
Lebanon	7.0	632.0							28.0	1.1	2005																			LBN
Lebanon	6.0	637.0							29.0	1.1	2006																			LBN
Lebanon	6.0	745.0									2007																			LBN
Lebanon	5.0	667.0							30.0	1.1	2008																			LBN
Lebanon	4.0	837.0	27.0	1.0	282.0	16.0	27.0	0.0	25.0	0.6	2009		150.0	15.0	4.0															LBN
Lebanon	4.0	956.0	26.0	1.0	285.0	45.0	60.0	0.0	25.0	0.6	2010																			LBN
Lebanon	5.0	999.0	26.0	2.0	235.0	29.0	56.0	0.0	25.0		2011																			LBN
Lebanon	6.0	1150.0	34.0	2.0		40.0	54.0	0.0	33.0	0.7	2012																			LBN
Lebanon	5.0	1232.0	32.0	1.0		26.0	24.0	0.0	29.0	0.7	2013																			LBN
Lebanon	5.0	1255.0	30.0	1.0		34.0	27.0	0.0		0.8	2014		311.0	22.0	5.0															LBN
Lebanon	6.0	1242.0	28.0	1.0	258.0		82.0			0.8	2015																			LBN
Lebanon	6.0	1208.0	28.0	1.0	244.0		57.0			0.8	2016																			LBN
Lebanon	6.0	1305.0	27.0	1.0	247.0	41.0	58.0			0.8	2017																			LBN
Lebanon	6.0	1258.0	28.0	1.0	242.0					0.7	2018																			LBN
Lebanon	12.0	1530.0	29.0			47.0			41.0	1.1	2019	26.0																		LBN
Lebanon	12.0	1539.0	31.0			3.0			41.0	1.1	2020																			LBN
Lebanon	12.0	1610.0	27.0			14.0			43.0	1.0	2021																			LBN
Lesotho	1.0								0.0	0.0	2004		0.0	0.0																LSO
Lesotho	1.0										2005																			LSO
Lesotho	2.0								1.0	0.3	2006																			LSO
Lesotho	2.0										2007																			LSO
Lesotho	2.0										2008																			LSO
Lesotho	0.0	6.0	1.0		4.0		1.0	0.0	1.0		2009		1.0		0.0															LSO
Lesotho	0.0	6.0	1.0		4.0		1.0	0.0	1.0		2010																			LSO
Lesotho	0.0	6.0	1.0		4.0		1.0	0.0	1.0		2011																			LSO
Lesotho	0.0	6.0	1.0		4.0		1.0	0.0	1.0		2012																			LSO
Lesotho	0.0	6.0	1.0		4.0		1.0	0.0	1.0		2013																			LSO
Lesotho	0.0			0.0	0.0	0.0	0.0	0.0	0.0	0.0	2014			0.0	0.0															LSO
Lesotho	0.0			0.0	0.0	0.0	0.0	0.0	0.0	0.0	2015																			LSO
Lesotho	0.0			0.0	0.0	0.0	0.0	0.0	0.0	0.0	2016																			LSO
Lesotho	0.0			0.0	0.0	0.0	0.0	0.0	0.0	0.0	2017																			LSO
Lesotho	0.0			0.0	0.0	0.0	0.0	0.0	0.0	0.0	2018																			LSO
Lesotho	0.0			0.0				0.0	0.0	0.0	2019	2.0																		LSO
Lesotho	0.0			0.0				0.0	0.0	0.0	2020																			LSO
Lesotho	0.0			0.0				0.0	0.0	0.0	2021																			LSO
Liberia	31.0	3327.0	881.0		2848.0	364.0			119.0	8.7	2004		468.0	170.0	17.0															LBR
Liberia	26.0	2337.0			2841.0	190.0			113.0	8.4	2005																			LBR
Liberia	25.0								124.0	8.9	2006																			LBR
Liberia	24.0								130.0	9.7	2007																			LBR
Liberia	11.0								127.0	9.8	2008																			LBR
Liberia	8.0	1630.0	357.0	45.0	1370.0	-83.0	140.0	0.0	195.0	9.4	2009			32.0	7.0															LBR
Liberia	12.0	1902.0	425.0	50.0	1534.0	-77.0	138.0	0.0	141.0	9.4	2010																			LBR
Liberia	14.0	2276.0	488.0	77.0	1602.0	-185.0	84.0	0.0	176.0	10.2	2011																			LBR
Liberia	15.0	2537.0	670.0	84.0	1643.0	-123.0	191.0	0.0	191.0	11.0	2012																			LBR
Liberia	15.0	2677.0	890.0	350.0	1414.0	-278.0	94.0	0.0	187.0	10.5	2013																			LBR
Liberia	15.0	1985.0	808.0	158.0	1074.0	-213.0	11.0	0.0			2014		462.0	-105.0	11.0															LBR
Liberia	14.0	1761.0	665.0	156.0	1061.0	-215.0	41.0	0.0			2015																			LBR
Liberia	12.0	1586.0	428.0	32.0		-127.0	91.0	0.0			2016																			LBR
Liberia	12.0	1672.0	432.0	54.0		-146.0	71.0	0.0			2017																			LBR
Liberia	12.0	1698.0	430.0	35.0		-150.0	71.0	0.0			2018																			LBR
Liberia	12.0	1712.0	424.0	36.0		-119.0	76.0	0.0			2019	12.0																		LBR
Liberia	8.0	1294.0				-98.0	61.0	0.0		6.8	2020																			LBR
Liberia	8.0	1664.0				82.0	251.0	0.0		6.9	2021																			LBR
Libya	4.0				44.0	-11.0			13.0	0.6	2004		18.0	-17.0	6.0															LBY
Libya	5.0								17.0	0.6	2005																			LBY
Libya	6.0	3961.0							20.0	0.7	2006																			LBY
Libya	6.0	3150.0			3222.0	90.0			32.0	0.9	2007																			LBY
Libya	11.0	4824.0			4945.0	215.0			53.0	1.0	2008																			LBY
Libya	11.0	6865.0	3262.0	450.0	3456.0	-501.0	2871.0	0.0	41.0	0.6	2009		2470.0	-181.0	7.0															LBY
Libya	11.0	6549.0	3021.0	272.0	4310.0	-345.0	3593.0			0.7	2010																			LBY
Libya	11.0	5473.0	3007.0	134.0	736.0		-41.0			0.5	2011																			LBY
Libya	11.0	6218.0	2940.0	153.0	4522.0	17.0	4087.0			0.6	2012																			LBY
Libya	11.0	6137.0	2951.0		3294.0	-280.0	2683.0		56.0	0.7	2013																			LBY
Libya	13.0	6227.0	2989.0	149.0	829.0		200.0		62.0	0.7	2014		2181.0	-71.0	8.0															LBY
Libya	11.0	4148.0		62.0	102.0	-1141.0	-387.0		20.0	0.1	2015																			LBY
Libya	9.0	3606.0	2078.0		77.0	-572.0	-388.0		19.0	0.1	2016																			LBY
Libya	8.0	3375.0	2056.0		964.0	-262.0	85.0		16.0	0.1	2017																			LBY
Libya	8.0	3092.0	1985.0	80.0	1009.0	-247.0	524.0		14.0	0.1	2018																			LBY
Libya	8.0	1724.0	1150.0	74.0		7.0		0.0	9.0	0.1	2019	11.0																		LBY
Libya	8.0	1583.0	1159.0	64.0	271.0	-84.0	123.0	0.0	6.0	0.1	2020																			LBY
Libya	8.0	2217.0	1146.0	75.0		-6.0			8.0	0.1	2021																			LBY
Liechtenstein	6.0	1153.0	2.0		341.0	2.0			12.0	0.2	2004		342.0	44.0	8.0															LIE
Liechtenstein	6.0	1308.0							25.0	0.3	2005																			LIE
Liechtenstein	5.0	606.0							18.0	0.2	2006																			LIE
Liechtenstein	5.0	520.0			52.0	7.0			1.0		2007																			LIE
Liechtenstein	5.0	538.0							1.0		2008																			LIE
Liechtenstein	6.0					-13.0	-8.0	0.0			2009			-13.0	5.0															LIE
Liechtenstein	6.0					-18.0	-3.0	0.0			2010																			LIE
Liechtenstein	6.0						-5.0	0.0			2011																			LIE
Liechtenstein	6.0	579.0			9.0		-7.0	0.0			2012																			LIE
Liechtenstein	6.0	539.0				-4.0	-2.0	0.0			2013																			LIE
Liechtenstein	9.0	953.0	4.0			100.0		0.0			2014		359.0	53.0	9.0															LIE
Liechtenstein	9.0	865.0		1.0				0.0		0.3	2015																			LIE
Liechtenstein	10.0	1186.0		1.0				0.0		0.4	2016																			LIE
Liechtenstein	11.0	1607.0	10.0		257.0	72.0	108.0	0.0		0.3	2017																			LIE
Liechtenstein	10.0	1696.0	10.0			-15.0	10.0	0.0		0.3	2018																			LIE
Liechtenstein	12.0	1544.0	9.0					0.0		0.2	2019	11.0																		LIE
Liechtenstein	12.0	1521.0	9.0			-6.0	6.0	0.0		0.2	2020																			LIE
Liechtenstein	11.0	1518.0	10.0			-1.0	21.0	0.0		0.2	2021																			LIE
Lithuania	4.0								31.0	1.3	2004			1.0	8.0															LTU
Lithuania	4.0								30.0	1.7	2005																			LTU
Lithuania	5.0								36.0	1.7	2006																			LTU
Lithuania	5.0	313.0			300.0	26.0			40.0	1.6	2007																			LTU
Lithuania	5.0	271.0			348.0	33.0			47.0	1.6	2008																			LTU
Lithuania	3.0	356.0	141.0	5.0	296.0	24.0		3.0	53.0	1.8	2009				2.0															LTU
Lithuania	3.0	351.0	128.0		315.0	25.0		3.0	52.0	1.8	2010																			LTU
Lithuania	3.0	366.0	129.0		353.0	28.0		3.0	52.0	1.8	2011																			LTU
Lithuania	3.0	297.0	123.0		261.0	27.0			47.0	1.7	2012																			LTU
Lithuania	3.0	225.0	103.0	9.0	254.0	30.0		3.0	48.0	1.7	2013																			LTU
Lithuania	8.0	447.0	147.0	6.0	315.0		233.0	4.0	48.0	1.8	2014		158.0	6.0	7.0															LTU
Lithuania	8.0	697.0	197.0	18.0	494.0		340.0		59.0	2.1	2015																			LTU
Lithuania	10.0	741.0	190.0	16.0	477.0	72.0	312.0		58.0	2.2	2016																			LTU
Lithuania	11.0	728.0	235.0	35.0	468.0	-14.0	258.0		102.0	4.1	2017																			LTU
Lithuania	13.0	921.0	331.0	30.0	555.0	30.0	336.0	8.0	122.0	4.1	2018																			LTU
Lithuania	17.0	1363.0	441.0	47.0	627.0	-27.0	409.0	4.0	168.0	5.0	2019	35.0																		LTU
Lithuania	18.0	1413.0	560.0	119.0	687.0	-60.0	402.0	2.0	159.0	4.9	2020																			LTU
Lithuania	18.0	1567.0	620.0	108.0	720.0	-56.0	437.0	2.0	171.0	4.8	2021																			LTU
Luxembourg	234.0	542956.0	6586.0		15801.0	42917.0			763.0	12.2	2004		82274.0	8528.0	161.0	-1241.0	905.0	40359.0	99.0	86.0			12409.0							LUX
Luxembourg	270.0	603556.0			16106.0	63263.0					2005					-785.0	20.0	62550.0	1262.0	537.0										LUX
Luxembourg	299.0	756680.0			14596.0	56918.0			958.0	14.2	2006					-2168.0	1962.0	64492.0	-4902.0	572.0										LUX
Luxembourg	338.0	807314.0			15621.0	60811.0			1025.0	13.4	2007					-1170.0	2384.0	62120.0	122.0	496.0										LUX
Luxembourg	387.0	944914.0			18806.0	86085.0			1059.0	14.3	2008					-3067.0	2133.0	90055.0	43.0	382.0										LUX
Luxembourg	505.0	1166277.0	1169.0	245.0	28436.0	66745.0	6917.0		1341.0	15.7	2009		201100.0	11401.0	213.0	8206.0	-3554.0	60467.0	-203.0	1406.0			28436.0							LUX
Luxembourg	565.0	1237307.0	1414.0	276.0	26837.0	95084.0	3120.0		1389.0	16.5	2010					1830.0	-946.0	95190.0	74.0	2010.0				822.0	231.0	855.0	5238.0	10460.0	3396.0	LUX
Luxembourg	636.0	1449593.0	5372.0	275.0	33556.0	77336.0	3173.0		1216.0	13.6	2011					3929.0	-3167.0	78290.0	-3937.0	946.0				836.0	194.0	500.0	6157.0	14603.0	4221.0	LUX
Luxembourg	701.0	1690470.0	1658.0	352.0	38228.0	95184.0	3314.0	302.0	1225.0	13.9	2012					3759.0	-3077.0	90076.0	2372.0	1023.0				2146.0	901.0	2245.0	8237.0	12477.0	3561.0	LUX
Luxembourg	747.0	1915632.0	2696.0	519.0	43055.0	112671.0	7036.0		1788.0	14.7	2013					5169.0	-1499.0	101700.0	6218.0	416.0				2513.0	1101.0	2890.0	10728.0	11848.0	3456.0	LUX
Luxembourg	1212.0	2126665.0	7789.0	1529.0	65027.0	124432.0	4153.0	237.0	1811.0	23.6	2014		516959.0	35523.0	457.0	7118.0	-6416.0	113721.0	4244.0	795.0			65027.0	6819.0	4375.0	899.0	20982.0	13532.0	6027.0	LUX
Luxembourg	1309.0	2312495.0	11672.0	1452.0	67847.0	101514.0	9982.0	147.0	1600.0	22.3	2015					9567.0	-3223.0	96248.0	-3398.0	902.0				8291.0	4396.0	1639.0	19307.0	13502.0	5914.0	LUX
Luxembourg	1302.0	2372452.0	14112.0	1592.0	72539.0	100704.0	4101.0	177.0	1881.0	25.0	2016					224.0	-233.0	103175.0	-1186.0	1508.0				8663.0	5087.0	1543.0	21589.0	10987.0	11184.0	LUX
Luxembourg	1285.0	2554288.0	18191.0	2661.0	78211.0	116655.0	8757.0	183.0	1921.0	26.2	2017					8851.0	-4614.0	105999.0	3540.0	1735.0				7657.0	5484.0	1817.0	24128.0	12902.0	13251.0	LUX
Luxembourg	1299.0	2805688.0	15775.0	1861.0	79006.0	148501.0	-2096.0	87.0	1879.0	28.6	2018					-2716.0	-4335.0	160258.0	-7408.0	1633.0				7551.0	5038.0	2065.0	26827.0	10718.0	11791.0	LUX
Luxembourg	1354.0	2812269.0	13252.0	1830.0	76574.0	125854.0	-7447.0	62.0	1757.0	24.0	2019	521.0				-2324.0	-9627.0	136255.0	-6140.0	1936.0	132940.0	3315.0		6800.0	4008.0	1794.0	27123.0	8317.0	11707.0	LUX
Luxembourg	1316.0	2618396.0	12223.0	2464.0	75591.0	117538.0	2185.0	80.0	2353.0	31.1	2020					3726.0	-6996.0	119973.0	-3642.0	2519.0				2446.0	1653.0			4892.0	13084.0	LUX
Luxembourg	1326.0	2430912.0	12363.0	2403.0	87067.0	71109.0	7048.0	121.0	2293.0	28.6	2021					8107.0	-7506.0	88615.0	-21856.0	3758.0				2048.0	1389.0			5198.0	13650.0	LUX
Macau	4.0								5.0	0.3	2004				8.0															MAC
Macau	4.0								6.0	0.3	2005																			MAC
Macau	5.0	4678.0			1861.0	460.0					2006																			MAC
Macau	8.0										2007																			MAC
Macau	8.0								928.0	33.2	2008																			MAC
Macau	9.0	14477.0	7202.0		7120.0	528.0	3818.0	2.0		26.8	2009				9.0															MAC
Macau	9.0	13657.0	7130.0		8527.0	1357.0		2.0		25.5	2010																			MAC
Macau	10.0	21864.0	8474.0		13007.0	2494.0		0.0	1016.0	37.0	2011																			MAC
Macau	10.0	22641.0	9012.0		14151.0	2400.0	10571.0	0.0	1280.0	42.7	2012																			MAC
Macau	11.0	23846.0	9502.0	1043.0	17637.0	3588.0	13555.0	0.0	1474.0	43.5	2013																			MAC
Macau	17.0	24444.0	10344.0	1447.0	18270.0	4024.0	14115.0	0.0	1670.0	43.6	2014				16.0															MAC
Macau	19.0	25301.0	12638.0	3550.0	13941.0	1548.0	10581.0	0.0	1662.0	40.7	2015																			MAC
Macau	18.0	26681.0	16463.0	3122.0	13646.0	1968.0	9790.0	4.0	1889.0	46.5	2016																			MAC
Macau	19.0	26648.0	17010.0	2357.0	15010.0	2407.0	10695.0	5.0	1992.0	51.6	2017																			MAC
Macau	20.0	27885.0		1387.0	19424.0		13650.0	3.0	2323.0	54.9	2018																			MAC
Macau	23.0	29461.0		1338.0	19358.0	2965.0	14163.0	3.0	2457.0	55.0	2019	36.0																		MAC
Macau	22.0	19630.0		1652.0	5663.0	-2214.0	2171.0	3.0	2095.0	46.1	2020																			MAC
Macau	23.0	18052.0		1019.0	8234.0	-1828.0	2719.0	0.0	1974.0	38.0	2021																			MAC
Macedonia	3.0	39.0	12.0		30.0	1.0			5.0	0.2	2004		4.0		4.0															MKD
Macedonia	3.0	44.0			33.0	1.0			5.0	0.2	2005																			MKD
Macedonia	2.0	34.0			31.0	1.0			4.0	0.1	2006																			MKD
Macedonia	2.0										2007																			MKD
Macedonia	2.0										2008																			MKD
Macedonia	1.0	35.0	7.0		42.0	3.0	9.0	0.0	5.0	0.5	2009		4.0		1.0															MKD
Macedonia	1.0	37.0	8.0		44.0	3.0	9.0	0.0	5.0	0.5	2010																			MKD
Macedonia	1.0	40.0	8.0		48.0	3.0	10.0	0.0	5.0	0.5	2011																			MKD
Macedonia	1.0	41.0	9.0		49.0	3.0	10.0	0.0	5.0	0.5	2012																			MKD
Macedonia	2.0	72.0	30.0		66.0	3.0	27.0	0.0	17.0	0.7	2013																			MKD
Macedonia	4.0	132.0	42.0	3.0	189.0	8.0	30.0	0.0	13.0	0.8	2014		45.0	12.0	4.0															MKD
Macedonia	4.0	127.0	42.0	4.0	175.0	5.0	28.0	0.0	13.0	0.8	2015																			MKD
Macedonia	4.0	128.0	42.0	4.0	170.0	5.0	28.0	0.0	13.0	0.8	2016																			MKD
Macedonia	4.0	134.0	45.0	4.0	187.0	6.0	30.0	0.0	13.0	0.8	2017																			MKD
Madagascar	1.0										2004																			MDG
Madagascar	1.0				1.0	-13.0					2005																			MDG
Madagascar	2.0				1.0	-24.0					2006																			MDG
Madagascar	2.0										2007																			MDG
Madagascar	2.0										2008																			MDG
Madagascar	0.0			1.0		-3.0	1.0	0.0			2009		47.0	3.0	0.0															MDG
Madagascar	0.0			1.0		-3.0	1.0	0.0			2010																			MDG
Madagascar	0.0			1.0		-3.0	1.0	0.0			2011																			MDG
Madagascar	0.0			1.0		-3.0	1.0	0.0			2012																			MDG
Madagascar	2.0			1.0		-3.0	1.0	0.0			2013																			MDG
Madagascar	2.0			1.0				0.0	2.0	0.1	2014				1.0															MDG
Madagascar	2.0			1.0				0.0	2.0	0.1	2015																			MDG
Madagascar	2.0			1.0				0.0	2.0	0.1	2016																			MDG
Madagascar	2.0			1.0				0.0	2.0	0.1	2017																			MDG
Madagascar	2.0			1.0				0.0	2.0	0.1	2018																			MDG
Madagascar	3.0			1.0	8.0			0.0	2.0	0.2	2019	5.0																		MDG
Madagascar	3.0			1.0	8.0			0.0	2.0	0.2	2020																			MDG
Madagascar	2.0			1.0	8.0			0.0	2.0	0.2	2021																			MDG
Malawi	6.0	233.0	82.0		268.0	5.0					2004		10.0		8.0															MWI
Malawi	6.0	296.0			319.0	10.0					2005																			MWI
Malawi	5.0				425.0	3.0					2006																			MWI
Malawi	5.0				388.0	-26.0					2007																			MWI
Malawi	6.0	381.0									2008																			MWI
Malawi	3.0	220.0		4.0	504.0			0.0	27.0		2009		1.0		3.0															MWI
Malawi	2.0			5.0		5.0		0.0			2010																			MWI
Malawi	2.0			7.0				0.0			2011																			MWI
Malawi	2.0			3.0				0.0			2012																			MWI
Malawi	2.0			7.0				0.0	18.0		2013																			MWI
Malawi	2.0	225.0		8.0		5.0	52.0	0.0	24.0		2014			2.0	2.0															MWI
Malawi	2.0			6.0		9.0	48.0	0.0	25.0		2015																			MWI
Malawi	3.0	355.0		5.0	370.0	26.0	68.0	0.0	26.0	7.2	2016																			MWI
Malawi	3.0	348.0	55.0	5.0	393.0	9.0	51.0	0.0	28.0	7.9	2017																			MWI
Malawi	3.0	304.0	55.0	8.0	304.0	7.0	47.0	0.0	27.0	5.1	2018																			MWI
Malawi	3.0	263.0		8.0			54.0	0.0	28.0		2019	5.0																		MWI
Malawi	4.0	314.0	44.0		271.0		38.0		24.0		2020																			MWI
Malawi	4.0	299.0	44.0	4.0	225.0	2.0	35.0		22.0	3.9	2021																			MWI
Malaysia	212.0	32376.0	9320.0		39243.0	3330.0			1556.0	114.3	2004		7220.0		295.0	3282.0	70.0	312.0	0.0	669.0			35338.0							MYS
Malaysia	206.0	33847.0			44898.0	3974.0			1530.0	126.3	2005					3512.0	33.0	518.0	8.0	709.0										MYS
Malaysia	207.0	38802.0			49090.0	4612.0			1703.0	130.9	2006					4492.0	45.0	347.0	14.0	770.0										MYS
Malaysia	213.0	44464.0			48489.0	4680.0			1743.0	112.2	2007					4296.0	17.0	429.0	27.0	913.0										MYS
Malaysia	215.0	50192.0			52851.0	6256.0			1870.0	107.3	2008					6567.0	-328.0	383.0	-67.0	1400.0										MYS
Malaysia	203.0	63688.0	11815.0	2027.0	43897.0	4752.0	10059.0	376.0	2355.0	136.7	2009		10191.0	2115.0	137.0	5621.0	-355.0	303.0	2.0	1156.0			43897.0							MYS
Malaysia	202.0	54837.0	12423.0	2509.0	50433.0	6163.0	12417.0	348.0	2551.0	146.6	2010					7028.0	11.0	536.0	15.0	1399.0				9580.0	1027.0	6414.0	17560.0	9719.0	5824.0	MYS
Malaysia	215.0	66885.0	13496.0	3144.0	57016.0	6277.0	13399.0	390.0	2817.0	156.8	2011					6830.0	270.0	780.0	27.0	1333.0				6466.0	1302.0	4970.0	25198.0	11962.0	6725.0	MYS
Malaysia	216.0	66889.0	14488.0	4115.0	52174.0	6692.0	14382.0	655.0	2965.0	161.5	2012					7615.0	-6.0	719.0	41.0	1670.0				8124.0	1723.0	2963.0	22906.0	7611.0	8390.0	MYS
Malaysia	224.0	70617.0	16225.0	3937.0	51120.0	6410.0	13693.0	517.0	3199.0	158.9	2013					6854.0	-16.0	890.0	100.0	1420.0				5851.0	4170.0	2953.0	21344.0	8214.0	8136.0	MYS
Malaysia	265.0	75332.0	15496.0	2910.0	51413.0	6960.0	12425.0	437.0	3698.0	172.2	2014		13115.0	2567.0	178.0	5830.0	-66.0	1595.0	2.0				51413.0	8166.0	901.0	2069.0	22241.0	9174.0	8299.0	MYS
Malaysia	271.0	70051.0	12971.0	1919.0	47422.0	2968.0	8821.0	597.0	3482.0	177.4	2015					2851.0	-38.0	-122.0	239.0	-180.0				5586.0	3715.0	3159.0	19995.0	8311.0	6036.0	MYS
Malaysia	274.0	75891.0	11577.0	1450.0	44594.0	3366.0	8646.0	528.0	3182.0	164.5	2016					3029.0	-22.0	678.0	69.0	330.0				8534.0	882.0	2388.0	17795.0	8110.0	6254.0	MYS
Malaysia	280.0	77993.0	11928.0	1567.0	46346.0	3893.0	9591.0	605.0	3345.0	170.4	2017					3868.0	-59.0	647.0	54.0	601.0				8772.0	934.0	2817.0	17959.0	8540.0	6681.0	MYS
Malaysia	282.0	68407.0	12118.0	1852.0	48093.0	4195.0	9770.0	611.0	3580.0	165.5	2018					3912.0	-113.0	957.0	33.0	636.0				8297.0	1041.0	2533.0	19930.0	9021.0	6548.0	MYS
Malaysia	298.0	72922.0	10321.0	1565.0	49021.0	7287.0	10009.0	625.0	3498.0	155.2	2019	323.0				4580.0	-201.0	4189.0	-832.0	649.0	4185.0	4.0		10066.0	1179.0	2713.0	19649.0	9164.0	5567.0	MYS
Malaysia	296.0	66596.0	10424.0	1915.0	41861.0	6863.0	7737.0	605.0	3386.0	153.8	2020					2409.0	-101.0	4649.0	91.0	286.0				8995.0	1053.0	2153.0	17738.0	8023.0	3435.0	MYS
Malaysia	302.0	68835.0	11093.0	2160.0	48501.0	4060.0	9141.0	633.0	3502.0	148.8	2021					3558.0	-108.0	978.0	40.0	516.0				11406.0	1044.0	2186.0	20823.0	9408.0	3194.0	MYS
Maldives		2.0			2.0						2004		1.0	0.0	1.0															MDV
Maldives		2.0			2.0						2005																			MDV
Maldives		2.0			2.0						2006																			MDV
Maldives		2.0			2.0						2007																			MDV
Maldives		2.0			2.0						2008																			MDV
Maldives	0.0	1.0				-1.0	-1.0	0.0	0.0	0.0	2009			-1.0	0.0															MDV
Maldives	0.0	1.0				-1.0	-1.0	0.0	0.0	0.0	2010																			MDV
Maldives	0.0	1.0				-1.0	-1.0	0.0	0.0	0.0	2011																			MDV
Maldives	0.0	1.0				-1.0	-1.0	0.0	0.0	0.0	2012																			MDV
Maldives	0.0	1.0				-1.0	-1.0	0.0	0.0	0.0	2013																			MDV
Maldives	1.0				6.0	2.0	2.0	0.0			2014			2.0	1.0															MDV
Maldives	1.0				5.0	2.0	2.0	0.0			2015																			MDV
Maldives	1.0				5.0	2.0	2.0	0.0			2016																			MDV
Maldives	1.0				5.0	2.0	2.0	0.0			2017																			MDV
Maldives	0.0			0.0	3.0	3.0	3.0	0.0			2018																			MDV
Maldives	0.0		1.0		3.0	3.0	3.0	0.0	0.0	0.0	2019	2.0																		MDV
Maldives	0.0		1.0		3.0	3.0	3.0	0.0	0.0	0.0	2020																			MDV
Maldives	0.0		1.0		3.0	3.0	3.0	0.0	0.0	0.0	2021																			MDV
Mali	1.0										2004																			MLI
Mali	0.0							0.0	0.0	0.0	2009		1.0	0.0	0.0															MLI
Mali	0.0							0.0	0.0	0.0	2010																			MLI
Mali	0.0							0.0	0.0	0.0	2011																			MLI
Mali	0.0							0.0	0.0	0.0	2012																			MLI
Mali	0.0							0.0	0.0	0.0	2013																			MLI
Mali	0.0			0.0				0.0			2014				0.0															MLI
Mali	0.0			0.0				0.0			2015																			MLI
Mali	0.0			0.0				0.0			2016																			MLI
Mali	0.0			0.0				0.0			2017																			MLI
Mali	0.0			0.0				0.0			2018																			MLI
Mali	0.0	1.0			1.0			0.0			2019	0.0																		MLI
Mali	0.0	1.0			1.0			0.0			2020																			MLI
Mali	0.0	1.0			1.0			0.0			2021																			MLI
Malta	13.0	1514.0	64.0		156.0	101.0			25.0	1.6	2004			17.0	21.0															MLT
Malta	15.0	1757.0			184.0				26.0	1.6	2005																			MLT
Malta	16.0	2060.0			207.0	27.0			30.0	1.5	2006																			MLT
Malta	18.0	2482.0							39.0	1.6	2007																			MLT
Malta	18.0	2821.0							40.0	1.6	2008																			MLT
Malta	15.0	9492.0	122.0	57.0	796.0	169.0	-18.0	5.0	31.0	1.6	2009			65.0	10.0															MLT
Malta	20.0	8170.0	114.0	19.0	1279.0	562.0	185.0		42.0	1.6	2010																			MLT
Malta	22.0	7676.0	189.0	34.0	747.0	60.0	-110.0		42.0	1.6	2011																			MLT
Malta	21.0	8016.0	219.0	26.0	650.0	-214.0	-262.0		44.0	1.6	2012																			MLT
Malta	18.0	6982.0	344.0	22.0	617.0	330.0	255.0	2.0	32.0	1.3	2013																			MLT
Malta	27.0	38716.0	312.0	29.0	678.0		259.0		49.0	1.5	2014			-65.0	20.0															MLT
Malta	27.0	39872.0	293.0	19.0	676.0	1315.0	194.0		41.0	1.5	2015																			MLT
Malta	26.0	39893.0	227.0	12.0	531.0	309.0	86.0		51.0	1.5	2016																			MLT
Malta	28.0	42037.0	90.0	13.0	535.0	1148.0	30.0		43.0	1.5	2017																			MLT
Malta	29.0	43747.0	317.0	33.0	627.0	1692.0	63.0	9.0	48.0	1.6	2018																			MLT
Malta	37.0	35593.0	481.0		880.0	1449.0	135.0	13.0	61.0	1.8	2019	47.0																		MLT
Malta	37.0	34073.0	375.0	22.0	709.0	-349.0	136.0	10.0	59.0	1.7	2020																			MLT
Malta	36.0	29470.0	367.0	33.0	1034.0	498.0	109.0	12.0	65.0	1.7	2021																			MLT
Marshall Islands	8.0								67.0	2.3	2004				6.0															MHL
Marshall Islands	7.0								168.0	4.9	2005																			MHL
Marshall Islands	7.0										2006																			MHL
Marshall Islands	7.0				889.0	416.0					2007																			MHL
Marshall Islands	7.0										2008																			MHL
Marshall Islands	9.0			72.0		72.0	286.0	0.0			2009			-28.0	6.0															MHL
Marshall Islands	10.0				796.0	67.0	433.0	0.0			2010																			MHL
Marshall Islands	17.0	5160.0	2607.0		804.0	-29.0	274.0	0.0		1.9	2011																			MHL
Marshall Islands	17.0	3056.0	2200.0	74.0	754.0	-414.0	201.0	0.0		2.0	2012																			MHL
Marshall Islands	21.0	3461.0	2436.0	69.0	895.0	-94.0	278.0	0.0	133.0	2.5	2013																			MHL
Marshall Islands	79.0	6860.0	3729.0	352.0	1748.0	480.0	832.0	0.0			2014		3263.0	529.0	25.0															MHL
Marshall Islands	76.0	6540.0	3487.0	418.0	2472.0	342.0	661.0	0.0	63.0		2015																			MHL
Marshall Islands	73.0	4911.0	2566.0	382.0	1703.0	24.0	302.0	0.0	74.0		2016																			MHL
Marshall Islands	71.0	5120.0	2616.0	550.0	1968.0		247.0	0.0	47.0	1.1	2017																			MHL
Marshall Islands	70.0	4975.0	2914.0	596.0	1899.0	2.0	374.0	0.0	76.0	2.8	2018																			MHL
Marshall Islands	70.0	4760.0		494.0	1054.0	-18.0	300.0	0.0	38.0	1.5	2019	27.0																		MHL
Marshall Islands	67.0	4851.0	2775.0	452.0	783.0	-82.0	235.0	0.0	42.0	1.6	2020																			MHL
Marshall Islands	67.0	4977.0	2963.0	395.0	1101.0	39.0	370.0	0.0	51.0	1.7	2021																			MHL
Mauritania		17.0	4.0		5.0	-2.0			1.0	0.1	2004		-2.0		5.0															MRT
Mauritania		17.0			5.0	-2.0			1.0	0.1	2005																			MRT
Mauritania		17.0			5.0	-2.0			1.0	0.1	2006																			MRT
Mauritania		17.0			5.0	-2.0			1.0	0.1	2007																			MRT
Mauritania		17.0			5.0	-2.0			1.0	0.1	2008																			MRT
Mauritania	0.0			0.0				0.0	0.0	0.0	2009		0.0	0.0	0.0															MRT
Mauritania	0.0			0.0				0.0	0.0	0.0	2010																			MRT
Mauritania	0.0			0.0				0.0	0.0	0.0	2011																			MRT
Mauritania	0.0			0.0				0.0	0.0	0.0	2012																			MRT
Mauritania	0.0			0.0				0.0	0.0	0.0	2013																			MRT
Mauritania	0.0						1.0	0.0	0.0	0.0	2014				0.0															MRT
Mauritania	2.0						-3.0	0.0	0.0	0.0	2015																			MRT
Mauritania	2.0							0.0	0.0	0.0	2016																			MRT
Mauritania	3.0	178.0						0.0	0.0	0.0	2017																			MRT
Mauritania	6.0	260.0						0.0	0.0	0.0	2018																			MRT
Mauritania	11.0			1.0		-118.0		0.0	2.0		2019	6.0																		MRT
Mauritania	11.0			1.0		-113.0		0.0	2.0		2020																			MRT
Mauritania	11.0			1.0		-134.0		0.0	2.0		2021																			MRT
Mauritius	40.0				407.0	-275.0			9.0	0.7	2004		784.0	28.0	51.0															MUS
Mauritius	43.0	4208.0							6.0	0.5	2005																			MUS
Mauritius	49.0				468.0	515.0			34.0	1.7	2006																			MUS
Mauritius	51.0				576.0	780.0			34.0	1.7	2007																			MUS
Mauritius	49.0				734.0	5.0					2008																			MUS
Mauritius	89.0	31368.0	203.0		740.0	2577.0	-57.0		49.0		2009				55.0															MUS
Mauritius	103.0	40051.0	181.0		994.0	2285.0	-175.0	0.0	60.0		2010																			MUS
Mauritius	108.0	32611.0	157.0	4.0	977.0	512.0	-123.0	0.0	24.0		2011																			MUS
Mauritius	112.0	34930.0	151.0	9.0	1200.0	1758.0	-35.0	0.0	24.0		2012																			MUS
Mauritius	117.0	35404.0	84.0	6.0	915.0	1212.0	-362.0	0.0	25.0		2013																			MUS
Mauritius	181.0	41384.0	291.0	16.0	1281.0	2138.0	-365.0		45.0	1.9	2014		12454.0		119.0															MUS
Mauritius	176.0	39858.0	290.0	24.0	1621.0	1865.0	-62.0		42.0	1.8	2015																			MUS
Mauritius	179.0	40948.0	272.0	22.0	1714.0	1889.0	-220.0	4.0	26.0	1.7	2016																			MUS
Mauritius	173.0	44812.0	246.0	18.0	2300.0	2580.0	713.0	4.0	26.0	1.7	2017																			MUS
Mauritius	170.0	45535.0	212.0	18.0	1965.0	1704.0	-336.0	4.0	30.0	1.8	2018																			MUS
Mauritius	176.0	39814.0	146.0	5.0	1929.0	1870.0	-415.0	1.0	42.0	3.2	2019	152.0																		MUS
Mauritius	168.0	38092.0	159.0	6.0	1785.0	1544.0	-272.0	4.0	63.0	4.8	2020																			MUS
Mauritius	165.0	33358.0	162.0	6.0	2536.0	1736.0	448.0		60.0	4.6	2021																			MUS
Mexico	939.0	135683.0	34076.0		143510.0	8355.0			13474.0	1001.8	2004		41181.0	4826.0	788.0	7097.0	-157.0	1368.0	2.0	2259.0			115233.0							MEX
Mexico	946.0	159815.0			160990.0	10698.0			13684.0	1033.3	2005					9326.0	-459.0	1433.0	-181.0	2305.0										MEX
Mexico	978.0	178326.0			181923.0	11762.0			15612.0	1108.7	2006					10067.0	-625.0	1874.0	-61.0	2974.0										MEX
Mexico	974.0	205177.0			197311.0	13183.0			16462.0	1154.9	2007					11618.0	-410.0	2098.0	69.0	3667.0										MEX
Mexico	949.0	198357.0			210347.0	11141.0			17172.0	1106.7	2008					10167.0	340.0	2660.0	-1072.0	2675.0										MEX
Mexico	800.0	296904.0	39344.0	5132.0	167483.0	5486.0	30990.0	281.0	14884.0	969.1	2009		75805.0	7509.0	464.0	11165.0				3279.0			167483.0							MEX
Mexico	824.0	328928.0	43684.0	5235.0	187526.0	15399.0	36610.0	337.0	16265.0	1042.3	2010					13830.0	-2064.0	5282.0	372.0	4064.0				37158.0	4902.0	11163.0	110966.0	7054.0	7957.0	MEX
Mexico	824.0	337434.0	42884.0	5448.0	209582.0	18859.0	45787.0	332.0	16946.0	1061.5	2011					21237.0	-1297.0	5804.0	243.0	8418.0				43205.0	6869.0	9821.0	125940.0	7491.0	9113.0	MEX
Mexico	822.0	377286.0	49462.0	7247.0	224561.0	16859.0	43654.0	405.0	17356.0	1106.2	2012					17434.0	-1230.0	4158.0	464.0	5188.0				45265.0	5688.0	7957.0	141519.0	6617.0	10187.0	MEX
Mexico	815.0	422471.0	51500.0	7466.0	238719.0	21135.0	45217.0	418.0	18497.0	1133.6	2013					17359.0	-1522.0	8210.0	79.0	4506.0				53074.0	7371.0	8933.0	147041.0	6153.0	8790.0	MEX
Mexico	1109.0	441097.0	59177.0	8393.0	252937.0	20999.0	49282.0	722.0	21751.0	1322.9	2014		91818.0	6650.0	662.0	18465.0	-2392.0						252937.0	58707.0	7326.0	7894.0	159096.0	5660.0	5876.0	MEX
Mexico	1126.0	438590.0	59724.0	7573.0	240907.0	17839.0	45720.0	671.0	21926.0	1374.3	2015					16338.0	-2173.0	6051.0	622.0	4893.0				59692.0	7240.0	7536.0	145990.0	6351.0	6232.0	MEX
Mexico	1140.0	406627.0	60661.0	7674.0	232297.0	19370.0	45385.0	412.0	20513.0	1381.5	2016					16558.0	-1804.0	7964.0	-242.0	4491.0				57079.0	7936.0	7728.0	137088.0	8424.0	6602.0	MEX
Mexico	1164.0	432771.0	61540.0	8908.0	250024.0	22775.0	51123.0	769.0	21478.0	1401.5	2017					20370.0	-1757.0	8292.0	94.0	5526.0				67151.0	8466.0	8860.0	141434.0	7857.0	8298.0	MEX
Mexico	1143.0	363238.0	61047.0	9297.0	253661.0	23364.0	52046.0	736.0	20352.0	1377.3	2018					21217.0	-847.0	7416.0	-8.0	4837.0				73349.0	10589.0	5607.0	141001.0	9266.0	7932.0	MEX
Mexico	1294.0	405855.0	70345.0	8243.0	270847.0	23128.0	53673.0	460.0	22445.0	1433.2	2019	952.0				21265.0	-1108.0			5136.0	7888.0			74240.0	9628.0	7094.0	152835.0	12629.0	8755.0	MEX
Mexico	1278.0	429827.0	68390.0	8050.0	242127.0	20863.0	49487.0	509.0	21974.0	1412.4	2020					15448.0	-462.0			4377.0				62893.0	6642.0	5316.0	141694.0	11488.0	8480.0	MEX
Mexico	1294.0	444310.0	70109.0	9031.0	282927.0	27780.0	60149.0	546.0	24174.0	1453.9	2021					21978.0	-654.0			5689.0				72829.0	7872.0	5524.0	168443.0	11978.0	10459.0	MEX
Micronesia	1.0										2004																			FSM
Micronesia	1.0								1.0		2005																			FSM
Micronesia	1.0								1.0		2006																			FSM
Micronesia	1.0										2007																			FSM
Micronesia	1.0										2008																			FSM
Micronesia	1.0					3.0		0.0	0.0	0.0	2009			2.0	1.0															FSM
Micronesia	1.0			1.0		2.0		0.0	0.0	0.0	2010																			FSM
Micronesia	1.0			1.0		2.0		0.0	0.0	0.0	2011																			FSM
Micronesia	1.0			1.0		2.0		0.0	0.0	0.0	2012																			FSM
Micronesia	1.0			1.0		3.0		0.0	0.0	0.0	2013																			FSM
Micronesia	1.0		2.0	1.0		2.0		0.0	0.0	0.0	2014			3.0	1.0															FSM
Micronesia	1.0		2.0	1.0		2.0		0.0	0.0	0.0	2015																			FSM
Micronesia	1.0		2.0	1.0		2.0		0.0	0.0	0.0	2016																			FSM
Micronesia	1.0		2.0	1.0		2.0		0.0	0.0	0.0	2017																			FSM
Micronesia	1.0		2.0	1.0		2.0		0.0	0.0	0.0	2018																			FSM
Micronesia	2.0		4.0	1.0	52.0	8.0	17.0	0.0	1.0	0.1	2019	4.0																		FSM
Micronesia	2.0			1.0	48.0	5.0	14.0	0.0	1.0	0.1	2020																			FSM
Micronesia	2.0			1.0		5.0		0.0	1.0		2021																			FSM
Moldova		1.0			3.0	1.0					2004		1.0	1.0	2.0															MDA
Moldova		1.0			3.0	1.0					2005																			MDA
Moldova		1.0			3.0	1.0					2006																			MDA
Moldova		1.0			3.0	1.0					2007																			MDA
Moldova		1.0			3.0	1.0					2008																			MDA
Moldova	0.0	5.0	2.0			-1.0	3.0				2009		3.0	-1.0	0.0															MDA
Moldova	0.0	5.0	2.0			-1.0	3.0			0.1	2010																			MDA
Moldova	0.0	5.0	2.0			-1.0	3.0			0.1	2011																			MDA
Moldova	0.0	5.0	2.0			-1.0	3.0			0.1	2012																			MDA
Moldova	0.0	5.0	2.0			-1.0	3.0		3.0	0.1	2013																			MDA
Moldova	2.0	95.0	35.0	2.0	66.0	3.0	28.0		20.0	1.2	2014		14.0	2.0	2.0															MDA
Moldova	2.0	96.0	35.0	2.0	64.0	3.0	27.0		20.0	1.2	2015																			MDA
Moldova	2.0	97.0	35.0	2.0	63.0	3.0	27.0		20.0	1.2	2016																			MDA
Moldova	2.0	104.0	37.0	2.0	68.0	3.0	28.0		20.0	1.2	2017																			MDA
Moldova	2.0	105.0	38.0	2.0	72.0	4.0	29.0		20.0	1.2	2018																			MDA
Moldova	6.0	309.0	68.0	16.0	240.0	24.0	92.0	0.0	25.0	4.2	2019	8.0																		MDA
Moldova	6.0	317.0	68.0	14.0	228.0	20.0	99.0	0.0	31.0	4.2	2020																			MDA
Moldova	6.0	301.0	69.0	14.0	247.0	24.0	111.0	0.0	34.0	3.9	2021																			MDA
Monaco	3.0	122.0							20.0	0.4	2007																			MCO
Monaco	3.0	122.0							23.0	0.4	2008																			MCO
Monaco	3.0	110.0		3.0	98.0	-3.0	29.0	0.0	28.0	0.3	2009		47.0	1.0	3.0															MCO
Monaco	3.0	157.0	19.0	2.0	111.0	1.0	35.0	1.0	30.0	0.4	2010																			MCO
Monaco	3.0	162.0	20.0	4.0	122.0	-12.0	24.0	1.0	31.0	0.4	2011																			MCO
Monaco	3.0	162.0	18.0		134.0	-1.0	37.0	0.0	34.0	0.4	2012																			MCO
Monaco	2.0	112.0	12.0	1.0	117.0	-22.0		0.0	18.0	0.3	2013																			MCO
Monaco	3.0	134.0			81.0	-7.0	6.0	1.0	17.0	0.2	2014		32.0		3.0															MCO
Monaco	4.0	151.0	6.0		56.0	-6.0	-3.0	1.0	8.0		2015																			MCO
Monaco	4.0	170.0	6.0		56.0	-4.0	-1.0	1.0	8.0		2016																			MCO
Monaco	4.0	179.0	6.0		58.0	-4.0	-1.0	1.0	8.0		2017																			MCO
Monaco	4.0	202.0	6.0		60.0	-2.0	-1.0	1.0	8.0		2018																			MCO
Monaco	5.0	352.0	7.0		272.0	9.0	15.0	1.0	16.0	0.1	2019	6.0																		MCO
Monaco	5.0	351.0	7.0		255.0	8.0	18.0	1.0	16.0	0.1	2020																			MCO
Monaco	5.0	364.0	7.0		295.0	7.0	18.0	1.0	16.0	0.1	2021																			MCO
Mongolia			0.0			0.0					2004			0.0	1.0															MNG
Mongolia						0.0					2005																			MNG
Mongolia						0.0					2006																			MNG
Mongolia	1.0										2007																			MNG
Mongolia	1.0										2008																			MNG
Mongolia	1.0	4.0	1.0			1.0		0.0			2009		2.0		1.0															MNG
Mongolia	1.0		1.0			-2.0	-1.0	0.0	1.0		2010																			MNG
Mongolia	1.0		1.0			8.0		0.0		0.3	2011																			MNG
Mongolia	1.0		1.0					0.0	5.0	0.3	2012																			MNG
Mongolia	1.0		1.0					0.0	5.0	0.3	2013																			MNG
Mongolia	2.0			5.0				0.0			2014				2.0															MNG
Mongolia	2.0					-4.0		0.0		0.8	2015																			MNG
Mongolia	2.0			6.0		3.0		0.0		0.8	2016																			MNG
Mongolia	2.0							0.0		0.9	2017																			MNG
Mongolia	2.0					36.0		0.0		0.9	2018																			MNG
Mongolia	3.0	321.0						0.0			2019	7.0																		MNG
Mongolia	2.0							0.0	5.0	0.3	2020																			MNG
Mongolia	2.0							0.0	5.0	0.3	2021																			MNG
Montenegro		3.0	1.0		3.0	1.0				0.1	2004		1.0	1.0	1.0															MNE
Montenegro		3.0			3.0	1.0				0.1	2005																			MNE
Montenegro		3.0			3.0	1.0				0.1	2006																			MNE
Montenegro		3.0			3.0	1.0				0.1	2007																			MNE
Montenegro		3.0			3.0	1.0				0.1	2008																			MNE
Montenegro	0.0		2.0			1.0	2.0	0.0	1.0		2009		1.0		0.0															MNE
Montenegro	0.0		2.0			1.0	2.0	0.0	1.0		2010																			MNE
Montenegro	0.0		2.0			1.0	2.0	0.0	1.0		2011																			MNE
Montenegro	0.0		2.0			1.0	2.0	0.0	1.0		2012																			MNE
Montenegro	0.0		2.0			1.0	2.0	0.0	1.0		2013																			MNE
Montenegro	0.0	7.0	1.0					0.0			2014		1.0		0.0															MNE
Montenegro	0.0		1.0					0.0			2015																			MNE
Montenegro	0.0	7.0	1.0					0.0			2016																			MNE
Montenegro	0.0	7.0	1.0					0.0			2017																			MNE
Montenegro	0.0	7.0	1.0					0.0			2018																			MNE
Montenegro	0.0	17.0	3.0		1.0			0.0			2019	5.0																		MNE
Montenegro	0.0	17.0	3.0		1.0			0.0			2020																			MNE
Montenegro	0.0	17.0	3.0		1.0			0.0			2021																			MNE
Morocco	21.0								115.0	8.0	2004		106.0	2.0	41.0															MAR
Morocco	22.0	2230.0			1774.0	117.0			134.0	8.9	2005																			MAR
Morocco	22.0	2312.0			1954.0	106.0			150.0	10.2	2006																			MAR
Morocco	25.0	1303.0			1772.0				181.0	14.5	2007																			MAR
Morocco	25.0	1405.0			1674.0	59.0			212.0	17.0	2008																			MAR
Morocco	19.0	1573.0	503.0	65.0	1339.0	4.0	308.0	1.0	221.0	16.1	2009		366.0		17.0															MAR
Morocco	21.0	1639.0	519.0	67.0	1496.0	-10.0	410.0		279.0	19.9	2010																			MAR
Morocco	22.0	1731.0	538.0	79.0	1645.0	-15.0	448.0		306.0	21.9	2011																			MAR
Morocco	20.0	1776.0	594.0	69.0	1550.0	-33.0	436.0		308.0	22.3	2012																			MAR
Morocco	21.0	2185.0	630.0	102.0	1812.0	-56.0	489.0		356.0	25.8	2013																			MAR
Morocco	26.0	2309.0	518.0	78.0	1934.0	-78.0	385.0	1.0	355.0	28.9	2014				23.0															MAR
Morocco	28.0	2194.0	437.0	41.0	1809.0	-65.0	393.0	2.0	362.0	30.1	2015																			MAR
Morocco	30.0	2064.0	424.0	43.0	1763.0	-43.0	436.0	1.0	374.0	29.5	2016																			MAR
Morocco	30.0	2276.0	429.0	54.0	1832.0	-48.0	485.0	1.0	426.0	34.9	2017																			MAR
Morocco	32.0	2608.0	439.0	65.0	2267.0	-33.0	555.0	3.0	462.0	39.9	2018																			MAR
Morocco	35.0	2840.0	567.0	79.0	2476.0	49.0	582.0	4.0	412.0	40.5	2019	60.0																		MAR
Morocco	36.0	3031.0	571.0	68.0	2207.0	-140.0	508.0	4.0	503.0	39.5	2020																			MAR
Morocco	35.0	2919.0	587.0	71.0	2507.0	-98.0	584.0	8.0	507.0	35.9	2021																			MAR
Mozambique	1.0										2004																			MOZ
Mozambique		15.0							3.0	0.4	2005																			MOZ
Mozambique		15.0							3.0	0.4	2006																			MOZ
Mozambique	1.0										2007																			MOZ
Mozambique	1.0										2008																			MOZ
Mozambique	1.0	136.0	18.0		34.0	2.0	6.0	0.0	2.0	0.1	2009		20.0		1.0															MOZ
Mozambique	2.0	420.0			34.0		-30.0	0.0	3.0	0.1	2010																			MOZ
Mozambique	2.0				34.0	-34.0	-30.0	0.0	4.0	0.1	2011																			MOZ
Mozambique	4.0	1509.0	746.0		122.0		28.0	0.0	16.0	0.9	2012																			MOZ
Mozambique	4.0	1975.0			132.0	-12.0	33.0	0.0	29.0	0.9	2013																			MOZ
Mozambique	5.0	1391.0	313.0		136.0		42.0	0.0	28.0	0.8	2014		1050.0		5.0															MOZ
Mozambique	5.0	1010.0	454.0		70.0	-81.0	-49.0	0.0	10.0	0.2	2015																			MOZ
Mozambique	6.0	944.0	490.0		281.0	-96.0	42.0	0.0	16.0		2016																			MOZ
Mozambique	10.0		555.0	111.0	280.0	-252.0	-67.0	0.0	16.0		2017																			MOZ
Mozambique	12.0		652.0		254.0	-398.0	-226.0	0.0	19.0		2018																			MOZ
Mozambique	13.0		173.0	82.0	302.0			0.0	29.0		2019	10.0																		MOZ
Mozambique	13.0		181.0	26.0	281.0			0.0	21.0		2020																			MOZ
Mozambique	13.0		181.0	34.0	385.0				15.0		2021																			MOZ
Namibia	2.0										2004																			NAM
Namibia	1.0								2.0	0.2	2005																			NAM
Namibia	1.0								3.0	0.2	2006																			NAM
Namibia	1.0										2007																			NAM
Namibia	1.0										2008																			NAM
Namibia	1.0	67.0	19.0	3.0		2.0		0.0	3.0	0.2	2009		8.0	2.0	1.0															NAM
Namibia	1.0	79.0	18.0	1.0		-1.0		0.0	3.0	0.2	2010																			NAM
Namibia	0.0	22.0	7.0			1.0	5.0	0.0	3.0	0.1	2011																			NAM
Namibia	0.0	22.0	7.0			1.0	5.0	0.0	3.0	0.1	2012																			NAM
Namibia	0.0	22.0	7.0			1.0	5.0	0.0	3.0	0.1	2013																			NAM
Namibia	2.0	48.0	8.0				-19.0	0.0	4.0	0.2	2014		1.0		2.0															NAM
Namibia	2.0	48.0	8.0				-15.0	0.0	4.0	0.2	2015																			NAM
Namibia	2.0	48.0	8.0				-13.0	0.0	4.0	0.2	2016																			NAM
Namibia	2.0	49.0	8.0				-14.0	0.0	4.0	0.2	2017																			NAM
Namibia	2.0	50.0	8.0				-16.0	0.0	4.0	0.2	2018																			NAM
Namibia	4.0	49.0	5.0		45.0	-27.0	-21.0	0.0	5.0	0.2	2019	9.0																		NAM
Namibia	4.0	50.0	5.0		43.0	-26.0	-20.0	0.0	5.0	0.2	2020																			NAM
Namibia	4.0	52.0	6.0		51.0		-24.0	0.0	5.0	0.2	2021																			NAM
Nepal	1.0										2004																			NPL
Nepal	1.0										2005																			NPL
Nepal	2.0	62.0			59.0				3.0	0.2	2006																			NPL
Nepal	3.0	117.0			86.0	2.0			4.0	0.3	2007																			NPL
Nepal	2.0										2008																			NPL
Nepal	1.0					-1.0	-2.0	0.0		0.1	2009		4.0	-1.0	1.0															NPL
Nepal	1.0						2.0	0.0	5.0	0.1	2010																			NPL
Nepal	1.0			0.0		1.0	4.0	0.0		0.1	2011																			NPL
Nepal	1.0					1.0	4.0	0.0	5.0	0.1	2012																			NPL
Nepal	1.0			0.0		2.0	5.0	0.0		0.1	2013																			NPL
Nepal	1.0					2.0	2.0	0.0	5.0	0.1	2014			2.0	1.0															NPL
Nepal	1.0					1.0	4.0	0.0	5.0	0.1	2015																			NPL
Nepal	1.0					2.0	2.0	0.0	2.0	0.1	2016																			NPL
Nepal	1.0					5.0	5.0	0.0	1.0	0.1	2017																			NPL
Nepal	1.0					3.0	2.0	0.0	1.0	0.1	2018																			NPL
Nepal	1.0					6.0	-6.0	0.0	2.0	0.1	2019	2.0																		NPL
Nepal	1.0					5.0	4.0	0.0	2.0	0.2	2020																			NPL
Nepal	1.0					4.0	3.0	0.0	2.0	0.2	2021																			NPL
Netherlands	1375.0	850295.0	31690.0		184474.0	67035.0			13522.0	229.9	2004		240966.0	27335.0	732.0	9623.0	-1337.0	56474.0	974.0	2872.0			143943.0							NLD
Netherlands	1433.0	913802.0			209939.0	84271.0			13281.0	216.9	2005					10380.0	-908.0	71644.0	102.0	4203.0										NLD
Netherlands	1473.0	1044305.0			232142.0	93098.0			14764.0	235.4	2006					8430.0	-464.0	85797.0	-509.0	3990.0										NLD
Netherlands	1533.0	1303499.0			260371.0	113570.0			15636.0	234.5	2007					8651.0	-1773.0	101393.0	-687.0	2639.0										NLD
Netherlands	1582.0	1317930.0			292735.0	151178.0			18190.0	246.4	2008					6470.0	1636.0	133683.0	2022.0	2874.0										NLD
Netherlands	1633.0	1609707.0	19267.0	2580.0	200554.0	116302.0	26970.0	1022.0	16136.0	212.2	2009				633.0	6500.0		113388.0	1228.0	2258.0			200554.0							NLD
Netherlands	1676.0	1686369.0	18349.0	2876.0	196966.0	149665.0	25036.0	1282.0	16004.0	220.0	2010					3796.0	-1618.0	145085.0	5107.0	4314.0				5709.0	1680.0	10802.0	80207.0	56704.0	33955.0	NLD
Netherlands	1713.0	1757390.0	19221.0	3728.0	223992.0	157483.0	31066.0	1422.0	17021.0	221.9	2011					12430.0	-5530.0	150849.0	-1116.0	4669.0				6623.0	2311.0	7799.0	84054.0	75776.0	37741.0	NLD
Netherlands	1766.0	1950387.0	19954.0	3921.0	219513.0	164905.0	32176.0	1489.0	16913.0	223.3	2012					15823.0	-7780.0	159653.0	-6031.0	4518.0				6326.0	1801.0	10544.0	84399.0	67157.0	37624.0	NLD
Netherlands	1805.0	2252039.0	20924.0	4227.0	229420.0	134093.0	19723.0	1495.0	18096.0	228.6	2013					741.0	-6515.0	133944.0	3159.0	3739.0				8319.0	1829.0	9394.0	87578.0	70483.0	40457.0	NLD
Netherlands	2227.0	2629151.0	26433.0	7030.0	271919.0	152619.0	32640.0	1238.0	18885.0	244.0	2014		714101.0	55822.0	803.0	15031.0	-9292.0	128449.0	2255.0	4344.0			271919.0	17007.0	2278.0	9552.0	93621.0	81794.0	52904.0	NLD
Netherlands	2265.0	2782614.0	25736.0	7949.0	254230.0	172717.0	38208.0	1230.0	18047.0	241.9	2015					23259.0	-10620.0	172317.0	-19127.0	3726.0				19587.0	2438.0	6014.0	90233.0	80840.0	43021.0	NLD
Netherlands	2283.0	2901245.0	26263.0	6896.0	264460.0	177259.0	56508.0	1230.0	17617.0	245.3	2016					42878.0	-11265.0	167877.0	-28198.0	5293.0				24935.0	2821.0	6861.0	94392.0	80083.0	42951.0	NLD
Netherlands	2336.0	3175048.0	28225.0	7646.0	288417.0	246978.0	66802.0	1349.0	19441.0	272.9	2017					49915.0	-9869.0	196563.0	5826.0	5321.0				23378.0	3595.0	6486.0	99875.0	87272.0	50284.0	NLD
Netherlands	2364.0	3023535.0	28917.0	8239.0	312943.0	217689.0	57218.0	1540.0	19875.0	262.3	2018					34162.0	-5568.0	194620.0	-6217.0	4871.0				23084.0	4286.0	7238.0	105602.0	93406.0	61237.0	NLD
Netherlands	2451.0	3210485.0	29635.0	5815.0	293944.0	224444.0	54967.0	1641.0	20026.0	253.6	2019	960.0				33774.0	-7276.0			5945.0	187672.0			21155.0	3840.0	10840.0	93840.0	85653.0	60650.0	NLD
Netherlands	2368.0	3110921.0	29665.0	5272.0	251234.0	171332.0	47116.0	1587.0	18880.0	239.0	2020					25762.0	-5473.0			5419.0				17979.0	3714.0	9655.0	85244.0	67108.0	52005.0	NLD
Netherlands	2325.0	3326426.0	33647.0	4337.0	283646.0	216083.0	56873.0	1606.0	19606.0	231.3	2021					35925.0	-6890.0			5760.0				14834.0	4308.0	11687.0	109853.0	63333.0	64016.0	NLD
Netherlands Antilles	47.0										2004		3558.0	253.0	41.0															ANT
Netherlands Antilles	48.0	85454.0									2005																			ANT
Netherlands Antilles	48.0										2006																			ANT
Netherlands Antilles	50.0										2007																			ANT
Netherlands Antilles	48.0										2008																			ANT
Netherlands Antilles	41.0	166113.0	343.0		2685.0	11907.0	128.0	0.0	41.0	1.2	2009		14241.0	2189.0	24.0															ANT
Netherlands Antilles	38.0	98561.0	409.0		3418.0	5181.0	897.0	0.0	42.0	1.2	2010																			ANT
Netherlands Islands Caribbean	1.0							0.0		0.1	2011																			CUW
Netherlands Islands Caribbean	2.0							0.0		0.1	2012																			CUW
Netherlands Islands Caribbean	2.0							0.0		0.1	2013																			CUW
Netherlands Islands Caribbean	5.0	1737.0					72.0	0.0	27.0	0.3	2014			41.0	5.0															CUW
Netherlands Islands Caribbean	4.0	1233.0		2.0		43.0	78.0	0.0	26.0	0.3	2015																			CUW
Netherlands Islands Caribbean	4.0	1233.0				48.0	76.0	0.0	24.0	0.3	2016																			CUW
Netherlands Islands Caribbean	4.0	1256.0				27.0	75.0	0.0	22.0	0.3	2017																			CUW
Netherlands Islands Caribbean	4.0	1387.0					100.0	0.0	22.0	0.3	2018																			CUW
Netherlands Islands Caribbean	4.0	732.0	29.0	3.0	64.0	13.0	24.0	0.0	8.0	0.3	2019	10.0																		CUW
Netherlands Islands Caribbean	4.0	403.0	28.0	3.0	55.0	11.0	10.0	0.0	8.0	0.3	2020																			CUW
Netherlands Islands Caribbean	4.0	395.0	28.0	3.0	60.0	11.0	24.0	0.0	8.0	0.3	2021																			CUW
New Zealand	149.0	16634.0	6275.0		11799.0	709.0			1569.0	43.3	2004		4710.0		222.0	712.0	-38.0	40.0	1.0	170.0			10709.0							NZL
New Zealand	148.0	17149.0			14921.0	910.0			1667.0	43.8	2005					1050.0	-67.0	82.0	46.0	397.0										NZL
New Zealand	152.0	12829.0			12637.0	780.0			1293.0	33.4	2006					920.0	-88.0	76.0	8.0	463.0										NZL
New Zealand	158.0	14731.0			13251.0	671.0			1376.0	32.2	2007					818.0	-43.0	106.0	12.0	529.0										NZL
New Zealand	153.0	12863.0							1341.0	31.3	2008					837.0	62.0	139.0	-172.0	502.0										NZL
New Zealand	103.0	15970.0	1507.0	294.0	9723.0	304.0	2502.0	21.0	1243.0	30.9	2009			249.0	84.0	692.0	-41.0	57.0	2.0	462.0			9723.0							NZL
New Zealand	106.0	16225.0	1691.0	252.0	11593.0	195.0	1962.0	21.0	1272.0	30.2	2010					140.0	-221.0	197.0	-5.0	136.0				195.0	110.0	520.0	9276.0	516.0	449.0	NZL
New Zealand	115.0	20292.0	4351.0	443.0	14255.0	1016.0	3309.0	37.0	1431.0	31.6	2011					983.0	-39.0			151.0				192.0	231.0	615.0	11652.0	561.0	633.0	NZL
New Zealand	120.0	21568.0	4741.0	493.0	15325.0	1005.0	3970.0	37.0	1479.0	33.7	2012					965.0	17.0	189.0	-12.0	136.0				193.0	235.0	881.0	12495.0	496.0	639.0	NZL
New Zealand	123.0	22578.0	5331.0	465.0	15634.0	1238.0	4001.0	33.0	1480.0	30.1	2013					949.0	-146.0	420.0	40.0	171.0				368.0	74.0	1122.0	12576.0	592.0	480.0	NZL
New Zealand	159.0	26993.0	3799.0	449.0	17276.0	1339.0	5339.0	30.0	1859.0	39.9	2014		8777.0	511.0	120.0	1572.0	-38.0	104.0	3.0				17276.0	483.0	101.0	468.0	14336.0	683.0	700.0	NZL
New Zealand	156.0	24436.0	3302.0	476.0	14612.0	1269.0	4724.0	27.0	1813.0	40.2	2015					1216.0	-100.0	90.0	164.0	196.0				438.0	114.0	520.0	11770.0	540.0	793.0	NZL
New Zealand	157.0	23575.0	3015.0	476.0	12829.0	958.0	3875.0	30.0	1651.0	37.5	2016					1089.0	-87.0	60.0	-30.0	151.0				549.0	142.0	157.0	10332.0	477.0	789.0	NZL
New Zealand	163.0	25345.0	3135.0	505.0	13893.0	1340.0	4124.0	35.0	1683.0	38.0	2017					1172.0	-76.0	361.0	5.0	186.0				464.0	367.0			483.0	1028.0	NZL
New Zealand	163.0	25214.0	3100.0	505.0	14719.0	458.0	4027.0	41.0	1669.0	38.0	2018					928.0	-32.0	-159.0	-110.0	187.0				536.0	364.0	159.0	11085.0	480.0	1816.0	NZL
New Zealand	177.0	24491.0	3125.0	556.0	13060.0	745.0	3526.0	31.0	1478.0	26.9	2019	230.0				845.0	1.0			251.0		0.0		543.0	323.0	307.0	10015.0	441.0	1095.0	NZL
New Zealand	179.0	26286.0	3176.0	521.0	12380.0	986.0	3844.0	29.0	1492.0	28.3	2020					1095.0	-16.0			180.0				588.0	127.0	199.0	10233.0	206.0	646.0	NZL
New Zealand	184.0	26525.0	3318.0	550.0	15646.0	1222.0	4414.0	39.0	1625.0	27.7	2021					1276.0	-5.0			248.0				677.0	47.0	234.0	13125.0	347.0	798.0	NZL
Nicaragua	10.0	335.0				12.0					2004			15.0	30.0															NIC
Nicaragua	9.0	353.0			868.0	26.0			32.0	3.1	2005																			NIC
Nicaragua	10.0										2006																			NIC
Nicaragua	10.0										2007																			NIC
Nicaragua	8.0										2008																			NIC
Nicaragua	13.0	1144.0	208.0	7.0	1097.0	42.0	313.0	0.0	73.0	7.5	2009		389.0	62.0	10.0															NIC
Nicaragua	13.0	1167.0	224.0	12.0	1268.0	59.0	310.0	0.0	72.0	7.4	2010																			NIC
Nicaragua	12.0	1199.0		14.0		38.0		0.0	71.0	7.3	2011																			NIC
Nicaragua	10.0	1139.0	189.0	7.0		46.0	161.0	0.0	70.0	7.4	2012																			NIC
Nicaragua	11.0	1303.0	265.0	26.0		59.0	203.0		91.0	10.7	2013																			NIC
Nicaragua	15.0	1497.0	291.0	44.0	1254.0	62.0	216.0		101.0	12.3	2014		354.0	23.0	13.0															NIC
Nicaragua	16.0	1540.0	329.0	57.0	1338.0	73.0	220.0		104.0	12.4	2015																			NIC
Nicaragua	17.0	1783.0	426.0	93.0	1673.0	110.0	310.0		131.0	16.4	2016																			NIC
Nicaragua	17.0	1965.0	471.0	75.0	1798.0	109.0	320.0		134.0	15.0	2017																			NIC
Nicaragua	17.0	2027.0	543.0	116.0	1853.0	90.0	309.0		136.0	14.8	2018																			NIC
Nicaragua	20.0	2068.0	608.0	65.0	1812.0	58.0	279.0		129.0	13.1	2019	31.0																		NIC
Nicaragua	18.0	1769.0	533.0	37.0	1729.0	93.0	300.0		117.0	12.5	2020																			NIC
Nicaragua	14.0	1538.0	404.0	17.0	1525.0	92.0	261.0		78.0	7.8	2021																			NIC
Niger	1.0										2004																			NER
Niger	1.0										2005																			NER
Niger	1.0										2006																			NER
Niger	1.0										2007																			NER
Niger	1.0										2008																			NER
Niger	0.0	1.0	1.0					0.0	0.0	0.0	2009		0.0	0.0	0.0															NER
Niger	0.0	1.0	1.0					0.0	0.0	0.0	2010																			NER
Niger	0.0	1.0	1.0					0.0	0.0	0.0	2011																			NER
Niger	0.0	1.0	1.0					0.0	0.0	0.0	2012																			NER
Niger	0.0	1.0	1.0					0.0	0.0	0.0	2013																			NER
Niger	0.0	1.0			2.0			0.0			2019	0.0																		NER
Niger	0.0	1.0			2.0			0.0			2020																			NER
Niger	0.0	1.0			2.0			0.0			2021																			NER
Nigeria	69.0										2004			632.0	33.0	3915.0	70.0	627.0	0.0	3075.0			7850.0							NGA
Nigeria	72.0	23027.0			11091.0	1635.0					2005						119.0	965.0	-28.0	5238.0										NGA
Nigeria	75.0				16513.0	4258.0					2006						288.0	1117.0												NGA
Nigeria	76.0				17946.0	3891.0					2007						353.0	842.0	-75.0											NGA
Nigeria	71.0				20817.0	4248.0					2008						380.0	1293.0	-3.0											NGA
Nigeria	69.0	48025.0	21703.0		17883.0	6820.0	14382.0		565.0	8.9	2009				21.0	8878.0	273.0						17883.0							NGA
Nigeria	65.0	62234.0	22574.0	3532.0	21700.0		18595.0	3.0	608.0	8.6	2010					12100.0	230.0		8.0								5094.0			NGA
Nigeria	69.0	74133.0	23919.0	3310.0	26897.0		23212.0	3.0	735.0	8.4	2011					16537.0	230.0													NGA
Nigeria	70.0	89223.0	31317.0		28030.0		23585.0		931.0	10.0	2012					16646.0									6.0		6190.0			NGA
Nigeria	70.0	100297.0	32519.0	4439.0	26804.0		22326.0		1083.0	10.3	2013					14864.0			69.0						6.0	74.0				NGA
Nigeria	81.0				25040.0			1.0	1484.0	10.8	2014		4853.0	1058.0	28.0				0.0				25040.0		4.0		7183.0			NGA
Nigeria	80.0	103467.0			13946.0	4197.0	9837.0		1562.0	9.5	2015					3369.0	132.0		519.0						5.0		4306.0			NGA
Nigeria	84.0			1487.0	10856.0	1546.0	6731.0		1211.0	9.2	2016					1374.0	144.0								4.0		3487.0		385.0	NGA
Nigeria	89.0			1265.0	12890.0	4957.0	8859.0		968.0	9.5	2017					3686.0	106.0								4.0		3723.0		322.0	NGA
Nigeria	89.0			974.0	14999.0		10390.0		1009.0	9.1	2018					4961.0	52.0								4.0		4375.0		337.0	NGA
Nigeria	99.0			835.0	13409.0	6069.0	7576.0	2.0	994.0	10.7	2019	60.0				3241.0	-9.0		11.0						2.0		4797.0			NGA
Nigeria	97.0			554.0	8277.0	-1307.0	3874.0	2.0	974.0	10.5	2020					-59.0				130.0					2.0		3645.0		6.0	NGA
Nigeria	96.0	72842.0		544.0	12354.0	1809.0	6085.0	3.0	935.0	9.6	2021					2159.0	72.0			1035.0					2.0		5627.0		6.0	NGA
North Macedonia	3.0	133.0	45.0	4.0	123.0	-4.0	13.0	0.0	9.0		2018																			MKD
North Macedonia	5.0	227.0	88.0	11.0	264.0	4.0	-23.0	0.0	35.0		2019	11.0																		MKD
North Macedonia	5.0	243.0	91.0	14.0	213.0	-23.0	29.0	0.0	35.0	4.6	2020																			MKD
North Macedonia	5.0	255.0	99.0	17.0	233.0	-25.0	28.0	0.0	35.0	4.6	2021																			MKD
Norway	179.0	39892.0	18204.0		28442.0	2926.0			2239.0	32.1	2004			1956.0	205.0	7650.0	112.0	307.0		5264.0			26767.0							NOR
Norway	190.0	56414.0			33546.0	5234.0			2415.0	31.8	2005					8885.0	-220.0	1000.0	914.0	5595.0										NOR
Norway	199.0	62338.0			38006.0	4428.0			2279.0	32.8	2006					10471.0	436.0	1110.0	87.0	7279.0										NOR
Norway	203.0	69274.0			44620.0	4946.0			2635.0	34.0	2007					14006.0	342.0	561.0	206.0	9801.0										NOR
Norway	195.0	81282.0			60895.0	13558.0			2986.0	33.6	2008					20680.0	694.0	6455.0	989.0	14558.0										NOR
Norway	171.0	99701.0	29895.0	8401.0	47514.0	7514.0	25425.0	53.0	3900.0	37.2	2009			5669.0	108.0	14235.0	533.0		6.0	8853.0			47514.0							NOR
Norway	168.0	111354.0	32519.0	6236.0	50755.0	13313.0	26134.0	136.0	4054.0	38.6	2010					15528.0	587.0	7520.0	559.0	9902.0				3266.0	438.0					NOR
Norway	176.0	117911.0	31617.0	4824.0	60790.0	13461.0	30684.0	146.0	4787.0	41.8	2011					19707.0	693.0	6874.0		12835.0				2396.0	516.0					NOR
Norway	185.0	160708.0	36430.0	5934.0	58591.0	22548.0	30758.0	299.0	5020.0	43.4	2012					18658.0	712.0	8063.0		12529.0				1959.0	165.0					NOR
Norway	189.0	164480.0	37293.0	5363.0	60313.0	10752.0	29450.0	279.0	5337.0	45.0	2013					16938.0	698.0	5288.0	154.0	11254.0				1781.0	368.0					NOR
Norway	222.0	152858.0	30606.0	4073.0	55694.0	10797.0	26165.0	297.0	5749.0	49.7	2014		34179.0	4901.0	138.0	13365.0	416.0						55694.0	2607.0	229.0			11288.0	14114.0	NOR
Norway	216.0	134952.0	24499.0	2450.0	36805.0	5276.0	17063.0	358.0	4832.0	47.0	2015					6257.0	403.0	1882.0	320.0	2807.0				1168.0	129.0	1647.0	15719.0	6900.0	11070.0	NOR
Norway	223.0	134391.0	19976.0	1787.0	27974.0	15087.0	11968.0	312.0	4241.0	42.4	2016					2706.0	192.0	14304.0	-98.0	1501.0				1088.0	84.0	1430.0	16084.0	5732.0	3340.0	NOR
Norway	221.0	119044.0	13485.0	1448.0	30959.0	9220.0	13610.0	286.0	4162.0	42.9	2017					4668.0	113.0			2727.0				1372.0	90.0	1500.0	16864.0	7356.0	3566.0	NOR
Norway	223.0	111076.0	11344.0	1400.0	33435.0	9387.0	13505.0	329.0	3675.0	40.3	2018					5619.0	69.0	7037.0	208.0	3148.0				1456.0	44.0	1337.0	16255.0	9230.0	4901.0	NOR
Norway	231.0	114231.0	11605.0	1688.0	31451.0	9995.0	12535.0	228.0	3836.0	40.0	2019	202.0				4836.0	-91.0			2406.0	4917.0			1652.0	51.0	889.0	16531.0	7631.0	4505.0	NOR
Norway	232.0	100350.0	9196.0	1277.0	23998.0	7064.0	8883.0	239.0	3597.0	38.1	2020					1794.0	141.0			719.0				652.0	38.0	817.0	14743.0	4535.0	2739.0	NOR
Norway	228.0	103564.0	8623.0	1368.0	30396.0	7881.0	12194.0	269.0	3675.0	37.0	2021					4687.0	65.0			3024.0				962.0	93.0	922.0	17605.0	7005.0	3327.0	NOR
Oman	6.0								59.0	1.2	2004				13.0															OMN
Oman	6.0	1554.0			670.0	248.0			77.0	1.3	2005																			OMN
Oman	9.0				1063.0	253.0			96.0	3.2	2006																			OMN
Oman	9.0				1832.0	286.0			134.0	4.7	2007																			OMN
Oman	9.0				1726.0	539.0			158.0	2.7	2008																			OMN
Oman	5.0	2869.0	2355.0		1548.0	330.0		0.0	116.0	2.1	2009				5.0															OMN
Oman	4.0	3047.0						0.0	157.0	1.9	2010																			OMN
Oman	4.0							0.0	175.0	2.1	2011																			OMN
Oman	4.0							0.0	188.0	2.2	2012																			OMN
Oman	6.0							0.0	212.0	2.4	2013																			OMN
Oman	10.0							0.0	273.0	3.1	2014				10.0															OMN
Oman	9.0				2131.0			1.0	263.0	3.1	2015																			OMN
Oman	9.0				1643.0	-285.0	878.0	1.0	264.0	3.2	2016																			OMN
Oman	10.0				2005.0	227.0	1057.0	1.0	284.0	3.3	2017																			OMN
Oman	11.0				2445.0	172.0	1277.0		323.0	3.7	2018																			OMN
Oman	16.0				2826.0	246.0	1507.0	0.0	424.0	4.4	2019	28.0																		OMN
Oman	16.0				2213.0	127.0	1382.0	0.0	418.0	4.2	2020																			OMN
Oman	15.0				2639.0	30.0	1085.0	0.0	395.0	3.8	2021																			OMN
Other1	261.0	51903.0	17335.0		22970.0	5604.0			1818.0	120.9	2004		10358.0	1094.0	202.0	4229.0	14.0	1221.0	891.0	941.0			18891.0							BEA_Other_Europe
Other1	267.0	65052.0			26111.0	8371.0			1914.0	125.8	2005					5773.0	103.0	3800.0		1507.0										BEA_Other_Europe
Other1	296.0	81220.0			34177.0	12205.0			2012.0	128.2	2006					8854.0	50.0	4582.0	-23.0	1522.0										BEA_Other_Europe
Other1	324.0	101448.0			44846.0	15818.0			2559.0	138.8	2007					13599.0	377.0	5947.0	-28.0	3822.0										BEA_Other_Europe
Other1	340.0	113890.0			54661.0	20118.0			3018.0	143.3	2008					16116.0	711.0	9104.0	-147.0	5235.0										BEA_Other_Europe
Other1	338.0	144570.0	32414.0	4174.0	41556.0	11685.0	17718.0		3164.0	139.9	2009		38670.0	2615.0	147.0	6767.0		7805.0	190.0	2599.0			41556.0							BEA_Other_Europe
Other1	354.0	145617.0	32582.0	4284.0	50148.0	16833.0	23528.0		3308.0	139.3	2010					12147.0	-243.0	8953.0	139.0							712.0	17317.0	8232.0	22452.0	BEA_Other_Europe
Other1	373.0	180172.0	33399.0	3867.0	61698.0	24549.0	30547.0		3483.0	144.3	2011					18291.0	-618.0	12860.0	39.0	6470.0							18854.0		30773.0	BEA_Other_Europe
Other1	396.0	221985.0	33802.0	4396.0	58952.0	26918.0	29088.0		3538.0	148.4	2012					17328.0	-954.0	14822.0	1042.0	6103.0				583.0	90.0					BEA_Other_Europe
Other1	401.0	246438.0	32030.0	9012.0	62637.0	27665.0	31759.0		3755.0	152.1	2013					19672.0	-581.0	12845.0												BEA_Other_Europe
Other1	567.0	301813.0	34666.0	5708.0	66327.0	25685.0	30450.0	336.0	4717.0	192.3	2014		68773.0	3775.0	247.0	16378.0		15338.0		5415.0			66327.0	1023.0	143.0					BEA_Other_Europe
Other1	565.0	277481.0	43566.0		50984.0		14891.0	360.0	4783.0	200.0	2015								-614.0							919.0	20042.0	10142.0	17705.0	BEA_Other_Europe
Other1	599.0	286056.0	46791.0		49965.0	-4113.0	11843.0	399.0	4956.0	219.5	2016					-1310.0		-1027.0						1259.0	124.0					BEA_Other_Europe
Other1	605.0	287004.0	49292.0		56816.0	29597.0	7112.0	416.0	5214.0	222.1	2017					-6928.0				2195.0				1810.0	147.0	823.0	21078.0			BEA_Other_Europe
Other1	612.0	282291.0	54278.0		65177.0	20613.0	10243.0	440.0	5430.0	221.2	2018					-5136.0		27815.0	87.0	2080.0				2601.0	152.0	768.0	22289.0			BEA_Other_Europe
Other1	685.0	281901.0	59813.0		65023.0	18427.0	7851.0	383.0	5810.0	240.1	2019	384.0				-4983.0				2398.0	25423.0			2566.0	198.0	1070.0	22893.0			BEA_Other_Europe
Other1	690.0	285761.0	59487.0		61840.0	6618.0	8453.0	325.0	5952.0	248.6	2020					-5189.0								2083.0	167.0	1018.0	23730.0			BEA_Other_Europe
Other1	686.0	383740.0	58246.0		72644.0	12115.0	21735.0	402.0	6150.0	232.3	2021					7834.0		6120.0	737.0	2444.0				2945.0	173.0	1277.0	27283.0			BEA_Other_Europe
Other4	181.0	98986.0	11752.0		16314.0	14483.0					2004		18518.0	1694.0	129.0	2385.0	-294.0	12316.0	11.0	446.0			13410.0							BEA_Other_Western
Other4	179.0	124250.0			19973.0	20288.0			737.0	29.3	2005					3025.0	-501.0	17548.0	105.0	831.0										BEA_Other_Western
Other4	177.0				23678.0	13692.0			732.0	29.3	2006					4605.0	-629.0	9919.0	171.0	1405.0										BEA_Other_Western
Other4	173.0	159033.0									2007					5058.0	-726.0	15796.0	283.0	1428.0										BEA_Other_Western
Other4	177.0	257936.0									2008					7931.0	-2611.0	14931.0	-805.0	2708.0										BEA_Other_Western
Other4	173.0	615330.0	7154.0		16804.0	15174.0	4281.0	1.0	561.0	15.9	2009		47140.0		80.0	4110.0							16804.0							BEA_Other_Western
Other4	178.0	593878.0	6801.0		18031.0	9569.0	5475.0	1.0	565.0	15.9	2010					3927.0	-483.0	6909.0	-23.0	1238.0						94.0	7988.0	3506.0	1524.0	BEA_Other_Western
Other4	166.0	660018.0	8433.0		23545.0	10981.0	5447.0	1.0	577.0	16.2	2011					3997.0	-350.0	8568.0	-35.0	1544.0				5253.0	2990.0					BEA_Other_Western
Other4	173.0	426458.0	7627.0		19288.0	12099.0	5767.0	1.0	615.0	15.4	2012					4185.0	-324.0			1285.0										BEA_Other_Western
Other4	162.0	362117.0	8212.0		17794.0	11432.0	5388.0	1.0	584.0	15.8	2013					4090.0	-612.0			1427.0										BEA_Other_Western
Other4	282.0	309859.0	12239.0		26505.0	21533.0	15597.0		1015.0	28.7	2014			4249.0	156.0	13454.0	-282.0	8237.0					26505.0	2188.0	491.0					BEA_Other_Western
Other4	277.0	288400.0	12883.0		28418.0	24598.0	16867.0		1048.0	28.6	2015					14665.0				67.0						188.0	19643.0			BEA_Other_Western
Other4	274.0	170519.0	13368.0		23593.0	12461.0	14053.0		1042.0	27.5	2016					11606.0		598.0	350.0	-56.0				1523.0	574.0					BEA_Other_Western
Other4	261.0	173099.0	12906.0		24983.0	10691.0	14255.0		994.0	27.1	2017					12097.0									718.0					BEA_Other_Western
Other4	236.0	188327.0	11922.0		28083.0	23963.0	16525.0		935.0	24.4	2018					14078.0				370.0				2073.0	649.0					BEA_Other_Western
Other4	254.0	167817.0	10207.0	1379.0	14683.0	7150.0	3127.0	1.0	980.0	28.7	2019	204.0				560.0	-33.0			-198.0		3.0				93.0	5967.0			BEA_Other_Western
Other4	238.0	143478.0	9834.0	820.0	11309.0	3271.0	151.0		840.0	29.2	2020					-1806.0	-221.0							1766.0	510.0					BEA_Other_Western
Other4	238.0	159626.0	10559.0	1024.0	12621.0	7695.0	4315.0		927.0	29.2	2021					2266.0	-132.0			805.0				2134.0	430.0		5596.0		2800.0	BEA_Other_Western
Pakistan	33.0	3017.0	1238.0		2448.0	355.0					2004		766.0	219.0	42.0															PAK
Pakistan	34.0	3329.0			3068.0	354.0			97.0	12.4	2005																			PAK
Pakistan	31.0	3561.0			3578.0	346.0			117.0	12.5	2006																			PAK
Pakistan	31.0										2007																			PAK
Pakistan	27.0								110.0	9.6	2008																			PAK
Pakistan	26.0	4085.0	781.0	139.0	3047.0	109.0	1181.0		149.0	13.2	2009		676.0	177.0	21.0															PAK
Pakistan	25.0	4074.0	817.0	103.0	2730.0	162.0	1071.0		159.0	13.1	2010																			PAK
Pakistan	25.0	3151.0	383.0	88.0	2743.0	154.0	837.0		140.0	12.8	2011																			PAK
Pakistan	25.0	2881.0	403.0	70.0	2943.0	192.0	889.0	1.0	139.0	12.7	2012																			PAK
Pakistan	29.0	3239.0	452.0	97.0	3082.0	199.0	950.0	1.0	152.0	13.0	2013																			PAK
Pakistan	33.0	2133.0	470.0	97.0	3112.0	283.0	978.0	1.0	183.0	13.8	2014		486.0	105.0	26.0															PAK
Pakistan	30.0	1913.0	443.0	86.0	2019.0	267.0	734.0	1.0	186.0	13.7	2015																			PAK
Pakistan	31.0	2147.0	495.0	85.0	2091.0	300.0	819.0	1.0	187.0	13.6	2016																			PAK
Pakistan	31.0	2192.0	553.0	76.0	2264.0	340.0	900.0	2.0	205.0	14.1	2017																			PAK
Pakistan	31.0	2071.0	578.0	122.0	2314.0	285.0	839.0	4.0	193.0	14.3	2018																			PAK
Pakistan	36.0	2296.0	606.0	113.0	2315.0	208.0	701.0	3.0	226.0	15.6	2019	49.0																		PAK
Pakistan	35.0	2244.0	575.0	117.0	2068.0	263.0	725.0	2.0	212.0	14.6	2020																			PAK
Pakistan	37.0	3609.0	598.0	145.0	2620.0	226.0	759.0	10.0	219.0	14.7	2021																			PAK
Palau	0.0		2.0		4.0	3.0	4.0	0.0	1.0		2009			3.0	0.0															PLW
Palau	0.0		2.0		4.0	3.0	4.0	0.0	1.0		2010																			PLW
Palau	0.0		2.0		4.0	3.0	4.0	0.0	1.0		2011																			PLW
Palau	0.0		2.0		4.0	3.0	4.0	0.0	1.0		2012																			PLW
Palau	0.0		2.0		4.0	3.0	4.0	0.0	1.0		2013																			PLW
Palau	0.0		2.0		3.0	2.0	3.0	0.0	1.0		2014			2.0	0.0															PLW
Palau	0.0		2.0		3.0	2.0	3.0	0.0	1.0		2015																			PLW
Palau	0.0		2.0		3.0	2.0	3.0	0.0	1.0		2016																			PLW
Palau	0.0		2.0		3.0	2.0	3.0	0.0	1.0		2017																			PLW
Palau	0.0		2.0		3.0	2.0	3.0	0.0	1.0		2018																			PLW
Palau	1.0		4.0		4.0	2.0	3.0	0.0			2019	1.0																		PLW
Palau	1.0		4.0		2.0		2.0	0.0			2020																			PLW
Palau	1.0		4.0		2.0		2.0	0.0			2021																			PLW
Panama	82.0	24459.0	8609.0		6972.0	2385.0					2004		3826.0	424.0	90.0	201.0	15.0	171.0	163.0	44.0			3410.0							PAN
Panama	79.0	34615.0									2005						20.0	337.0	-22.0	61.0										PAN
Panama	78.0										2006						21.0	160.0	5.0	62.0										PAN
Panama	83.0				9145.0	3184.0					2007						64.0	352.0	6.0	68.0										PAN
Panama	83.0				11251.0	3344.0					2008						13.0	1012.0	4.0											PAN
Panama	71.0	9441.0	1772.0	193.0	5573.0	391.0	877.0	2.0	441.0	20.3	2009				41.0	266.0	-12.0			97.0			5573.0							PAN
Panama	73.0	9909.0	1967.0	243.0	6847.0	-96.0	814.0	2.0	456.0	21.6	2010					121.0	-6.0			94.0						654.0	3005.0	852.0	759.0	PAN
Panama	76.0	11126.0	1835.0	195.0	9152.0	185.0	628.0	2.0	413.0	20.6	2011						-19.0			88.0				979.0	63.0					PAN
Panama	70.0	10586.0	1838.0	124.0	9263.0	165.0	862.0	5.0	435.0	20.2	2012					193.0	10.0			118.0										PAN
Panama	76.0	12529.0	2113.0	141.0	11792.0	-180.0	709.0		675.0	25.3	2013					-211.0	7.0			181.0										PAN
Panama	102.0	13085.0	2441.0	195.0	12233.0	194.0	691.0	22.0	454.0	16.9	2014			121.0	69.0	37.0	-22.0	199.0	0.0	74.0			12233.0		176.0			379.0	1837.0	PAN
Panama	103.0	13309.0	2072.0	192.0	8059.0	192.0	617.0	10.0	451.0	17.2	2015					-39.0	-8.0			53.0				1612.0	70.0			329.0	1525.0	PAN
Panama	104.0	11820.0	2042.0	169.0	7639.0	337.0	862.0	13.0	480.0	17.4	2016					158.0	-10.0			59.0				1470.0	35.0	613.0	3687.0	312.0	1382.0	PAN
Panama	103.0	11786.0	2092.0	139.0	7139.0	714.0	1068.0	14.0	497.0	18.1	2017					323.0	-27.0			66.0				796.0	38.0	662.0	3775.0	306.0	1412.0	PAN
Panama	102.0	11501.0	2647.0	128.0	8562.0	751.0	1118.0	14.0	518.0	18.8	2018					368.0	-9.0			84.0				544.0	31.0	909.0	5028.0	327.0	1558.0	PAN
Panama	117.0	12571.0	2740.0	173.0	8589.0	783.0	1072.0	14.0	553.0	19.6	2019	124.0				271.0	3.0	565.0	16.0	68.0	561.0	4.0		537.0	33.0	885.0	5304.0	405.0	1281.0	PAN
Panama	118.0	13103.0	2715.0	88.0	7387.0	417.0	924.0	4.0	539.0	19.8	2020					91.0	24.0	385.0	2.0	60.0				865.0	30.0			355.0	1327.0	PAN
Panama	117.0	13142.0	2652.0	117.0	11028.0	140.0	629.0	5.0	574.0	20.8	2021					-249.0	23.0	428.0	8.0	47.0								1023.0	1863.0	PAN
Papua New Guinea	12.0				287.0	128.0			14.0	0.4	2004		27.0	4.0	12.0															PNG
Papua New Guinea	11.0				353.0	148.0			12.0	0.2	2005																			PNG
Papua New Guinea	11.0				479.0	191.0			17.0	0.3	2006																			PNG
Papua New Guinea	12.0				529.0	169.0			20.0	0.3	2007																			PNG
Papua New Guinea	13.0				690.0	179.0					2008																			PNG
Papua New Guinea	17.0				508.0	119.0	174.0	0.0	41.0		2009		162.0	7.0	6.0															PNG
Papua New Guinea	17.0							0.0	43.0	0.5	2010																			PNG
Papua New Guinea	18.0				902.0			0.0	100.0	0.7	2011																			PNG
Papua New Guinea	18.0				774.0			0.0		0.8	2012																			PNG
Papua New Guinea	19.0							0.0		0.7	2013																			PNG
Papua New Guinea	22.0							0.0	226.0	2.1	2014				6.0															PNG
Papua New Guinea	23.0							0.0	159.0	2.2	2015																			PNG
Papua New Guinea	23.0							0.0	137.0	2.1	2016																			PNG
Papua New Guinea	31.0							0.0	136.0	2.2	2017																			PNG
Papua New Guinea	30.0							0.0	139.0	2.2	2018																			PNG
Papua New Guinea	30.0							0.0	126.0	1.2	2019	12.0																		PNG
Papua New Guinea	30.0							0.0	122.0	1.2	2020																			PNG
Papua New Guinea	30.0							0.0	116.0	1.2	2021																			PNG
Paraguay	11.0	483.0	86.0		741.0	55.0			16.0	1.5	2004		86.0	35.0	25.0															PRY
Paraguay	11.0	482.0			1030.0	37.0			16.0	1.6	2005																			PRY
Paraguay	10.0	509.0			974.0	56.0			19.0	1.7	2006																			PRY
Paraguay	10.0	854.0			1181.0	55.0			22.0	1.7	2007																			PRY
Paraguay	8.0	1131.0			1621.0	80.0			28.0	1.7	2008																			PRY
Paraguay	7.0	1417.0	180.0	25.0	2365.0	35.0	131.0	0.0	46.0	2.9	2009		79.0	59.0	6.0															PRY
Paraguay	8.0	1608.0	206.0	47.0	1790.0	112.0	180.0	0.0	48.0	3.1	2010																			PRY
Paraguay	9.0	2430.0	341.0	84.0	2687.0	27.0	136.0	0.0	60.0	3.3	2011																			PRY
Paraguay	8.0	1816.0	484.0	71.0	2417.0	75.0	169.0	0.0	60.0	3.1	2012																			PRY
Paraguay	8.0	1598.0	452.0		2593.0	93.0	236.0	0.0	72.0	3.1	2013																			PRY
Paraguay	13.0	2077.0	516.0	20.0	2802.0	167.0	232.0		74.0	3.3	2014		216.0		11.0															PRY
Paraguay	14.0	1829.0	528.0		2104.0		220.0		77.0	3.3	2015																			PRY
Paraguay	14.0	1966.0	517.0	27.0	2028.0	88.0	243.0		65.0	3.1	2016																			PRY
Paraguay	14.0	1965.0	504.0	23.0	2001.0	66.0	198.0		60.0	2.6	2017																			PRY
Paraguay	14.0	2058.0	491.0		2194.0	98.0	221.0		57.0	2.4	2018																			PRY
Paraguay	16.0	2089.0	464.0		2033.0	57.0	132.0	0.0		2.5	2019	23.0																		PRY
Paraguay	15.0				2024.0	114.0	241.0			2.6	2020																			PRY
Paraguay	14.0		412.0	16.0	2510.0	58.0	192.0			2.8	2021																			PRY
Peru	85.0	13942.0	5108.0		7786.0	1317.0			545.0	31.0	2004		4508.0	900.0	131.0	1731.0	31.0	65.0	0.0	572.0			6721.0							PER
Peru	88.0	16831.0			9513.0	1868.0			609.0	32.6	2005					2400.0	-7.0	181.0	-117.0	716.0										PER
Peru	89.0	18536.0			12147.0	2541.0			688.0	33.6	2006					3054.0	34.0	256.0	5.0	939.0										PER
Peru	93.0	25554.0			13893.0	2343.0			976.0	42.0	2007					3360.0	39.0	292.0	-98.0	1460.0										PER
Peru	88.0	22918.0			14683.0	1483.0			951.0	36.4	2008					2342.0	34.0	128.0	-6.0	1112.0										PER
Peru	77.0	20583.0	8541.0	607.0	10893.0	2146.0	4694.0	22.0	857.0	35.6	2009			1299.0	51.0	3030.0	55.0	254.0		1100.0			10893.0							PER
Peru	75.0	23963.0	8556.0	919.0	12281.0	2588.0	5688.0	8.0	926.0	37.0	2010					3823.0	96.0			1442.0						135.0	4812.0	855.0	5064.0	PER
Peru	74.0	25231.0	8988.0	1255.0	14184.0	2626.0	6080.0	8.0	1190.0	39.9	2011					3824.0	98.0	322.0	36.0	1494.0										PER
Peru	78.0	27669.0	11338.0	1973.0	15277.0	2600.0	5855.0	9.0	1208.0	36.7	2012					3567.0	101.0	432.0	1.0	1379.0				165.0	657.0	305.0	6348.0	1175.0	6467.0	PER
Peru	78.0	28903.0	12027.0	2815.0	14283.0	2253.0	5311.0	30.0	1062.0	32.0	2013					3134.0	203.0			1123.0				159.0	262.0	330.0	5961.0	768.0	6655.0	PER
Peru	95.0	34301.0	14663.0	1628.0	18032.0	1746.0	5061.0	44.0	1334.0	41.1	2014		6285.0	932.0	68.0	2382.0	133.0	453.0	1.0	885.0			18032.0			433.0	9052.0	795.0	7067.0	PER
Peru	93.0	34450.0	15953.0	2564.0	13546.0	771.0	3829.0	90.0	1463.0	42.3	2015					1152.0	164.0	445.0	108.0	629.0				180.0	183.0	268.0	8443.0	521.0	3805.0	PER
Peru	82.0	31778.0	14808.0	1270.0	12491.0	-375.0	3110.0	79.0	1576.0	47.9	2016					141.0	297.0	278.0	-8.0	430.0						173.0	7075.0	905.0	3674.0	PER
Peru	84.0	30506.0	14784.0	1101.0	13597.0	1397.0	6109.0	107.0	1666.0	46.0	2017					2994.0	486.0		36.0	1589.0				328.0	416.0	252.0	7528.0	1086.0	3868.0	PER
Peru	85.0	31544.0	14626.0	1325.0	15107.0	2548.0	6842.0	79.0	1703.0	47.8	2018					3368.0	661.0		51.0	791.0						533.0	8085.0	1543.0	4195.0	PER
Peru	107.0	32178.0	16163.0	1202.0	16853.0	1392.0	5909.0		1721.0	51.9	2019	145.0				2147.0	430.0			936.0						222.0	9992.0	1421.0	4422.0	PER
Peru	105.0	31316.0	15453.0	639.0	14704.0	878.0	5575.0		1615.0	47.6	2020					1883.0	437.0			915.0						138.0	7966.0	1300.0	4657.0	PER
Peru	109.0	32869.0	14713.0	830.0	19503.0	2144.0	8399.0		1699.0	49.3	2021					4310.0	351.0			2090.0						137.0	11188.0			PER
Philippines	150.0	19724.0	6966.0		12329.0	1087.0			695.0	88.7	2004		5791.0	933.0	185.0	1396.0	122.0	427.0	9.0	294.0			11451.0							PHL
Philippines	148.0	21148.0			13569.0	1623.0			771.0	95.1	2005					1476.0	110.0	667.0	26.0	673.0										PHL
Philippines	148.0	23207.0			15635.0	1573.0			915.0	106.7	2006					1755.0	201.0	527.0	2.0	793.0										PHL
Philippines	152.0	23871.0			16597.0	1526.0			1080.0	117.9	2007					1692.0	146.0	529.0	27.0	724.0										PHL
Philippines	146.0	21874.0			16973.0	1746.0			1217.0	125.6	2008					1893.0	-21.0	566.0	45.0	835.0										PHL
Philippines	127.0	27917.0	5188.0	630.0	15310.0	1699.0	4943.0	51.0	1467.0	144.3	2009		4224.0	630.0	85.0	1955.0	-58.0	486.0	0.0	710.0			15310.0							PHL
Philippines	132.0	28460.0	6040.0	1413.0	18154.0	1895.0	5044.0	54.0	1834.0	170.8	2010					1696.0	-2.0	514.0	71.0	387.0				1856.0	224.0	269.0	10543.0	4900.0	183.0	PHL
Philippines	134.0	30732.0	6753.0	1097.0	21177.0	1862.0	5555.0	60.0	2215.0	202.4	2011					1624.0	20.0	697.0	10.0	469.0				4867.0	805.0	601.0	10948.0	3514.0	235.0	PHL
Philippines	133.0	32506.0	6101.0	710.0	21118.0	2061.0	5822.0	67.0	2290.0	208.3	2012					2054.0	10.0	722.0	-249.0	466.0				1830.0	698.0	612.0	10969.0	6588.0	213.0	PHL
Philippines	133.0	32531.0	5977.0	822.0	20592.0	2202.0	5993.0	53.0	2467.0	220.6	2013					1869.0	32.0	745.0	38.0	451.0				1869.0	611.0	594.0	10866.0	6270.0	239.0	PHL
Philippines	168.0	35838.0	6800.0	898.0	22488.0	2760.0	6752.0	72.0	3006.0	312.7	2014		5284.0	592.0	120.0	2110.0	84.0	790.0	0.0	460.0			22488.0	3004.0	122.0	1431.0	11540.0	6083.0	192.0	PHL
Philippines	170.0	33794.0	6770.0	1052.0	21843.0	505.0	5508.0	75.0	3190.0	334.7	2015					818.0	40.0	51.0	5.0	370.0				3286.0	84.0	1307.0	10923.0	5841.0	279.0	PHL
Philippines	171.0	33676.0	5827.0	903.0	21419.0	2073.0	6482.0	84.0	3146.0	335.1	2016					1973.0	-5.0	478.0	10.0	388.0				2953.0	356.0	1295.0	10790.0	5627.0	278.0	PHL
Philippines	176.0	35409.0	5803.0	1016.0	22635.0	2058.0	6577.0	312.0	3179.0	304.2	2017					2105.0	-9.0	421.0	-22.0	446.0				3386.0	417.0	1430.0	11366.0	5518.0	304.0	PHL
Philippines	174.0	27856.0	4744.0	900.0	22288.0	1594.0	5738.0	230.0	2998.0	332.3	2018					1423.0	-27.0	458.0	24.0	311.0				2903.0	433.0	703.0	11509.0	6308.0	295.0	PHL
Philippines	204.0	31460.0	3935.0	717.0	20537.0	2223.0	6317.0	91.0	3146.0	363.1	2019	207.0				1874.0	-44.0	742.0	65.0	458.0	741.0	1.0		2829.0	416.0	313.0	10387.0	6193.0	215.0	PHL
Philippines	205.0	23564.0	3744.0	659.0	19600.0	2049.0	6191.0	71.0	3319.0	362.7	2020					1698.0	-62.0	675.0	18.0	343.0						260.0	9534.0	6048.0	538.0	PHL
Philippines	209.0	31017.0	4182.0	789.0	21473.0	2432.0	6568.0	88.0	3341.0	281.2	2021					1982.0	-85.0	826.0	36.0	412.0				2383.0	160.0	261.0	10765.0	7050.0	628.0	PHL
Poland	205.0	18214.0	6254.0		18508.0	1408.0			1669.0	105.8	2004		4587.0	699.0	272.0	1534.0	52.0	33.0	1.0	277.0			17280.0							POL
Poland	202.0	19743.0			21679.0	1312.0			1804.0	113.2	2005					1411.0	113.0	19.0	38.0	201.0										POL
Poland	201.0	23341.0			24345.0	1569.0			2003.0	118.8	2006					1802.0	157.0	29.0	2.0	324.0										POL
Poland	213.0	32718.0			32435.0	2439.0			2629.0	131.4	2007					2290.0	94.0	33.0	-12.0	379.0										POL
Poland	213.0	35355.0							3284.0	143.6	2008					2356.0	-62.0	27.0	-82.0	495.0										POL
Poland	224.0	61379.0	9966.0	1621.0	33340.0	1439.0	10054.0	140.0	3666.0	155.0	2009				156.0	2133.0	-258.0			363.0			33340.0							POL
Poland	223.0	59421.0	9904.0	1073.0	35429.0	2089.0	10532.0	135.0	3776.0	153.2	2010					2358.0	-41.0	2.0	118.0	389.0				753.0	187.0	998.0	20420.0	8098.0	3772.0	POL
Poland	239.0	58755.0	9974.0	1172.0	39913.0	2610.0	14081.0	197.0	3929.0	155.9	2011					2918.0		5.0	199.0	512.0				610.0	184.0	962.0	22928.0	9753.0	4364.0	POL
Poland	248.0	63769.0	10339.0	1300.0	38936.0	1961.0	13462.0	207.0	4014.0	157.2	2012					2201.0		679.0	-410.0	509.0				550.0	131.0	1256.0	22644.0	8872.0	4387.0	POL
Poland	253.0	73504.0	11202.0	1375.0	39313.0	2469.0	14272.0	201.0	4136.0	162.0	2013					2545.0		190.0	110.0	376.0				627.0	338.0	1211.0	22897.0	8677.0	4440.0	POL
Poland	302.0	66871.0	11726.0	1512.0	41579.0	2803.0	11484.0	248.0	4604.0	184.0	2014		13267.0	772.0	205.0	2281.0	-34.0	656.0	1.0	373.0			41579.0	1575.0	185.0	1174.0	24628.0	8155.0	4767.0	POL
Poland	304.0	65586.0	11029.0	1697.0	39742.0	2162.0	10506.0	245.0	4515.0	188.2	2015					1713.0	-82.0	523.0	201.0	272.0				1081.0	215.0	552.0	22192.0	8798.0	4277.0	POL
Poland	311.0	60848.0	11199.0	1649.0	41639.0	2211.0	11798.0	278.0	4970.0	199.3	2016					2602.0	-111.0	184.0	-224.0	347.0				1067.0	128.0	922.0	23287.0	9866.0	3741.0	POL
Poland	320.0	66146.0	12965.0	2069.0	43657.0	2038.0	11791.0	368.0	5248.0	207.7	2017					2201.0	-265.0	121.0	95.0	376.0				1126.0	204.0	1238.0	26059.0	10115.0	4049.0	POL
Poland	314.0	63460.0	12638.0	1965.0	46103.0	2258.0	12393.0	315.0	5384.0	203.5	2018					2571.0	-295.0	60.0	135.0	504.0				1209.0	224.0	1567.0	27864.0	9739.0	4561.0	POL
Poland	343.0	64479.0	12607.0	1855.0	45815.0	2148.0	12095.0	271.0	5751.0	213.9	2019	322.0				2613.0	-25.0	88.0	-43.0	505.0	86.0	2.0		1509.0	123.0	2046.0	27069.0	9216.0	5223.0	POL
Poland	341.0	72307.0	12432.0	1707.0	43059.0	2027.0	12035.0	282.0	5664.0	208.8	2020					2421.0	-101.0	-107.0	53.0	337.0				1343.0	164.0	1964.0	25549.0	8671.0	4908.0	POL
Poland	335.0	69964.0	12441.0	1762.0	48527.0	1191.0	12806.0	370.0	6637.0	224.9	2021					2285.0	-273.0	-416.0	-220.0	455.0				1777.0	191.0	2139.0	28225.0	10069.0	5501.0	POL
Portugal	149.0										2004		2005.0	296.0	178.0	1061.0	-87.0	1762.0	0.0	230.0			9164.0							PRT
Portugal	152.0	31856.0									2005					848.0	-71.0	1800.0	-2.0	194.0										PRT
Portugal	163.0										2006					956.0	-66.0	1611.0	-45.0	225.0										PRT
Portugal	168.0	43497.0			13954.0	3412.0					2007						-68.0	1593.0	793.0	225.0										PRT
Portugal	167.0										2008						-44.0	1681.0	-4.0	216.0										PRT
Portugal	138.0	42718.0	2033.0	258.0	10459.0	2213.0	4432.0	36.0	1383.0	28.9	2009		2582.0	116.0	106.0	672.0				206.0			10459.0							PRT
Portugal	140.0	33886.0	2005.0	316.0	11476.0	3541.0	4538.0	56.0	1360.0	30.6	2010					1029.0		2627.0		115.0				420.0	48.0	127.0	8749.0	573.0	1197.0	PRT
Portugal	134.0	44092.0	1890.0	243.0	11411.0	5676.0	4108.0	58.0	1342.0	29.7	2011					608.0								455.0	58.0	127.0	8564.0	593.0	1235.0	PRT
Portugal	135.0	49075.0	1774.0	280.0	10558.0	5518.0	3771.0	52.0	1311.0	29.1	2012					598.0								469.0	52.0	108.0	7532.0	927.0	1110.0	PRT
Portugal	134.0	55250.0	1721.0	236.0	10310.0	5120.0	3766.0	52.0	1238.0	28.0	2013					617.0			10.0					499.0	52.0	104.0	7453.0	636.0	1204.0	PRT
Portugal	127.0	23779.0	1686.0	526.0	9946.0	720.0	3670.0	53.0	1315.0	30.3	2014		1917.0	160.0	102.0	581.0	-35.0		0.0	153.0			9946.0	501.0	72.0	147.0	6441.0	652.0	1797.0	PRT
Portugal	130.0	20363.0	1810.0	161.0	9603.0		3276.0	54.0	1231.0	29.7	2015					503.0								618.0	46.0	118.0	6155.0	584.0	1559.0	PRT
Portugal	138.0	19451.0	1722.0	156.0	9835.0	457.0	3374.0	52.0	1267.0	31.0	2016					429.0		92.0	-15.0	49.0				654.0	35.0	116.0	6276.0	695.0	1391.0	PRT
Portugal	142.0	18935.0	1816.0	209.0	10838.0	444.0	3351.0	55.0	1301.0	33.2	2017					453.0				94.0				315.0	36.0	210.0	6944.0	918.0	1492.0	PRT
Portugal	144.0	19748.0	2464.0	434.0	11651.0	572.0	3529.0	55.0	1316.0	32.0	2018					567.0				151.0				263.0	39.0	218.0	7700.0	869.0	1601.0	PRT
Portugal	154.0	19515.0	2592.0	412.0	11245.0	645.0	3492.0	56.0	1320.0	32.9	2019	175.0				624.0				201.0		5.0		383.0	75.0	198.0	7236.0	837.0	1619.0	PRT
Portugal	154.0	25508.0	2289.0	330.0	9425.0	1652.0	3591.0	65.0	1248.0	32.2	2020					772.0								331.0	78.0			606.0	881.0	PRT
Portugal	155.0	27984.0	2608.0	593.0	10379.0	2026.0	4095.0	76.0	1409.0	34.0	2021					779.0								469.0	64.0			674.0	931.0	PRT
Qatar	19.0										2004		3580.0	818.0	18.0															QAT
Qatar	25.0	31652.0									2005																			QAT
Qatar	27.0										2006																			QAT
Qatar	30.0										2007																			QAT
Qatar	28.0										2008																			QAT
Qatar	19.0							1.0	232.0	2.0	2009		10246.0		10.0															QAT
Qatar	19.0						3923.0	1.0	221.0	1.6	2010																			QAT
Qatar	20.0	32227.0			8608.0		5691.0	1.0	213.0	1.6	2011																			QAT
Qatar	21.0			428.0	7682.0				222.0	1.5	2012																			QAT
Qatar	21.0			456.0	5654.0			1.0	243.0	1.5	2013																			QAT
Qatar	29.0				5467.0		3541.0	1.0	333.0	2.2	2014				15.0															QAT
Qatar	29.0	40655.0			3684.0	6714.0	2133.0		320.0	2.1	2015																			QAT
Qatar	29.0	34272.0			3037.0	4545.0	1333.0	1.0	316.0	2.2	2016																			QAT
Qatar	31.0	39603.0			3201.0	6240.0	2004.0	1.0	313.0	2.1	2017																			QAT
Qatar	31.0				3540.0		1939.0	1.0	305.0	1.9	2018																			QAT
Qatar	39.0	38692.0		120.0	3129.0	5759.0	1821.0	1.0	305.0	2.5	2019	45.0																		QAT
Qatar	39.0	28493.0			2465.0	3307.0	948.0	1.0	232.0	2.4	2020																			QAT
Qatar	40.0	32361.0			2631.0	5516.0	1203.0	1.0	225.0	2.5	2021																			QAT
Romania	38.0										2004			27.0	55.0															ROU
Romania	39.0	3297.0									2005																			ROU
Romania	47.0										2006																			ROU
Romania	52.0	4810.0			5786.0	471.0			535.0	42.1	2007																			ROU
Romania	55.0										2008																			ROU
Romania	57.0	7059.0	1972.0	293.0	5577.0	-59.0	1690.0	21.0	650.0	39.7	2009		1356.0	50.0	46.0															ROU
Romania	59.0	7068.0	1808.0	211.0	5602.0	334.0	1758.0	84.0	659.0	39.7	2010																			ROU
Romania	61.0	7838.0	2014.0	436.0	7231.0	327.0	1953.0	128.0	741.0	42.3	2011																			ROU
Romania	66.0	8912.0	1843.0	377.0	6995.0	1323.0	1982.0	31.0	755.0	45.7	2012																			ROU
Romania	69.0	10196.0	1977.0	320.0	7026.0	271.0	2067.0	50.0	797.0	46.6	2013																			ROU
Romania	90.0	13463.0	3145.0	620.0	9528.0	173.0	2078.0	45.0	992.0	57.5	2014		3364.0	110.0	70.0															ROU
Romania	95.0	13830.0	3137.0	409.0	9372.0	-43.0	2076.0	57.0	1112.0	65.9	2015																			ROU
Romania	109.0	16382.0	3093.0	484.0	10852.0	61.0	2412.0	60.0	1306.0	78.7	2016																			ROU
Romania	109.0	18013.0	3725.0	618.0	12067.0	270.0	2964.0	63.0	1446.0	82.4	2017																			ROU
Romania	108.0	18584.0	3862.0	693.0	13474.0	473.0	3164.0	78.0	1419.0	76.0	2018																			ROU
Romania	117.0	19263.0	4182.0	651.0	13917.0	340.0	2761.0	126.0	1513.0	78.5	2019	131.0																		ROU
Romania	121.0	20436.0	4494.0	752.0	14057.0	347.0	3238.0	90.0	1576.0	84.5	2020																			ROU
Romania	122.0	22405.0	4261.0	554.0	15968.0	370.0	3301.0	104.0	1649.0	78.9	2021																			ROU
Russia	111.0				22388.0	1716.0			793.0	58.3	2004				150.0	911.0	66.0	91.0	0.0	283.0			10654.0							RUS
Russia	113.0	48938.0							938.0	64.0	2005					1052.0	32.0	212.0	-10.0	274.0										RUS
Russia	122.0								1270.0	77.3	2006					1371.0	180.0	260.0	31.0	397.0										RUS
Russia	133.0										2007					3293.0	208.0	1100.0	441.0	930.0										RUS
Russia	144.0										2008					3710.0	150.0	1777.0	-597.0	1057.0										RUS
Russia	146.0	42665.0	9060.0	1865.0	28012.0	2194.0	7373.0	68.0	2527.0	106.1	2009				104.0	2091.0				693.0			28012.0							RUS
Russia	155.0	47818.0	9866.0	1483.0	34191.0	4738.0	9300.0	65.0	2756.0	122.9	2010					3636.0	-14.0		145.0					1673.0	199.0	3097.0	25771.0	1688.0	1046.0	RUS
Russia	166.0	61059.0	11059.0	1776.0	43719.0	5396.0	12628.0	163.0	4158.0	148.1	2011					4830.0	-57.0		-4.0	1001.0										RUS
Russia	186.0	72106.0	12907.0	2178.0	51467.0	4907.0	13742.0	130.0	4296.0	152.3	2012					4973.0	4.0	992.0	73.0	1055.0				2406.0	380.0					RUS
Russia	201.0	76553.0	13393.0	2194.0	55840.0	3197.0	12795.0	147.0	4583.0	154.7	2013					3771.0	53.0	463.0	50.0	1065.0				2564.0	220.0					RUS
Russia	247.0	64042.0	11486.0	1729.0	56447.0	2056.0	13573.0	213.0	5615.0	176.5	2014		9923.0	170.0	146.0	3211.0	238.0						56447.0	2071.0	53.0	4370.0	45779.0	2414.0	880.0	RUS
Russia	263.0	58874.0	11092.0	1700.0	41215.0	-1453.0	9513.0	169.0	4765.0	172.4	2015					572.0	159.0	-1582.0	188.0	618.0				750.0	47.0	3116.0	32337.0	3174.0	1053.0	RUS
Russia	276.0	66062.0	12081.0	1446.0	40330.0	-47.0	10393.0	176.0	4192.0	161.7	2016					1645.0	210.0	-1313.0	264.0	628.0				429.0	119.0	2903.0	32054.0	3143.0	1045.0	RUS
Russia	286.0	61860.0	13577.0	1876.0	44796.0	1374.0	11332.0	198.0	3912.0	171.0	2017					2753.0	251.0	-268.0	100.0	1195.0				738.0	137.0	2498.0	36076.0	3583.0	1075.0	RUS
Russia	288.0	57939.0	12605.0	1291.0	47875.0	2119.0	12230.0	249.0	3965.0	176.3	2018					3245.0	57.0	-235.0	-18.0	853.0				522.0	134.0	2788.0	38562.0	4004.0	1177.0	RUS
Russia	319.0	68028.0	12779.0	1731.0	47423.0	836.0	12341.0	153.0	4059.0	186.6	2019	270.0				2816.0	-56.0			1056.0	-979.0			410.0	99.0	3320.0	37750.0	4206.0	876.0	RUS
Russia	313.0	60651.0	12441.0	1363.0	44651.0	2162.0	12253.0	205.0	4053.0	187.2	2020					2534.0	61.0			597.0				301.0	105.0	3097.0	36385.0	3630.0	738.0	RUS
Russia	300.0	60305.0	12294.0	1392.0	51480.0	3537.0	14986.0	277.0	4457.0	189.2	2021					3872.0	35.0			679.0				267.0	115.0	3253.0	41647.0	4453.0	1482.0	RUS
Rwanda		1.0			3.0	1.0					2004		1.0	1.0	1.0															RWA
Rwanda		1.0			3.0	1.0					2005																			RWA
Rwanda		1.0			3.0	1.0					2006																			RWA
Rwanda		1.0			3.0	1.0					2007																			RWA
Rwanda		1.0			3.0	1.0					2008																			RWA
Rwanda	0.0			0.0				0.0	0.0	0.0	2009			0.0	0.0															RWA
Rwanda	0.0			0.0				0.0	0.0	0.0	2010																			RWA
Rwanda	0.0			0.0				0.0	0.0	0.0	2011																			RWA
Rwanda	0.0			0.0				0.0	0.0	0.0	2012																			RWA
Rwanda	0.0			0.0				0.0	0.0	0.0	2013																			RWA
Rwanda	0.0	16.0			18.0	1.0	2.0	0.0			2014			1.0	0.0															RWA
Rwanda	0.0	16.0			18.0	1.0	2.0	0.0			2015																			RWA
Rwanda	0.0	16.0			18.0	1.0	2.0	0.0			2016																			RWA
Rwanda	0.0	16.0			18.0	1.0	2.0	0.0			2017																			RWA
Rwanda	0.0	16.0			18.0	1.0	2.0	0.0			2018																			RWA
Rwanda	0.0	24.0	9.0		21.0	3.0	6.0	0.0	2.0	0.1	2019	3.0																		RWA
Rwanda	0.0	24.0	9.0		21.0	3.0	6.0	0.0	2.0	0.1	2020																			RWA
Rwanda	0.0	24.0	9.0		21.0	3.0	6.0	0.0	2.0	0.1	2021																			RWA
Samoa		3.0			2.0						2004		1.0		0.0															WSM
Samoa		3.0			2.0						2005																			WSM
Samoa		3.0			2.0						2006																			WSM
Samoa		3.0			2.0						2007																			WSM
Samoa		3.0			2.0						2008																			WSM
Samoa	0.0	1.0			1.0	1.0	1.0	0.0			2009		1.0		0.0															WSM
Samoa	0.0	1.0			1.0	1.0	1.0	0.0			2010																			WSM
Samoa	0.0	1.0			1.0	1.0	1.0	0.0			2011																			WSM
Samoa	0.0	1.0			1.0	1.0	1.0	0.0			2012																			WSM
Samoa	0.0	1.0			1.0	1.0	1.0	0.0			2013																			WSM
Samoa	1.0					1.0		0.0	0.0	0.0	2014		23.0	1.0	1.0															WSM
Samoa	1.0					1.0		0.0	0.0	0.0	2015																			WSM
Samoa	1.0					1.0		0.0	0.0	0.0	2016																			WSM
Samoa	0.0					-1.0		0.0	0.0	0.0	2017																			WSM
Samoa	0.0					-1.0		0.0	0.0	0.0	2018																			WSM
Samoa	0.0				2.0		2.0	0.0	2.0		2019	2.0																		WSM
Samoa	0.0				2.0		2.0	0.0	2.0		2020																			WSM
Samoa	0.0				2.0		2.0	0.0	2.0		2021																			WSM
Sao Tome and Principe	3.0					-14.0			0.0	0.0	2004				1.0															STP
Sao Tome and Principe	6.0					-23.0			0.0	0.0	2005																			STP
Sao Tome and Principe	6.0					-24.0					2006																			STP
Sao Tome and Principe	6.0					-23.0			0.0	0.0	2007																			STP
Sao Tome and Principe	6.0					174.0			0.0	0.0	2008																			STP
Sao Tome and Principe	5.0			1.0							2009				2.0															STP
Sao Tome and Principe	4.0							0.0	0.0	0.0	2010																			STP
Sao Tome and Principe	4.0							0.0	0.0	0.0	2011																			STP
Sao Tome and Principe	4.0							0.0	0.0	0.0	2012																			STP
Sao Tome and Principe	4.0							0.0	0.0	0.0	2013																			STP
Sao Tome and Principe	1.0				2.0		2.0	0.0	1.0		2014				1.0															STP
Sao Tome and Principe	0.0				2.0		2.0	0.0	1.0		2015																			STP
Sao Tome and Principe	0.0				2.0		2.0	0.0	1.0		2016																			STP
Sao Tome and Principe	0.0				2.0		2.0	0.0	1.0		2017																			STP
Sao Tome and Principe	0.0				2.0		2.0	0.0	1.0		2018																			STP
Sao Tome and Principe	2.0							0.0	0.0	0.0	2019	1.0																		STP
Sao Tome and Principe	2.0							0.0	0.0	0.0	2020																			STP
Sao Tome and Principe	2.0							0.0	0.0	0.0	2021																			STP
Saudi Arabia	72.0	19788.0	5393.0		15199.0	4579.0			516.0	10.4	2004		3575.0	1374.0	58.0	-141.0	16.0	1622.0	194.0	297.0			2124.0							SAU
Saudi Arabia	73.0	21622.0			19345.0	6048.0			638.0	12.9	2005							1722.0	417.0	361.0										SAU
Saudi Arabia	73.0	19558.0			20578.0	5444.0			727.0	15.0	2006					100.0	11.0	1781.0												SAU
Saudi Arabia	76.0	23305.0			26737.0	7201.0			897.0	16.7	2007					164.0	11.0	2463.0	3.0	388.0										SAU
Saudi Arabia	70.0	20928.0			29673.0	7102.0			930.0	15.5	2008					148.0	14.0	2340.0	11.0											SAU
Saudi Arabia	52.0	11117.0	1100.0	236.0	4804.0	1427.0	983.0		545.0	8.3	2009		6966.0	1188.0	31.0	319.0	-11.0		0.0				4804.0							SAU
Saudi Arabia	55.0	12524.0	1310.0	199.0	5991.0		1253.0	1.0	664.0	10.8	2010					408.0	2.0		2.0	274.0				37.0	6.0					SAU
Saudi Arabia	61.0	18366.0	3759.0	350.0	10797.0	2545.0	4472.0	1.0	885.0	12.3	2011					3271.0	7.0	2027.0	-4.0						7.0					SAU
Saudi Arabia	57.0	19726.0	3246.0	417.0	11150.0	2195.0	4228.0	7.0	1047.0	13.6	2012					2926.0	7.0	1871.0	3.0						18.0					SAU
Saudi Arabia	56.0	21747.0	3425.0	609.0	12309.0	2145.0	4280.0		1147.0	15.2	2013					2811.0	9.0		5.0									133.0		SAU
Saudi Arabia	71.0	23813.0	4028.0	705.0	14249.0	2358.0	4899.0		1823.0	22.8	2014		9119.0	1748.0	44.0	2629.0	5.0						14249.0					204.0		SAU
Saudi Arabia	74.0	23871.0	3982.0	459.0	11075.0	1309.0	2518.0	16.0	1759.0	21.0	2015					413.0				161.0								191.0		SAU
Saudi Arabia	76.0	24553.0	4073.0	209.0	9506.0	999.0	2027.0	15.0	1997.0	22.7	2016					-288.0				-45.0								138.0		SAU
Saudi Arabia	79.0	24945.0	3757.0	213.0	9474.0	1018.0	1740.0	16.0	1850.0	20.9	2017					-394.0	7.0	1574.0	-1.0	153.0						436.0	6800.0			SAU
Saudi Arabia	77.0	23617.0	3819.0	149.0	9769.0	864.0	1938.0	15.0	1959.0	22.5	2018					-347.0	6.0	1119.0	-1.0	-112.0						427.0	6410.0			SAU
Saudi Arabia	96.0	26192.0	3988.0	228.0	14346.0	1005.0	2596.0	23.0	2179.0	23.8	2019	112.0				105.0	16.0		-41.0	-13.0	928.0			310.0	102.0	529.0	10894.0	260.0	2187.0	SAU
Saudi Arabia	97.0	26434.0	3894.0	234.0	13852.0	235.0	2820.0	27.0	2098.0	22.3	2020					188.0	-5.0			187.0						643.0	10603.0	164.0	2044.0	SAU
Saudi Arabia	99.0	28104.0	3523.0	179.0	16901.0	1830.0	3735.0	21.0	2019.0	21.2	2021					842.0				384.0						1277.0	12500.0			SAU
Senegal	2.0										2004																			SEN
Senegal	3.0	217.0							9.0	0.4	2005																			SEN
Senegal	2.0								6.0	0.3	2006																			SEN
Senegal	2.0										2007																			SEN
Senegal	3.0	219.0							11.0	0.5	2008																			SEN
Senegal	3.0	251.0	80.0	11.0	134.0	1.0	48.0	0.0	16.0	0.6	2009		23.0	-2.0	3.0															SEN
Senegal	3.0	255.0	81.0	3.0	152.0	5.0	52.0	0.0	15.0	0.4	2010																			SEN
Senegal	4.0	302.0	95.0	4.0	149.0	-36.0	14.0	0.0	12.0	0.4	2011																			SEN
Senegal	4.0	254.0	87.0	5.0	154.0	-53.0	-3.0		12.0	0.4	2012																			SEN
Senegal	3.0	223.0	46.0	3.0	166.0	-24.0	19.0		11.0	0.4	2013																			SEN
Senegal	3.0	140.0	30.0	2.0	150.0				12.0	0.4	2014		30.0	1.0	3.0															SEN
Senegal	2.0		27.0	4.0				2.0	10.0	0.4	2015																			SEN
Senegal	2.0		31.0	5.0						0.4	2016																			SEN
Senegal	2.0			9.0		-14.0		1.0		0.4	2017																			SEN
Senegal	3.0	243.0	78.0	9.0	177.0	-2.0	49.0	1.0	19.0	0.7	2018																			SEN
Senegal	5.0	265.0	100.0	9.0	216.0	1.0	48.0	1.0	16.0	0.6	2019	10.0																		SEN
Senegal	5.0	281.0	72.0	9.0	222.0	8.0	59.0	1.0	16.0	0.6	2020																			SEN
Senegal	6.0	659.0	72.0	10.0	273.0	13.0	71.0	1.0	21.0	0.8	2021																			SEN
Serbia	7.0	662.0	202.0						114.0	11.3	2004		52.0	9.0	11.0															SRB
Serbia	7.0	731.0							106.0	10.9	2005																			SRB
Serbia	8.0								125.0	10.4	2006																			SRB
Serbia	9.0								152.0	8.1	2007																			SRB
Serbia	11.0								166.0	9.0	2008																			SRB
Serbia	10.0	1620.0	553.0	55.0	1407.0	-147.0	535.0	3.0	207.0	9.3	2009		75.0		9.0															SRB
Serbia	9.0	1439.0	525.0	50.0	1658.0	-114.0	530.0	3.0	204.0	9.2	2010																			SRB
Serbia	9.0	1295.0	559.0	91.0	1673.0	-170.0	447.0	3.0	169.0	9.0	2011																			SRB
Serbia	8.0	737.0	276.0	78.0	625.0	33.0	480.0	3.0	77.0	3.7	2012																			SRB
Serbia	8.0	871.0	317.0	21.0	740.0	64.0	559.0	2.0	63.0	3.6	2013																			SRB
Serbia	17.0	945.0	329.0	60.0	1014.0	43.0	570.0		96.0	5.1	2014		126.0	2.0	15.0															SRB
Serbia	17.0	902.0	303.0	48.0	949.0	52.0	615.0		94.0	5.8	2015																			SRB
Serbia	17.0	1029.0	376.0	74.0	1152.0	109.0	625.0		105.0	6.1	2016																			SRB
Serbia	17.0	1022.0	364.0	61.0	953.0	82.0	396.0		104.0	5.9	2017																			SRB
Serbia	17.0	1034.0	392.0	105.0	932.0	85.0	428.0		106.0	5.8	2018																			SRB
Serbia	22.0	1265.0	474.0	53.0	1184.0	139.0	662.0		123.0	7.5	2019	38.0																		SRB
Serbia	22.0	1394.0	473.0	48.0	1172.0	83.0	696.0		143.0	7.4	2020																			SRB
Serbia	22.0	1402.0	468.0	55.0	1352.0	89.0	783.0	27.0	149.0	7.5	2021																			SRB
Seychelles	1.0										2004																			SYC
Seychelles	1.0								1.0		2005																			SYC
Seychelles					1.0						2006																			SYC
Seychelles					1.0						2007																			SYC
Seychelles					1.0						2008																			SYC
Seychelles	0.0			0.0	2.0			0.0			2009			0.0	0.0															SYC
Seychelles	0.0			0.0	2.0			0.0			2010																			SYC
Seychelles	0.0			0.0	2.0			0.0			2011																			SYC
Seychelles	0.0			0.0	2.0			0.0			2012																			SYC
Seychelles	0.0			0.0	2.0			0.0			2013																			SYC
Seychelles	0.0	1138.0	103.0	2.0	409.0	166.0	150.0	0.0			2014		328.0	168.0	0.0															SYC
Seychelles	0.0	1138.0	103.0	1.0	409.0	166.0	151.0	0.0			2015																			SYC
Seychelles	1.0	4819.0	103.0	1.0	409.0	612.0	149.0	0.0			2016																			SYC
Seychelles	2.0	2754.0	103.0	1.0	409.0	184.0	174.0	0.0			2017																			SYC
Seychelles	1.0	1400.0	103.0	1.0	409.0	145.0	131.0	0.0			2018																			SYC
Seychelles	3.0	2737.0	234.0	4.0	548.0	167.0	189.0	0.0		0.2	2019	4.0																		SYC
Seychelles	3.0	2805.0	231.0	4.0	543.0	167.0	167.0	0.0		0.2	2020																			SYC
Seychelles	3.0	2835.0	231.0	4.0	559.0	174.0	196.0	0.0		0.2	2021																			SYC
Sierra Leone	1.0										2004																			SLE
Sierra Leone									4.0	0.3	2005																			SLE
Sierra Leone									4.0	0.3	2006																			SLE
Sierra Leone									4.0	0.3	2007																			SLE
Sierra Leone									4.0	0.3	2008																			SLE
Sierra Leone	1.0		0.0	0.0				0.0	0.0	0.0	2009			0.0	1.0															SLE
Sierra Leone	2.0					-3.0		0.0	0.0	0.0	2010																			SLE
Sierra Leone	2.0							0.0			2011																			SLE
Sierra Leone	2.0							0.0	0.0	0.0	2012																			SLE
Sierra Leone	2.0			0.0				0.0	0.0	0.0	2013																			SLE
Sierra Leone	1.0	7.0			2.0			0.0	0.0	0.0	2014				1.0															SLE
Sierra Leone	1.0	7.0			2.0			0.0	0.0	0.0	2015																			SLE
Sierra Leone	1.0	7.0			2.0			0.0	0.0	0.0	2016																			SLE
Sierra Leone	1.0	7.0			2.0			0.0	0.0	0.0	2017																			SLE
Sierra Leone	1.0	7.0			2.0			0.0	0.0	0.0	2018																			SLE
Sierra Leone	1.0	5.0	1.0					0.0			2019	3.0																		SLE
Sierra Leone	1.0	5.0	1.0					0.0			2020																			SLE
Sierra Leone	1.0	5.0	1.0					0.0			2021																			SLE
Singapore	498.0	142233.0	11128.0		142183.0	15465.0			3868.0	121.2	2004		45668.0	9016.0	534.0	8572.0	55.0	7015.0	174.0	924.0			133944.0							SGP
Singapore	507.0	181015.0			173522.0	19972.0			4382.0	131.9	2005					7745.0	-352.0	12428.0	63.0	639.0										SGP
Singapore	532.0	219507.0			208593.0	28902.0			4735.0	128.6	2006					11526.0	-540.0	13851.0	3244.0	1273.0										SGP
Singapore	544.0	254098.0			246454.0	27983.0			5406.0	124.1	2007					12841.0	-590.0	13813.0	590.0	1013.0										SGP
Singapore	549.0	228225.0			303179.0	27655.0			5745.0	133.2	2008					13189.0	-546.0	15024.0	-288.0	987.0										SGP
Singapore	586.0	402340.0	21927.0	5153.0	253404.0	24518.0	22777.0	706.0	7597.0	139.0	2009		85288.0	13013.0	320.0	13582.0	-1464.0	12627.0					253404.0							SGP
Singapore	607.0	454118.0	26475.0	4677.0	308775.0	33639.0	27210.0	738.0	8334.0	152.3	2010					15764.0	-442.0	17862.0	1214.0	1198.0				20573.0	5511.0	38082.0	72004.0	82822.0	86879.0	SGP
Singapore	629.0	498281.0	28777.0	5023.0	373753.0	43155.0	37073.0	772.0	10067.0	167.6	2011					23919.0	-1289.0	20067.0	1111.0	1938.0				22313.0	5885.0	53832.0	96232.0	88179.0	103938.0	SGP
Singapore	664.0	540854.0	29065.0	3298.0	400920.0	40696.0	38348.0	509.0	10763.0	172.0	2012					23907.0	-1503.0	20662.0	-2057.0	1809.0				22863.0	10502.0	58542.0	81357.0	105807.0	118534.0	SGP
Singapore	673.0	594534.0	29690.0	3150.0	438879.0	43084.0	41722.0	717.0	11509.0	178.7	2013					26439.0	-1860.0	18616.0	-104.0	1859.0				23666.0	6687.0	48941.0	88939.0	139381.0	128324.0	SGP
Singapore	826.0	660299.0	30886.0	4766.0	450946.0	48150.0	47177.0	1521.0	13983.0	195.3	2014		217811.0	29439.0	446.0	28900.0	-1554.0	20549.0	439.0	1931.0			450946.0	26479.0	4104.0	51345.0	101149.0	141949.0	122244.0	SGP
Singapore	845.0	680711.0	31115.0	5299.0	403044.0	53311.0	46333.0	1788.0	13700.0	199.7	2015					28494.0	-1733.0	20718.0	5839.0	1738.0				26612.0	5500.0	27203.0	88007.0	98654.0	154017.0	SGP
Singapore	860.0	701656.0	33523.0	5397.0	371257.0	41453.0	44925.0	1157.0	13645.0	193.2	2016					26920.0	-1742.0	16236.0	656.0	2356.0				22879.0	4102.0	24890.0	117168.0	94043.0	105402.0	SGP
Singapore	889.0	894717.0	35482.0	6201.0	419798.0	55680.0	49714.0	1432.0	14030.0	189.3	2017					34855.0	-5876.0	22814.0	1049.0	3036.0				33399.0	6525.0	30383.0	124250.0	101225.0	117784.0	SGP
Singapore	908.0	927652.0	37093.0	6663.0	476883.0	117768.0	66743.0	1626.0	14811.0	201.3	2018					52498.0	-7911.0	46031.0	23065.0	3823.0				39403.0	7895.0	39145.0	134064.0	108747.0	139889.0	SGP
Singapore	992.0	938961.0	37928.0	6778.0	445992.0	56388.0	62399.0	1615.0	16080.0	201.0	2019	686.0				44611.0	-6010.0	40902.0	-25912.0	3192.0	40826.0	76.0		35688.0	11487.0	35773.0	122331.0	97376.0	137007.0	SGP
Singapore	1003.0	1062932.0	40848.0	7655.0	436719.0	83045.0	64914.0	1748.0	16424.0	205.8	2020					46296.0	-5316.0	39546.0	490.0	3274.0				35847.0	10918.0	28680.0	128330.0	92691.0	133776.0	SGP
Singapore	1010.0	1203510.0	45028.0	7981.0	579792.0	88426.0	73897.0	2226.0	17026.0	191.7	2021					54634.0	-6012.0	35865.0	1747.0	3804.0				43035.0	14314.0	46078.0	147529.0	130357.0	192153.0	SGP
Sint Maarten	1.0			2.0			4.0	0.0		0.2	2011																			SXM
Sint Maarten	1.0			2.0			3.0	0.0		0.2	2012																			SXM
Sint Maarten	1.0			2.0			3.0	0.0		0.2	2013																			SXM
Sint Maarten	1.0			2.0				0.0		0.2	2014				1.0															SXM
Sint Maarten	0.0		3.0					0.0	1.0		2015																			SXM
Sint Maarten	1.0			9.0				0.0		0.2	2016																			SXM
Sint Maarten	1.0			2.0				0.0		0.2	2017																			SXM
Sint Maarten	1.0							0.0		0.2	2018																			SXM
Sint Maarten	3.0				103.0		11.0	0.0	16.0	0.5	2019	6.0																		SXM
Sint Maarten	3.0			6.0	98.0		45.0	0.0	17.0	0.5	2020																			SXM
Sint Maarten	3.0			4.0	104.0	12.0	57.0	0.0	18.0	0.5	2021																			SXM
Slovakia	49.0				5787.0	689.0			564.0	35.3	2004		343.0	59.0	68.0															SVK
Slovakia	48.0	4781.0							590.0	35.1	2005																			SVK
Slovakia	48.0								689.0	35.7	2006																			SVK
Slovakia	49.0										2007																			SVK
Slovakia	50.0										2008																			SVK
Slovakia	46.0	8740.0	2846.0		6797.0	-375.0			1009.0	34.5	2009		679.0	20.0	37.0															SVK
Slovakia	46.0	8739.0	2464.0	235.0	8016.0	163.0	1922.0	17.0	1026.0	34.6	2010																			SVK
Slovakia	46.0	8051.0	2518.0	170.0	8785.0	-66.0	1848.0	19.0	1121.0	36.0	2011																			SVK
Slovakia	48.0	8134.0	2377.0	223.0	8389.0	70.0	1917.0	16.0	1094.0	36.6	2012																			SVK
Slovakia	52.0	9220.0	2502.0	241.0	9125.0	81.0	2063.0	35.0	1202.0	40.8	2013																			SVK
Slovakia	67.0	9265.0	2256.0	399.0	10271.0	160.0	2063.0	64.0	1494.0	45.8	2014		1085.0	16.0	50.0															SVK
Slovakia	64.0	9364.0	1984.0	382.0	8464.0	166.0	1971.0	61.0	1393.0	44.4	2015																			SVK
Slovakia	66.0	9425.0	1847.0	315.0	8390.0	133.0	2027.0	64.0	1401.0	44.0	2016																			SVK
Slovakia	67.0	10277.0	2200.0	418.0	9153.0	121.0	2106.0	65.0	1451.0	43.3	2017																			SVK
Slovakia	67.0	10192.0	2271.0	353.0	9583.0	207.0	2340.0	65.0	1563.0	46.1	2018																			SVK
Slovakia	68.0	9651.0	2161.0	365.0	7848.0	-11.0	1878.0	33.0	1591.0	46.4	2019	84.0																		SVK
Slovakia	68.0	9964.0	2201.0	275.0	7090.0	-29.0	1971.0	32.0	1588.0	45.1	2020																			SVK
Slovakia	67.0	9320.0	1997.0	237.0	9513.0	736.0	2979.0	39.0	1604.0	39.7	2021																			SVK
Slovenia	14.0	752.0	290.0		750.0	32.0			103.0	4.4	2004		116.0	-2.0	25.0															SVN
Slovenia	15.0	787.0			948.0	13.0			124.0	5.2	2005																			SVN
Slovenia	15.0	771.0			1098.0	66.0			126.0	5.0	2006																			SVN
Slovenia	14.0	822.0			1175.0	59.0			130.0	4.5	2007																			SVN
Slovenia	14.0	1058.0			1290.0	50.0			148.0	4.6	2008																			SVN
Slovenia	12.0	1080.0	255.0	27.0	1153.0	52.0	435.0	4.0	161.0	4.7	2009		277.0	23.0	12.0															SVN
Slovenia	13.0	1047.0	240.0	25.0	1269.0	62.0	497.0	4.0	168.0	4.6	2010																			SVN
Slovenia	15.0	1052.0	238.0	25.0	1053.0	59.0	532.0	4.0	178.0	4.7	2011																			SVN
Slovenia	16.0	969.0	251.0	30.0	1006.0	43.0	520.0	3.0	163.0	4.6	2012																			SVN
Slovenia	14.0	974.0	258.0	50.0	971.0	48.0	520.0	3.0	145.0	4.2	2013																			SVN
Slovenia	18.0	963.0	272.0	28.0	1042.0	17.0	401.0	4.0	163.0	6.1	2014		346.0	11.0	16.0															SVN
Slovenia	18.0	850.0	234.0	24.0	910.0	31.0	363.0	4.0	134.0	5.2	2015																			SVN
Slovenia	19.0	835.0	222.0	23.0	867.0	30.0	350.0	4.0	125.0	5.3	2016																			SVN
Slovenia	20.0	869.0	216.0	20.0	841.0	32.0	349.0	5.0	114.0	4.7	2017																			SVN
Slovenia	18.0	803.0	206.0	28.0	686.0	34.0	333.0	5.0	94.0	4.0	2018																			SVN
Slovenia	19.0	910.0	286.0	61.0	797.0	46.0	276.0	2.0	111.0	4.7	2019	29.0																		SVN
Slovenia	20.0	1002.0	291.0	32.0	764.0	23.0	276.0	2.0	112.0	4.7	2020																			SVN
Slovenia	20.0	1020.0	296.0	49.0	859.0	44.0	322.0	2.0	123.0	5.0	2021																			SVN
Solomon Islands					0.0	0.0			0.0	0.0	2004		0.0	0.0	1.0															SLB
Solomon Islands					0.0	0.0			0.0	0.0	2005																			SLB
Solomon Islands					0.0	0.0			0.0	0.0	2006																			SLB
Solomon Islands					0.0	0.0			0.0	0.0	2007																			SLB
Solomon Islands					0.0	0.0			0.0	0.0	2008																			SLB
Somalia					0.0	0.0			0.0	0.0	2004			0.0	1.0															SOM
Somalia					0.0	0.0			0.0	0.0	2005																			SOM
Somalia					0.0	0.0			0.0	0.0	2006																			SOM
Somalia					0.0	0.0			0.0	0.0	2007																			SOM
Somalia					0.0	0.0			0.0	0.0	2008																			SOM
Somalia	0.0	2.0				-1.0		0.0			2009				0.0															SOM
Somalia	0.0	2.0				-1.0		0.0			2010																			SOM
Somalia	0.0	2.0				-1.0		0.0			2011																			SOM
Somalia	0.0	2.0				-1.0		0.0			2012																			SOM
Somalia	0.0	2.0				-1.0		0.0			2013																			SOM
South Africa	207.0	22757.0	8877.0		24288.0	1603.0			2857.0	112.1	2004			794.0	247.0	1363.0	-14.0	44.0	14.0	407.0			16783.0							ZAF
South Africa	196.0	14251.0			21469.0	1223.0			1922.0	73.9	2005					2285.0	1.0	3.0	50.0	1180.0										ZAF
South Africa	200.0	15375.0			22951.0	1576.0			1971.0	70.6	2006					2430.0	2.0	75.0	157.0	1164.0										ZAF
South Africa	210.0	21972.0			27841.0	3016.0			2599.0	84.7	2007					2307.0	-45.0	164.0	30.0	1136.0										ZAF
South Africa	213.0	20433.0			28780.0	2649.0			2574.0	80.2	2008						57.0	40.0	-69.0											ZAF
South Africa	181.0	24173.0	2684.0	577.0	20309.0	899.0	5598.0	83.0	2222.0	58.1	2009		5100.0	319.0	128.0	1845.0	34.0	83.0	2.0	1130.0			20309.0							ZAF
South Africa	183.0	29458.0	3139.0	699.0	23548.0	1218.0	5803.0	71.0	2488.0	61.1	2010					1360.0	137.0	54.0	130.0	323.0				440.0	433.0	334.0	19338.0	1676.0	845.0	ZAF
South Africa	194.0	32458.0	3093.0	451.0	27378.0	1364.0	6437.0	90.0	2817.0	66.0	2011					1535.0	78.0	52.0	114.0	326.0				499.0	126.0	427.0	22655.0	1851.0	1450.0	ZAF
South Africa	194.0	40448.0	3639.0	621.0	36304.0	1117.0	6767.0	102.0	3388.0	98.1	2012					1195.0	103.0	78.0	213.0	369.0				1008.0	173.0	517.0	30563.0	1823.0	1845.0	ZAF
South Africa	200.0	38101.0	3460.0	672.0	34581.0	1114.0	6618.0	99.0	3326.0	97.3	2013					1266.0	-14.0	96.0	134.0	382.0				974.0	192.0	592.0	29462.0	1479.0	1495.0	ZAF
South Africa	236.0	42013.0	3677.0	463.0	35236.0	1286.0	6621.0	68.0	3498.0	107.6	2014		7017.0	634.0	152.0	1548.0	-62.0	233.0	-5.0	439.0			35236.0	1237.0	342.0	638.0	29711.0	1566.0	1227.0	ZAF
South Africa	240.0	41214.0	3597.0	532.0	32317.0	996.0	6254.0	42.0	3326.0	109.0	2015					1102.0	181.0	106.0	107.0	316.0				266.0	1172.0	952.0	25926.0	1125.0	2262.0	ZAF
South Africa	248.0	40203.0	3894.0	507.0	29156.0	624.0	5690.0	58.0	3205.0	113.9	2016					804.0	-67.0	99.0	5.0	281.0				1622.0	159.0	425.0	23136.0	1128.0	2032.0	ZAF
South Africa	255.0	41699.0	4085.0	621.0	31533.0	680.0	6077.0	64.0	3458.0	125.0	2017					693.0	15.0	117.0	221.0	347.0				1770.0	147.0	343.0	25492.0	583.0	2689.0	ZAF
South Africa	258.0	40289.0	4220.0	570.0	32774.0	1024.0	6702.0	71.0	3412.0	126.3	2018					1143.0	35.0	28.0	231.0	374.0				2037.0	145.0	417.0	25695.0	695.0	3010.0	ZAF
South Africa	264.0	54905.0	6575.0	777.0	34506.0	1274.0	7005.0	61.0	3375.0	137.6	2019	250.0				1285.0	161.0		301.0	238.0	-73.0			2066.0	61.0	475.0	28176.0	832.0	2183.0	ZAF
South Africa	270.0	60508.0	8373.0	978.0	33147.0	741.0	6470.0	64.0	3270.0	142.9	2020					813.0	137.0	-18.0	133.0	185.0				1656.0	114.0	789.0	26130.0	968.0	2914.0	ZAF
South Africa	259.0	59577.0	8729.0	1334.0	38522.0	908.0	7248.0	74.0	3387.0	131.2	2021					889.0	105.0	28.0	234.0	242.0				2101.0	162.0	1128.0	30211.0	905.0	3346.0	ZAF
South Korea	335.0	158803.0	14168.0	1956.0	73674.0	4723.0	15710.0	990.0	7460.0	116.3	2018					4476.0	-923.0	196.0	1339.0	1287.0				5510.0	430.0	1215.0	50332.0	6382.0	5251.0	KOR
South Korea	379.0	191627.0	15505.0	2198.0	75382.0	5345.0	17892.0	964.0	7486.0	117.5	2019	398.0				6089.0	-767.0	99.0	798.0	1641.0	75.0	24.0		4181.0	256.0	1530.0	50984.0	6444.0	6281.0	KOR
South Korea	370.0	184562.0	15625.0	2218.0	76666.0	5108.0	17976.0	1014.0	7565.0	121.8	2020					6159.0	-978.0	36.0	383.0	1469.0				5536.0	297.0	2170.0	50050.0	6774.0	5552.0	KOR
South Korea	368.0	160700.0	16998.0	2922.0	84016.0	5277.0	20324.0	1091.0	8026.0	126.2	2021					7039.0	-554.0	134.0	-252.0	1644.0				5376.0	364.0	3190.0	54821.0	7789.0	7126.0	KOR
South Sudan	0.0			0.0				0.0	0.0	0.0	2014				0.0															SSD
South Sudan	0.0			0.0				0.0	0.0	0.0	2015																			SSD
South Sudan	0.0			0.0				0.0	0.0	0.0	2016																			SSD
South Sudan	0.0			0.0				0.0	0.0	0.0	2017																			SSD
South Sudan	0.0			0.0				0.0	0.0	0.0	2018																			SSD
Spain	607.0	130185.0	21156.0		80004.0	5726.0			9815.0	219.6	2004		47318.0	4517.0	523.0	3333.0	-19.0	3336.0	19.0	1010.0			70100.0							ESP
Spain	614.0	153174.0			88484.0	6447.0			9938.0	212.3	2005					3851.0	169.0	3836.0	-13.0	1295.0										ESP
Spain	629.0	173618.0			95424.0	8161.0			10528.0	215.6	2006					3683.0	408.0	4191.0	148.0	1346.0										ESP
Spain	627.0	197117.0			108569.0	10756.0			11624.0	216.8	2007					4240.0	624.0	6381.0	131.0	1482.0										ESP
Spain	620.0	179495.0			113215.0	10012.0			12708.0	209.0	2008					2378.0	704.0	7632.0	-142.0	1400.0										ESP
Spain	560.0	185459.0	15094.0	2074.0	84921.0	5659.0	15666.0	570.0	11406.0	183.5	2009		55288.0	4924.0	331.0	1651.0	-349.0	5612.0	-5.0				84921.0							ESP
Spain	551.0	172603.0	14006.0	1855.0	84004.0	12200.0	17508.0	361.0	10648.0	176.1	2010					3468.0	131.0	9133.0	591.0	981.0				1682.0	220.0	1976.0	53068.0	18814.0	6186.0	ESP
Spain	550.0	169096.0	14148.0	1884.0	88740.0	7556.0	18549.0	398.0	11455.0	179.2	2011					3617.0	242.0	4992.0	-168.0	874.0				1418.0	148.0	2666.0	55639.0	20436.0	6321.0	ESP
Spain	554.0	142652.0	13620.0	2499.0	75999.0	735.0	13733.0	272.0	10591.0	172.1	2012					371.0	64.0	898.0	461.0	990.0				1838.0	172.0	2361.0	47138.0	15513.0	7154.0	ESP
Spain	543.0	155682.0	15621.0	1975.0	77874.0	5994.0	15197.0	285.0	10295.0	167.8	2013					2326.0	-101.0	4780.0	-353.0	754.0				1881.0	170.0	4109.0	45689.0	16999.0	7222.0	ESP
Spain	623.0	159594.0	16584.0	3123.0	85384.0	4738.0	16354.0	439.0	10952.0	180.0	2014		33945.0	2245.0	367.0	2622.0	-46.0	2419.0	51.0	918.0			85384.0	1308.0	980.0	3582.0	48603.0	17694.0	10687.0	ESP
Spain	634.0	154006.0	15160.0	1939.0	82107.0	6397.0	15521.0	379.0	10330.0	176.6	2015					2822.0	-401.0	3276.0	1088.0	788.0				1326.0	872.0	1912.0	47224.0	19606.0	8883.0	ESP
Spain	634.0	162744.0	14850.0	3323.0	84674.0	6563.0	16901.0	364.0	10643.0	179.5	2016					4103.0	-813.0	3858.0	-466.0	931.0				1695.0	629.0	2268.0	48886.0	20102.0	8606.0	ESP
Spain	646.0	173549.0	16094.0	2464.0	83668.0	6235.0	16915.0	427.0	10483.0	176.2	2017					4558.0	-1145.0	3074.0	-122.0	1275.0				1187.0	593.0	1422.0	51521.0	15756.0	10065.0	ESP
Spain	647.0	180316.0	16543.0	2573.0	94595.0	8816.0	17640.0	473.0	11165.0	175.9	2018					5315.0	-1851.0	4315.0	432.0	1246.0				1091.0	967.0	2043.0	58100.0	17605.0	10591.0	ESP
Spain	701.0	186114.0	17467.0	2412.0	91014.0	9441.0	17734.0	401.0	11467.0	189.5	2019	516.0				4979.0	-1158.0			925.0	5051.0			1414.0	603.0	2600.0	56821.0	16945.0	9667.0	ESP
Spain	679.0	175558.0	17224.0	2076.0	87502.0	8270.0	16839.0	415.0	11692.0	185.8	2020					3201.0	-1113.0			723.0				1264.0	636.0	2225.0	53853.0	16571.0	10078.0	ESP
Spain	684.0	165880.0	16868.0	2118.0	89740.0	6531.0	17190.0	536.0	11841.0	180.5	2021					3146.0	-1094.0	4195.0	19.0	824.0				1388.0	514.0	1702.0	61685.0	12101.0	9486.0	ESP
Sri Lanka	7.0				157.0	18.0					2004			9.0	17.0															LKA
Sri Lanka	7.0	293.0							8.0	1.4	2005																			LKA
Sri Lanka	7.0	204.0			307.0	30.0			8.0	1.3	2006																			LKA
Sri Lanka	7.0	245.0			357.0	23.0			8.0	1.4	2007																			LKA
Sri Lanka	7.0	232.0			417.0	9.0			8.0	1.3	2008																			LKA
Sri Lanka	8.0	506.0	102.0	2.0	353.0	7.0	126.0	0.0	58.0	4.5	2009		85.0	9.0	6.0															LKA
Sri Lanka	8.0	537.0	97.0	1.0	362.0	-2.0	124.0	0.0	58.0	4.5	2010																			LKA
Sri Lanka	10.0	582.0	91.0	4.0	427.0	-43.0	87.0	0.0	62.0	5.2	2011																			LKA
Sri Lanka	10.0	597.0	49.0	2.0	455.0	-18.0	102.0	0.0	59.0	4.9	2012																			LKA
Sri Lanka	8.0	546.0	36.0		318.0	5.0	126.0	0.0	60.0	4.4	2013																			LKA
Sri Lanka	12.0	619.0	63.0	13.0	448.0	49.0	122.0		42.0	3.8	2014			16.0	10.0															LKA
Sri Lanka	12.0	611.0	52.0	5.0	358.0	34.0	108.0		41.0	3.7	2015																			LKA
Sri Lanka	11.0	578.0	53.0	5.0	312.0	49.0	121.0		40.0	3.7	2016																			LKA
Sri Lanka	11.0	594.0	59.0	5.0	327.0	45.0	117.0		41.0	4.3	2017																			LKA
Sri Lanka	11.0	583.0	58.0	5.0	337.0	45.0	115.0		42.0	4.3	2018																			LKA
Sri Lanka	12.0	690.0	65.0	4.0	335.0	52.0	120.0		36.0	3.8	2019	27.0																		LKA
Sri Lanka	12.0	668.0	84.0	4.0	328.0	47.0	118.0		36.0	3.8	2020																			LKA
Sri Lanka	12.0	715.0	86.0	4.0	381.0	56.0	131.0		35.0	3.9	2021																			LKA
St. Kitts and Nevis	2.0										2004																			KNA
St. Kitts and Nevis	3.0										2005																			KNA
St. Kitts and Nevis	3.0										2006																			KNA
St. Kitts and Nevis	4.0										2007																			KNA
St. Kitts and Nevis	4.0										2008																			KNA
St. Kitts and Nevis	6.0		4.0		34.0		7.0	0.0	7.0	0.2	2009			-1.0	1.0															KNA
St. Kitts and Nevis	7.0		4.0		34.0		1.0	0.0	7.0	0.2	2010																			KNA
St. Kitts and Nevis	6.0		4.0		34.0		12.0	0.0	7.0	0.2	2011																			KNA
St. Kitts and Nevis	6.0		4.0		34.0		12.0	0.0	7.0	0.2	2012																			KNA
St. Kitts and Nevis	2.0		4.0		34.0		12.0	0.0	7.0	0.2	2013																			KNA
St. Kitts and Nevis	12.0	1556.0	100.0		325.0	93.0	112.0	0.0	27.0	0.8	2014		572.0		10.0															KNA
St. Kitts and Nevis	10.0	1497.0	92.0		328.0	95.0	131.0	0.0	31.0	0.8	2015																			KNA
St. Kitts and Nevis	12.0	1680.0	103.0	4.0	457.0	140.0	176.0	0.0	28.0	0.8	2016																			KNA
St. Kitts and Nevis	12.0	1873.0	105.0	8.0	425.0	141.0	172.0	0.0	28.0	0.8	2017																			KNA
St. Kitts and Nevis	11.0	1977.0	108.0	9.0	359.0	111.0	154.0	0.0	27.0	0.7	2018																			KNA
St. Kitts and Nevis	13.0	2354.0	110.0	7.0	353.0	68.0	117.0	0.0	31.0	0.7	2019	14.0																		KNA
St. Kitts and Nevis	12.0	1137.0	107.0	2.0	262.0	30.0	71.0	0.0	31.0	0.7	2020																			KNA
St. Kitts and Nevis	12.0	1155.0	105.0	2.0	280.0	55.0	98.0	0.0	31.0	0.7	2021																			KNA
St. Lucia	3.0	77.0	18.0		56.0	14.0			4.0	0.4	2004		37.0	14.0	6.0															LCA
St. Lucia	3.0	106.0			86.0	30.0			5.0	0.4	2005																			LCA
St. Lucia	2.0	125.0							4.0	0.4	2006																			LCA
St. Lucia	3.0	194.0							4.0	0.4	2007																			LCA
St. Lucia	3.0	237.0							5.0	0.4	2008																			LCA
St. Lucia	5.0	171.0	14.0		149.0		54.0	0.0	7.0	0.5	2009		117.0		5.0															LCA
St. Lucia	5.0	334.0	16.0	2.0	156.0		61.0	0.0	6.0	0.5	2010																			LCA
St. Lucia	4.0	266.0	8.0	2.0				0.0	6.0	0.4	2011																			LCA
St. Lucia	5.0	294.0	11.0	2.0		56.0	30.0	0.0	7.0	0.5	2012																			LCA
St. Lucia	5.0	294.0	7.0	1.0	125.0	74.0	26.0	0.0	7.0	0.5	2013																			LCA
St. Lucia	7.0	291.0	7.0		42.0	61.0	19.0	0.0	2.0	0.1	2014		135.0	52.0	7.0															LCA
St. Lucia	7.0	288.0	7.0		40.0	31.0	-10.0	0.0	2.0	0.1	2015																			LCA
St. Lucia	7.0	302.0	7.0		43.0	35.0	-6.0	0.0	2.0	0.1	2016																			LCA
St. Lucia	8.0	458.0	7.0		44.0	51.0	-10.0	0.0	2.0	0.1	2017																			LCA
St. Lucia	8.0	334.0	7.0		43.0	33.0	-10.0	0.0	2.0	0.1	2018																			LCA
St. Lucia	8.0	431.0	6.0		53.0	58.0	10.0	0.0	3.0	0.2	2019	13.0																		LCA
St. Lucia	9.0	533.0	6.0		52.0	51.0	-1.0	0.0		0.2	2020																			LCA
St. Lucia	10.0	735.0	15.0	2.0	55.0	63.0	12.0	0.0		0.2	2021																			LCA
St. Vincent and the Grenadines	2.0										2004																			VCT
St. Vincent and the Grenadines	2.0										2005																			VCT
St. Vincent and the Grenadines	1.0	7.0							1.0		2006																			VCT
St. Vincent and the Grenadines	1.0										2007																			VCT
St. Vincent and the Grenadines	1.0										2008																			VCT
St. Vincent and the Grenadines	0.0	8.0	1.0			-1.0		0.0	1.0		2009		1.0		0.0															VCT
St. Vincent and the Grenadines	0.0	8.0	1.0			-1.0		0.0	1.0		2010																			VCT
St. Vincent and the Grenadines	0.0	8.0	1.0			-1.0		0.0	1.0		2011																			VCT
St. Vincent and the Grenadines	0.0	8.0	1.0			-1.0		0.0	1.0		2012																			VCT
St. Vincent and the Grenadines	0.0	8.0	1.0			-1.0		0.0	1.0		2013																			VCT
St. Vincent and the Grenadines	0.0	11.0	3.0		6.0	-3.0	-1.0	0.0	2.0	0.1	2014		6.0	-1.0	0.0															VCT
St. Vincent and the Grenadines	0.0	11.0	3.0		6.0	-3.0	-1.0	0.0	2.0	0.1	2015																			VCT
St. Vincent and the Grenadines	0.0	11.0	3.0		6.0	-3.0	-1.0	0.0	2.0	0.1	2016																			VCT
St. Vincent and the Grenadines	0.0	11.0	3.0		6.0	-3.0	-1.0	0.0	2.0	0.1	2017																			VCT
St. Vincent and the Grenadines	0.0	11.0	3.0		6.0	-3.0	-1.0	0.0	2.0	0.1	2018																			VCT
St. Vincent and the Grenadines	0.0	8.0	1.0		7.0		2.0	0.0	2.0	0.1	2019	1.0																		VCT
St. Vincent and the Grenadines	0.0	8.0	1.0		7.0		2.0	0.0	2.0		2020																			VCT
St. Vincent and the Grenadines	0.0	8.0	1.0		7.0		2.0	0.0	2.0		2021																			VCT
Sudan	0.0	1.0						0.0	0.0	0.0	2009				0.0															SDN
Sudan	0.0	1.0						0.0	0.0	0.0	2010																			SDN
Sudan	0.0	1.0						0.0	0.0	0.0	2011																			SDN
Sudan	0.0	1.0						0.0	0.0	0.0	2012																			SDN
Sudan	0.0	1.0						0.0	0.0	0.0	2013																			SDN
Sudan	1.0							0.0	0.0	0.0	2019	1.0																		SDN
Sudan	1.0							0.0	0.0	0.0	2020																			SDN
Sudan	1.0							0.0	0.0	0.0	2021																			SDN
Suriname	4.0	324.0	141.0		354.0	63.0			25.0	0.7	2004				6.0															SUR
Suriname	4.0				422.0	44.0			24.0	0.7	2005																			SUR
Suriname	4.0				535.0	65.0			34.0	0.7	2006																			SUR
Suriname	4.0				563.0	77.0			36.0	0.7	2007																			SUR
Suriname	3.0								35.0	0.6	2008																			SUR
Suriname	3.0					-21.0		1.0		0.7	2009				2.0															SUR
Suriname	3.0									0.6	2010																			SUR
Suriname	3.0							1.0		0.6	2011																			SUR
Suriname	3.0							1.0		0.6	2012																			SUR
Suriname	3.0							1.0		0.6	2013																			SUR
Suriname	3.0			5.0		-13.0	55.0			0.7	2014				2.0															SUR
Suriname	3.0									0.9	2015																			SUR
Suriname	3.0							1.0	49.0	1.3	2016																			SUR
Suriname	3.0									1.4	2017																			SUR
Suriname	3.0										2018																			SUR
Suriname	5.0										2019	8.0																		SUR
Suriname	5.0		1007.0								2020																			SUR
Suriname	6.0		1005.0								2021																			SUR
Swaziland	2.0										2004																			SWZ
Swaziland	2.0								9.0	0.2	2005																			SWZ
Swaziland	2.0								9.0	0.2	2006																			SWZ
Swaziland	2.0										2007																			SWZ
Swaziland	2.0										2008																			SWZ
Swaziland	2.0		30.0	2.0				0.0		0.2	2009		1.0	1.0	2.0															SWZ
Swaziland	2.0		33.0	3.0				0.0		0.2	2010																			SWZ
Swaziland	2.0		29.0	1.0				0.0		0.2	2011																			SWZ
Swaziland	2.0		26.0	1.0				0.0		0.2	2012																			SWZ
Swaziland	2.0		23.0	1.0				0.0		0.2	2013																			SWZ
Swaziland	2.0		26.0	3.0						0.2	2014				2.0															SWZ
Swaziland	1.0		24.0							0.2	2015																			SWZ
Swaziland	1.0		25.0	1.0						0.2	2016																			SWZ
Swaziland	1.0		26.0	1.0						0.1	2017																			SWZ
Sweden	345.0				44770.0	5297.0			6384.0	102.8	2004			1161.0	362.0	2634.0	613.0	2800.0	12.0	152.0			44677.0							SWE
Sweden	355.0	99926.0			52074.0	2471.0			6919.0	107.1	2005					1369.0	491.0	1671.0	-123.0	455.0										SWE
Sweden	364.0				51923.0	2341.0			7051.0	106.1	2006					1740.0	281.0	1601.0	-743.0	267.0										SWE
Sweden	374.0										2007					1355.0	-117.0	4344.0	1102.0	323.0										SWE
Sweden	360.0										2008					-1065.0	825.0	5144.0	1337.0	177.0										SWE
Sweden	310.0	126477.0	6896.0	1028.0	41704.0	-733.0	7023.0	1133.0	6110.0	80.0	2009				200.0	-642.0	604.0			226.0			41704.0							SWE
Sweden	302.0	117341.0	3339.0	452.0	30713.0	1019.0	5892.0	400.0	4662.0	64.9	2010					-295.0	563.0	2622.0	-930.0	377.0				884.0	192.0	956.0	18127.0	7327.0	2736.0	SWE
Sweden	310.0	121894.0	4457.0	522.0	36284.0	2981.0	7379.0	544.0	5466.0	72.3	2011					17.0	938.0	3099.0	343.0	477.0				1008.0	203.0	1301.0	21417.0	8544.0	3256.0	SWE
Sweden	321.0	130428.0	4749.0	848.0	36134.0	4885.0	9305.0	572.0	5578.0	74.9	2012					2029.0	660.0	2823.0	12.0	-22.0				1208.0	393.0	2834.0	19864.0	7398.0	3552.0	SWE
Sweden	323.0	148119.0	4798.0	892.0	35045.0	3100.0	8682.0	644.0	5807.0	80.1	2013					1815.0	-142.0	1887.0	4.0	605.0				962.0	1173.0	2658.0	19476.0	6241.0	3690.0	SWE
Sweden	385.0	138512.0	4015.0	510.0	37735.0	2666.0	10981.0	822.0	6223.0	72.1	2014		33077.0	1448.0	243.0	3195.0	309.0			475.0			37735.0	2020.0	408.0	1989.0	21493.0	7484.0	3621.0	SWE
Sweden	383.0	124991.0	4297.0	1202.0	34236.0	3016.0	9899.0	706.0	5905.0	71.3	2015					2489.0	155.0	987.0	186.0	646.0				1847.0	337.0	1377.0	19528.0	6275.0	4247.0	SWE
Sweden	382.0	124916.0	4375.0	608.0	34683.0	5066.0	10014.0	713.0	5867.0	71.7	2016					2938.0	-62.0	2913.0	-44.0	741.0				2157.0	380.0	1226.0	18878.0	7043.0	4461.0	SWE
Sweden	387.0	125637.0	4827.0	858.0	32824.0	5388.0	9628.0	800.0	5714.0	72.0	2017					3062.0	-376.0	2750.0	8.0	432.0				2569.0	313.0	1166.0	17873.0	5524.0	4663.0	SWE
Sweden	388.0	118911.0	5249.0	806.0	34701.0	4461.0	8203.0	825.0	5629.0	71.9	2018					1880.0	-527.0			711.0				2519.0	264.0	1358.0	18728.0	6111.0	4875.0	SWE
Sweden	423.0	160033.0	5505.0	770.0	35942.0	15688.0	9039.0	793.0	5610.0	65.5	2019	350.0				2548.0	-297.0			865.0		51.0		2262.0	316.0	1581.0	21233.0	5541.0	3863.0	SWE
Sweden	423.0	162425.0	6379.0	1261.0	32749.0	11415.0	8647.0	765.0	5298.0	59.9	2020					2376.0	-101.0			565.0				1593.0	368.0	1678.0	21142.0	4369.0	3169.0	SWE
Sweden	414.0	158933.0	7648.0	1867.0	38285.0	-9930.0	11284.0	878.0	5750.0	61.2	2021					4401.0	-33.0			447.0				2093.0	354.0	1380.0	26475.0	4379.0	3143.0	SWE
Switzerland	552.0	318941.0	7251.0		138855.0	26155.0			5878.0	79.0	2004		104948.0	12010.0	416.0	8854.0	-110.0	17099.0	5.0	1142.0			135897.0							CHE
Switzerland	571.0	342953.0			166870.0	40019.0			7497.0	100.7	2005					11089.0	-892.0	29835.0	506.0	1431.0										CHE
Switzerland	607.0	401703.0			192645.0	44712.0			8142.0	109.5	2006					14033.0	-510.0	32043.0	-42.0	1574.0										CHE
Switzerland	637.0	440678.0			240629.0	49141.0			8375.0	90.4	2007					15515.0	-713.0	34863.0	134.0	1655.0										CHE
Switzerland	628.0	439642.0			284939.0	54847.0			9087.0	96.6	2008					18415.0	-696.0	37988.0	-81.0	1822.0										CHE
Switzerland	611.0	535067.0	11161.0	1735.0	251072.0	56951.0	35316.0	1436.0	9313.0	88.0	2009		128878.0	16656.0	292.0	22633.0	-1433.0	34522.0		2188.0			251072.0							CHE
Switzerland	606.0	535946.0	11441.0	1611.0	268723.0	55339.0	33555.0	1588.0	9749.0	88.1	2010					21618.0	-1519.0	36222.0	-99.0	2373.0				17632.0	7845.0	7643.0	60844.0	97727.0	74815.0	CHE
Switzerland	611.0	622317.0	11610.0	1881.0	305415.0	60729.0	40469.0	2306.0	11115.0	91.9	2011					26838.0	-1566.0	38018.0	-134.0	3949.0				18861.0	8663.0	9705.0	67778.0	116210.0	81827.0	CHE
Switzerland	629.0	684381.0	11433.0	1671.0	292243.0	54019.0	36460.0	2364.0	11414.0	88.7	2012					23741.0	-1952.0	32608.0	230.0	2518.0				20613.0	9159.0	6853.0	61745.0	106324.0	85078.0	CHE
Switzerland	640.0	714945.0	11741.0	1779.0	284983.0	64468.0	47523.0	3749.0	11191.0	87.2	2013					34743.0	-1700.0	32716.0	-88.0	2859.0				16730.0	6602.0	6637.0	63110.0	109797.0	79242.0	CHE
Switzerland	748.0	766307.0	10291.0	2068.0	337624.0	70604.0	53058.0	4441.0	13077.0	103.1	2014		141826.0	20789.0	380.0	38185.0	-1578.0	33619.0	1414.0	2677.0			337624.0	22085.0	7542.0	6715.0	73624.0	138596.0	86514.0	CHE
Switzerland	775.0	856690.0	11438.0	2251.0	311613.0	74134.0	54707.0	4223.0	13307.0	105.4	2015					39664.0	-1597.0	37699.0	-121.0	3105.0				18756.0	6571.0	6943.0	68476.0	132063.0	76276.0	CHE
Switzerland	781.0	926017.0	14167.0	3864.0	314670.0	68302.0	56492.0	4410.0	12886.0	97.9	2016					42521.0	-2137.0	28853.0	580.0	3649.0				23721.0	7524.0	9765.0	62711.0	129776.0	78084.0	CHE
Switzerland	791.0	1076215.0	14721.0	2896.0	353127.0	66939.0	51521.0	4950.0	13405.0	98.7	2017					36891.0	-2326.0	34405.0	-575.0	3781.0				29125.0	7464.0	12593.0	72339.0	132093.0	96179.0	CHE
Switzerland	784.0	1060287.0	15402.0	2761.0	411121.0	84440.0	56478.0	5553.0	13468.0	98.7	2018					40290.0	-923.0	43573.0	5162.0	4583.0				29425.0	10031.0	12727.0	98091.0	130087.0	127928.0	CHE
Switzerland	845.0	1231078.0	15863.0	2705.0	394116.0	71763.0	56041.0	4578.0	13356.0	100.9	2019	502.0				40631.0	-1237.0			1407.0	39505.0			21011.0	9571.0	22232.0	82827.0	124380.0	131352.0	CHE
Switzerland	836.0	1184939.0	14368.0	2027.0	350671.0	55400.0	40270.0	5377.0	12926.0	95.5	2020					24441.0	-300.0			3845.0				20148.0	9040.0	17254.0	79736.0	117526.0	105648.0	CHE
Switzerland	841.0	1106882.0	14323.0	2313.0	413073.0	66179.0	51470.0	6060.0	13512.0	93.4	2021					34714.0	15.0			6101.0				21496.0	9732.0	17777.0	95639.0	143257.0	123937.0	CHE
Syria	2.0										2004				5.0															SYR
Syria	2.0								2.0	0.1	2005																			SYR
Syria	2.0										2006																			SYR
Syria	2.0										2007																			SYR
Syria	2.0										2008																			SYR
Syria	2.0				8.0		5.0	0.0	4.0	0.2	2009		7.0	1.0	1.0															SYR
Syria	2.0				8.0	1.0	6.0	0.0		0.2	2010																			SYR
Syria	2.0				8.0	1.0	6.0	0.0		0.2	2011																			SYR
Syria	2.0					1.0	6.0	0.0		0.2	2012																			SYR
Syria	2.0					1.0	6.0	0.0		0.2	2013																			SYR
Syria	2.0		1.0		5.0		1.0	0.0	0.0	0.0	2014				1.0															SYR
Syria	2.0			1.0		1.0	5.0	0.0	0.0	0.0	2015																			SYR
Syria	2.0			1.0			3.0	0.0	0.0	0.0	2016																			SYR
Syria	2.0			1.0				0.0	0.0	0.0	2017																			SYR
Syria	0.0	1.0						0.0	0.0	0.0	2018																			SYR
Taiwan	241.0	73262.0	4999.0		33363.0	3219.0			2053.0	83.5	2004		12059.0	1657.0	303.0	2362.0	94.0	862.0	170.0	745.0			31138.0							TWN
Taiwan	239.0	78320.0			37903.0	2161.0			2276.0	92.0	2005					2371.0	-91.0	94.0	-133.0	415.0										TWN
Taiwan	258.0	92762.0			41094.0	2349.0			2393.0	94.6	2006					2586.0	29.0	135.0	78.0	547.0										TWN
Taiwan	262.0	106444.0			43928.0	3100.0			2632.0	104.5	2007					3225.0	71.0	190.0	66.0	671.0										TWN
Taiwan	250.0				44605.0	-511.0			2535.0	100.7	2008						-2200.0	232.0	-4151.0	-2.0										TWN
Taiwan	228.0	117444.0	8062.0	1100.0	37446.0	3089.0	5007.0	196.0	2512.0	90.7	2009		18970.0		166.0	3001.0	-1772.0	41.0	1.0	654.0			37446.0							TWN
Taiwan	226.0	141735.0	8858.0	1275.0	44270.0	4106.0	6158.0	278.0	2727.0	88.9	2010					4104.0	-2222.0	79.0	636.0	713.0				2573.0	335.0	775.0	26080.0	5584.0	2640.0	TWN
Taiwan	224.0	84794.0	7861.0	1001.0	37884.0	3799.0	7648.0	242.0	2730.0	86.8	2011					4162.0	-593.0	131.0	260.0	754.0				2360.0	491.0	551.0	23618.0	5774.0	3692.0	TWN
Taiwan	225.0	80317.0	7385.0	1323.0	36873.0	3240.0	7406.0	274.0	2813.0	88.4	2012					3769.0	-415.0	121.0	54.0	704.0				2633.0	217.0	1388.0	22873.0	6063.0	2409.0	TWN
Taiwan	226.0	70551.0	6965.0	992.0	34813.0	2891.0	6936.0	269.0	2818.0	86.9	2013					3247.0	-378.0	139.0	51.0	546.0				1460.0	616.0	1458.0	23109.0	4158.0	2956.0	TWN
Taiwan	256.0	73990.0	7793.0	1302.0	38691.0	3292.0	7500.0	443.0	3168.0	98.3	2014		15675.0	1276.0	182.0	3249.0	-312.0			559.0			38691.0	1672.0	641.0	1726.0	24636.0	6053.0	2989.0	TWN
Taiwan	253.0	70549.0	7693.0	1208.0	37787.0	2845.0	7235.0	423.0	3156.0	94.0	2015					2887.0	-214.0	322.0	110.0	474.0				1955.0	581.0	911.0	24804.0	5344.0	3203.0	TWN
Taiwan	258.0	71511.0	9068.0	2152.0	36611.0	2905.0	7480.0	383.0	3239.0	100.1	2016					2878.0	-121.0	318.0	195.0	485.0				2189.0	616.0	552.0	23635.0	5370.0	3331.0	TWN
Taiwan	261.0	81507.0	13309.0	2672.0	39839.0	3534.0	8719.0	440.0	3394.0	82.4	2017					3412.0	-245.0	417.0	283.0	578.0				2283.0	603.0	786.0	25016.0	8297.0	1774.0	TWN
Taiwan	260.0	86233.0	14991.0	3921.0	43694.0	3530.0	9558.0	438.0	3912.0	91.2	2018					3132.0	-386.0	648.0	335.0	585.0				2694.0	613.0	1598.0	27431.0	8903.0	1185.0	TWN
Taiwan	284.0	90967.0	16934.0	5101.0	46273.0	3896.0	10258.0	461.0	3956.0	92.6	2019	283.0				3508.0	-399.0		473.0	717.0				2074.0	392.0	3535.0	28485.0	9319.0	1115.0	TWN
Taiwan	292.0	105260.0	16012.0	5076.0	48755.0	3838.0	10445.0	440.0	4322.0	97.4	2020					2870.0	-246.0	470.0	1154.0	655.0				2147.0	480.0	3493.0	30191.0	9688.0	1562.0	TWN
Taiwan	292.0	98551.0	19080.0	4687.0	58053.0	4238.0	13353.0	602.0	4927.0	101.4	2021					4315.0	-215.0	647.0	107.0	831.0				2857.0	532.0	1624.0	35998.0	13876.0	2376.0	TWN
Tajikistan					5.0	-1.0			1.0	0.1	2004				1.0															TJK
Tajikistan					5.0	-1.0			1.0	0.1	2005																			TJK
Tajikistan					5.0	-1.0			1.0	0.1	2006																			TJK
Tajikistan					5.0	-1.0			1.0	0.1	2007																			TJK
Tajikistan					5.0	-1.0			1.0	0.1	2008																			TJK
Tajikistan	1.0	75.0			36.0	7.0	14.0	0.0	4.0	0.6	2014		47.0	8.0	1.0															TJK
Tajikistan	1.0				36.0	7.0	14.0	0.0	4.0	0.6	2015																			TJK
Tajikistan	1.0	61.0			34.0	4.0	10.0	0.0	3.0	0.4	2016																			TJK
Tajikistan	1.0	64.0			36.0	4.0	10.0	0.0	3.0	0.4	2017																			TJK
Tajikistan	1.0	63.0			37.0	4.0	9.0	0.0	3.0	0.4	2018																			TJK
Tajikistan	3.0	61.0		3.0	71.0		38.0	0.0	5.0	0.9	2019	4.0																		TJK
Tajikistan	3.0	64.0		4.0	68.0		37.0	0.0	5.0	0.9	2020																			TJK
Tajikistan	3.0	67.0		4.0	81.0		42.0	0.0	5.0	0.9	2021																			TJK
Tanzania	2.0										2004																			TZA
Tanzania	2.0										2005																			TZA
Tanzania	2.0	81.0							7.0	0.6	2006																			TZA
Tanzania	2.0										2007																			TZA
Tanzania	2.0										2008																			TZA
Tanzania	3.0	393.0	24.0	1.0	151.0	12.0	17.0	0.0	14.0	0.6	2009				3.0															TZA
Tanzania	2.0		35.0	2.0	140.0	13.0	24.0	0.0	16.0	0.7	2010																			TZA
Tanzania	2.0		24.0	3.0	158.0	7.0	20.0	0.0	17.0	1.1	2011																			TZA
Tanzania	7.0	1203.0			227.0	-66.0	24.0	0.0	42.0		2012																			TZA
Tanzania	9.0		247.0		398.0	-13.0	151.0	0.0	44.0	0.9	2013																			TZA
Tanzania	20.0	2905.0	454.0		324.0		38.0	0.0	47.0	2.0	2014		1291.0	-48.0	8.0															TZA
Tanzania	20.0	2990.0	492.0	6.0	322.0	-82.0	85.0	0.0	50.0	2.0	2015																			TZA
Tanzania	20.0	3155.0	506.0		278.0	-4.0	116.0	0.0	45.0	2.5	2016																			TZA
Tanzania	20.0	3244.0	484.0	23.0	371.0	-8.0	102.0	0.0	51.0	3.9	2017																			TZA
Tanzania	21.0	3287.0	489.0	34.0	233.0	-21.0	82.0	0.0	45.0	3.1	2018																			TZA
Tanzania	22.0	3281.0	519.0	7.0	289.0	-46.0	127.0	0.0	33.0	1.9	2019	20.0																		TZA
Tanzania	22.0	3484.0	514.0	15.0	238.0	-4.0	114.0	0.0	30.0	1.5	2020																			TZA
Tanzania	17.0	3439.0	478.0	4.0	270.0	65.0	140.0	0.0	32.0	1.6	2021																			TZA
Thailand	231.0	33855.0	7993.0		31449.0	2721.0			1292.0	142.7	2004		6913.0	1521.0	254.0	2962.0	-40.0	269.0	7.0	760.0			29248.0							THA
Thailand	221.0	38277.0			37252.0	2515.0			1238.0	146.8	2005					3056.0	-81.0	111.0	121.0	962.0										THA
Thailand	227.0	45221.0			42887.0	3559.0			1416.0	146.8	2006					4040.0	-176.0	267.0	558.0	1409.0										THA
Thailand	230.0	51049.0			46249.0	3427.0			1734.0	156.4	2007					4477.0	-229.0	269.0	-33.0	1536.0										THA
Thailand	216.0	48326.0			52029.0	3671.0			1886.0	169.5	2008					5710.0	-771.0	307.0	-577.0	1922.0										THA
Thailand	194.0	51929.0	11781.0	1941.0	41525.0	3101.0	10647.0	93.0	1922.0	151.8	2009		7235.0	1626.0	133.0	4643.0	-562.0		0.0	1500.0			41525.0							THA
Thailand	199.0	48354.0	12732.0	2365.0	47659.0	5207.0	13780.0	75.0	2315.0	162.9	2010					5686.0	-35.0		-58.0	1309.0				2475.0	480.0	4451.0	26957.0	5878.0	7144.0	THA
Thailand	199.0	47730.0	13464.0	2601.0	55247.0	4732.0	13738.0	111.0	2616.0	167.3	2011					6044.0	-70.0	339.0	234.0	1622.0				3029.0	557.0	5244.0	32953.0	6625.0	6497.0	THA
Thailand	207.0	52003.0	13891.0	3054.0	62912.0	5142.0	15116.0	89.0	2771.0	169.6	2012					7049.0	-64.0	336.0	111.0	2010.0				3855.0	592.0	8710.0	37295.0	6961.0	5128.0	THA
Thailand	206.0	55672.0	15083.0	3334.0	67015.0	5817.0	15663.0	104.0	2969.0	176.8	2013					7114.0	-73.0	327.0	157.0	1420.0				5746.0	724.0	7687.0	36724.0	8546.0	7220.0	THA
Thailand	236.0	58450.0	15212.0	2923.0	62792.0	5576.0	15217.0	108.0	3178.0	177.9	2014		10682.0	562.0	160.0	6452.0	-38.0	297.0	1.0				62792.0	5617.0	736.0	6582.0	34699.0	8368.0	6303.0	THA
Thailand	231.0	72763.0	14335.0	2667.0	55566.0	6045.0	14953.0	97.0	3149.0	170.8	2015					5791.0	-78.0			940.0				5336.0	465.0	5076.0	28910.0	8837.0	6415.0	THA
Thailand	235.0	72576.0	12918.0	1629.0	50853.0	4931.0	13736.0	98.0	2843.0	158.2	2016					4909.0	-86.0	891.0	157.0	718.0				5549.0	341.0	4346.0	26901.0	7752.0	5340.0	THA
Thailand	241.0	73200.0	12359.0	1489.0	57174.0	5935.0	15139.0	115.0	2948.0	161.9	2017					6363.0	-81.0	981.0	-99.0	1065.0				6588.0	354.0	4850.0	29713.0	9016.0	5927.0	THA
Thailand	247.0	77780.0	12487.0	1958.0	66349.0	6787.0	16201.0	128.0	2996.0	166.9	2018					6808.0	-64.0	1204.0	21.0	1000.0				8022.0	430.0	5623.0	36697.0	9525.0	5219.0	THA
Thailand	274.0	83965.0	11386.0	1764.0	61871.0	5411.0	15371.0	90.0	3415.0	184.0	2019	261.0				5536.0	-22.0			1079.0				7658.0	360.0			8729.0	3779.0	THA
Thailand	269.0	74188.0	11149.0	1178.0	54569.0	3778.0	13198.0	93.0	3381.0	172.6	2020					3890.0	-78.0			437.0				8466.0	440.0	5134.0	27147.0	8578.0	3964.0	THA
Thailand	263.0	87412.0	11964.0	1391.0	64037.0	4252.0	14326.0	113.0	3405.0	177.1	2021					4541.0	-63.0			509.0				9761.0	423.0	5119.0	35448.0	9334.0	3083.0	THA
Timor-Leste	0.0					5.0	7.0	0.0	1.0	0.1	2010																			TLS
Timor-Leste	0.0					5.0	7.0	0.0	1.0	0.1	2011																			TLS
Timor-Leste	0.0					5.0	7.0	0.0	1.0	0.1	2012																			TLS
Timor-Leste	0.0					5.0	7.0	0.0	1.0	0.1	2013																			TLS
Togo	2.0										2004																			TGO
Togo	2.0								2.0	0.1	2005																			TGO
Togo	1.0								1.0		2006																			TGO
Togo	1.0										2007																			TGO
Togo	1.0										2008																			TGO
Togo	1.0					1.0	1.0	0.0	0.0	0.0	2009		0.0	0.0	1.0															TGO
Togo	0.0					0.0		0.0	0.0	0.0	2010																			TGO
Togo	0.0					0.0		0.0	0.0	0.0	2011																			TGO
Togo	0.0					0.0		0.0	0.0	0.0	2012																			TGO
Togo	0.0					0.0		0.0	0.0	0.0	2013																			TGO
Togo	1.0		3.0			5.0		0.0	3.0	0.1	2014			4.0	1.0															TGO
Togo	1.0					-5.0		0.0	3.0	0.1	2015																			TGO
Togo	1.0					9.0		0.0	2.0	0.1	2016																			TGO
Togo	1.0					9.0		0.0	2.0	0.1	2017																			TGO
Togo	1.0		2.0	2.0		6.0		0.0	2.0	0.1	2018																			TGO
Togo	1.0		2.0					0.0	2.0	0.1	2019	3.0																		TGO
Togo	1.0		2.0					0.0	3.0	0.1	2020																			TGO
Togo	1.0		2.0		27.0	6.0		0.0	2.0	0.1	2021																			TGO
Tonga		1.0			1.0						2004				1.0															TON
Tonga		1.0			1.0						2005																			TON
Tonga		1.0			1.0						2006																			TON
Tonga		1.0			1.0						2007																			TON
Tonga		1.0			1.0						2008																			TON
Trinidad and Tobago	24.0	6241.0	3806.0		4071.0	1019.0			128.0	4.2	2004		2573.0	886.0	38.0															TTO
Trinidad and Tobago	24.0	6165.0			4081.0	865.0			129.0	4.0	2005																			TTO
Trinidad and Tobago	25.0	7517.0			5459.0	1420.0			127.0	4.0	2006																			TTO
Trinidad and Tobago	26.0				6464.0	1853.0			123.0	3.7	2007																			TTO
Trinidad and Tobago	27.0	10438.0			9329.0	2383.0			148.0	4.6	2008																			TTO
Trinidad and Tobago	24.0	12303.0	4378.0	685.0	4560.0	853.0	3354.0	0.0	163.0	4.4	2009		5022.0		18.0															TTO
Trinidad and Tobago	25.0	15365.0	3957.0	482.0	5486.0	1143.0	3187.0	0.0	165.0	4.3	2010																			TTO
Trinidad and Tobago	25.0	16910.0	4402.0		6296.0	1454.0	3707.0	0.0	158.0	4.6	2011																			TTO
Trinidad and Tobago	25.0	17156.0	4458.0	729.0	5752.0	969.0	3065.0	0.0	170.0	4.6	2012																			TTO
Trinidad and Tobago	27.0	19086.0	4931.0	985.0	6215.0	967.0	3416.0	0.0	199.0	4.9	2013																			TTO
Trinidad and Tobago	30.0	20510.0	5483.0	1387.0	6191.0	920.0	3304.0	0.0	229.0	4.6	2014			588.0	22.0															TTO
Trinidad and Tobago	30.0	20235.0	6360.0	1566.0	3934.0	-242.0	1358.0		255.0	4.5	2015																			TTO
Trinidad and Tobago	31.0	10474.0	7024.0		2900.0	-1076.0	951.0		272.0	4.4	2016																			TTO
Trinidad and Tobago	29.0	10833.0			3813.0	-202.0	1398.0		256.0	4.4	2017																			TTO
Trinidad and Tobago	28.0	10042.0			4659.0	65.0	2096.0		276.0	4.3	2018																			TTO
Trinidad and Tobago	30.0	9654.0			4134.0	30.0	1611.0		249.0	5.2	2019	40.0																		TTO
Trinidad and Tobago	30.0	6734.0			2951.0		-1232.0		157.0	5.1	2020																			TTO
Trinidad and Tobago	29.0	7978.0			4210.0		2377.0		253.0	5.0	2021																			TTO
Tunisia	15.0								31.0	3.5	2004		57.0	17.0	23.0															TUN
Tunisia	15.0	453.0							39.0	4.1	2005																			TUN
Tunisia	15.0								39.0	4.5	2006																			TUN
Tunisia	16.0								37.0	4.2	2007																			TUN
Tunisia	13.0								37.0	4.7	2008																			TUN
Tunisia	8.0	1278.0	346.0	41.0	511.0	99.0	242.0	3.0	45.0	4.1	2009				7.0															TUN
Tunisia	8.0	1210.0	318.0		581.0	87.0	236.0	4.0	47.0	4.2	2010																			TUN
Tunisia	7.0	718.0	136.0	14.0	480.0	44.0	118.0	4.0	49.0	4.2	2011																			TUN
Tunisia	7.0	743.0	144.0	21.0	488.0	56.0	131.0		47.0	4.3	2012																			TUN
Tunisia	8.0	948.0	244.0		469.0	37.0	136.0		51.0	4.8	2013																			TUN
Tunisia	13.0	948.0	242.0	30.0	590.0	14.0	74.0	0.0	63.0	5.6	2014			-16.0	11.0															TUN
Tunisia	10.0	789.0	135.0	17.0	525.0	-52.0	33.0	0.0	57.0	4.3	2015																			TUN
Tunisia	11.0	664.0	110.0	14.0	351.0	-32.0	45.0	0.0	53.0	4.2	2016																			TUN
Tunisia	10.0	653.0	114.0	17.0	306.0	-48.0	30.0	0.0	53.0	4.2	2017																			TUN
Tunisia	11.0	659.0	123.0	16.0	340.0	-49.0	28.0	0.0	51.0	4.1	2018																			TUN
Tunisia	15.0	797.0	107.0	20.0	332.0	-25.0	21.0	0.0	40.0	3.7	2019	22.0																		TUN
Tunisia	15.0	1155.0	117.0	21.0	296.0	-33.0	14.0		40.0	3.7	2020																			TUN
Tunisia	14.0	1088.0	122.0	21.0	336.0	-47.0	5.0		37.0	3.7	2021																			TUN
Turkey	100.0	8667.0	2108.0		13981.0	474.0			968.0	31.7	2004		1812.0		134.0	432.0	-24.0	2.0	0.0	171.0			10414.0							TUR
Turkey	97.0	8889.0			15170.0	580.0			1081.0	36.0	2005						7.0	8.0	44.0	160.0										TUR
Turkey	100.0	10721.0			21298.0	1153.0			1175.0	44.3	2006						-3.0	18.0	-3.0	445.0										TUR
Turkey	116.0	21101.0			26437.0	-2881.0			1528.0	48.0	2007						-46.0	5.0	25.0	343.0										TUR
Turkey	115.0	19936.0			30577.0	-618.0			1723.0	43.3	2008						-118.0	5.0	-46.0	377.0										TUR
Turkey	99.0	17416.0	1684.0	323.0	18663.0	1101.0	6849.0	39.0	1616.0	37.3	2009		2603.0		75.0	1019.0							18663.0							TUR
Turkey	108.0	22386.0	1944.0	471.0	21422.0	2756.0	7876.0	54.0	1819.0	44.4	2010					1083.0	-111.0			336.0										TUR
Turkey	112.0	19362.0	1815.0	388.0	22999.0	-579.0	7792.0	61.0	1930.0	44.6	2011					591.0	-143.0	24.0	-663.0					231.0	169.0					TUR
Turkey	124.0	22280.0	2175.0	380.0	24535.0	248.0	8916.0		2051.0	47.9	2012					510.0		34.0	45.0					216.0	154.0					TUR
Turkey	123.0	20351.0	2070.0	425.0	25361.0	163.0	9088.0		2119.0	48.8	2013					333.0			80.0					209.0	112.0					TUR
Turkey	149.0	21140.0	2099.0	411.0	26706.0	677.0	9451.0	61.0	2135.0	50.5	2014		2940.0	205.0	115.0	1027.0		-26.0		333.0			26706.0	197.0	138.0					TUR
Turkey	153.0	20962.0	2076.0		25730.0	531.0	8986.0	85.0	1975.0	47.6	2015					851.0				239.0				195.0	122.0	922.0	22391.0	798.0	963.0	TUR
Turkey	161.0	21135.0	2030.0		27318.0	899.0	9520.0	89.0	1974.0	54.1	2016					1176.0		-6.0	29.0	300.0				173.0	118.0	922.0	23547.0			TUR
Turkey	167.0	21527.0	2280.0		27509.0	900.0	9128.0	91.0	1912.0	55.1	2017					1250.0		-14.0	-27.0	308.0				183.0	97.0	1033.0	23533.0			TUR
Turkey	178.0	20445.0	2254.0		29215.0	622.0	8310.0	89.0	1866.0	57.2	2018					864.0		9.0	-8.0	243.0				171.0	148.0	957.0	25168.0			TUR
Turkey	196.0	22533.0	2492.0		25284.0	1162.0	8428.0	95.0	1791.0	59.3	2019	213.0				1443.0		74.0	18.0	371.0	74.0	0.0		217.0	151.0	732.0	21430.0			TUR
Turkey	198.0	23953.0	2316.0		24904.0	1014.0	8027.0	147.0	1700.0	59.6	2020					1116.0								262.0	214.0	697.0	20845.0			TUR
Turkey	195.0	23449.0	2070.0		29682.0	852.0	9760.0	226.0	1674.0	57.9	2021					1241.0				424.0				224.0	658.0	708.0	23924.0			TUR
Turkmenistan	2.0										2004																			TKM
Turkmenistan	2.0								4.0		2005																			TKM
Turkmenistan	2.0								4.0		2006																			TKM
Turkmenistan	2.0										2007																			TKM
Turkmenistan	2.0										2008																			TKM
Turkmenistan	1.0	8.0	3.0		5.0	-7.0		0.0	2.0		2009			1.0	1.0															TKM
Turkmenistan	1.0	9.0			6.0	-6.0		0.0	2.0		2010																			TKM
Turkmenistan	1.0	9.0			7.0	-6.0		0.0	2.0		2011																			TKM
Turkmenistan	1.0				7.0	-6.0		0.0	2.0		2012																			TKM
Turkmenistan	1.0				6.0	-6.0		0.0	2.0		2013																			TKM
Turkmenistan	0.0				8.0	-5.0	-2.0	0.0	2.0	0.1	2014			-1.0	0.0															TKM
Turkmenistan	0.0				8.0	-5.0	-2.0	0.0	2.0	0.1	2015																			TKM
Turkmenistan	0.0				8.0	-5.0	-2.0	0.0	2.0	0.1	2016																			TKM
Turkmenistan	0.0				8.0	-5.0	-2.0	0.0	2.0	0.1	2017																			TKM
Turkmenistan	0.0				8.0	-5.0	-2.0	0.0	2.0	0.1	2018																			TKM
Turkmenistan	1.0			1.0		-2.0	4.0	0.0	2.0	0.1	2019	3.0																		TKM
Turkmenistan	1.0			1.0		-2.0	4.0	0.0	2.0	0.1	2020																			TKM
Turkmenistan	1.0			1.0		-2.0	4.0	0.0	2.0	0.1	2021																			TKM
Tuvalu		1.0			1.0						2004				1.0															TUV
Tuvalu		1.0			1.0						2005																			TUV
Tuvalu		1.0			1.0						2006																			TUV
Tuvalu		1.0			1.0						2007																			TUV
Tuvalu		1.0			1.0						2008																			TUV
Tuvalu	0.0						5.0	0.0	4.0	0.2	2009		1.0	0.0	0.0															TUV
Tuvalu	0.0						5.0	0.0	4.0	0.2	2010																			TUV
Tuvalu	0.0						5.0	0.0	4.0	0.2	2011																			TUV
Tuvalu	0.0						5.0	0.0	4.0	0.2	2012																			TUV
Tuvalu	0.0						5.0	0.0	4.0	0.2	2013																			TUV
Uganda	1.0										2004																			UGA
Uganda	1.0										2005																			UGA
Uganda	1.0								2.0	0.1	2006																			UGA
Uganda	1.0										2007																			UGA
Uganda	1.0										2008																			UGA
Uganda	2.0		4.0	1.0	53.0	15.0	23.0	0.0	7.0	0.2	2009				2.0															UGA
Uganda	1.0		4.0		30.0		18.0	0.0	7.0	0.2	2010																			UGA
Uganda	1.0		6.0		33.0		16.0	0.0	7.0	0.2	2011																			UGA
Uganda	1.0		6.0		33.0		17.0	0.0	7.0	0.2	2012																			UGA
Uganda	1.0		4.0		35.0		17.0	0.0	8.0	0.2	2013																			UGA
Uganda	4.0	381.0	20.0		87.0	8.0	38.0	0.0	24.0	1.2	2014		74.0	7.0	4.0															UGA
Uganda	4.0	322.0	21.0	1.0	78.0	8.0	35.0	0.0	23.0	1.2	2015																			UGA
Uganda	4.0	375.0	24.0	3.0	89.0	10.0	37.0	0.0	22.0	1.1	2016																			UGA
Uganda	4.0	371.0	24.0	3.0	87.0	8.0	35.0	0.0	22.0	1.1	2017																			UGA
Uganda	4.0	363.0	24.0	3.0	80.0	9.0	35.0	0.0	22.0	1.1	2018																			UGA
Uganda	5.0	396.0	20.0	1.0	82.0	6.0	25.0	0.0	16.0	0.9	2019	12.0																		UGA
Uganda	5.0	391.0	22.0	1.0	78.0	6.0	25.0	0.0	17.0	1.0	2020																			UGA
Uganda	5.0	516.0	20.0	1.0	84.0	12.0	29.0	0.0	17.0	1.0	2021																			UGA
Ukraine	21.0				1485.0	85.0			93.0	14.0	2004		231.0	43.0	28.0															UKR
Ukraine	22.0				2159.0	422.0			111.0	14.6	2005																			UKR
Ukraine	22.0				2760.0	516.0			136.0	15.3	2006																			UKR
Ukraine	28.0										2007																			UKR
Ukraine	31.0										2008																			UKR
Ukraine	27.0	11154.0	735.0	129.0	4102.0	412.0	1279.0		259.0	22.7	2009			152.0	22.0															UKR
Ukraine	26.0	3403.0	855.0	86.0	4003.0	312.0	1480.0	8.0	288.0	23.1	2010																			UKR
Ukraine	27.0	3531.0	911.0	218.0	4510.0	408.0	1706.0	8.0	294.0	24.4	2011																			UKR
Ukraine	26.0	3654.0	1062.0	244.0	4692.0	410.0	1772.0	8.0	331.0	25.6	2012																			UKR
Ukraine	23.0	3588.0	932.0	117.0	4583.0	472.0	1646.0	8.0	316.0	22.7	2013																			UKR
Ukraine	34.0	3211.0	685.0	105.0	5152.0	138.0	1473.0		484.0	29.6	2014			-48.0	30.0															UKR
Ukraine	38.0	2881.0	498.0	51.0	4680.0	53.0	1071.0		468.0	29.1	2015																			UKR
Ukraine	45.0	3751.0	615.0	83.0	4942.0	115.0	1258.0		486.0	34.1	2016																			UKR
Ukraine	47.0	4067.0	738.0	184.0	5722.0	241.0	1496.0		507.0	34.2	2017																			UKR
Ukraine	49.0	4426.0	800.0	203.0	6940.0	323.0	1616.0		534.0	35.2	2018																			UKR
Ukraine	59.0	6434.0	1227.0	171.0	8059.0	578.0	1992.0	9.0	606.0	41.5	2019	85.0																		UKR
Ukraine	62.0	7326.0	1348.0	173.0	8952.0	628.0	2102.0	9.0	560.0	40.1	2020																			UKR
Ukraine	55.0	7102.0	988.0	201.0	9796.0	750.0	2417.0	15.0	615.0	36.1	2021																			UKR
United Arab Emirates	77.0								381.0	10.1	2004				89.0	702.0	30.0	17.0	-7.0	359.0			4028.0							ARE
United Arab Emirates	76.0	10085.0							386.0	11.2	2005					60.0	36.0	24.0	13.0	-266.0										ARE
United Arab Emirates	82.0				19541.0	546.0			426.0	8.9	2006						19.0	28.0	-10.0	992.0										ARE
United Arab Emirates	85.0	12348.0			19090.0	796.0			502.0	10.5	2007					3052.0		33.0	-40.0											ARE
United Arab Emirates	91.0				25357.0	1193.0			624.0	12.9	2008						-41.0	104.0	1.0											ARE
United Arab Emirates	90.0	16478.0	2315.0	207.0	18271.0	866.0	4901.0	11.0	1110.0	18.8	2009		3350.0	719.0	72.0	3027.0		28.0	0.0				18271.0							ARE
United Arab Emirates	95.0	19151.0	2510.0	263.0	27507.0	1338.0	5861.0	15.0	1169.0	19.8	2010					3754.0		-31.0						317.0	16.0					ARE
United Arab Emirates	109.0	24205.0	3581.0		27608.0	1753.0	13771.0	13.0	1397.0	21.5	2011					9560.0		26.0	-9.0											ARE
United Arab Emirates	119.0	30469.0	4822.0		29664.0	2426.0	15433.0		1471.0	23.3	2012					10866.0		57.0						441.0	56.0					ARE
United Arab Emirates	122.0	34564.0	6617.0	1674.0	30464.0	2767.0	15877.0		1642.0	24.0	2013					11193.0	-105.0		-6.0					397.0	288.0					ARE
United Arab Emirates	143.0	40884.0	7433.0	1630.0	26942.0	3400.0	11019.0		2002.0	28.4	2014		14576.0		98.0	7334.0	-3.0		1.0				26942.0	352.0	210.0			3194.0	5432.0	ARE
United Arab Emirates	147.0	45108.0	9126.0	1599.0	23184.0	3075.0	8414.0	177.0	2268.0	29.0	2015					4888.0			162.0					542.0	122.0					ARE
United Arab Emirates	152.0	45389.0	9040.0	940.0	23704.0	2166.0	7669.0	132.0	2542.0	28.2	2016					3781.0				2030.0				487.0	144.0					ARE
United Arab Emirates	165.0	50459.0	9615.0	898.0	26141.0	2998.0	9314.0	193.0	2797.0	29.9	2017					5202.0										4540.0	13681.0	1991.0	4658.0	ARE
United Arab Emirates	171.0	51968.0	10722.0	1184.0	28125.0	2654.0	10167.0	100.0	2871.0	31.6	2018					5774.0								546.0	210.0			2121.0	4914.0	ARE
United Arab Emirates	211.0	59420.0	11355.0	1395.0	28610.0	2029.0	9984.0	49.0	3394.0	31.8	2019	235.0				5134.0								810.0	206.0	5889.0	13268.0	1627.0	5732.0	ARE
United Arab Emirates	231.0	84774.0	11839.0	1172.0	26804.0	1941.0	7841.0	57.0	3631.0	34.7	2020					3711.0	-1114.0							825.0	200.0	3817.0	13853.0	2440.0	4720.0	ARE
United Arab Emirates	233.0	89107.0	11297.0	930.0	30903.0	2354.0	10697.0	123.0	3984.0	34.3	2021					5803.0								944.0	93.0	5967.0	14257.0	2517.0	6333.0	ARE
United Kingdom	2859.0	2154838.0	139907.0		486635.0	28610.0			68422.0	1226.9	2004		263235.0	12996.0	1375.0	16295.0	-2388.0	15728.0	1732.0	8381.0			457359.0							GBR
United Kingdom	2910.0	2359611.0			544133.0	47724.0			73825.0	1244.5	2005					36778.0	-6923.0	27666.0	398.0	18619.0										GBR
United Kingdom	3026.0	2960005.0			621258.0	59436.0			81657.0	1367.4	2006					34411.0	-7079.0	30576.0	8204.0	16909.0										GBR
United Kingdom	3092.0	3683735.0			681653.0	31243.0			86554.0	1357.8	2007					33299.0	1645.0	14433.0	-9284.0	13325.0										GBR
United Kingdom	2948.0	1768662.0			668947.0	7196.0			78703.0	1304.9	2008					29528.0	4469.0	5012.0	-21693.0	11352.0										GBR
United Kingdom	2998.0	4491386.0	110028.0	13360.0	591671.0	85282.0	155702.0	5792.0	79675.0	1203.5	2009		481492.0	29166.0	1057.0	34872.0	-3465.0	63546.0	1047.0	14077.0			591671.0							GBR
United Kingdom	3034.0	4596903.0	105987.0	12284.0	590095.0	84796.0	153330.0	5788.0	78843.0	1213.0	2010					34568.0	-6457.0	54027.0	10562.0	13466.0				25148.0	16562.0	41738.0	333462.0	56240.0	76322.0	GBR
United Kingdom	3079.0	4829393.0	121025.0	16449.0	654363.0	73652.0	158996.0	6604.0	83414.0	1259.2	2011					31897.0	-3431.0	49099.0	8271.0	14800.0				28012.0	17800.0	38872.0	365935.0	68195.0	93249.0	GBR
United Kingdom	3145.0	4839978.0	122471.0	18758.0	658308.0	65826.0	170890.0	5206.0	85998.0	1246.1	2012					35875.0	-1239.0	41076.0	-1072.0	8864.0				24827.0	19326.0	35524.0	386947.0	68051.0	85958.0	GBR
United Kingdom	3160.0	4968672.0	139384.0	18754.0	633447.0	62150.0	158949.0	5364.0	84639.0	1241.6	2013					32567.0	-1097.0	35544.0	4326.0	8650.0				29130.0	19484.0	29356.0	383776.0	61095.0	77222.0	GBR
United Kingdom	3951.0	5340599.0	147502.0	21607.0	676048.0	81424.0	178637.0	6540.0	100273.0	1378.8	2014		652731.0	35500.0	1420.0	35546.0	-2947.0	52488.0		8513.0			676048.0	35868.0	15247.0	29312.0	408400.0	64445.0	83352.0	GBR
United Kingdom	3991.0	4991909.0	143256.0	19659.0	623415.0	95738.0	174812.0	6176.0	101894.0	1403.4	2015					34938.0	-4501.0			6963.0				32959.0	14210.0	31631.0	379216.0	56668.0	69435.0	GBR
United Kingdom	3997.0	5098577.0	125540.0	18601.0	605920.0	97897.0	163139.0	5902.0	100846.0	1465.0	2016					27576.0	-2928.0	63231.0	15578.0	8280.0				31695.0	13441.0	31321.0	368492.0	57163.0	68419.0	GBR
United Kingdom	4043.0	5575597.0	133529.0	17289.0	649769.0	103058.0	177733.0	6431.0	101379.0	1471.9	2017					41911.0	-1451.0	61609.0	12192.0	12483.0				33124.0	14751.0	34053.0	382902.0	56663.0	86055.0	GBR
United Kingdom	4057.0	5370193.0	124716.0	17466.0	702658.0	110340.0	172337.0	6722.0	104691.0	1469.2	2018					33425.0	-1135.0	71229.0	17513.0	11701.0				34837.0	17254.0	39424.0	401595.0	61635.0	97043.0	GBR
United Kingdom	4324.0	5550404.0	148893.0	18656.0	720494.0	121376.0	169696.0	5813.0	109739.0	1485.3	2019	1654.0				24031.0	-1942.0	77523.0	28892.0	9024.0	75508.0	2015.0		39851.0	17406.0	40152.0	414422.0	66984.0	87001.0	GBR
United Kingdom	4317.0	6232052.0	143565.0	17281.0	655156.0	101172.0	164500.0	6074.0	114123.0	1504.4	2020					14374.0	-1330.0	76868.0	21441.0	11456.0				35003.0	14962.0	37274.0	389947.0	59122.0	78521.0	GBR
United Kingdom	4324.0	6472697.0	123375.0	17035.0	741193.0	135574.0	196284.0	7769.0	118756.0	1330.0	2021					41483.0	-3219.0	85980.0	21265.0	13101.0				37998.0	12227.0	46180.0	431546.0	72097.0	101485.0	GBR
United Kingdom Islands Caribbean	383.0	299968.0	2537.0		21007.0	15067.0			427.0	10.5	2004		87889.0	9807.0	216.0	3095.0	-1896.0	9712.0	1554.0	101.0			20004.0							UK_Caribbean
United Kingdom Islands Caribbean	406.0	319875.0			23630.0	19158.0			468.0	10.2	2005					4854.0	-3798.0	14286.0	155.0	367.0										UK_Caribbean
United Kingdom Islands Caribbean	430.0	363382.0			26741.0	22982.0			302.0	8.2	2006					5925.0	-3184.0	16908.0	354.0	355.0										UK_Caribbean
United Kingdom Islands Caribbean	445.0	367987.0			30231.0	39131.0			304.0	6.9	2007					7511.0	-4209.0	31368.0	519.0	679.0										UK_Caribbean
United Kingdom Islands Caribbean	420.0	319131.0			32832.0	47514.0			303.0	6.7	2008					7185.0	-4260.0	45787.0	-6141.0	481.0										UK_Caribbean
United Kingdom Islands Caribbean	591.0	1170547.0	6949.0	1598.0	36955.0	37592.0	4832.0	1.0	302.0	4.1	2009		159501.0		208.0	9060.0	-4928.0			976.0			36955.0							UK_Caribbean
United Kingdom Islands Caribbean	583.0	1275223.0	5780.0	620.0	33917.0	44864.0	5389.0	2.0	241.0	4.0	2010					8924.0	-4269.0	34540.0	2173.0	771.0						333.0	3537.0	12067.0	6899.0	UK_Caribbean
United Kingdom Islands Caribbean	589.0	1063751.0	6702.0	652.0	40248.0	58370.0	6424.0	1.0	190.0	4.3	2011					10004.0	-4476.0	48783.0	234.0	647.0				1623.0	1688.0	1147.0	2797.0	16227.0	6358.0	UK_Caribbean
United Kingdom Islands Caribbean	599.0	979081.0	9678.0	1960.0	45265.0	38256.0	7150.0		294.0	4.9	2012					9305.0	-3352.0	32284.0	-2089.0	1243.0				3256.0	3101.0	1251.0	3137.0	19876.0	6390.0	UK_Caribbean
United Kingdom Islands Caribbean	609.0	988171.0	12039.0	1319.0	38494.0	49617.0	2070.0		409.0	5.6	2013					5149.0	-4439.0	45046.0	362.0	939.0				3397.0	2213.0	1548.0	4700.0	9219.0	7138.0	UK_Caribbean
United Kingdom Islands Caribbean	1577.0	1570594.0	14379.0	3085.0	64106.0	74246.0	7901.0		1491.0	20.3	2014		379792.0	31057.0	654.0	13080.0	-7550.0	49547.0	8271.0	697.0			64106.0	3898.0	2158.0	896.0	11557.0	15832.0	7820.0	UK_Caribbean
United Kingdom Islands Caribbean	1411.0	1349097.0	14904.0	1794.0	60478.0	58742.0	2898.0		1304.0	21.8	2015					7427.0	-7542.0	49033.0	2849.0	553.0				3964.0	3734.0	1136.0	10664.0	14260.0	9620.0	UK_Caribbean
United Kingdom Islands Caribbean	1393.0	1197286.0	13018.0	1307.0	54164.0	58869.0	7921.0		1443.0	25.2	2016					11272.0	-6171.0	47467.0	590.0	448.0				4834.0	2329.0	1277.0	9485.0	14015.0	8242.0	UK_Caribbean
United Kingdom Islands Caribbean	1299.0	1224559.0	11434.0	905.0	57864.0	76320.0	8961.0		1274.0	23.1	2017					12906.0	-6330.0	56411.0		603.0				4406.0	2596.0	1444.0	8885.0	14906.0	8812.0	UK_Caribbean
United Kingdom Islands Caribbean	1306.0	1025371.0	8019.0	699.0	51431.0	68127.0	7548.0		1084.0	21.9	2018					10968.0	-5616.0	55582.0	2416.0	825.0				2419.0	2665.0	859.0	8441.0	11010.0	11316.0	UK_Caribbean
United Kingdom Islands Caribbean	1563.0	1279380.0	9707.0	736.0	57486.0	93014.0	8811.0	84.0	1145.0	23.9	2019	771.0				12924.0	-6032.0	70186.0	10641.0	732.0	67540.0	2646.0		3998.0	2529.0	1245.0	11009.0	12495.0	9284.0	UK_Caribbean
United Kingdom Islands Caribbean	1504.0	1216132.0	9085.0	782.0	53558.0	93796.0	7654.0		1363.0	25.1	2020					11020.0	-5618.0	64659.0	18668.0	547.0				3968.0	2557.0	1184.0	12211.0	11609.0	7728.0	UK_Caribbean
United Kingdom Islands Caribbean	1484.0	1159074.0	9216.0	796.0	58482.0	74957.0	9316.0	48.0	1399.0	23.3	2021					13148.0	-6078.0	52078.0	10660.0	925.0				4494.0	2669.0	366.0	15867.0	8440.0	6784.0	UK_Caribbean
Uruguay	30.0								76.0	5.0	2004		340.0	8.0	63.0															URY
Uruguay	31.0	1713.0			1429.0	75.0			75.0	5.0	2005																			URY
Uruguay	32.0				1618.0	-14.0			83.0	4.9	2006																			URY
Uruguay	31.0				1651.0	82.0			93.0	5.5	2007																			URY
Uruguay	33.0				2140.0	382.0			115.0	6.1	2008																			URY
Uruguay	38.0	9136.0	931.0	49.0	2755.0	471.0	662.0	1.0	203.0	7.3	2009				34.0															URY
Uruguay	41.0	11093.0	944.0	35.0	3055.0	438.0	691.0	1.0	235.0	8.9	2010																			URY
Uruguay	42.0	9269.0	1003.0	39.0	4166.0	614.0	872.0	1.0	274.0	8.6	2011																			URY
Uruguay	45.0	8873.0	937.0	109.0	3663.0	464.0	754.0	1.0	293.0	8.8	2012																			URY
Uruguay	46.0	7689.0	979.0	100.0	3652.0	421.0	768.0	1.0	270.0	8.6	2013																			URY
Uruguay	70.0	10331.0	1651.0	113.0	3764.0	368.0	703.0	1.0	288.0	8.1	2014		2565.0	149.0	56.0															URY
Uruguay	76.0	9730.0	1553.0	106.0	3836.0	234.0	660.0	1.0	246.0	6.3	2015																			URY
Uruguay	79.0	11035.0	1495.0	66.0	3666.0	45.0	757.0	1.0	233.0	6.0	2016																			URY
Uruguay	73.0	10782.0	977.0	51.0	3378.0	142.0	687.0	1.0	204.0	5.0	2017																			URY
Uruguay	75.0	9622.0	977.0	64.0	3649.0	45.0	518.0	1.0	255.0	6.0	2018																			URY
Uruguay	83.0	11292.0	1181.0	76.0	4132.0	8.0	535.0	4.0	317.0	10.3	2019	90.0																		URY
Uruguay	82.0	17702.0	1074.0	80.0	7743.0	255.0	816.0	4.0	295.0	11.1	2020																			URY
Uruguay	80.0	12464.0	983.0		8161.0	118.0	656.0	4.0	306.0	10.6	2021																			URY
Uzbekistan	4.0	280.0	113.0								2004		134.0		4.0															UZB
Uzbekistan	4.0				77.0	6.0					2005																			UZB
Uzbekistan	3.0								1.0	0.1	2006																			UZB
Uzbekistan	3.0								1.0	0.1	2007																			UZB
Uzbekistan	3.0								1.0	0.1	2008																			UZB
Uzbekistan	0.0					1.0	8.0	0.0	6.0	0.3	2009				0.0															UZB
Uzbekistan	0.0					1.0	8.0	0.0	6.0	0.3	2010																			UZB
Uzbekistan	0.0					1.0	8.0	0.0	6.0	0.3	2011																			UZB
Uzbekistan	0.0					1.0	8.0	0.0	6.0		2012																			UZB
Uzbekistan	0.0					1.0	8.0	0.0	6.0		2013																			UZB
Uzbekistan	0.0					2.0	9.0	0.0	5.0		2014			3.0	0.0															UZB
Uzbekistan	0.0					2.0	9.0	0.0	5.0		2015																			UZB
Uzbekistan	0.0					2.0	9.0	0.0	5.0		2016																			UZB
Uzbekistan	0.0					2.0	9.0	0.0	5.0		2017																			UZB
Uzbekistan	0.0					2.0	9.0	0.0	5.0		2018																			UZB
Uzbekistan	2.0	6.0	1.0		3.0			0.0	0.0	0.0	2019	4.0																		UZB
Uzbekistan	2.0	6.0	1.0		3.0			0.0	0.0	0.0	2020																			UZB
Uzbekistan	2.0	6.0	1.0		3.0			0.0	0.0	0.0	2021																			UZB
Vanuatu	1.0										2004																			VUT
Vanuatu	1.0								1.0		2005																			VUT
Vanuatu	1.0								1.0		2006																			VUT
Vanuatu	1.0										2007																			VUT
Vanuatu	1.0										2008																			VUT
Vanuatu	1.0		4.0	1.0				0.0	3.0	0.1	2009				1.0															VUT
Vanuatu	1.0		4.0	4.0	20.0			0.0	3.0	0.1	2010																			VUT
Vanuatu	1.0	89.0	3.0	3.0	17.0	7.0	13.0	0.0	3.0	0.1	2011																			VUT
Vanuatu	1.0	87.0	3.0	3.0	17.0	6.0	12.0	0.0	3.0	0.1	2012																			VUT
Vanuatu	1.0	90.0	3.0	4.0	17.0	6.0	12.0	0.0	3.0	0.1	2013																			VUT
Vanuatu	0.0			0.0				0.0	0.0	0.0	2014		0.0	0.0	0.0															VUT
Vanuatu	0.0			0.0				0.0	0.0	0.0	2015																			VUT
Vanuatu	0.0			0.0				0.0	0.0	0.0	2016																			VUT
Vanuatu	0.0			0.0				0.0	0.0	0.0	2017																			VUT
Vanuatu	0.0			0.0				0.0	0.0	0.0	2018																			VUT
Venezuela	176.0	33737.0	10858.0		17108.0	3688.0			1691.0	70.0	2004		8600.0		207.0	2781.0	192.0	224.0	98.0	508.0			12528.0							VEN
Venezuela	173.0	35460.0			21258.0	5319.0			1746.0	70.5	2005					3387.0	133.0	942.0	-17.0	751.0										VEN
Venezuela	184.0	44257.0			25961.0	6576.0			2045.0	77.4	2006					3029.0	40.0	2057.0	-35.0	817.0										VEN
Venezuela	181.0				22758.0	3439.0			1475.0	57.2	2007					3017.0	-67.0	454.0	-729.0	778.0										VEN
Venezuela	178.0								1762.0	57.0	2008					2968.0	-35.0	1677.0	-196.0	651.0										VEN
Venezuela	146.0	32669.0	2962.0	363.0	20865.0	2070.0	6354.0	25.0	2201.0	53.6	2009		8786.0	2003.0	100.0	3487.0	-231.0		2.0				20865.0							VEN
Venezuela	138.0	28902.0	2896.0	467.0	16041.0	2834.0	4958.0	27.0	1898.0	51.2	2010					2222.0	-87.0			755.0						253.0	14293.0	254.0	182.0	VEN
Venezuela	138.0	32796.0	3196.0	489.0	18560.0	3196.0	6154.0	47.0	2074.0	51.4	2011					3060.0	-72.0			829.0					106.0	142.0	16794.0	266.0	173.0	VEN
Venezuela	140.0	38522.0	3870.0	975.0	22946.0	3798.0	7347.0	48.0	2471.0	53.4	2012					3922.0	-145.0			1131.0						159.0	20497.0	275.0	576.0	VEN
Venezuela	137.0	38817.0	4211.0	760.0	22622.0	3069.0	5866.0	38.0	2561.0	53.5	2013					2664.0	-216.0			647.0					31.0	156.0	20028.0	228.0	550.0	VEN
Venezuela	146.0	32268.0	3721.0	459.0	19144.0	-1252.0	2883.0	55.0	2446.0	51.8	2014		9926.0	280.0	99.0	-294.0	-178.0			448.0			19144.0			1356.0	15954.0	72.0	102.0	VEN
Venezuela	137.0	33737.0	3430.0	434.0	16607.0	1981.0	2311.0	42.0	1616.0	42.6	2015					102.0	-304.0			320.0						63.0	13859.0	66.0	139.0	VEN
Venezuela	133.0	24145.0	2828.0	393.0	12588.0	-209.0	2513.0	21.0	1094.0	32.5	2016					910.0	-219.0			362.0						70.0	10362.0	57.0	90.0	VEN
Venezuela	130.0	25486.0	2497.0	408.0	11528.0	2612.0	3046.0	15.0	986.0	30.3	2017					1505.0	-118.0			247.0						70.0	10717.0	42.0	96.0	VEN
Venezuela	127.0	25922.0	2377.0	328.0	11948.0	3381.0	2819.0	15.0	885.0	29.4	2018					1403.0	-131.0	2293.0	3.0	296.0						69.0	11334.0	44.0	99.0	VEN
Venezuela	120.0	22568.0	1833.0	292.0	9285.0	1933.0	1459.0	10.0	500.0	19.8	2019	99.0				562.0	-126.0		324.0	211.0						28.0	8821.0	26.0	53.0	VEN
Venezuela	116.0	20589.0	1310.0	160.0	7627.0	-413.0	879.0	9.0	403.0	16.2	2020					190.0	-52.0			190.0						25.0	7316.0	23.0	46.0	VEN
Venezuela	113.0	20346.0	1335.0	196.0	8407.0	477.0	954.0	10.0	368.0	15.5	2021					272.0	-64.0			207.0				12.0		25.0	8075.0	16.0		VEN
Vietnam	15.0								49.0	5.9	2004			16.0	32.0															VNM
Vietnam	14.0	972.0							45.0	4.9	2005																			VNM
Vietnam	17.0								57.0	5.6	2006																			VNM
Vietnam	18.0								63.0	5.7	2007																			VNM
Vietnam	21.0								67.0	6.3	2008																			VNM
Vietnam	28.0	3657.0	1296.0	279.0	2600.0	229.0	945.0		166.0	14.4	2009		718.0	29.0	20.0															VNM
Vietnam	29.0	4039.0	1332.0	258.0	2946.0	319.0	1214.0		173.0		2010																			VNM
Vietnam	36.0	5036.0	1524.0	404.0	3613.0	319.0	1126.0		378.0	25.5	2011																			VNM
Vietnam	35.0	5339.0	1528.0	375.0	2994.0	-53.0	689.0	1.0	414.0	28.9	2012																			VNM
Vietnam	38.0	7993.0	1722.0	212.0	3203.0	51.0	744.0		422.0	29.9	2013																			VNM
Vietnam	53.0	9268.0	2025.0	281.0	5037.0	140.0	823.0	5.0	404.0	38.9	2014		1599.0		44.0															VNM
Vietnam	52.0	10039.0	1680.0	487.0	6026.0	248.0	1145.0	6.0	485.0	56.3	2015																			VNM
Vietnam	53.0	10251.0	1906.0	239.0	6544.0	-30.0	1351.0	7.0	539.0	51.6	2016																			VNM
Vietnam	56.0	13006.0	2238.0	588.0	7163.0	326.0	1304.0	6.0	590.0	54.7	2017																			VNM
Vietnam	55.0	14072.0	2825.0	851.0	7514.0	383.0	1325.0	10.0	580.0	56.1	2018																			VNM
Vietnam	75.0	15576.0	3426.0	555.0	10871.0	581.0	1737.0	13.0	628.0	55.8	2019	107.0				788.0	-63.0			129.0		0.0				441.0	7354.0	793.0	145.0	VNM
Vietnam	76.0	12842.0	3536.0	638.0	11642.0	1162.0	2464.0	12.0	745.0	66.9	2020					1144.0	-65.0			127.0								738.0	381.0	VNM
Vietnam	80.0	17997.0	3606.0	487.0	14818.0	1003.0	2731.0	24.0	902.0	75.7	2021					1082.0	-46.0			141.0				4198.0	151.0			884.0	277.0	VNM
Yemen	7.0				1252.0	472.0					2004		587.0	454.0	9.0															YEM
Yemen	7.0	1329.0			1319.0	538.0					2005																			YEM
Yemen	6.0				874.0	495.0			19.0	0.4	2006																			YEM
Yemen	6.0				1112.0	515.0			23.0	0.6	2007																			YEM
Yemen	6.0				1302.0	527.0			28.0	0.6	2008																			YEM
Yemen	5.0				827.0	336.0	636.0	0.0	33.0	0.6	2009				4.0															YEM
Yemen	5.0				940.0	403.0	777.0	0.0	28.0	0.6	2010																			YEM
Yemen	5.0							0.0	28.0	0.5	2011																			YEM
Yemen	5.0				507.0	186.0	405.0	0.0	28.0	0.5	2012																			YEM
Yemen	5.0				432.0			0.0		0.3	2013																			YEM
Yemen	6.0			17.0	426.0	22.0	237.0	0.0		0.3	2014			-4.0	5.0															YEM
Yemen	6.0			6.0		-27.0		0.0		0.3	2015																			YEM
Yemen	6.0			6.0			8.0	0.0		0.1	2016																			YEM
Yemen	6.0			6.0				0.0		0.1	2017																			YEM
Yemen	6.0		17.0	6.0	163.0			0.0		0.1	2018																			YEM
Yemen	7.0			2.0		6.0		0.0	1.0	0.1	2019	6.0																		YEM
Yemen	7.0			2.0		1.0		0.0	1.0	0.1	2020																			YEM
Yemen	7.0			2.0		9.0		0.0	1.0	0.1	2021																			YEM
Zambia	6.0								14.0	2.1	2004		19.0	1.0	8.0															ZMB
Zambia	5.0	261.0							17.0	2.2	2005																			ZMB
Zambia	4.0										2006																			ZMB
Zambia	4.0								21.0	2.4	2007																			ZMB
Zambia	5.0										2008																			ZMB
Zambia	5.0	496.0	33.0	4.0	395.0	-3.0	36.0	0.0	19.0	1.4	2009			7.0	5.0															ZMB
Zambia	5.0	480.0	34.0	5.0	443.0	10.0	39.0	0.0	21.0	1.7	2010																			ZMB
Zambia	4.0	469.0	28.0	3.0	402.0	7.0	30.0	0.0	16.0	1.4	2011																			ZMB
Zambia	5.0	609.0	28.0	4.0	499.0	11.0	35.0	0.0	21.0	2.0	2012																			ZMB
Zambia	5.0	665.0	28.0	2.0	511.0	13.0	34.0	0.0	23.0	2.5	2013																			ZMB
Zambia	7.0	650.0	42.0	3.0	562.0	8.0	62.0	0.0	37.0	3.4	2014		157.0	2.0	6.0															ZMB
Zambia	7.0	449.0	32.0	8.0	338.0	11.0	50.0	0.0	30.0	3.0	2015																			ZMB
Zambia	7.0	484.0	35.0	5.0	325.0	4.0	45.0	0.0	31.0	3.4	2016																			ZMB
Zambia	7.0	476.0	34.0	4.0	338.0	-22.0	19.0	0.0	33.0	2.8	2017																			ZMB
Zambia	7.0	470.0	45.0	8.0	367.0	-33.0	12.0	0.0	33.0	2.7	2018																			ZMB
Zambia	6.0	466.0	49.0		361.0	-29.0	6.0	0.0	20.0	1.8	2019	12.0																		ZMB
Zambia	6.0	351.0	37.0	2.0	339.0	-36.0	-4.0	0.0	20.0	1.9	2020																			ZMB
Zambia	7.0	445.0	42.0	9.0	396.0	-17.0	20.0	0.0	20.0	1.9	2021																			ZMB
Zimbabwe	8.0	320.0	98.0						24.0	2.6	2004		81.0	24.0	17.0															ZWE
Zimbabwe	7.0	283.0							17.0	2.1	2005																			ZWE
Zimbabwe	7.0								15.0	2.0	2006																			ZWE
Zimbabwe	7.0								18.0	1.8	2007																			ZWE
Zimbabwe	7.0								17.0	1.7	2008																			ZWE
Zimbabwe	4.0	172.0	31.0	1.0	132.0		9.0	0.0	19.0	0.8	2009			-1.0	4.0															ZWE
Zimbabwe	4.0	190.0	34.0	7.0	168.0	-8.0	17.0	0.0	19.0	0.8	2010																			ZWE
Zimbabwe	4.0	255.0	31.0	5.0	258.0	1.0	25.0	0.0	13.0	1.0	2011																			ZWE
Zimbabwe	3.0	238.0		3.0		11.0	29.0	0.0	9.0	0.9	2012																			ZWE
Zimbabwe	3.0	256.0	33.0			13.0		0.0			2013																			ZWE
Zimbabwe	3.0	282.0		4.0		17.0		0.0			2014				3.0															ZWE
Zimbabwe	3.0	275.0		2.0		17.0		0.0			2015																			ZWE
Zimbabwe	3.0	390.0		1.0		24.0		0.0			2016																			ZWE
Zimbabwe	3.0	389.0		3.0		17.0		0.0			2017																			ZWE
Zimbabwe	3.0	365.0		8.0				0.0		1.0	2018																			ZWE
Zimbabwe	3.0	420.0	71.0	9.0	372.0	5.0	53.0	0.0			2019	4.0																		ZWE
Zimbabwe	3.0	412.0		6.0	328.0	21.0	71.0	0.0			2020																			ZWE
Zimbabwe	3.0	348.0	40.0	4.0	251.0	45.0	88.0	0.0			2021																			ZWE
