accum_earnings	at	capital	emp	iso	n_firms	n_groups	pi	revenue_related	revenue_total	revenue_unrelated	source	t_at	txc	txt	type	wages	year	etr	pi_original
2514520364464.0	18596353103685.0			Rest	88038.0	14039.0	670332991748.0		6857571433847.0	5048966953501.0	CFC			130814745048.0	all_groups		2012	0.1951488986195946	670332991748.0
61319946613.0	456538121753.0			MEX	5074.0	2516.0	24070559071.0		261728757713.0	193980058117.0	CFC			7290556761.0	all_groups		2012	0.3028827348586015	24070559071.0
2258947693.0	12674097774.0			PAN	366.0	253.0	175662942.0		7640102805.0	5012759243.0	CFC			103061921.0	all_groups		2012	0.5867026922502527	175662942.0
5374931499.0	31723958698.0			ARG	845.0	553.0	3168832083.0		39560863098.0	30705480187.0	CFC			1469726603.0	all_groups		2012	0.4638070318981935	3168832083.0
24331406657.0	279753328668.0			BRA	2082.0	1229.0	10920030683.0		162680507359.0	135963143915.0	CFC			4037415387.0	all_groups		2012	0.3697256449366333	10920030683.0
17053179506.0	148992364535.0			CHL	875.0	502.0	4837593815.0		44354620234.0	37061561826.0	CFC			949432827.0	all_groups		2012	0.196261377723793	4837593815.0
5989187443.0	32728549449.0			COL	614.0	434.0	1479657130.0		18630775622.0	16824172115.0	CFC			545569725.0	all_groups		2012	0.3687136120514622	1479657130.0
5476097512.0	16961407580.0			PER	420.0	326.0	2530267898.0		10657397267.0	8828380540.0	CFC			718005402.0	all_groups		2012	0.2837665539556239	2530267898.0
543595723.0	5830992969.0			URY	220.0	156.0	247343616.0		3577240712.0	2977881867.0	CFC			29667445.0	all_groups		2012	0.1199442519672713	247343616.0
6945526125.0	19846238745.0			VEN	381.0	241.0	2914705236.0		18160806243.0	17562172174.0	CFC			770709772.0	all_groups		2012	0.2644211711293608	2914705236.0
36987355908.0	174256436261.0			BHS	336.0	69.0	7794586124.0		59180902617.0	37517911557.0	CFC			1488172435.0	all_groups		2012	0.1909238555229799	7794586124.0
244774536924.0	822029325636.0			BMU	863.0	403.0	80828213024.0		307852583094.0	174770530617.0	CFC			12308321871.0	all_groups		2012	0.1522775453089052	80828213024.0
34910795477.0	61854720425.0			VGB	410.0	262.0	5752172171.0		32143659071.0	21339266613.0	CFC			659927475.0	all_groups		2012	0.1147266554932192	5752172171.0
164268537035.0	1160532534075.0			CAN	7195.0	3910.0	38996545402.0		648782577873.0	501741067510.0	CFC			9267840032.0	all_groups		2012	0.2376579755068428	38996545402.0
80255786170.0	733040879051.0			CYM	1783.0	769.0	28405491063.0		344300640723.0	269645243921.0	CFC			9300440342.0	all_groups		2012	0.3274169885453742	28405491063.0
3664195115.0	18503117138.0			AUT	508.0	336.0	609793396.0		13244002781.0	9796903943.0	CFC			212999089.0	all_groups		2012	0.349297139649574	609793396.0
10438300443.0	184357096196.0			BEL	1081.0	626.0	4237420500.0		56132798368.0	33916991585.0	CFC			878698067.0	all_groups		2012	0.2073662661045794	4237420500.0
1220304313.0	20112535202.0			CYP	169.0	129.0	272392971.0		2780436581.0	2396684545.0	CFC			58673635.0	all_groups		2012	0.2154006940215795	272392971.0
4817436462.0	21836281886.0			CZE	533.0	353.0	1151326304.0		17157265267.0	11674099248.0	CFC			218437195.0	all_groups		2012	0.1897265738141252	1151326304.0
5626478300.0	56770329211.0			DNK	678.0	399.0	2569038907.0		16255630269.0	11948250941.0	CFC			227381249.0	all_groups		2012	0.0885082932689115	2569038907.0
741534912.0	11623928667.0			FIN	376.0	259.0	285407667.0		6617935258.0	4712967495.0	CFC			85678352.0	all_groups		2012	0.3001963924115605	285407667.0
31313638560.0	469435208014.0			DEU	3859.0	1855.0	6957825253.0		228613836961.0	182281141117.0	CFC			3422386965.0	all_groups		2012	0.4918759584432466	6957825253.0
-323027597.0	6610547876.0			GRC	276.0	182.0	-7462073.0		6917829450.0	6352389889.0	CFC			76699111.0	all_groups		2012	-10.278525953846874	-7462073.0
2928747252.0	68583500339.0			HUN	426.0	290.0	2317818515.0		19797931965.0	9838792151.0	CFC			181008481.0	all_groups		2012	0.0780943287097695	2317818515.0
390511820946.0	1273928130721.0			IRL	1199.0	660.0	125483911084.0		523979752097.0	428586696598.0	CFC			3243155657.0	all_groups		2012	0.0258451910606213	125483911084.0
6059148687.0	110478453311.0			ITA	1465.0	836.0	2407924280.0		59817797100.0	42926769379.0	CFC			1569519503.0	all_groups		2012	0.6518143099582849	2407924280.0
163960176762.0	1883419368154.0			LUX	1195.0	525.0	30977749780.0		385154591259.0	290613928285.0	CFC			5486496381.0	all_groups		2012	0.1771108753852165	30977749780.0
393076351343.0	2456586230551.0			NLD	3690.0	1600.0	70851260720.0		524455849304.0	375173425674.0	CFC			13920792341.0	all_groups		2012	0.1964791056578957	70851260720.0
4294516053.0	50987158925.0			POL	814.0	508.0	873327607.0		27989911383.0	19738268789.0	CFC			404745962.0	all_groups		2012	0.463452613607805	873327607.0
801331822.0	9196503395.0			PRT	393.0	252.0	285452830.0		8233974814.0	6119918051.0	CFC			136190378.0	all_groups		2012	0.4771029174942844	285452830.0
-126253557.0	7211389437.0			ROU	312.0	228.0	186867162.0		7407368934.0	4667497995.0	CFC			76850431.0	all_groups		2012	0.4112570136854757	186867162.0
16102488603.0	122055006334.0			ESP	1567.0	824.0	4000570532.0		73480881879.0	51296527848.0	CFC			1269487032.0	all_groups		2012	0.3173264967697862	4000570532.0
10711656266.0	136653598418.0			SWE	943.0	560.0	3566656979.0		41588803632.0	27460282974.0	CFC			534247294.0	all_groups		2012	0.1497893677877005	3566656979.0
102471341524.0	3924675564926.0			GBR	9025.0	4166.0	32729628048.0		619250187922.0	492069859111.0	CFC			7957848280.0	all_groups		2012	0.2431389769639095	32729628048.0
2687811365.0	30966561167.0			NOR	424.0	256.0	4068099399.0		18185338635.0	11176876116.0	CFC			2621021933.0	all_groups		2012	0.6442866006775269	4068099399.0
7440080589.0	52681470410.0			RUS	746.0	393.0	3982812036.0		40001230204.0	28078338620.0	CFC			1023319740.0	all_groups		2012	0.2569339779910216	3982812036.0
218751939243.0	616739571336.0			CHE	1666.0	1051.0	34880318821.0		365810261191.0	226749494225.0	CFC			3692720263.0	all_groups		2012	0.1058683059048406	34880318821.0
21549237682.0	74049269165.0			IND	2682.0	1778.0	6847921312.0		69854296601.0	42318817185.0	CFC			2296963997.0	all_groups		2012	0.3354249986744007	6847921312.0
4829015684.0	55586512628.0			ISR	846.0	599.0	2849331058.0		21651753008.0	9604956900.0	CFC			316413507.0	all_groups		2012	0.1110483480365025	2849331058.0
2063260384.0	23191658169.0			TUR	488.0	298.0	1175962475.0		28852390672.0	19245196158.0	CFC			342925658.0	all_groups		2012	0.291612755755663	1175962475.0
37901195439.0	243460610938.0			CHN	5988.0	2810.0	13573813778.0		242116318535.0	159606994633.0	CFC			4073970484.0	all_groups		2012	0.3001345495547434	13573813778.0
27431977583.0	143193881207.0			HKG	2630.0	1684.0	5529103199.0		73928446909.0	48229091076.0	CFC			1078043900.0	all_groups		2012	0.1949762667108431	5529103199.0
33571077710.0	748423479377.0			JPN	2381.0	1407.0	12553318454.0		311374973198.0	255803952506.0	CFC			6206615822.0	all_groups		2012	0.4944203275606633	12553318454.0
30385511316.0	188631972702.0			KOR	945.0	683.0	7404875235.0		122347200070.0	100009300152.0	CFC			1873508192.0	all_groups		2012	0.2530100957197289	7404875235.0
11382874816.0	38159280063.0			MYS	963.0	581.0	2877559333.0		36453777331.0	19765360598.0	CFC			459450800.0	all_groups		2012	0.1596668380495214	2877559333.0
4053162622.0	17551384390.0			PHL	575.0	373.0	1995636768.0		21339722842.0	11330591207.0	CFC			431664438.0	all_groups		2012	0.2163041115105371	1995636768.0
72045368520.0	301429063706.0			SGP	2111.0	1393.0	15808345253.0		240831808093.0	147230744834.0	CFC			1398894166.0	all_groups		2012	0.0884908662868763	15808345253.0
5793963755.0	22704462149.0			THA	755.0	478.0	2060040155.0		39878836479.0	29826810922.0	CFC			578868349.0	all_groups		2012	0.2809985754865055	2060040155.0
64835389784.0	498989683704.0			AUS	2779.0	1417.0	12201451721.0		200665163742.0	172950487476.0	CFC			4167148949.0	all_groups		2012	0.3415289462505426	12201451721.0
31643293424.0	68801674764.0			PRI	529.0	375.0	8796606961.0		32547687235.0	18710276862.0	CFC			251894684.0	all_groups		2012	0.028635436949358	8796606961.0
3033871020486.0	20864415430959.0			Rest	90204.0	14969.0	647556587515.0		7029521268873.0	5169195688439.0	CFC			121632720671.0	all_groups		2014	0.1878333461756074	647556587515.0
106378921608.0	554378008721.0			MEX	5274.0	2727.0	22930960468.0		271717618291.0	206486022550.0	CFC			5567414359.0	all_groups		2014	0.2427902820193375	22930960468.0
2715031960.0	13102944197.0			PAN	351.0	238.0	521456076.0		6948630702.0	4906067634.0	CFC			100261267.0	all_groups		2014	0.1922717398732544	521456076.0
5150701987.0	31810515372.0			ARG	894.0	596.0	2254578165.0		35390634278.0	29275427899.0	CFC			1438215905.0	all_groups		2014	0.6379090897476158	2254578165.0
20170834064.0	267683954475.0			BRA	2406.0	1466.0	8716861206.0		183028761153.0	161778468200.0	CFC			3825154377.0	all_groups		2014	0.4388224484252503	8716861206.0
18028586513.0	247921764217.0			CHL	960.0	548.0	4299790165.0		42105162396.0	33654724398.0	CFC			859983581.0	all_groups		2014	0.2000059416852961	4299790165.0
4090135518.0	24217119591.0			COL	726.0	538.0	1646042581.0		22788439215.0	19757295277.0	CFC			791285611.0	all_groups		2014	0.4807200130383504	1646042581.0
6225018990.0	21482891899.0			PER	446.0	335.0	1762995201.0		12972587664.0	11041668933.0	CFC			806297808.0	all_groups		2014	0.45734543550808	1762995201.0
40196727533.0	223628314612.0			BHS	330.0	70.0	3831719911.0		46060170135.0	28779725409.0	CFC			1098449812.0	all_groups		2014	0.2866727833750581	3831719911.0
298786898926.0	944205019528.0			BMU	838.0	378.0	69121630087.0		285147808507.0	190619201939.0	CFC			10142391725.0	all_groups		2014	0.1467325309347344	69121630087.0
20765014095.0	55270876015.0			VGB	375.0	263.0	3693636046.0		20774661613.0	8758546337.0	CFC			513795825.0	all_groups		2014	0.1391029919031713	3693636046.0
158930817758.0	1080306952305.0			CAN	7372.0	4167.0	31122022500.0		635403223916.0	495616496424.0	CFC			8404156506.0	all_groups		2014	0.2700388930700118	31122022500.0
71816138187.0	666650240989.0			CYM	1782.0	787.0	17283709792.0		266075985272.0	216611105246.0	CFC			8215592050.0	all_groups		2014	0.4753373059875547	17283709792.0
3697068202.0	21474780914.0			AUT	576.0	409.0	697900884.0		15430453707.0	12064764945.0	CFC			212252005.0	all_groups		2014	0.3041291533884918	697900884.0
12939580358.0	181594153422.0			BEL	1071.0	640.0	5116178868.0		60942807187.0	35632018224.0	CFC			1671724901.0	all_groups		2014	0.3267526300646141	5116178868.0
5540962094.0	18464877859.0			CZE	503.0	344.0	1126401681.0		16114204619.0	10597825513.0	CFC			243119710.0	all_groups		2014	0.2158374886161058	1126401681.0
6684253096.0	54583788275.0			DNK	892.0	642.0	1205399049.0		16880224491.0	12152795181.0	CFC			268519906.0	all_groups		2014	0.2227643254097175	1205399049.0
28383609795.0	224212913402.0			FRA	2793.0	1299.0	5601862727.0		138102667774.0	100662364990.0	CFC			2413200276.0	all_groups		2014	0.430785328667337	5601862727.0
43074435435.0	426868936818.0			DEU	3900.0	1993.0	14319327788.0		261079454528.0	198202615615.0	CFC			4145204317.0	all_groups		2014	0.2894831641799413	14319327788.0
3630077212.0	52966915286.0			HUN	415.0	295.0	2308215091.0		17322552523.0	7935089745.0	CFC			253329314.0	all_groups		2014	0.1097511730981053	2308215091.0
582797824024.0	1581708954275.0			IRL	1355.0	788.0	117769780552.0		549893646084.0	441467043641.0	CFC			4721451737.0	all_groups		2014	0.0400905199523174	117769780552.0
7028025786.0	124316366643.0			ITA	1480.0	882.0	2966847268.0		66394658840.0	52490141480.0	CFC			1433280794.0	all_groups		2014	0.4830989479839985	2966847268.0
214300801282.0	2390339421105.0			LUX	1400.0	596.0	46950764942.0		503511160034.0	340460459236.0	CFC			6682020132.0	all_groups		2014	0.1423197287680945	46950764942.0
465657011348.0	2952620275006.0			NLD	3732.0	1596.0	51590891366.0		623275243230.0	439572220635.0	CFC			10906250799.0	all_groups		2014	0.2113987665308601	51590891366.0
7481130372.0	50175786092.0			POL	831.0	512.0	2003025501.0		31580787010.0	21926857516.0	CFC			423321351.0	all_groups		2014	0.2113409693429559	2003025501.0
952485124.0	8098646410.0			PRT	381.0	253.0	455513590.0		9433974831.0	7514710796.0	CFC			146987320.0	all_groups		2014	0.3226848182509769	455513590.0
14345954353.0	111216795520.0			ESP	1472.0	828.0	3772686788.0		78211373966.0	53388278374.0	CFC			1356782819.0	all_groups		2014	0.3596330401229162	3772686788.0
7060232327.0	125011412904.0			SWE	933.0	563.0	2008070624.0		44003351859.0	31110239034.0	CFC			796521382.0	all_groups		2014	0.3966600439646688	2008070624.0
119464620164.0	4580806399988.0			GBR	9026.0	4029.0	36904340974.0		592097539698.0	461015451264.0	CFC			7339757502.0	all_groups		2014	0.1988860201343532	36904340974.0
2787512290.0	31406922142.0			NOR	429.0	272.0	2696451342.0		16084733232.0	10763961183.0	CFC			1324887735.0	all_groups		2014	0.4913449445066975	2696451342.0
258722896315.0	711831336484.0			CHE	1396.0	834.0	37200667479.0		362745603710.0	225848683178.0	CFC			3716363993.0	all_groups		2014	0.0999004653639053	37200667479.0
24710727098.0	84886799559.0			IND	3030.0	2026.0	9817135105.0		84104642512.0	52299411811.0	CFC			4459042195.0	all_groups		2014	0.4542101282408703	9817135105.0
6695251284.0	55210419404.0			ISR	862.0	627.0	3297594433.0		22104491278.0	10017944989.0	CFC			479058309.0	all_groups		2014	0.1452750842268297	3297594433.0
3181952053.0	23626737870.0			TUR	515.0	337.0	1365608951.0		35316126404.0	25965278163.0	CFC			379157693.0	all_groups		2014	0.2776473402011261	1365608951.0
43004407169.0	306775646981.0			CHN	6241.0	2967.0	18128389499.0		291666915925.0	207704254315.0	CFC			4630113177.0	all_groups		2014	0.2554067572993953	18128389499.0
32608602556.0	181217090001.0			HKG	2644.0	1731.0	15449878818.0		90664808281.0	61653391056.0	CFC			1249302824.0	all_groups		2014	0.0808616584451452	15449878818.0
17913882909.0	620774738457.0			JPN	2356.0	1476.0	15584667272.0		211764507000.0	179189246880.0	CFC			4937866326.0	all_groups		2014	0.3168413056127003	15584667272.0
31563500430.0	181666222846.0			KOR	968.0	716.0	4751018364.0		113173500057.0	82924916285.0	CFC			1338018988.0	all_groups		2014	0.2816278291278775	4751018364.0
10246253544.0	45816359284.0			MYS	1012.0	592.0	2560884726.0		39392598655.0	17481407100.0	CFC			441061678.0	all_groups		2014	0.172230195885826	2560884726.0
3511689405.0	16749507599.0			PHL	619.0	389.0	1463294339.0		22377449258.0	12513117032.0	CFC			298974306.0	all_groups		2014	0.2043159042112579	1463294339.0
121474010328.0	378417056849.0			SGP	2109.0	1386.0	26140677111.0		273777650437.0	186928961012.0	CFC			1773785145.0	all_groups		2014	0.0678553634042475	26140677111.0
63278356702.0	483785483035.0			AUS	2917.0	1550.0	10085008406.0		176672221314.0	150406952843.0	CFC			3288386239.0	all_groups		2014	0.3260667821599037	10085008406.0
42532277742.0	74599557909.0			PRI	539.0	380.0	8968503312.0		32877256424.0	16768720983.0	CFC			341828223.0	all_groups		2014	0.0381142996895176	8968503312.0
3426155520562.0	23179920576544.0			Rest	95374.0	16225.0	705591481324.0		6551617170416.0	4678682186852.0	CFC			105180703536.0	all_groups		2016	0.1490674226092337	705591481324.0
83354387850.0	486853593738.0			MEX	5247.0	2690.0	22066923029.0		258862813793.0	168328733272.0	CFC			6901053608.0	all_groups		2016	0.3127329351233402	22066923029.0
1761465050.0	10397767962.0			PAN	355.0	259.0	75387563.0		5727545854.0	3715160296.0	CFC			74008872.0	all_groups		2016	0.9817119569178804	75387563.0
4577632673.0	29389388215.0			ARG	824.0	537.0	1259054950.0		31175750753.0	23893371775.0	CFC			1084295123.0	all_groups		2016	0.8611976173081246	1259054950.0
9552919846.0	283895823915.0			BRA	2483.0	1417.0	2317712960.0		127570423942.0	110299966288.0	CFC			2836855303.0	all_groups		2016	1.2239890581618873	2317712960.0
15651233928.0	225832915214.0			CHL	946.0	554.0	2834729337.0		36611519056.0	31208160684.0	CFC			789547659.0	all_groups		2016	0.2785266475689633	2834729337.0
2221160022.0	16820117519.0			COL	692.0	501.0	381664942.0		14434764246.0	12644129627.0	CFC			378758585.0	all_groups		2016	0.9923850564194602	381664942.0
41794160514.0	250063631153.0			BHS	312.0	63.0	1256396006.0		26258621567.0	20892194305.0	CFC			740013977.0	all_groups		2016	0.5889973968923935	1256396006.0
8623542280.0	21772788905.0			BRB	147.0	117.0	610002749.0		3537154099.0	1937884354.0	CFC			24510326.0	all_groups		2016	0.0401806812185366	610002749.0
408570912724.0	1136485479744.0			BMU	791.0	357.0	84464210749.0		312919919473.0	216427370523.0	CFC			5013948219.0	all_groups		2016	0.0593618074985607	84464210749.0
7016208210.0	53002634439.0			VGB	286.0	212.0	-475125464.0		9435524906.0	5686251038.0	CFC			232617794.0	all_groups		2016	-0.4895923532315666	-475125464.0
133811146304.0	1000874832491.0			CAN	8055.0	4495.0	27209402075.0		502511262071.0	387660707014.0	CFC			7323829691.0	all_groups		2016	0.2691654035914716	27209402075.0
76914462811.0	891202087811.0			CYM	1984.0	1040.0	31758212976.0		237417663786.0	179294977068.0	CFC			5142169313.0	all_groups		2016	0.1619162046959628	31758212976.0
2569886266.0	19843330346.0			AUT	595.0	397.0	614349776.0		13255467179.0	10224352886.0	CFC			179137473.0	all_groups		2016	0.2915887333211951	614349776.0
19009298644.0	204943074165.0			BEL	1134.0	639.0	6488268684.0		60397405597.0	33955383115.0	CFC			1245461787.0	all_groups		2016	0.1919559512187427	6488268684.0
2942504516.0	9351792871.0			CZE	497.0	348.0	1000573508.0		13033628296.0	8682590722.0	CFC			193552362.0	all_groups		2016	0.193441421797068	1000573508.0
519921291.0	67663947334.0			DNK	688.0	408.0	603415409.0		15890877759.0	11128910461.0	CFC			279481777.0	all_groups		2016	0.4631664568579156	603415409.0
39191822585.0	437599292402.0			DEU	3895.0	1869.0	10749655138.0		216409268974.0	154834607195.0	CFC			3722932219.0	all_groups		2016	0.3463303865292799	10749655138.0
1749573183.0	35154146579.0			HUN	413.0	284.0	1194049318.0		8457217516.0	4623793375.0	CFC			95654940.0	all_groups		2016	0.08010970615537	1194049318.0
808424555061.0	2385838745580.0			IRL	1479.0	878.0	162262163170.0		712221888602.0	549621567894.0	CFC			5429660194.0	all_groups		2016	0.0334622692556576	162262163170.0
5690819531.0	99078144207.0			ITA	1677.0	963.0	2369764566.0		60707261207.0	46978256349.0	CFC			994666021.0	all_groups		2016	0.4197320000775132	2369764566.0
227061832467.0	2716057795562.0			LUX	1521.0	595.0	39232784516.0		302972605478.0	227954158473.0	CFC			4922065521.0	all_groups		2016	0.1254579704632658	39232784516.0
560497001420.0	3712918627445.0			NLD	4203.0	1867.0	84252878427.0		720229728849.0	461697759796.0	CFC			9858931399.0	all_groups		2016	0.1170159593721437	84252878427.0
5961557691.0	41689645542.0			POL	899.0	549.0	2009110700.0		27753466246.0	17275377778.0	CFC			401751692.0	all_groups		2016	0.1999649357300222	2009110700.0
1121433626.0	6983271264.0			PRT	396.0	265.0	426552334.0		8151395907.0	6450017775.0	CFC			121415981.0	all_groups		2016	0.2846449809837402	426552334.0
12090713664.0	122845065873.0			ESP	1565.0	850.0	3700577680.0		72705376492.0	49225466202.0	CFC			1158073767.0	all_groups		2016	0.3129440501300327	3700577680.0
6052825366.0	129538466639.0			SWE	984.0	587.0	3476500161.0		43509374345.0	31929386844.0	CFC			707551618.0	all_groups		2016	0.203524114837514	3476500161.0
169776490991.0	4668102675774.0			GBR	9681.0	4164.0	39479418121.0		568472202069.0	436285287708.0	CFC			8600541912.0	all_groups		2016	0.217848750598104	39479418121.0
2830912347.0	48729909233.0			NOR	435.0	265.0	633674664.0		11785466577.0	8295195968.0	CFC			210717752.0	all_groups		2016	0.3325330236021556	633674664.0
308036826104.0	754073509316.0			CHE	1414.0	797.0	42730549097.0		359800032815.0	211613008309.0	CFC			3851025362.0	all_groups		2016	0.0901234700555338	42730549097.0
4702108386.0	34592891236.0			RUS	774.0	464.0	3250912760.0		32138239193.0	21912211305.0	CFC			719420273.0	all_groups		2016	0.2212979326458456	3250912760.0
25374134035.0	93852912420.0			IND	3604.0	2454.0	9661652331.0		85392344239.0	49066568456.0	CFC			3997478268.0	all_groups		2016	0.4137468552013456	9661652331.0
6683654802.0	61557366333.0			ISR	1136.0	808.0	1390911848.0		22233666855.0	10902814194.0	CFC			486714335.0	all_groups		2016	0.3499246452604809	1390911848.0
2710298337.0	20365974535.0			TUR	577.0	368.0	1292736499.0		31909924039.0	22830397739.0	CFC			370100129.0	all_groups		2016	0.2862920086856772	1292736499.0
49170493259.0	301161859129.0			CHN	6295.0	2948.0	21512621378.0		289984655722.0	202258910677.0	CFC			4585573525.0	all_groups		2016	0.2131573574613023	21512621378.0
47143499582.0	208576074212.0			HKG	2578.0	1649.0	7169600036.0		86463635913.0	55756903709.0	CFC			1660946612.0	all_groups		2016	0.2316651701154951	7169600036.0
25127206410.0	694177176432.0			JPN	2352.0	1472.0	14405125961.0		222172556991.0	187854419076.0	CFC			5326812371.0	all_groups		2016	0.3697858932592224	14405125961.0
25317355188.0	173818892115.0			KOR	985.0	719.0	5606469494.0		87787354541.0	67229745578.0	CFC			1694060474.0	all_groups		2016	0.3021617215277761	5606469494.0
10699275396.0	43855439622.0			MYS	1074.0	613.0	2380681536.0		39251174565.0	18668606834.0	CFC			439899848.0	all_groups		2016	0.1847789556679285	2380681536.0
4399962513.0	16692751284.0			PHL	645.0	439.0	1757161839.0		22044424830.0	11905052623.0	CFC			388433934.0	all_groups		2016	0.2210575744241393	1757161839.0
120340497045.0	389328244637.0			SGP	2414.0	1549.0	23522412170.0		239775056975.0	170059727253.0	CFC			1964063611.0	all_groups		2016	0.0834975425481629	23522412170.0
5761329667.0	23868529834.0			THA	778.0	502.0	2413419617.0		30761878586.0	22072359555.0	CFC			373238727.0	all_groups		2016	0.1546514018411577	2413419617.0
27957968263.0	326322414332.0			AUS	3068.0	1614.0	6848226109.0		113995803224.0	92189260799.0	CFC			2319943860.0	all_groups		2016	0.3387656632644049	6848226109.0
5833341848.0	39267853388.0			PRI	553.0	393.0	9498375810.0		32853491759.0	17594701352.0	CFC			303516606.0	all_groups		2016	0.0319545796114378	9498375810.0
				Rest			799088124586.0				CFC			127431344272.0	positive_groups		2012	0.1594709523909155	799088124586.0
				MEX			25651334120.0				CFC			7165136204.0	positive_groups		2012	0.2793280135247796	25651334120.0
				PAN			523233113.0				CFC			83512337.0	positive_groups		2012	0.1596082796082517	523233113.0
				ARG			3803663682.0				CFC			1432329003.0	positive_groups		2012	0.3765656279702596	3803663682.0
				BRA			15238190208.0				CFC			3889182400.0	positive_groups		2012	0.2552260043294506	15238190208.0
				CHL			5758132652.0				CFC			929264173.0	positive_groups		2012	0.1613829046951938	5758132652.0
				COL			1668464664.0				CFC			534664637.0	positive_groups		2012	0.3204530779322516	1668464664.0
				PER			2715291307.0				CFC			711590261.0	positive_groups		2012	0.2620677417430409	2715291307.0
				URY			313914848.0				CFC			28426156.0	positive_groups		2012	0.0905537160191925	313914848.0
				VEN			3179064289.0				CFC			749437353.0	positive_groups		2012	0.2357414902218732	3179064289.0
				BHS			9317143356.0				CFC			1456121333.0	positive_groups		2012	0.1562840966767239	9317143356.0
				BMU			82409611394.0				CFC			12245214142.0	positive_groups		2012	0.1485896357823565	82409611394.0
				VGB			6598821257.0				CFC			645469009.0	positive_groups		2012	0.0978158043476764	6598821257.0
				CAN			49249226647.0				CFC			9154061944.0	positive_groups		2012	0.185872196727329	49249226647.0
				CYM			37134333978.0				CFC			9203833288.0	positive_groups		2012	0.2478523862432204	37134333978.0
				AUT			829710961.0				CFC			198675407.0	positive_groups		2012	0.2394513467202466	829710961.0
				BEL			4982361014.0				CFC			851618774.0	positive_groups		2012	0.1709267497090286	4982361014.0
				CYP			389846261.0				CFC			57204491.0	positive_groups		2012	0.1467360257688863	389846261.0
				CZE			1363677412.0				CFC			209016065.0	positive_groups		2012	0.1532738337972851	1363677412.0
				DNK			3090862313.0				CFC			213431154.0	positive_groups		2012	0.0690523007454327	3090862313.0
				FIN			455811305.0				CFC			80124568.0	positive_groups		2012	0.1757845124091426	455811305.0
				DEU			15350697269.0				CFC			3223729585.0	positive_groups		2012	0.2100054172464314	15350697269.0
				GRC			263928861.0				CFC			59853796.0	positive_groups		2012	0.226780033730377	263928861.0
				HUN			2504230965.0				CFC			156531162.0	positive_groups		2012	0.0625066793709261	2504230965.0
				IRL			132090119347.0				CFC			3180742679.0	positive_groups		2012	0.0240800954282144	132090119347.0
				ITA			4016435962.0				CFC			1438101436.0	positive_groups		2012	0.3580541180305266	4016435962.0
				LUX			35723732889.0				CFC			5369378632.0	positive_groups		2012	0.1503028434537794	35723732889.0
				NLD			80794730526.0				CFC			13570278023.0	positive_groups		2012	0.1679599391526288	80794730526.0
				POL			2053344337.0				CFC			355984747.0	positive_groups		2012	0.1733682658993789	2053344337.0
				PRT			497495046.0				CFC			125143959.0	positive_groups		2012	0.2515481510945538	497495046.0
				ROU			413222376.0				CFC			71901627.0	positive_groups		2012	0.1740022592580998	413222376.0
				ESP			5728426480.0				CFC			1230056735.0	positive_groups		2012	0.2147285540443909	5728426480.0
				SWE			4481743189.0				CFC			499645916.0	positive_groups		2012	0.1114847270201318	4481743189.0
				GBR			54015010274.0				CFC			7725740093.0	positive_groups		2012	0.1430295033511965	54015010274.0
				NOR			4368242809.0				CFC			2606053514.0	positive_groups		2012	0.5965908096112887	4368242809.0
				RUS			4593196524.0				CFC			984869319.0	positive_groups		2012	0.2144191553428947	4593196524.0
				CHE			37616546031.0				CFC			3681263521.0	positive_groups		2012	0.0978628797541978	37616546031.0
				IND			8561013365.0				CFC			2202537061.0	positive_groups		2012	0.2572752742104848	8561013365.0
				ISR			4131474920.0				CFC			316265870.0	positive_groups		2012	0.0765503545644178	4131474920.0
				TUR			1688099801.0				CFC			332462052.0	positive_groups		2012	0.1969445478300841	1688099801.0
				CHN			18358062225.0				CFC			3950099944.0	positive_groups		2012	0.2151697655006722	18358062225.0
				HKG			6920464359.0				CFC			1035832028.0	positive_groups		2012	0.1496766653603106	6920464359.0
				JPN			17877675889.0				CFC			5713998812.0	positive_groups		2012	0.3196164225975134	17877675889.0
				KOR			8369318901.0				CFC			1800682283.0	positive_groups		2012	0.215152786540951	8369318901.0
				MYS			3502463646.0				CFC			449149716.0	positive_groups		2012	0.1282382235467177	3502463646.0
				PHL			2214816281.0				CFC			416236224.0	positive_groups		2012	0.1879326188680839	2214816281.0
				SGP			17734238241.0				CFC			1336404060.0	positive_groups		2012	0.0753572858241157	17734238241.0
				THA			2373336487.0				CFC			567437979.0	positive_groups		2012	0.239088718396297	2373336487.0
				AUS			19484469794.0				CFC			4123865527.0	positive_groups		2012	0.2116488449826791	19484469794.0
				PRI			9065802827.0				CFC			251245225.0	positive_groups		2012	0.0277135108488941	9065802827.0
				Rest			789633523319.0				CFC			116438659378.0	positive_groups		2014	0.1474591135500215	789633523319.0
				MEX			26179589433.0				CFC			5389490910.0	positive_groups		2014	0.2058661356700429	26179589433.0
				PAN			785765014.0				CFC			88816509.0	positive_groups		2014	0.1130318955636271	785765014.0
				ARG			3082829176.0				CFC			1379974095.0	positive_groups		2014	0.4476323585306563	3082829176.0
				BRA			14068191147.0				CFC			3634489973.0	positive_groups		2014	0.25834806586169	14068191147.0
				CHL			5478812811.0				CFC			852665619.0	positive_groups		2014	0.1556296315304063	5478812811.0
				COL			1995973631.0				CFC			735970257.0	positive_groups		2014	0.3687274448767504	1995973631.0
				PER			1902289487.0				CFC			789090752.0	positive_groups		2014	0.4148110775949423	1902289487.0
				BHS			5177543915.0				CFC			748077804.0	positive_groups		2014	0.1444850717408159	5177543915.0
				BMU			74426701775.0				CFC			9774917503.0	positive_groups		2014	0.1313361639019103	74426701775.0
				VGB			4328541998.0				CFC			496857130.0	positive_groups		2014	0.1147862560256022	4328541998.0
				CAN			42897999098.0				CFC			7718410260.0	positive_groups		2014	0.179924714958555	42897999098.0
				CYM			33148803978.0				CFC			8042992135.0	positive_groups		2014	0.242632951111537	33148803978.0
				AUT			1105606937.0				CFC			199939206.0	positive_groups		2014	0.1808411283512053	1105606937.0
				BEL			5992303320.0				CFC			1637358427.0	positive_groups		2014	0.2732435825695152	5992303320.0
				CZE			1280693910.0				CFC			234255927.0	positive_groups		2014	0.182913282534466	1280693910.0
				DNK			1503778294.0				CFC			267344404.0	positive_groups		2014	0.1777817947410803	1503778294.0
				FRA			7985952287.0				CFC			2252756266.0	positive_groups		2014	0.2820898729469206	7985952287.0
				DEU			17724867616.0				CFC			3921843221.0	positive_groups		2014	0.2212622009915495	17724867616.0
				HUN			2454442932.0				CFC			243675730.0	positive_groups		2014	0.099279444155355	2454442932.0
				IRL			123121429265.0				CFC			4574509329.0	positive_groups		2014	0.0371544527732379	123121429265.0
				ITA			4793918497.0				CFC			1251513894.0	positive_groups		2014	0.2610628225705523	4793918497.0
				LUX			54560660296.0				CFC			6385697945.0	positive_groups		2014	0.1170385019234848	54560660296.0
				NLD			61233100359.0				CFC			10505336695.0	positive_groups		2014	0.1715630375305001	61233100359.0
				POL			2429147438.0				CFC			406916782.0	positive_groups		2014	0.1675142379727384	2429147438.0
				PRT			525462337.0				CFC			134626371.0	positive_groups		2014	0.2562055575069693	525462337.0
				ESP			6350486408.0				CFC			1298831139.0	positive_groups		2014	0.204524670325064	6350486408.0
				SWE			3078330613.0				CFC			765681677.0	positive_groups		2014	0.2487327624156008	3078330613.0
				GBR			56953885479.0				CFC			7099418375.0	positive_groups		2014	0.124652046393177	56953885479.0
				NOR			3207275283.0				CFC			1311864392.0	positive_groups		2014	0.4090276874434417	3207275283.0
				CHE			40676995106.0				CFC			3588360531.0	positive_groups		2014	0.0882159687963456	40676995106.0
				IND			11264864943.0				CFC			4349178360.0	positive_groups		2014	0.386083488972727	11264864943.0
				ISR			4148575539.0				CFC			471320742.0	positive_groups		2014	0.1136102591285128	4148575539.0
				TUR			1765955997.0				CFC			365636734.0	positive_groups		2014	0.2070474771858089	1765955997.0
				CHN			23127280457.0				CFC			4472846890.0	positive_groups		2014	0.193401333905915	23127280457.0
				HKG			16777207150.0				CFC			1192561161.0	positive_groups		2014	0.0710822218702831	16777207150.0
				JPN			18793422760.0				CFC			4847639606.0	positive_groups		2014	0.2579434128581269	18793422760.0
				KOR			6153378234.0				CFC			1250902866.0	positive_groups		2014	0.2032871730666963	6153378234.0
				MYS			2845399116.0				CFC			428625163.0	positive_groups		2014	0.1506379757376715	2845399116.0
				PHL			1650890189.0				CFC			276183813.0	positive_groups		2014	0.1672938726271635	1650890189.0
				SGP			27836253728.0				CFC			1704726275.0	positive_groups		2014	0.0612412249025178	27836253728.0
				AUS			15848880525.0				CFC			3213903625.0	positive_groups		2014	0.2027842673134164	15848880525.0
				PRI			9484783757.0				CFC			309987600.0	positive_groups		2014	0.0326826217594282	9484783757.0
				Rest			855976018904.0				CFC			98010174827.0	positive_groups		2016	0.1145010755704268	855976018904.0
				MEX			24081204596.0				CFC			6615584110.0	positive_groups		2016	0.2747198165950086	24081204596.0
				PAN			438827654.0				CFC			68824955.0	positive_groups		2016	0.1568382356322512	438827654.0
				ARG			2786970567.0				CFC			986847407.0	positive_groups		2016	0.3540932289293172	2786970567.0
				BRA			9384655504.0				CFC			2636756080.0	positive_groups		2016	0.2809646106749621	9384655504.0
				CHL			3362753074.0				CFC			727146295.0	positive_groups		2016	0.2162354115805055	3362753074.0
				COL			783739113.0				CFC			337082765.0	positive_groups		2016	0.430095626731851	783739113.0
				BHS			3267548701.0				CFC			349844565.0	positive_groups		2016	0.1070663659559025	3267548701.0
				BRB			1435442764.0				CFC			19747640.0	positive_groups		2016	0.0137571768761934	1435442764.0
				BMU			89954617570.0				CFC			3542519167.0	positive_groups		2016	0.0393811820081755	89954617570.0
				VGB			441576013.0				CFC			72570988.0	positive_groups		2016	0.1643454034266123	441576013.0
				CAN			40213599020.0				CFC			6882075663.0	positive_groups		2016	0.1711380187477683	40213599020.0
				CYM			43501651739.0				CFC			4929526679.0	positive_groups		2016	0.1133181495860441	43501651739.0
				AUT			1066636893.0				CFC			162067365.0	positive_groups		2016	0.1519423958271055	1066636893.0
				BEL			7048998362.0				CFC			1222236996.0	positive_groups		2016	0.1733915846241191	7048998362.0
				CZE			1117418668.0				CFC			188751138.0	positive_groups		2016	0.1689171153170675	1117418668.0
				DNK			1071919721.0				CFC			273761717.0	positive_groups		2016	0.255393861719986	1071919721.0
				DEU			14770342336.0				CFC			3463590950.0	positive_groups		2016	0.2344963218325774	14770342336.0
				HUN			1310491060.0				CFC			89439811.0	positive_groups		2016	0.0682490813787009	1310491060.0
				IRL			168383011414.0				CFC			5342086239.0	positive_groups		2016	0.0317258029425873	168383011414.0
				ITA			4153782500.0				CFC			961584087.0	positive_groups		2016	0.2314960128509376	4153782500.0
				LUX			47201488211.0				CFC			4467470491.0	positive_groups		2016	0.0946468143341057	47201488211.0
				NLD			100587902066.0				CFC			9258955378.0	positive_groups		2016	0.0920483993385686	100587902066.0
				POL			2486857361.0				CFC			391910520.0	positive_groups		2016	0.1575926814887394	2486857361.0
				PRT			510531251.0				CFC			117264344.0	positive_groups		2016	0.2296908245485642	510531251.0
				ESP			5339122530.0				CFC			1079378703.0	positive_groups		2016	0.2021640629026732	5339122530.0
				SWE			4242604705.0				CFC			679030588.0	positive_groups		2016	0.1600504018674537	4242604705.0
				GBR			62238658250.0				CFC			8052009857.0	positive_groups		2016	0.1293731273038811	62238658250.0
				NOR			1388041320.0				CFC			101624402.0	positive_groups		2016	0.0732142484058039	1388041320.0
				CHE			45498786841.0				CFC			3738488494.0	positive_groups		2016	0.082166773084841	45498786841.0
				RUS			3552188891.0				CFC			696820034.0	positive_groups		2016	0.1961663794866026	3552188891.0
				IND			11117381924.0				CFC			3884880452.0	positive_groups		2016	0.3494420249801251	11117381924.0
				ISR			2550074886.0				CFC			470135287.0	positive_groups		2016	0.1843613650646336	2550074886.0
				TUR			1726427483.0				CFC			341600610.0	positive_groups		2016	0.1978656001272658	1726427483.0
				CHN			25580862101.0				CFC			4434398832.0	positive_groups		2016	0.173348295084498	25580862101.0
				HKG			8714261074.0				CFC			1609087575.0	positive_groups		2016	0.1846499159637181	8714261074.0
				JPN			15961440429.0				CFC			5111522951.0	positive_groups		2016	0.3202419589721353	15961440429.0
				KOR			7059844345.0				CFC			1581955491.0	positive_groups		2016	0.2240779560700073	7059844345.0
				MYS			2743727061.0				CFC			417879650.0	positive_groups		2016	0.1523036514600312	2743727061.0
				PHL			1894060871.0				CFC			375753841.0	positive_groups		2016	0.1983853036368439	1894060871.0
				SGP			26240313551.0				CFC			1839202684.0	positive_groups		2016	0.0700907281624273	26240313551.0
				THA			2609513788.0				CFC			368650779.0	positive_groups		2016	0.1412718264587303	2609513788.0
				AUS			10660981793.0				CFC			2277112210.0	positive_groups		2016	0.2135931056082613	10660981793.0
				PRI			10266124520.0				CFC			292547150.0	positive_groups		2016	0.0284963570654216	10266124520.0
				Rest			696724940317.0				BEA_income				all_groups		2018		657799000000.0
				CAN			39051000000.0				BEA_income				all_groups		2018		39051000000.0
				AUT			875000000.0				BEA_income				all_groups		2018		875000000.0
				BEL			8401000000.0				BEA_income				all_groups		2018		8401000000.0
				CZE			558000000.0				BEA_income				all_groups		2018		558000000.0
				DNK			402000000.0				BEA_income				all_groups		2018		402000000.0
				FIN			212000000.0				BEA_income				all_groups		2018		212000000.0
				FRA			4325000000.0				BEA_income				all_groups		2018		4325000000.0
				DEU			10302000000.0				BEA_income				all_groups		2018		10302000000.0
				GRC			248000000.0				BEA_income				all_groups		2018		248000000.0
				HUN			714000000.0				BEA_income				all_groups		2018		714000000.0
				IRL			65558000000.0				BEA_income				all_groups		2018		65558000000.0
				ITA			3009000000.0				BEA_income				all_groups		2018		3009000000.0
				LUX			43107000000.0				BEA_income				all_groups		2018		43107000000.0
				NLD			88986000000.0				BEA_income				all_groups		2018		88986000000.0
				NOR			5265000000.0				BEA_income				all_groups		2018		5265000000.0
				POL			1975000000.0				BEA_income				all_groups		2018		1975000000.0
				PRT			300000000.0				BEA_income				all_groups		2018		300000000.0
				RUS			1962000000.0				BEA_income				all_groups		2018		1962000000.0
				ESP			3792000000.0				BEA_income				all_groups		2018		3792000000.0
				SWE			2007000000.0				BEA_income				all_groups		2018		2007000000.0
				CHE			26077000000.0				BEA_income				all_groups		2018		26077000000.0
				TUR			849000000.0				BEA_income				all_groups		2018		849000000.0
				GBR			58070000000.0				BEA_income				all_groups		2018		58070000000.0
				BEA_Other_Europe			9493000000.0				BEA_income				all_groups		2018		9493000000.0
				ALB							BEA_income				all_groups		2018		
				ARM							BEA_income				all_groups		2018		
				AZE							BEA_income				all_groups		2018		
				BLR							BEA_income				all_groups		2018		
				BIH							BEA_income				all_groups		2018		
				BGR							BEA_income				all_groups		2018		
				HRV							BEA_income				all_groups		2018		
				CYP							BEA_income				all_groups		2018		
				EST							BEA_income				all_groups		2018		
				GEO							BEA_income				all_groups		2018		
				GIB							BEA_income				all_groups		2018		
				GRL							BEA_income				all_groups		2018		
				ISL							BEA_income				all_groups		2018		
				KAZ							BEA_income				all_groups		2018		
				XKX							BEA_income				all_groups		2018		
				KGZ							BEA_income				all_groups		2018		
				LVA							BEA_income				all_groups		2018		
				LIE							BEA_income				all_groups		2018		
				LTU							BEA_income				all_groups		2018		
				MKD							BEA_income				all_groups		2018		
				MLT							BEA_income				all_groups		2018		
				MDA							BEA_income				all_groups		2018		
				MCO							BEA_income				all_groups		2018		
				MNE							BEA_income				all_groups		2018		
				ROU							BEA_income				all_groups		2018		
				SRB							BEA_income				all_groups		2018		
				SVK							BEA_income				all_groups		2018		
				SVN							BEA_income				all_groups		2018		
				TJK							BEA_income				all_groups		2018		
				TKM							BEA_income				all_groups		2018		
				UKR							BEA_income				all_groups		2018		
				UZB							BEA_income				all_groups		2018		
				ARG			1959000000.0				BEA_income				all_groups		2018		1959000000.0
				BRA			5259000000.0				BEA_income				all_groups		2018		5259000000.0
				CHL			3473000000.0				BEA_income				all_groups		2018		3473000000.0
				COL			1705000000.0				BEA_income				all_groups		2018		1705000000.0
				ECU			-26000000.0				BEA_income				all_groups		2018		-26000000.0
				PER			1416000000.0				BEA_income				all_groups		2018		1416000000.0
				VEN			345000000.0				BEA_income				all_groups		2018		345000000.0
				BOL							BEA_income				all_groups		2018		
				GUF							BEA_income				all_groups		2018		
				GUY							BEA_income				all_groups		2018		
				PRY							BEA_income				all_groups		2018		
				SUR							BEA_income				all_groups		2018		
				URY							BEA_income				all_groups		2018		
				CRI			269000000.0				BEA_income				all_groups		2018		269000000.0
				HND			117000000.0				BEA_income				all_groups		2018		117000000.0
				MEX			14498000000.0				BEA_income				all_groups		2018		14498000000.0
				PAN			662000000.0				BEA_income				all_groups		2018		662000000.0
				BLZ							BEA_income				all_groups		2018		
				SLV							BEA_income				all_groups		2018		
				GTM							BEA_income				all_groups		2018		
				NIC							BEA_income				all_groups		2018		
				BRB			3226000000.0				BEA_income				all_groups		2018		3226000000.0
				BMU			44954000000.0				BEA_income				all_groups		2018		44954000000.0
				DOM			441000000.0				BEA_income				all_groups		2018		441000000.0
				UK_Caribbean			35207000000.0				BEA_income				all_groups		2018		35207000000.0
				BEA_Other_Western			5176000000.0				BEA_income				all_groups		2018		5176000000.0
				AIA							BEA_income				all_groups		2018		
				ATG							BEA_income				all_groups		2018		
				ABW							BEA_income				all_groups		2018		
				BHS							BEA_income				all_groups		2018		
				CUW							BEA_income				all_groups		2018		
				DMA							BEA_income				all_groups		2018		
				GRD							BEA_income				all_groups		2018		
				HTI							BEA_income				all_groups		2018		
				JAM							BEA_income				all_groups		2018		
				SXM							BEA_income				all_groups		2018		
				KNA							BEA_income				all_groups		2018		
				LCA							BEA_income				all_groups		2018		
				VCT							BEA_income				all_groups		2018		
				TTO							BEA_income				all_groups		2018		
				EGY			2169000000.0				BEA_income				all_groups		2018		2169000000.0
				NGA			244000000.0				BEA_income				all_groups		2018		244000000.0
				ZAF			869000000.0				BEA_income				all_groups		2018		869000000.0
				DZA							BEA_income				all_groups		2018		
				AGO							BEA_income				all_groups		2018		
				BEN							BEA_income				all_groups		2018		
				BWA							BEA_income				all_groups		2018		
				BDI							BEA_income				all_groups		2018		
				CMR							BEA_income				all_groups		2018		
				CAF							BEA_income				all_groups		2018		
				TCD							BEA_income				all_groups		2018		
				COM							BEA_income				all_groups		2018		
				COG							BEA_income				all_groups		2018		
				COD							BEA_income				all_groups		2018		
				CIV							BEA_income				all_groups		2018		
				DJI							BEA_income				all_groups		2018		
				GNQ							BEA_income				all_groups		2018		
				ERI							BEA_income				all_groups		2018		
				SWZ							BEA_income				all_groups		2018		
				ETH							BEA_income				all_groups		2018		
				GAB							BEA_income				all_groups		2018		
				GHA							BEA_income				all_groups		2018		
				GIN							BEA_income				all_groups		2018		
				KEN							BEA_income				all_groups		2018		
				LSO							BEA_income				all_groups		2018		
				LBR							BEA_income				all_groups		2018		
				LBY							BEA_income				all_groups		2018		
				MDG							BEA_income				all_groups		2018		
				MWI							BEA_income				all_groups		2018		
				MLI							BEA_income				all_groups		2018		
				MRT							BEA_income				all_groups		2018		
				MUS							BEA_income				all_groups		2018		
				MAR							BEA_income				all_groups		2018		
				MOZ							BEA_income				all_groups		2018		
				NAM							BEA_income				all_groups		2018		
				RWA							BEA_income				all_groups		2018		
				STP							BEA_income				all_groups		2018		
				SEN							BEA_income				all_groups		2018		
				SYC							BEA_income				all_groups		2018		
				SLE							BEA_income				all_groups		2018		
				SSD							BEA_income				all_groups		2018		
				TZA							BEA_income				all_groups		2018		
				TGO							BEA_income				all_groups		2018		
				TUN							BEA_income				all_groups		2018		
				UGA							BEA_income				all_groups		2018		
				ZMB							BEA_income				all_groups		2018		
				ZWE							BEA_income				all_groups		2018		
				ISR			1451000000.0				BEA_income				all_groups		2018		1451000000.0
				SAU			860000000.0				BEA_income				all_groups		2018		860000000.0
				ARE			1399000000.0				BEA_income				all_groups		2018		1399000000.0
				BHR							BEA_income				all_groups		2018		
				IRQ							BEA_income				all_groups		2018		
				JOR							BEA_income				all_groups		2018		
				KWT							BEA_income				all_groups		2018		
				LBN							BEA_income				all_groups		2018		
				OMN							BEA_income				all_groups		2018		
				QAT							BEA_income				all_groups		2018		
				SYR							BEA_income				all_groups		2018		
				YEM							BEA_income				all_groups		2018		
				AUS			13219000000.0				BEA_income				all_groups		2018		13219000000.0
				CHN			18863000000.0				BEA_income				all_groups		2018		18863000000.0
				HKG			12740000000.0				BEA_income				all_groups		2018		12740000000.0
				IND			7281000000.0				BEA_income				all_groups		2018		7281000000.0
				IDN			5034000000.0				BEA_income				all_groups		2018		5034000000.0
				JPN			20183000000.0				BEA_income				all_groups		2018		20183000000.0
				KOR			4081000000.0				BEA_income				all_groups		2018		4081000000.0
				MYS			2052000000.0				BEA_income				all_groups		2018		2052000000.0
				NZL			671000000.0				BEA_income				all_groups		2018		671000000.0
				PHL			868000000.0				BEA_income				all_groups		2018		868000000.0
				SGP			44853000000.0				BEA_income				all_groups		2018		44853000000.0
				TWN			1990000000.0				BEA_income				all_groups		2018		1990000000.0
				THA			2629000000.0				BEA_income				all_groups		2018		2629000000.0
				AFG							BEA_income				all_groups		2018		
				BGD							BEA_income				all_groups		2018		
				BTN							BEA_income				all_groups		2018		
				BRN							BEA_income				all_groups		2018		
				MMR							BEA_income				all_groups		2018		
				KHM							BEA_income				all_groups		2018		
				FJI							BEA_income				all_groups		2018		
				LAO							BEA_income				all_groups		2018		
				MAC							BEA_income				all_groups		2018		
				MDV							BEA_income				all_groups		2018		
				MHL							BEA_income				all_groups		2018		
				FSM							BEA_income				all_groups		2018		
				MNG							BEA_income				all_groups		2018		
				NPL							BEA_income				all_groups		2018		
				PAK							BEA_income				all_groups		2018		
				PLW							BEA_income				all_groups		2018		
				PNG							BEA_income				all_groups		2018		
				WSM							BEA_income				all_groups		2018		
				LKA							BEA_income				all_groups		2018		
				VUT							BEA_income				all_groups		2018		
				VNM							BEA_income				all_groups		2018		
				Rest			649217936166.5531				BEA_income				all_groups		2017		624219000000.0
				CAN			31374000000.0				BEA_income				all_groups		2017		31374000000.0
				AUT			671000000.0				BEA_income				all_groups		2017		671000000.0
				BEL			8230000000.0				BEA_income				all_groups		2017		8230000000.0
				CZE			685000000.0				BEA_income				all_groups		2017		685000000.0
				DNK			784000000.0				BEA_income				all_groups		2017		784000000.0
				FIN			143000000.0				BEA_income				all_groups		2017		143000000.0
				FRA			6003000000.0				BEA_income				all_groups		2017		6003000000.0
				DEU			10920000000.0				BEA_income				all_groups		2017		10920000000.0
				GRC			251000000.0				BEA_income				all_groups		2017		251000000.0
				HUN			730000000.0				BEA_income				all_groups		2017		730000000.0
				IRL			66410000000.0				BEA_income				all_groups		2017		66410000000.0
				ITA			3110000000.0				BEA_income				all_groups		2017		3110000000.0
				LUX			44157000000.0				BEA_income				all_groups		2017		44157000000.0
				NLD			84810000000.0				BEA_income				all_groups		2017		84810000000.0
				NOR			4346000000.0				BEA_income				all_groups		2017		4346000000.0
				POL			1245000000.0				BEA_income				all_groups		2017		1245000000.0
				PRT			284000000.0				BEA_income				all_groups		2017		284000000.0
				RUS			2291000000.0				BEA_income				all_groups		2017		2291000000.0
				ESP			4211000000.0				BEA_income				all_groups		2017		4211000000.0
				SWE			3475000000.0				BEA_income				all_groups		2017		3475000000.0
				CHE			33313000000.0				BEA_income				all_groups		2017		33313000000.0
				TUR			930000000.0				BEA_income				all_groups		2017		930000000.0
				GBR			59358000000.0				BEA_income				all_groups		2017		59358000000.0
				BEA_Other_Europe			4531000000.0				BEA_income				all_groups		2017		4531000000.0
				ALB							BEA_income				all_groups		2017		
				ARM							BEA_income				all_groups		2017		
				AZE							BEA_income				all_groups		2017		
				BLR							BEA_income				all_groups		2017		
				BIH							BEA_income				all_groups		2017		
				BGR							BEA_income				all_groups		2017		
				HRV							BEA_income				all_groups		2017		
				CYP							BEA_income				all_groups		2017		
				EST							BEA_income				all_groups		2017		
				GEO							BEA_income				all_groups		2017		
				GIB							BEA_income				all_groups		2017		
				GRL							BEA_income				all_groups		2017		
				ISL							BEA_income				all_groups		2017		
				KAZ							BEA_income				all_groups		2017		
				XKX							BEA_income				all_groups		2017		
				KGZ							BEA_income				all_groups		2017		
				LVA							BEA_income				all_groups		2017		
				LIE							BEA_income				all_groups		2017		
				LTU							BEA_income				all_groups		2017		
				MKD							BEA_income				all_groups		2017		
				MLT							BEA_income				all_groups		2017		
				MDA							BEA_income				all_groups		2017		
				MCO							BEA_income				all_groups		2017		
				MNE							BEA_income				all_groups		2017		
				ROU							BEA_income				all_groups		2017		
				SRB							BEA_income				all_groups		2017		
				SVK							BEA_income				all_groups		2017		
				SVN							BEA_income				all_groups		2017		
				TJK							BEA_income				all_groups		2017		
				TKM							BEA_income				all_groups		2017		
				UKR							BEA_income				all_groups		2017		
				UZB							BEA_income				all_groups		2017		
				ARG			2645000000.0				BEA_income				all_groups		2017		2645000000.0
				BRA			4900000000.0				BEA_income				all_groups		2017		4900000000.0
				CHL			2904000000.0				BEA_income				all_groups		2017		2904000000.0
				COL			1322000000.0				BEA_income				all_groups		2017		1322000000.0
				ECU			150000000.0				BEA_income				all_groups		2017		150000000.0
				PER			2681000000.0				BEA_income				all_groups		2017		2681000000.0
				VEN			22000000.0				BEA_income				all_groups		2017		22000000.0
				BOL							BEA_income				all_groups		2017		
				GUF							BEA_income				all_groups		2017		
				GUY							BEA_income				all_groups		2017		
				PRY							BEA_income				all_groups		2017		
				SUR							BEA_income				all_groups		2017		
				URY							BEA_income				all_groups		2017		
				CRI			331000000.0				BEA_income				all_groups		2017		331000000.0
				HND			108000000.0				BEA_income				all_groups		2017		108000000.0
				MEX			14259000000.0				BEA_income				all_groups		2017		14259000000.0
				PAN			671000000.0				BEA_income				all_groups		2017		671000000.0
				BLZ							BEA_income				all_groups		2017		
				SLV							BEA_income				all_groups		2017		
				GTM							BEA_income				all_groups		2017		
				NIC							BEA_income				all_groups		2017		
				BRB			1208000000.0				BEA_income				all_groups		2017		1208000000.0
				BMU			49026000000.0				BEA_income				all_groups		2017		49026000000.0
				DOM			477000000.0				BEA_income				all_groups		2017		477000000.0
				UK_Caribbean			32483000000.0				BEA_income				all_groups		2017		32483000000.0
				BEA_Other_Western			1468000000.0				BEA_income				all_groups		2017		1468000000.0
				AIA							BEA_income				all_groups		2017		
				ATG							BEA_income				all_groups		2017		
				ABW							BEA_income				all_groups		2017		
				BHS							BEA_income				all_groups		2017		
				CUW							BEA_income				all_groups		2017		
				DMA							BEA_income				all_groups		2017		
				GRD							BEA_income				all_groups		2017		
				HTI							BEA_income				all_groups		2017		
				JAM							BEA_income				all_groups		2017		
				SXM							BEA_income				all_groups		2017		
				KNA							BEA_income				all_groups		2017		
				LCA							BEA_income				all_groups		2017		
				VCT							BEA_income				all_groups		2017		
				TTO							BEA_income				all_groups		2017		
				EGY			581000000.0				BEA_income				all_groups		2017		581000000.0
				NGA			523000000.0				BEA_income				all_groups		2017		523000000.0
				ZAF			943000000.0				BEA_income				all_groups		2017		943000000.0
				DZA							BEA_income				all_groups		2017		
				AGO							BEA_income				all_groups		2017		
				BEN							BEA_income				all_groups		2017		
				BWA							BEA_income				all_groups		2017		
				BDI							BEA_income				all_groups		2017		
				CMR							BEA_income				all_groups		2017		
				CAF							BEA_income				all_groups		2017		
				TCD							BEA_income				all_groups		2017		
				COM							BEA_income				all_groups		2017		
				COG							BEA_income				all_groups		2017		
				COD							BEA_income				all_groups		2017		
				CIV							BEA_income				all_groups		2017		
				DJI							BEA_income				all_groups		2017		
				GNQ							BEA_income				all_groups		2017		
				ERI							BEA_income				all_groups		2017		
				ETH							BEA_income				all_groups		2017		
				GAB							BEA_income				all_groups		2017		
				GHA							BEA_income				all_groups		2017		
				GIN							BEA_income				all_groups		2017		
				KEN							BEA_income				all_groups		2017		
				LSO							BEA_income				all_groups		2017		
				LBR							BEA_income				all_groups		2017		
				LBY							BEA_income				all_groups		2017		
				MDG							BEA_income				all_groups		2017		
				MWI							BEA_income				all_groups		2017		
				MLI							BEA_income				all_groups		2017		
				MRT							BEA_income				all_groups		2017		
				MUS							BEA_income				all_groups		2017		
				MAR							BEA_income				all_groups		2017		
				MOZ							BEA_income				all_groups		2017		
				NAM							BEA_income				all_groups		2017		
				RWA							BEA_income				all_groups		2017		
				STP							BEA_income				all_groups		2017		
				SEN							BEA_income				all_groups		2017		
				SYC							BEA_income				all_groups		2017		
				SLE							BEA_income				all_groups		2017		
				SSD							BEA_income				all_groups		2017		
				SWZ							BEA_income				all_groups		2017		
				TZA							BEA_income				all_groups		2017		
				TGO							BEA_income				all_groups		2017		
				TUN							BEA_income				all_groups		2017		
				UGA							BEA_income				all_groups		2017		
				ZMB							BEA_income				all_groups		2017		
				ZWE							BEA_income				all_groups		2017		
				ISR			1345000000.0				BEA_income				all_groups		2017		1345000000.0
				SAU			1318000000.0				BEA_income				all_groups		2017		1318000000.0
				ARE			1597000000.0				BEA_income				all_groups		2017		1597000000.0
				BHR							BEA_income				all_groups		2017		
				IRQ							BEA_income				all_groups		2017		
				JOR							BEA_income				all_groups		2017		
				KWT							BEA_income				all_groups		2017		
				LBN							BEA_income				all_groups		2017		
				OMN							BEA_income				all_groups		2017		
				QAT							BEA_income				all_groups		2017		
				SYR							BEA_income				all_groups		2017		
				YEM							BEA_income				all_groups		2017		
				AUS			10677000000.0				BEA_income				all_groups		2017		10677000000.0
				CHN			19354000000.0				BEA_income				all_groups		2017		19354000000.0
				HKG			8828000000.0				BEA_income				all_groups		2017		8828000000.0
				IND			7249000000.0				BEA_income				all_groups		2017		7249000000.0
				IDN			3463000000.0				BEA_income				all_groups		2017		3463000000.0
				JPN			17471000000.0				BEA_income				all_groups		2017		17471000000.0
				KOR			3293000000.0				BEA_income				all_groups		2017		3293000000.0
				MYS			1950000000.0				BEA_income				all_groups		2017		1950000000.0
				NZL			1067000000.0				BEA_income				all_groups		2017		1067000000.0
				PHL			1301000000.0				BEA_income				all_groups		2017		1301000000.0
				SGP			32991000000.0				BEA_income				all_groups		2017		32991000000.0
				TWN			1994000000.0				BEA_income				all_groups		2017		1994000000.0
				THA			3201000000.0				BEA_income				all_groups		2017		3201000000.0
				AFG							BEA_income				all_groups		2017		
				BGD							BEA_income				all_groups		2017		
				BTN							BEA_income				all_groups		2017		
				BRN							BEA_income				all_groups		2017		
				MMR							BEA_income				all_groups		2017		
				KHM							BEA_income				all_groups		2017		
				FJI							BEA_income				all_groups		2017		
				LAO							BEA_income				all_groups		2017		
				MAC							BEA_income				all_groups		2017		
				MDV							BEA_income				all_groups		2017		
				MHL							BEA_income				all_groups		2017		
				FSM							BEA_income				all_groups		2017		
				MNG							BEA_income				all_groups		2017		
				NPL							BEA_income				all_groups		2017		
				PAK							BEA_income				all_groups		2017		
				PLW							BEA_income				all_groups		2017		
				PNG							BEA_income				all_groups		2017		
				WSM							BEA_income				all_groups		2017		
				LKA							BEA_income				all_groups		2017		
				VUT							BEA_income				all_groups		2017		
				VNM							BEA_income				all_groups		2017		
				Rest			538859026861.602				BEA_income				all_groups		2016		517853000000.0
				CAN			22919000000.0				BEA_income				all_groups		2016		22919000000.0
				AUT			637000000.0				BEA_income				all_groups		2016		637000000.0
				BEL			6200000000.0				BEA_income				all_groups		2016		6200000000.0
				CZE			611000000.0				BEA_income				all_groups		2016		611000000.0
				DNK			1287000000.0				BEA_income				all_groups		2016		1287000000.0
				FIN			-48000000.0				BEA_income				all_groups		2016		-48000000.0
				FRA			6044000000.0				BEA_income				all_groups		2016		6044000000.0
				DEU			8863000000.0				BEA_income				all_groups		2016		8863000000.0
				GRC			125000000.0				BEA_income				all_groups		2016		125000000.0
				HUN			685000000.0				BEA_income				all_groups		2016		685000000.0
				IRL			58639000000.0				BEA_income				all_groups		2016		58639000000.0
				ITA			2810000000.0				BEA_income				all_groups		2016		2810000000.0
				LUX			36837000000.0				BEA_income				all_groups		2016		36837000000.0
				NLD			75186000000.0				BEA_income				all_groups		2016		75186000000.0
				NOR			2316000000.0				BEA_income				all_groups		2016		2316000000.0
				POL			1542000000.0				BEA_income				all_groups		2016		1542000000.0
				PRT			217000000.0				BEA_income				all_groups		2016		217000000.0
				RUS			1540000000.0				BEA_income				all_groups		2016		1540000000.0
				ESP			2809000000.0				BEA_income				all_groups		2016		2809000000.0
				SWE			2574000000.0				BEA_income				all_groups		2016		2574000000.0
				CHE			33608000000.0				BEA_income				all_groups		2016		33608000000.0
				TUR			560000000.0				BEA_income				all_groups		2016		560000000.0
				GBR			48205000000.0				BEA_income				all_groups		2016		48205000000.0
				BEA_Other_Europe			-4521000000.0				BEA_income				all_groups		2016		-4521000000.0
				ALB							BEA_income				all_groups		2016		
				ARM							BEA_income				all_groups		2016		
				AZE							BEA_income				all_groups		2016		
				BLR							BEA_income				all_groups		2016		
				BIH							BEA_income				all_groups		2016		
				BGR							BEA_income				all_groups		2016		
				HRV							BEA_income				all_groups		2016		
				CYP							BEA_income				all_groups		2016		
				EST							BEA_income				all_groups		2016		
				GEO							BEA_income				all_groups		2016		
				GIB							BEA_income				all_groups		2016		
				GRL							BEA_income				all_groups		2016		
				ISL							BEA_income				all_groups		2016		
				KAZ							BEA_income				all_groups		2016		
				XKX							BEA_income				all_groups		2016		
				KGZ							BEA_income				all_groups		2016		
				LVA							BEA_income				all_groups		2016		
				LIE							BEA_income				all_groups		2016		
				LTU							BEA_income				all_groups		2016		
				MKD							BEA_income				all_groups		2016		
				MLT							BEA_income				all_groups		2016		
				MDA							BEA_income				all_groups		2016		
				MCO							BEA_income				all_groups		2016		
				MNE							BEA_income				all_groups		2016		
				ROU							BEA_income				all_groups		2016		
				SRB							BEA_income				all_groups		2016		
				SVK							BEA_income				all_groups		2016		
				SVN							BEA_income				all_groups		2016		
				TJK							BEA_income				all_groups		2016		
				TKM							BEA_income				all_groups		2016		
				UKR							BEA_income				all_groups		2016		
				UZB							BEA_income				all_groups		2016		
				ARG			3654000000.0				BEA_income				all_groups		2016		3654000000.0
				BRA			2620000000.0				BEA_income				all_groups		2016		2620000000.0
				CHL			2477000000.0				BEA_income				all_groups		2016		2477000000.0
				COL			950000000.0				BEA_income				all_groups		2016		950000000.0
				ECU			164000000.0				BEA_income				all_groups		2016		164000000.0
				PER			728000000.0				BEA_income				all_groups		2016		728000000.0
				VEN			-230000000.0				BEA_income				all_groups		2016		-230000000.0
				BOL							BEA_income				all_groups		2016		
				GUF							BEA_income				all_groups		2016		
				GUY							BEA_income				all_groups		2016		
				PRY							BEA_income				all_groups		2016		
				SUR							BEA_income				all_groups		2016		
				URY							BEA_income				all_groups		2016		
				CRI			229000000.0				BEA_income				all_groups		2016		229000000.0
				HND			157000000.0				BEA_income				all_groups		2016		157000000.0
				MEX			11311000000.0				BEA_income				all_groups		2016		11311000000.0
				PAN			535000000.0				BEA_income				all_groups		2016		535000000.0
				BLZ							BEA_income				all_groups		2016		
				SLV							BEA_income				all_groups		2016		
				GTM							BEA_income				all_groups		2016		
				NIC							BEA_income				all_groups		2016		
				BRB			1210000000.0				BEA_income				all_groups		2016		1210000000.0
				BMU			43764000000.0				BEA_income				all_groups		2016		43764000000.0
				DOM			419000000.0				BEA_income				all_groups		2016		419000000.0
				UK_Caribbean			25875000000.0				BEA_income				all_groups		2016		25875000000.0
				BEA_Other_Western			683000000.0				BEA_income				all_groups		2016		683000000.0
				AIA							BEA_income				all_groups		2016		
				ATG							BEA_income				all_groups		2016		
				ABW							BEA_income				all_groups		2016		
				BHS							BEA_income				all_groups		2016		
				CUW							BEA_income				all_groups		2016		
				DMA							BEA_income				all_groups		2016		
				GRD							BEA_income				all_groups		2016		
				HTI							BEA_income				all_groups		2016		
				JAM							BEA_income				all_groups		2016		
				SXM							BEA_income				all_groups		2016		
				KNA							BEA_income				all_groups		2016		
				LCA							BEA_income				all_groups		2016		
				VCT							BEA_income				all_groups		2016		
				TTO							BEA_income				all_groups		2016		
				EGY			709000000.0				BEA_income				all_groups		2016		709000000.0
				NGA			693000000.0				BEA_income				all_groups		2016		693000000.0
				ZAF			572000000.0				BEA_income				all_groups		2016		572000000.0
				DZA							BEA_income				all_groups		2016		
				AGO							BEA_income				all_groups		2016		
				BEN							BEA_income				all_groups		2016		
				BWA							BEA_income				all_groups		2016		
				BDI							BEA_income				all_groups		2016		
				CMR							BEA_income				all_groups		2016		
				CAF							BEA_income				all_groups		2016		
				TCD							BEA_income				all_groups		2016		
				COM							BEA_income				all_groups		2016		
				COG							BEA_income				all_groups		2016		
				COD							BEA_income				all_groups		2016		
				CIV							BEA_income				all_groups		2016		
				DJI							BEA_income				all_groups		2016		
				GNQ							BEA_income				all_groups		2016		
				ERI							BEA_income				all_groups		2016		
				ETH							BEA_income				all_groups		2016		
				GAB							BEA_income				all_groups		2016		
				GHA							BEA_income				all_groups		2016		
				GIN							BEA_income				all_groups		2016		
				KEN							BEA_income				all_groups		2016		
				LSO							BEA_income				all_groups		2016		
				LBR							BEA_income				all_groups		2016		
				LBY							BEA_income				all_groups		2016		
				MDG							BEA_income				all_groups		2016		
				MWI							BEA_income				all_groups		2016		
				MLI							BEA_income				all_groups		2016		
				MRT							BEA_income				all_groups		2016		
				MUS							BEA_income				all_groups		2016		
				MAR							BEA_income				all_groups		2016		
				MOZ							BEA_income				all_groups		2016		
				NAM							BEA_income				all_groups		2016		
				RWA							BEA_income				all_groups		2016		
				STP							BEA_income				all_groups		2016		
				SEN							BEA_income				all_groups		2016		
				SYC							BEA_income				all_groups		2016		
				SLE							BEA_income				all_groups		2016		
				SSD							BEA_income				all_groups		2016		
				SWZ							BEA_income				all_groups		2016		
				TZA							BEA_income				all_groups		2016		
				TGO							BEA_income				all_groups		2016		
				TUN							BEA_income				all_groups		2016		
				UGA							BEA_income				all_groups		2016		
				ZMB							BEA_income				all_groups		2016		
				ZWE							BEA_income				all_groups		2016		
				ISR			1271000000.0				BEA_income				all_groups		2016		1271000000.0
				SAU			1054000000.0				BEA_income				all_groups		2016		1054000000.0
				ARE			3389000000.0				BEA_income				all_groups		2016		3389000000.0
				BHR							BEA_income				all_groups		2016		
				IRQ							BEA_income				all_groups		2016		
				JOR							BEA_income				all_groups		2016		
				KWT							BEA_income				all_groups		2016		
				LBN							BEA_income				all_groups		2016		
				OMN							BEA_income				all_groups		2016		
				QAT							BEA_income				all_groups		2016		
				SYR							BEA_income				all_groups		2016		
				YEM							BEA_income				all_groups		2016		
				AUS			7985000000.0				BEA_income				all_groups		2016		7985000000.0
				CHN			16991000000.0				BEA_income				all_groups		2016		16991000000.0
				HKG			6251000000.0				BEA_income				all_groups		2016		6251000000.0
				IND			6422000000.0				BEA_income				all_groups		2016		6422000000.0
				IDN			2761000000.0				BEA_income				all_groups		2016		2761000000.0
				JPN			19814000000.0				BEA_income				all_groups		2016		19814000000.0
				KOR			3741000000.0				BEA_income				all_groups		2016		3741000000.0
				MYS			1192000000.0				BEA_income				all_groups		2016		1192000000.0
				NZL			656000000.0				BEA_income				all_groups		2016		656000000.0
				PHL			1214000000.0				BEA_income				all_groups		2016		1214000000.0
				SGP			26111000000.0				BEA_income				all_groups		2016		26111000000.0
				TWN			1832000000.0				BEA_income				all_groups		2016		1832000000.0
				THA			2377000000.0				BEA_income				all_groups		2016		2377000000.0
				AFG							BEA_income				all_groups		2016		
				BGD							BEA_income				all_groups		2016		
				BTN							BEA_income				all_groups		2016		
				BRN							BEA_income				all_groups		2016		
				MMR							BEA_income				all_groups		2016		
				KHM							BEA_income				all_groups		2016		
				FJI							BEA_income				all_groups		2016		
				LAO							BEA_income				all_groups		2016		
				MAC							BEA_income				all_groups		2016		
				MDV							BEA_income				all_groups		2016		
				MHL							BEA_income				all_groups		2016		
				FSM							BEA_income				all_groups		2016		
				MNG							BEA_income				all_groups		2016		
				NPL							BEA_income				all_groups		2016		
				PAK							BEA_income				all_groups		2016		
				PLW							BEA_income				all_groups		2016		
				PNG							BEA_income				all_groups		2016		
				WSM							BEA_income				all_groups		2016		
				LKA							BEA_income				all_groups		2016		
				VUT							BEA_income				all_groups		2016		
				VNM							BEA_income				all_groups		2016		
				Rest			524755000000.0				BEA_income				all_groups		2015		524755000000.0
				CAN			26626000000.0				BEA_income				all_groups		2015		26626000000.0
				AUT			429000000.0				BEA_income				all_groups		2015		429000000.0
				BEL			5136000000.0				BEA_income				all_groups		2015		5136000000.0
				CZE			596000000.0				BEA_income				all_groups		2015		596000000.0
				DNK			998000000.0				BEA_income				all_groups		2015		998000000.0
				FIN			170000000.0				BEA_income				all_groups		2015		170000000.0
				FRA			4931000000.0				BEA_income				all_groups		2015		4931000000.0
				DEU			11165000000.0				BEA_income				all_groups		2015		11165000000.0
				GRC			100000000.0				BEA_income				all_groups		2015		100000000.0
				HUN			591000000.0				BEA_income				all_groups		2015		591000000.0
				IRL			60468000000.0				BEA_income				all_groups		2015		60468000000.0
				ITA			3086000000.0				BEA_income				all_groups		2015		3086000000.0
				LUX			29242000000.0				BEA_income				all_groups		2015		29242000000.0
				NLD			74299000000.0				BEA_income				all_groups		2015		74299000000.0
				NOR			4557000000.0				BEA_income				all_groups		2015		4557000000.0
				POL			873000000.0				BEA_income				all_groups		2015		873000000.0
				PRT			207000000.0				BEA_income				all_groups		2015		207000000.0
				RUS			1248000000.0				BEA_income				all_groups		2015		1248000000.0
				ESP			3876000000.0				BEA_income				all_groups		2015		3876000000.0
				SWE			1455000000.0				BEA_income				all_groups		2015		1455000000.0
				CHE			32058000000.0				BEA_income				all_groups		2015		32058000000.0
				TUR			651000000.0				BEA_income				all_groups		2015		651000000.0
				GBR			45985000000.0				BEA_income				all_groups		2015		45985000000.0
				BEA_Other_Europe			-1204000000.0				BEA_income				all_groups		2015		-1204000000.0
				ALB							BEA_income				all_groups		2015		
				ARM							BEA_income				all_groups		2015		
				AZE							BEA_income				all_groups		2015		
				BLR							BEA_income				all_groups		2015		
				BIH							BEA_income				all_groups		2015		
				BGR							BEA_income				all_groups		2015		
				HRV							BEA_income				all_groups		2015		
				CYP							BEA_income				all_groups		2015		
				EST							BEA_income				all_groups		2015		
				GEO							BEA_income				all_groups		2015		
				GIB							BEA_income				all_groups		2015		
				GRL							BEA_income				all_groups		2015		
				ISL							BEA_income				all_groups		2015		
				KAZ							BEA_income				all_groups		2015		
				KGZ							BEA_income				all_groups		2015		
				LVA							BEA_income				all_groups		2015		
				LIE							BEA_income				all_groups		2015		
				LTU							BEA_income				all_groups		2015		
				MKD							BEA_income				all_groups		2015		
				MLT							BEA_income				all_groups		2015		
				MDA							BEA_income				all_groups		2015		
				MCO							BEA_income				all_groups		2015		
				MNE							BEA_income				all_groups		2015		
				ROU							BEA_income				all_groups		2015		
				SRB							BEA_income				all_groups		2015		
				SVK							BEA_income				all_groups		2015		
				SVN							BEA_income				all_groups		2015		
				TJK							BEA_income				all_groups		2015		
				TKM							BEA_income				all_groups		2015		
				UKR							BEA_income				all_groups		2015		
				UZB							BEA_income				all_groups		2015		
				ARG			3989000000.0				BEA_income				all_groups		2015		3989000000.0
				BRA			3453000000.0				BEA_income				all_groups		2015		3453000000.0
				CHL			2932000000.0				BEA_income				all_groups		2015		2932000000.0
				COL			677000000.0				BEA_income				all_groups		2015		677000000.0
				ECU			126000000.0				BEA_income				all_groups		2015		126000000.0
				PER			780000000.0				BEA_income				all_groups		2015		780000000.0
				VEN			1414000000.0				BEA_income				all_groups		2015		1414000000.0
				BOL							BEA_income				all_groups		2015		
				GUF							BEA_income				all_groups		2015		
				GUY							BEA_income				all_groups		2015		
				PRY							BEA_income				all_groups		2015		
				SUR							BEA_income				all_groups		2015		
				URY							BEA_income				all_groups		2015		
				CRI			350000000.0				BEA_income				all_groups		2015		350000000.0
				HND			99000000.0				BEA_income				all_groups		2015		99000000.0
				MEX			12244000000.0				BEA_income				all_groups		2015		12244000000.0
				PAN			361000000.0				BEA_income				all_groups		2015		361000000.0
				BLZ							BEA_income				all_groups		2015		
				SLV							BEA_income				all_groups		2015		
				GTM							BEA_income				all_groups		2015		
				NIC							BEA_income				all_groups		2015		
				BRB			1445000000.0				BEA_income				all_groups		2015		1445000000.0
				BMU			39066000000.0				BEA_income				all_groups		2015		39066000000.0
				DOM			454000000.0				BEA_income				all_groups		2015		454000000.0
				UK_Caribbean			24217000000.0				BEA_income				all_groups		2015		24217000000.0
				BEA_Other_Western			3472000000.0				BEA_income				all_groups		2015		3472000000.0
				AIA							BEA_income				all_groups		2015		
				ATG							BEA_income				all_groups		2015		
				ABW							BEA_income				all_groups		2015		
				BHS							BEA_income				all_groups		2015		
				CUW							BEA_income				all_groups		2015		
				DMA							BEA_income				all_groups		2015		
				GRD							BEA_income				all_groups		2015		
				HTI							BEA_income				all_groups		2015		
				JAM							BEA_income				all_groups		2015		
				SXM							BEA_income				all_groups		2015		
				KNA							BEA_income				all_groups		2015		
				LCA							BEA_income				all_groups		2015		
				VCT							BEA_income				all_groups		2015		
				TTO							BEA_income				all_groups		2015		
				EGY			1150000000.0				BEA_income				all_groups		2015		1150000000.0
				NGA			1120000000.0				BEA_income				all_groups		2015		1120000000.0
				ZAF			736000000.0				BEA_income				all_groups		2015		736000000.0
				DZA							BEA_income				all_groups		2015		
				AGO							BEA_income				all_groups		2015		
				BEN							BEA_income				all_groups		2015		
				BWA							BEA_income				all_groups		2015		
				BDI							BEA_income				all_groups		2015		
				CMR							BEA_income				all_groups		2015		
				CAF							BEA_income				all_groups		2015		
				TCD							BEA_income				all_groups		2015		
				COM							BEA_income				all_groups		2015		
				COG							BEA_income				all_groups		2015		
				COD							BEA_income				all_groups		2015		
				CIV							BEA_income				all_groups		2015		
				DJI							BEA_income				all_groups		2015		
				GNQ							BEA_income				all_groups		2015		
				ERI							BEA_income				all_groups		2015		
				ETH							BEA_income				all_groups		2015		
				GAB							BEA_income				all_groups		2015		
				GHA							BEA_income				all_groups		2015		
				GIN							BEA_income				all_groups		2015		
				KEN							BEA_income				all_groups		2015		
				LSO							BEA_income				all_groups		2015		
				LBR							BEA_income				all_groups		2015		
				LBY							BEA_income				all_groups		2015		
				MDG							BEA_income				all_groups		2015		
				MWI							BEA_income				all_groups		2015		
				MLI							BEA_income				all_groups		2015		
				MRT							BEA_income				all_groups		2015		
				MUS							BEA_income				all_groups		2015		
				MAR							BEA_income				all_groups		2015		
				MOZ							BEA_income				all_groups		2015		
				NAM							BEA_income				all_groups		2015		
				RWA							BEA_income				all_groups		2015		
				STP							BEA_income				all_groups		2015		
				SEN							BEA_income				all_groups		2015		
				SYC							BEA_income				all_groups		2015		
				SLE							BEA_income				all_groups		2015		
				SSD							BEA_income				all_groups		2015		
				SWZ							BEA_income				all_groups		2015		
				TZA							BEA_income				all_groups		2015		
				TGO							BEA_income				all_groups		2015		
				TUN							BEA_income				all_groups		2015		
				UGA							BEA_income				all_groups		2015		
				ZMB							BEA_income				all_groups		2015		
				ZWE							BEA_income				all_groups		2015		
				ISR			649000000.0				BEA_income				all_groups		2015		649000000.0
				SAU			1516000000.0				BEA_income				all_groups		2015		1516000000.0
				ARE			1809000000.0				BEA_income				all_groups		2015		1809000000.0
				BHR							BEA_income				all_groups		2015		
				IRQ							BEA_income				all_groups		2015		
				JOR							BEA_income				all_groups		2015		
				KWT							BEA_income				all_groups		2015		
				LBN							BEA_income				all_groups		2015		
				OMN							BEA_income				all_groups		2015		
				QAT							BEA_income				all_groups		2015		
				SYR							BEA_income				all_groups		2015		
				YEM							BEA_income				all_groups		2015		
				AUS			10967000000.0				BEA_income				all_groups		2015		10967000000.0
				CHN			15923000000.0				BEA_income				all_groups		2015		15923000000.0
				HKG			6939000000.0				BEA_income				all_groups		2015		6939000000.0
				IND			5387000000.0				BEA_income				all_groups		2015		5387000000.0
				IDN			2698000000.0				BEA_income				all_groups		2015		2698000000.0
				JPN			17874000000.0				BEA_income				all_groups		2015		17874000000.0
				KOR			4034000000.0				BEA_income				all_groups		2015		4034000000.0
				MYS			1359000000.0				BEA_income				all_groups		2015		1359000000.0
				NZL			733000000.0				BEA_income				all_groups		2015		733000000.0
				PHL			805000000.0				BEA_income				all_groups		2015		805000000.0
				SGP			24675000000.0				BEA_income				all_groups		2015		24675000000.0
				TWN			1651000000.0				BEA_income				all_groups		2015		1651000000.0
				THA			2255000000.0				BEA_income				all_groups		2015		2255000000.0
				AFG							BEA_income				all_groups		2015		
				BGD							BEA_income				all_groups		2015		
				BTN							BEA_income				all_groups		2015		
				BRN							BEA_income				all_groups		2015		
				MMR							BEA_income				all_groups		2015		
				KHM							BEA_income				all_groups		2015		
				FJI							BEA_income				all_groups		2015		
				LAO							BEA_income				all_groups		2015		
				MAC							BEA_income				all_groups		2015		
				MDV							BEA_income				all_groups		2015		
				MHL							BEA_income				all_groups		2015		
				FSM							BEA_income				all_groups		2015		
				MNG							BEA_income				all_groups		2015		
				NPL							BEA_income				all_groups		2015		
				PAK							BEA_income				all_groups		2015		
				PLW							BEA_income				all_groups		2015		
				PNG							BEA_income				all_groups		2015		
				WSM							BEA_income				all_groups		2015		
				LKA							BEA_income				all_groups		2015		
				VUT							BEA_income				all_groups		2015		
				VNM							BEA_income				all_groups		2015		
				Rest			590286000000.0				BEA_income				all_groups		2014		590286000000.0
				CAN			40896000000.0				BEA_income				all_groups		2014		40896000000.0
				AUT			2264000000.0				BEA_income				all_groups		2014		2264000000.0
				BEL			5073000000.0				BEA_income				all_groups		2014		5073000000.0
				CZE			1031000000.0				BEA_income				all_groups		2014		1031000000.0
				DNK			2915000000.0				BEA_income				all_groups		2014		2915000000.0
				FIN			170000000.0				BEA_income				all_groups		2014		170000000.0
				FRA			7961000000.0				BEA_income				all_groups		2014		7961000000.0
				DEU			2850000000.0				BEA_income				all_groups		2014		2850000000.0
				GRC			222000000.0				BEA_income				all_groups		2014		222000000.0
				HUN			957000000.0				BEA_income				all_groups		2014		957000000.0
				IRL			47510000000.0				BEA_income				all_groups		2014		47510000000.0
				ITA			3635000000.0				BEA_income				all_groups		2014		3635000000.0
				LUX			41890000000.0				BEA_income				all_groups		2014		41890000000.0
				NLD			74726000000.0				BEA_income				all_groups		2014		74726000000.0
				NOR			4062000000.0				BEA_income				all_groups		2014		4062000000.0
				POL			1121000000.0				BEA_income				all_groups		2014		1121000000.0
				PRT			447000000.0				BEA_income				all_groups		2014		447000000.0
				RUS			330000000.0				BEA_income				all_groups		2014		330000000.0
				ESP			3513000000.0				BEA_income				all_groups		2014		3513000000.0
				SWE			2033000000.0				BEA_income				all_groups		2014		2033000000.0
				CHE			25244000000.0				BEA_income				all_groups		2014		25244000000.0
				TUR			645000000.0				BEA_income				all_groups		2014		645000000.0
				GBR			41486000000.0				BEA_income				all_groups		2014		41486000000.0
				BEA_Other_Europe			4546000000.0				BEA_income				all_groups		2014		4546000000.0
				ALB							BEA_income				all_groups		2014		
				ARM							BEA_income				all_groups		2014		
				AZE							BEA_income				all_groups		2014		
				BLR							BEA_income				all_groups		2014		
				BIH							BEA_income				all_groups		2014		
				BGR							BEA_income				all_groups		2014		
				HRV							BEA_income				all_groups		2014		
				CYP							BEA_income				all_groups		2014		
				EST							BEA_income				all_groups		2014		
				GEO							BEA_income				all_groups		2014		
				GIB							BEA_income				all_groups		2014		
				GRL							BEA_income				all_groups		2014		
				ISL							BEA_income				all_groups		2014		
				KAZ							BEA_income				all_groups		2014		
				KGZ							BEA_income				all_groups		2014		
				LVA							BEA_income				all_groups		2014		
				LIE							BEA_income				all_groups		2014		
				LTU							BEA_income				all_groups		2014		
				MKD							BEA_income				all_groups		2014		
				MLT							BEA_income				all_groups		2014		
				MDA							BEA_income				all_groups		2014		
				MCO							BEA_income				all_groups		2014		
				MNE							BEA_income				all_groups		2014		
				ROU							BEA_income				all_groups		2014		
				SRB							BEA_income				all_groups		2014		
				SVK							BEA_income				all_groups		2014		
				SVN							BEA_income				all_groups		2014		
				TJK							BEA_income				all_groups		2014		
				TKM							BEA_income				all_groups		2014		
				UKR							BEA_income				all_groups		2014		
				UZB							BEA_income				all_groups		2014		
				ARG			971000000.0				BEA_income				all_groups		2014		971000000.0
				BRA			6203000000.0				BEA_income				all_groups		2014		6203000000.0
				CHL			2764000000.0				BEA_income				all_groups		2014		2764000000.0
				COL			811000000.0				BEA_income				all_groups		2014		811000000.0
				ECU			258000000.0				BEA_income				all_groups		2014		258000000.0
				PER			2068000000.0				BEA_income				all_groups		2014		2068000000.0
				VEN			1647000000.0				BEA_income				all_groups		2014		1647000000.0
				BOL							BEA_income				all_groups		2014		
				GUF							BEA_income				all_groups		2014		
				GUY							BEA_income				all_groups		2014		
				PRY							BEA_income				all_groups		2014		
				SUR							BEA_income				all_groups		2014		
				URY							BEA_income				all_groups		2014		
				CRI			228000000.0				BEA_income				all_groups		2014		228000000.0
				HND			40000000.0				BEA_income				all_groups		2014		40000000.0
				MEX			7057000000.0				BEA_income				all_groups		2014		7057000000.0
				PAN			181000000.0				BEA_income				all_groups		2014		181000000.0
				BLZ							BEA_income				all_groups		2014		
				SLV							BEA_income				all_groups		2014		
				GTM							BEA_income				all_groups		2014		
				NIC							BEA_income				all_groups		2014		
				BRB			1997000000.0				BEA_income				all_groups		2014		1997000000.0
				BMU			34806000000.0				BEA_income				all_groups		2014		34806000000.0
				DOM			251000000.0				BEA_income				all_groups		2014		251000000.0
				UK_Caribbean			25035000000.0				BEA_income				all_groups		2014		25035000000.0
				BEA_Other_Western			5086000000.0				BEA_income				all_groups		2014		5086000000.0
				AIA							BEA_income				all_groups		2014		
				ATG							BEA_income				all_groups		2014		
				ABW							BEA_income				all_groups		2014		
				BHS							BEA_income				all_groups		2014		
				CUW							BEA_income				all_groups		2014		
				DMA							BEA_income				all_groups		2014		
				GRD							BEA_income				all_groups		2014		
				HTI							BEA_income				all_groups		2014		
				JAM							BEA_income				all_groups		2014		
				SXM							BEA_income				all_groups		2014		
				KNA							BEA_income				all_groups		2014		
				LCA							BEA_income				all_groups		2014		
				VCT							BEA_income				all_groups		2014		
				TTO							BEA_income				all_groups		2014		
				EGY			1121000000.0				BEA_income				all_groups		2014		1121000000.0
				NGA			1101000000.0				BEA_income				all_groups		2014		1101000000.0
				ZAF			938000000.0				BEA_income				all_groups		2014		938000000.0
				DZA							BEA_income				all_groups		2014		
				AGO							BEA_income				all_groups		2014		
				BEN							BEA_income				all_groups		2014		
				BWA							BEA_income				all_groups		2014		
				BDI							BEA_income				all_groups		2014		
				CMR							BEA_income				all_groups		2014		
				CAF							BEA_income				all_groups		2014		
				TCD							BEA_income				all_groups		2014		
				COM							BEA_income				all_groups		2014		
				COG							BEA_income				all_groups		2014		
				COD							BEA_income				all_groups		2014		
				CIV							BEA_income				all_groups		2014		
				DJI							BEA_income				all_groups		2014		
				GNQ							BEA_income				all_groups		2014		
				ERI							BEA_income				all_groups		2014		
				ETH							BEA_income				all_groups		2014		
				GAB							BEA_income				all_groups		2014		
				GHA							BEA_income				all_groups		2014		
				GIN							BEA_income				all_groups		2014		
				KEN							BEA_income				all_groups		2014		
				LSO							BEA_income				all_groups		2014		
				LBR							BEA_income				all_groups		2014		
				LBY							BEA_income				all_groups		2014		
				MDG							BEA_income				all_groups		2014		
				MWI							BEA_income				all_groups		2014		
				MLI							BEA_income				all_groups		2014		
				MRT							BEA_income				all_groups		2014		
				MUS							BEA_income				all_groups		2014		
				MAR							BEA_income				all_groups		2014		
				MOZ							BEA_income				all_groups		2014		
				NAM							BEA_income				all_groups		2014		
				RWA							BEA_income				all_groups		2014		
				STP							BEA_income				all_groups		2014		
				SEN							BEA_income				all_groups		2014		
				SYC							BEA_income				all_groups		2014		
				SLE							BEA_income				all_groups		2014		
				SSD							BEA_income				all_groups		2014		
				SWZ							BEA_income				all_groups		2014		
				TZA							BEA_income				all_groups		2014		
				TGO							BEA_income				all_groups		2014		
				TUN							BEA_income				all_groups		2014		
				UGA							BEA_income				all_groups		2014		
				ZMB							BEA_income				all_groups		2014		
				ZWE							BEA_income				all_groups		2014		
				ISR			363000000.0				BEA_income				all_groups		2014		363000000.0
				SAU			1893000000.0				BEA_income				all_groups		2014		1893000000.0
				ARE			1897000000.0				BEA_income				all_groups		2014		1897000000.0
				BHR							BEA_income				all_groups		2014		
				IRQ							BEA_income				all_groups		2014		
				JOR							BEA_income				all_groups		2014		
				KWT							BEA_income				all_groups		2014		
				LBN							BEA_income				all_groups		2014		
				OMN							BEA_income				all_groups		2014		
				QAT							BEA_income				all_groups		2014		
				SYR							BEA_income				all_groups		2014		
				YEM							BEA_income				all_groups		2014		
				AUS			12607000000.0				BEA_income				all_groups		2014		12607000000.0
				CHN			13593000000.0				BEA_income				all_groups		2014		13593000000.0
				HKG			6609000000.0				BEA_income				all_groups		2014		6609000000.0
				IND			6002000000.0				BEA_income				all_groups		2014		6002000000.0
				IDN			2231000000.0				BEA_income				all_groups		2014		2231000000.0
				JPN			8928000000.0				BEA_income				all_groups		2014		8928000000.0
				KOR			3418000000.0				BEA_income				all_groups		2014		3418000000.0
				MYS			2814000000.0				BEA_income				all_groups		2014		2814000000.0
				NZL			433000000.0				BEA_income				all_groups		2014		433000000.0
				PHL			1163000000.0				BEA_income				all_groups		2014		1163000000.0
				SGP			32950000000.0				BEA_income				all_groups		2014		32950000000.0
				TWN			1891000000.0				BEA_income				all_groups		2014		1891000000.0
				THA			1645000000.0				BEA_income				all_groups		2014		1645000000.0
				AFG							BEA_income				all_groups		2014		
				BGD							BEA_income				all_groups		2014		
				BTN							BEA_income				all_groups		2014		
				BRN							BEA_income				all_groups		2014		
				MMR							BEA_income				all_groups		2014		
				KHM							BEA_income				all_groups		2014		
				FJI							BEA_income				all_groups		2014		
				LAO							BEA_income				all_groups		2014		
				MAC							BEA_income				all_groups		2014		
				MDV							BEA_income				all_groups		2014		
				MHL							BEA_income				all_groups		2014		
				FSM							BEA_income				all_groups		2014		
				MNG							BEA_income				all_groups		2014		
				NPL							BEA_income				all_groups		2014		
				PAK							BEA_income				all_groups		2014		
				PLW							BEA_income				all_groups		2014		
				PNG							BEA_income				all_groups		2014		
				WSM							BEA_income				all_groups		2014		
				LKA							BEA_income				all_groups		2014		
				VUT							BEA_income				all_groups		2014		
				VNM							BEA_income				all_groups		2014		
				Rest			587497000000.0				BEA_income				all_groups		2013		587497000000.0
				CAN			38861000000.0				BEA_income				all_groups		2013		38861000000.0
				AUT			1602000000.0				BEA_income				all_groups		2013		1602000000.0
				BEL			4253000000.0				BEA_income				all_groups		2013		4253000000.0
				CZE			773000000.0				BEA_income				all_groups		2013		773000000.0
				DNK			2278000000.0				BEA_income				all_groups		2013		2278000000.0
				FIN			45000000.0				BEA_income				all_groups		2013		45000000.0
				FRA			6581000000.0				BEA_income				all_groups		2013		6581000000.0
				DEU			5728000000.0				BEA_income				all_groups		2013		5728000000.0
				GRC			34000000.0				BEA_income				all_groups		2013		34000000.0
				HUN			526000000.0				BEA_income				all_groups		2013		526000000.0
				IRL			38818000000.0				BEA_income				all_groups		2013		38818000000.0
				ITA			2485000000.0				BEA_income				all_groups		2013		2485000000.0
				LUX			37490000000.0				BEA_income				all_groups		2013		37490000000.0
				NLD			82275000000.0				BEA_income				all_groups		2013		82275000000.0
				NOR			17460000000.0				BEA_income				all_groups		2013		17460000000.0
				POL			1062000000.0				BEA_income				all_groups		2013		1062000000.0
				PRT			241000000.0				BEA_income				all_groups		2013		241000000.0
				RUS			1711000000.0				BEA_income				all_groups		2013		1711000000.0
				ESP			3964000000.0				BEA_income				all_groups		2013		3964000000.0
				SWE			2157000000.0				BEA_income				all_groups		2013		2157000000.0
				CHE			26374000000.0				BEA_income				all_groups		2013		26374000000.0
				TUR			427000000.0				BEA_income				all_groups		2013		427000000.0
				GBR			40680000000.0				BEA_income				all_groups		2013		40680000000.0
				BEA_Other_Europe			3035000000.0				BEA_income				all_groups		2013		3035000000.0
				ALB							BEA_income				all_groups		2013		
				AND							BEA_income				all_groups		2013		
				ARM							BEA_income				all_groups		2013		
				AZE							BEA_income				all_groups		2013		
				BLR							BEA_income				all_groups		2013		
				BIH							BEA_income				all_groups		2013		
				BGR							BEA_income				all_groups		2013		
				HRV							BEA_income				all_groups		2013		
				CYP							BEA_income				all_groups		2013		
				EST							BEA_income				all_groups		2013		
				GEO							BEA_income				all_groups		2013		
				GIB							BEA_income				all_groups		2013		
				GRL							BEA_income				all_groups		2013		
				ISL							BEA_income				all_groups		2013		
				KAZ							BEA_income				all_groups		2013		
				KGZ							BEA_income				all_groups		2013		
				LVA							BEA_income				all_groups		2013		
				LIE							BEA_income				all_groups		2013		
				LTU							BEA_income				all_groups		2013		
				MKD							BEA_income				all_groups		2013		
				MLT							BEA_income				all_groups		2013		
				MDA							BEA_income				all_groups		2013		
				MCO							BEA_income				all_groups		2013		
				MNE							BEA_income				all_groups		2013		
				ROU							BEA_income				all_groups		2013		
				SRB							BEA_income				all_groups		2013		
				SVK							BEA_income				all_groups		2013		
				SVN							BEA_income				all_groups		2013		
				TKM							BEA_income				all_groups		2013		
				UKR							BEA_income				all_groups		2013		
				UZB							BEA_income				all_groups		2013		
				ARG			3173000000.0				BEA_income				all_groups		2013		3173000000.0
				BRA			10954000000.0				BEA_income				all_groups		2013		10954000000.0
				CHL			4979000000.0				BEA_income				all_groups		2013		4979000000.0
				COL			1903000000.0				BEA_income				all_groups		2013		1903000000.0
				ECU			170000000.0				BEA_income				all_groups		2013		170000000.0
				PER			2024000000.0				BEA_income				all_groups		2013		2024000000.0
				VEN			2247000000.0				BEA_income				all_groups		2013		2247000000.0
				BOL							BEA_income				all_groups		2013		
				GUF							BEA_income				all_groups		2013		
				GUY							BEA_income				all_groups		2013		
				PRY							BEA_income				all_groups		2013		
				SUR							BEA_income				all_groups		2013		
				URY							BEA_income				all_groups		2013		
				CRI			358000000.0				BEA_income				all_groups		2013		358000000.0
				HND			42000000.0				BEA_income				all_groups		2013		42000000.0
				MEX			14128000000.0				BEA_income				all_groups		2013		14128000000.0
				PAN			183000000.0				BEA_income				all_groups		2013		183000000.0
				BLZ							BEA_income				all_groups		2013		
				SLV							BEA_income				all_groups		2013		
				GTM							BEA_income				all_groups		2013		
				NIC							BEA_income				all_groups		2013		
				BRB			1080000000.0				BEA_income				all_groups		2013		1080000000.0
				BMU			33774000000.0				BEA_income				all_groups		2013		33774000000.0
				DOM			335000000.0				BEA_income				all_groups		2013		335000000.0
				UK_Caribbean			20337000000.0				BEA_income				all_groups		2013		20337000000.0
				BEA_Other_Western			5286000000.0				BEA_income				all_groups		2013		5286000000.0
				AIA							BEA_income				all_groups		2013		
				ATG							BEA_income				all_groups		2013		
				ABW							BEA_income				all_groups		2013		
				BHS							BEA_income				all_groups		2013		
				CUB							BEA_income				all_groups		2013		
				CUW							BEA_income				all_groups		2013		
				DMA							BEA_income				all_groups		2013		
				GRD							BEA_income				all_groups		2013		
				HTI							BEA_income				all_groups		2013		
				JAM							BEA_income				all_groups		2013		
				SXM							BEA_income				all_groups		2013		
				KNA							BEA_income				all_groups		2013		
				LCA							BEA_income				all_groups		2013		
				VCT							BEA_income				all_groups		2013		
				TTO							BEA_income				all_groups		2013		
				EGY			3216000000.0				BEA_income				all_groups		2013		3216000000.0
				NGA			1372000000.0				BEA_income				all_groups		2013		1372000000.0
				ZAF			952000000.0				BEA_income				all_groups		2013		952000000.0
				DZA							BEA_income				all_groups		2013		
				AGO							BEA_income				all_groups		2013		
				BEN							BEA_income				all_groups		2013		
				BWA							BEA_income				all_groups		2013		
				BDI							BEA_income				all_groups		2013		
				CMR							BEA_income				all_groups		2013		
				CAF							BEA_income				all_groups		2013		
				TCD							BEA_income				all_groups		2013		
				COG							BEA_income				all_groups		2013		
				COD							BEA_income				all_groups		2013		
				CIV							BEA_income				all_groups		2013		
				DJI							BEA_income				all_groups		2013		
				GNQ							BEA_income				all_groups		2013		
				ERI							BEA_income				all_groups		2013		
				ETH							BEA_income				all_groups		2013		
				GAB							BEA_income				all_groups		2013		
				GMB							BEA_income				all_groups		2013		
				GHA							BEA_income				all_groups		2013		
				GIN							BEA_income				all_groups		2013		
				KEN							BEA_income				all_groups		2013		
				LSO							BEA_income				all_groups		2013		
				LBR							BEA_income				all_groups		2013		
				LBY							BEA_income				all_groups		2013		
				MDG							BEA_income				all_groups		2013		
				MWI							BEA_income				all_groups		2013		
				MLI							BEA_income				all_groups		2013		
				MRT							BEA_income				all_groups		2013		
				MUS							BEA_income				all_groups		2013		
				MAR							BEA_income				all_groups		2013		
				MOZ							BEA_income				all_groups		2013		
				NAM							BEA_income				all_groups		2013		
				NER							BEA_income				all_groups		2013		
				RWA							BEA_income				all_groups		2013		
				STP							BEA_income				all_groups		2013		
				SEN							BEA_income				all_groups		2013		
				SYC							BEA_income				all_groups		2013		
				SLE							BEA_income				all_groups		2013		
				SOM							BEA_income				all_groups		2013		
				SDN							BEA_income				all_groups		2013		
				SWZ							BEA_income				all_groups		2013		
				TZA							BEA_income				all_groups		2013		
				TGO							BEA_income				all_groups		2013		
				TUN							BEA_income				all_groups		2013		
				UGA							BEA_income				all_groups		2013		
				ZMB							BEA_income				all_groups		2013		
				ZWE							BEA_income				all_groups		2013		
				ISR			923000000.0				BEA_income				all_groups		2013		923000000.0
				SAU			1655000000.0				BEA_income				all_groups		2013		1655000000.0
				ARE			1806000000.0				BEA_income				all_groups		2013		1806000000.0
				BHR							BEA_income				all_groups		2013		
				IRN							BEA_income				all_groups		2013		
				IRQ							BEA_income				all_groups		2013		
				JOR							BEA_income				all_groups		2013		
				KWT							BEA_income				all_groups		2013		
				LBN							BEA_income				all_groups		2013		
				OMN							BEA_income				all_groups		2013		
				QAT							BEA_income				all_groups		2013		
				SYR							BEA_income				all_groups		2013		
				YEM							BEA_income				all_groups		2013		
				AUS			14408000000.0				BEA_income				all_groups		2013		14408000000.0
				CHN			14390000000.0				BEA_income				all_groups		2013		14390000000.0
				HKG			6453000000.0				BEA_income				all_groups		2013		6453000000.0
				IND			4736000000.0				BEA_income				all_groups		2013		4736000000.0
				IDN			5840000000.0				BEA_income				all_groups		2013		5840000000.0
				JPN			14307000000.0				BEA_income				all_groups		2013		14307000000.0
				KOR			3536000000.0				BEA_income				all_groups		2013		3536000000.0
				MYS			4219000000.0				BEA_income				all_groups		2013		4219000000.0
				NZL			545000000.0				BEA_income				all_groups		2013		545000000.0
				PHL			1286000000.0				BEA_income				all_groups		2013		1286000000.0
				SGP			28384000000.0				BEA_income				all_groups		2013		28384000000.0
				TWN			1726000000.0				BEA_income				all_groups		2013		1726000000.0
				THA			3125000000.0				BEA_income				all_groups		2013		3125000000.0
				AFG							BEA_income				all_groups		2013		
				BGD							BEA_income				all_groups		2013		
				BTN							BEA_income				all_groups		2013		
				BRN							BEA_income				all_groups		2013		
				MMR							BEA_income				all_groups		2013		
				KHM							BEA_income				all_groups		2013		
				FJI							BEA_income				all_groups		2013		
				MAC							BEA_income				all_groups		2013		
				MDV							BEA_income				all_groups		2013		
				MHL							BEA_income				all_groups		2013		
				FSM							BEA_income				all_groups		2013		
				MNG							BEA_income				all_groups		2013		
				NPL							BEA_income				all_groups		2013		
				PAK							BEA_income				all_groups		2013		
				PLW							BEA_income				all_groups		2013		
				PNG							BEA_income				all_groups		2013		
				WSM							BEA_income				all_groups		2013		
				LKA							BEA_income				all_groups		2013		
				TLS							BEA_income				all_groups		2013		
				TUV							BEA_income				all_groups		2013		
				VUT							BEA_income				all_groups		2013		
				VNM							BEA_income				all_groups		2013		
				Rest			590756000000.0				BEA_income				all_groups		2012		590756000000.0
				CAN			40874000000.0				BEA_income				all_groups		2012		40874000000.0
				AUT			2406000000.0				BEA_income				all_groups		2012		2406000000.0
				BEL			3554000000.0				BEA_income				all_groups		2012		3554000000.0
				CZE			901000000.0				BEA_income				all_groups		2012		901000000.0
				DNK			3753000000.0				BEA_income				all_groups		2012		3753000000.0
				FIN			88000000.0				BEA_income				all_groups		2012		88000000.0
				FRA			5526000000.0				BEA_income				all_groups		2012		5526000000.0
				DEU			7540000000.0				BEA_income				all_groups		2012		7540000000.0
				GRC			-53000000.0				BEA_income				all_groups		2012		-53000000.0
				HUN			868000000.0				BEA_income				all_groups		2012		868000000.0
				IRL			41754000000.0				BEA_income				all_groups		2012		41754000000.0
				ITA			3157000000.0				BEA_income				all_groups		2012		3157000000.0
				LUX			29985000000.0				BEA_income				all_groups		2012		29985000000.0
				NLD			79342000000.0				BEA_income				all_groups		2012		79342000000.0
				NOR			19350000000.0				BEA_income				all_groups		2012		19350000000.0
				POL			1261000000.0				BEA_income				all_groups		2012		1261000000.0
				PRT			107000000.0				BEA_income				all_groups		2012		107000000.0
				RUS			2412000000.0				BEA_income				all_groups		2012		2412000000.0
				ESP			1859000000.0				BEA_income				all_groups		2012		1859000000.0
				SWE			1745000000.0				BEA_income				all_groups		2012		1745000000.0
				CHE			21126000000.0				BEA_income				all_groups		2012		21126000000.0
				TUR			359000000.0				BEA_income				all_groups		2012		359000000.0
				GBR			41373000000.0				BEA_income				all_groups		2012		41373000000.0
				BEA_Other_Europe			9563000000.0				BEA_income				all_groups		2012		9563000000.0
				ALB							BEA_income				all_groups		2012		
				AND							BEA_income				all_groups		2012		
				ARM							BEA_income				all_groups		2012		
				AZE							BEA_income				all_groups		2012		
				BLR							BEA_income				all_groups		2012		
				BIH							BEA_income				all_groups		2012		
				BGR							BEA_income				all_groups		2012		
				HRV							BEA_income				all_groups		2012		
				CYP							BEA_income				all_groups		2012		
				EST							BEA_income				all_groups		2012		
				GEO							BEA_income				all_groups		2012		
				GIB							BEA_income				all_groups		2012		
				GRL							BEA_income				all_groups		2012		
				ISL							BEA_income				all_groups		2012		
				KAZ							BEA_income				all_groups		2012		
				KGZ							BEA_income				all_groups		2012		
				LVA							BEA_income				all_groups		2012		
				LIE							BEA_income				all_groups		2012		
				LTU							BEA_income				all_groups		2012		
				MKD							BEA_income				all_groups		2012		
				MLT							BEA_income				all_groups		2012		
				MDA							BEA_income				all_groups		2012		
				MCO							BEA_income				all_groups		2012		
				MNE							BEA_income				all_groups		2012		
				ROU							BEA_income				all_groups		2012		
				SRB							BEA_income				all_groups		2012		
				SVK							BEA_income				all_groups		2012		
				SVN							BEA_income				all_groups		2012		
				TKM							BEA_income				all_groups		2012		
				UKR							BEA_income				all_groups		2012		
				UZB							BEA_income				all_groups		2012		
				ARG			3452000000.0				BEA_income				all_groups		2012		3452000000.0
				BRA			11994000000.0				BEA_income				all_groups		2012		11994000000.0
				CHL			4305000000.0				BEA_income				all_groups		2012		4305000000.0
				COL			2329000000.0				BEA_income				all_groups		2012		2329000000.0
				ECU			160000000.0				BEA_income				all_groups		2012		160000000.0
				PER			2804000000.0				BEA_income				all_groups		2012		2804000000.0
				VEN			2796000000.0				BEA_income				all_groups		2012		2796000000.0
				BOL							BEA_income				all_groups		2012		
				GUF							BEA_income				all_groups		2012		
				GUY							BEA_income				all_groups		2012		
				PRY							BEA_income				all_groups		2012		
				SUR							BEA_income				all_groups		2012		
				URY							BEA_income				all_groups		2012		
				CRI			260000000.0				BEA_income				all_groups		2012		260000000.0
				HND			97000000.0				BEA_income				all_groups		2012		97000000.0
				MEX			16754000000.0				BEA_income				all_groups		2012		16754000000.0
				PAN			318000000.0				BEA_income				all_groups		2012		318000000.0
				BLZ							BEA_income				all_groups		2012		
				SLV							BEA_income				all_groups		2012		
				GTM							BEA_income				all_groups		2012		
				NIC							BEA_income				all_groups		2012		
				BRB			1634000000.0				BEA_income				all_groups		2012		1634000000.0
				BMU			29009000000.0				BEA_income				all_groups		2012		29009000000.0
				DOM			397000000.0				BEA_income				all_groups		2012		397000000.0
				UK_Caribbean			24356000000.0				BEA_income				all_groups		2012		24356000000.0
				BEA_Other_Western			4284000000.0				BEA_income				all_groups		2012		4284000000.0
				AIA							BEA_income				all_groups		2012		
				ATG							BEA_income				all_groups		2012		
				ABW							BEA_income				all_groups		2012		
				BHS							BEA_income				all_groups		2012		
				CUB							BEA_income				all_groups		2012		
				CUW							BEA_income				all_groups		2012		
				DMA							BEA_income				all_groups		2012		
				GRD							BEA_income				all_groups		2012		
				HTI							BEA_income				all_groups		2012		
				JAM							BEA_income				all_groups		2012		
				SXM							BEA_income				all_groups		2012		
				KNA							BEA_income				all_groups		2012		
				LCA							BEA_income				all_groups		2012		
				VCT							BEA_income				all_groups		2012		
				TTO							BEA_income				all_groups		2012		
				EGY			4388000000.0				BEA_income				all_groups		2012		4388000000.0
				NGA			1544000000.0				BEA_income				all_groups		2012		1544000000.0
				ZAF			1026000000.0				BEA_income				all_groups		2012		1026000000.0
				DZA							BEA_income				all_groups		2012		
				AGO							BEA_income				all_groups		2012		
				BEN							BEA_income				all_groups		2012		
				BWA							BEA_income				all_groups		2012		
				BDI							BEA_income				all_groups		2012		
				CMR							BEA_income				all_groups		2012		
				CAF							BEA_income				all_groups		2012		
				TCD							BEA_income				all_groups		2012		
				COG							BEA_income				all_groups		2012		
				COD							BEA_income				all_groups		2012		
				CIV							BEA_income				all_groups		2012		
				DJI							BEA_income				all_groups		2012		
				GNQ							BEA_income				all_groups		2012		
				ERI							BEA_income				all_groups		2012		
				ETH							BEA_income				all_groups		2012		
				GAB							BEA_income				all_groups		2012		
				GMB							BEA_income				all_groups		2012		
				GHA							BEA_income				all_groups		2012		
				GIN							BEA_income				all_groups		2012		
				KEN							BEA_income				all_groups		2012		
				LSO							BEA_income				all_groups		2012		
				LBR							BEA_income				all_groups		2012		
				LBY							BEA_income				all_groups		2012		
				MDG							BEA_income				all_groups		2012		
				MWI							BEA_income				all_groups		2012		
				MLI							BEA_income				all_groups		2012		
				MRT							BEA_income				all_groups		2012		
				MUS							BEA_income				all_groups		2012		
				MAR							BEA_income				all_groups		2012		
				MOZ							BEA_income				all_groups		2012		
				NAM							BEA_income				all_groups		2012		
				NER							BEA_income				all_groups		2012		
				RWA							BEA_income				all_groups		2012		
				STP							BEA_income				all_groups		2012		
				SEN							BEA_income				all_groups		2012		
				SYC							BEA_income				all_groups		2012		
				SLE							BEA_income				all_groups		2012		
				SOM							BEA_income				all_groups		2012		
				SDN							BEA_income				all_groups		2012		
				SWZ							BEA_income				all_groups		2012		
				TZA							BEA_income				all_groups		2012		
				TGO							BEA_income				all_groups		2012		
				TUN							BEA_income				all_groups		2012		
				UGA							BEA_income				all_groups		2012		
				ZMB							BEA_income				all_groups		2012		
				ZWE							BEA_income				all_groups		2012		
				ISR			1024000000.0				BEA_income				all_groups		2012		1024000000.0
				SAU			1664000000.0				BEA_income				all_groups		2012		1664000000.0
				ARE			1508000000.0				BEA_income				all_groups		2012		1508000000.0
				BHR							BEA_income				all_groups		2012		
				IRN							BEA_income				all_groups		2012		
				IRQ							BEA_income				all_groups		2012		
				JOR							BEA_income				all_groups		2012		
				KWT							BEA_income				all_groups		2012		
				LBN							BEA_income				all_groups		2012		
				OMN							BEA_income				all_groups		2012		
				QAT							BEA_income				all_groups		2012		
				SYR							BEA_income				all_groups		2012		
				YEM							BEA_income				all_groups		2012		
				AUS			19702000000.0				BEA_income				all_groups		2012		19702000000.0
				CHN			10001000000.0				BEA_income				all_groups		2012		10001000000.0
				HKG			6035000000.0				BEA_income				all_groups		2012		6035000000.0
				IND			5454000000.0				BEA_income				all_groups		2012		5454000000.0
				IDN			7026000000.0				BEA_income				all_groups		2012		7026000000.0
				JPN			17175000000.0				BEA_income				all_groups		2012		17175000000.0
				KOR			4294000000.0				BEA_income				all_groups		2012		4294000000.0
				MYS			3950000000.0				BEA_income				all_groups		2012		3950000000.0
				NZL			777000000.0				BEA_income				all_groups		2012		777000000.0
				PHL			1058000000.0				BEA_income				all_groups		2012		1058000000.0
				SGP			23128000000.0				BEA_income				all_groups		2012		23128000000.0
				TWN			2410000000.0				BEA_income				all_groups		2012		2410000000.0
				THA			3501000000.0				BEA_income				all_groups		2012		3501000000.0
				AFG							BEA_income				all_groups		2012		
				BGD							BEA_income				all_groups		2012		
				BTN							BEA_income				all_groups		2012		
				BRN							BEA_income				all_groups		2012		
				MMR							BEA_income				all_groups		2012		
				KHM							BEA_income				all_groups		2012		
				FJI							BEA_income				all_groups		2012		
				MAC							BEA_income				all_groups		2012		
				MDV							BEA_income				all_groups		2012		
				MHL							BEA_income				all_groups		2012		
				FSM							BEA_income				all_groups		2012		
				MNG							BEA_income				all_groups		2012		
				NPL							BEA_income				all_groups		2012		
				PAK							BEA_income				all_groups		2012		
				PLW							BEA_income				all_groups		2012		
				PNG							BEA_income				all_groups		2012		
				WSM							BEA_income				all_groups		2012		
				LKA							BEA_income				all_groups		2012		
				TLS							BEA_income				all_groups		2012		
				TUV							BEA_income				all_groups		2012		
				VUT							BEA_income				all_groups		2012		
				VNM							BEA_income				all_groups		2012		
				Rest			612113000000.0				BEA_income				all_groups		2011		612113000000.0
				CAN			44385000000.0				BEA_income				all_groups		2011		44385000000.0
				AUT			2522000000.0				BEA_income				all_groups		2011		2522000000.0
				BEL			4134000000.0				BEA_income				all_groups		2011		4134000000.0
				CZE			1085000000.0				BEA_income				all_groups		2011		1085000000.0
				DNK			4124000000.0				BEA_income				all_groups		2011		4124000000.0
				FIN			300000000.0				BEA_income				all_groups		2011		300000000.0
				FRA			6861000000.0				BEA_income				all_groups		2011		6861000000.0
				DEU			9776000000.0				BEA_income				all_groups		2011		9776000000.0
				GRC			-226000000.0				BEA_income				all_groups		2011		-226000000.0
				HUN			806000000.0				BEA_income				all_groups		2011		806000000.0
				IRL			33958000000.0				BEA_income				all_groups		2011		33958000000.0
				ITA			3539000000.0				BEA_income				all_groups		2011		3539000000.0
				LUX			24850000000.0				BEA_income				all_groups		2011		24850000000.0
				NLD			81566000000.0				BEA_income				all_groups		2011		81566000000.0
				NOR			21084000000.0				BEA_income				all_groups		2011		21084000000.0
				POL			1341000000.0				BEA_income				all_groups		2011		1341000000.0
				PRT			202000000.0				BEA_income				all_groups		2011		202000000.0
				RUS			2280000000.0				BEA_income				all_groups		2011		2280000000.0
				ESP			4244000000.0				BEA_income				all_groups		2011		4244000000.0
				SWE			2026000000.0				BEA_income				all_groups		2011		2026000000.0
				CHE			22940000000.0				BEA_income				all_groups		2011		22940000000.0
				TUR			500000000.0				BEA_income				all_groups		2011		500000000.0
				GBR			43058000000.0				BEA_income				all_groups		2011		43058000000.0
				BEA_Other_Europe			11648000000.0				BEA_income				all_groups		2011		11648000000.0
				ALB							BEA_income				all_groups		2011		
				AND							BEA_income				all_groups		2011		
				ARM							BEA_income				all_groups		2011		
				AZE							BEA_income				all_groups		2011		
				BLR							BEA_income				all_groups		2011		
				BIH							BEA_income				all_groups		2011		
				BGR							BEA_income				all_groups		2011		
				HRV							BEA_income				all_groups		2011		
				CYP							BEA_income				all_groups		2011		
				EST							BEA_income				all_groups		2011		
				GEO							BEA_income				all_groups		2011		
				GIB							BEA_income				all_groups		2011		
				GRL							BEA_income				all_groups		2011		
				ISL							BEA_income				all_groups		2011		
				KAZ							BEA_income				all_groups		2011		
				KGZ							BEA_income				all_groups		2011		
				LVA							BEA_income				all_groups		2011		
				LIE							BEA_income				all_groups		2011		
				LTU							BEA_income				all_groups		2011		
				MKD							BEA_income				all_groups		2011		
				MLT							BEA_income				all_groups		2011		
				MDA							BEA_income				all_groups		2011		
				MCO							BEA_income				all_groups		2011		
				MNE							BEA_income				all_groups		2011		
				ROU							BEA_income				all_groups		2011		
				SRB							BEA_income				all_groups		2011		
				SVK							BEA_income				all_groups		2011		
				SVN							BEA_income				all_groups		2011		
				TKM							BEA_income				all_groups		2011		
				UKR							BEA_income				all_groups		2011		
				UZB							BEA_income				all_groups		2011		
				ARG			4021000000.0				BEA_income				all_groups		2011		4021000000.0
				BRA			14854000000.0				BEA_income				all_groups		2011		14854000000.0
				CHL			5587000000.0				BEA_income				all_groups		2011		5587000000.0
				COL			2365000000.0				BEA_income				all_groups		2011		2365000000.0
				ECU			238000000.0				BEA_income				all_groups		2011		238000000.0
				PER			3152000000.0				BEA_income				all_groups		2011		3152000000.0
				VEN			2897000000.0				BEA_income				all_groups		2011		2897000000.0
				BOL							BEA_income				all_groups		2011		
				GUF							BEA_income				all_groups		2011		
				GUY							BEA_income				all_groups		2011		
				PRY							BEA_income				all_groups		2011		
				SUR							BEA_income				all_groups		2011		
				URY							BEA_income				all_groups		2011		
				CRI			254000000.0				BEA_income				all_groups		2011		254000000.0
				HND			88000000.0				BEA_income				all_groups		2011		88000000.0
				MEX			20412000000.0				BEA_income				all_groups		2011		20412000000.0
				PAN			214000000.0				BEA_income				all_groups		2011		214000000.0
				BLZ							BEA_income				all_groups		2011		
				SLV							BEA_income				all_groups		2011		
				GTM							BEA_income				all_groups		2011		
				NIC							BEA_income				all_groups		2011		
				BRB			1998000000.0				BEA_income				all_groups		2011		1998000000.0
				BMU			32207000000.0				BEA_income				all_groups		2011		32207000000.0
				DOM			400000000.0				BEA_income				all_groups		2011		400000000.0
				UK_Caribbean			20510000000.0				BEA_income				all_groups		2011		20510000000.0
				BEA_Other_Western			6610000000.0				BEA_income				all_groups		2011		6610000000.0
				AIA							BEA_income				all_groups		2011		
				ATG							BEA_income				all_groups		2011		
				ABW							BEA_income				all_groups		2011		
				BHS							BEA_income				all_groups		2011		
				CUB							BEA_income				all_groups		2011		
				CUW							BEA_income				all_groups		2011		
				DMA							BEA_income				all_groups		2011		
				GRD							BEA_income				all_groups		2011		
				HTI							BEA_income				all_groups		2011		
				JAM							BEA_income				all_groups		2011		
				SXM							BEA_income				all_groups		2011		
				KNA							BEA_income				all_groups		2011		
				LCA							BEA_income				all_groups		2011		
				VCT							BEA_income				all_groups		2011		
				TTO							BEA_income				all_groups		2011		
				EGY			2509000000.0				BEA_income				all_groups		2011		2509000000.0
				NGA			1450000000.0				BEA_income				all_groups		2011		1450000000.0
				ZAF			998000000.0				BEA_income				all_groups		2011		998000000.0
				DZA							BEA_income				all_groups		2011		
				AGO							BEA_income				all_groups		2011		
				BEN							BEA_income				all_groups		2011		
				BWA							BEA_income				all_groups		2011		
				BDI							BEA_income				all_groups		2011		
				CMR							BEA_income				all_groups		2011		
				CAF							BEA_income				all_groups		2011		
				TCD							BEA_income				all_groups		2011		
				COG							BEA_income				all_groups		2011		
				COD							BEA_income				all_groups		2011		
				CIV							BEA_income				all_groups		2011		
				DJI							BEA_income				all_groups		2011		
				GNQ							BEA_income				all_groups		2011		
				ERI							BEA_income				all_groups		2011		
				ETH							BEA_income				all_groups		2011		
				GAB							BEA_income				all_groups		2011		
				GMB							BEA_income				all_groups		2011		
				GHA							BEA_income				all_groups		2011		
				GIN							BEA_income				all_groups		2011		
				KEN							BEA_income				all_groups		2011		
				LSO							BEA_income				all_groups		2011		
				LBR							BEA_income				all_groups		2011		
				LBY							BEA_income				all_groups		2011		
				MDG							BEA_income				all_groups		2011		
				MWI							BEA_income				all_groups		2011		
				MLI							BEA_income				all_groups		2011		
				MRT							BEA_income				all_groups		2011		
				MUS							BEA_income				all_groups		2011		
				MAR							BEA_income				all_groups		2011		
				MOZ							BEA_income				all_groups		2011		
				NAM							BEA_income				all_groups		2011		
				NER							BEA_income				all_groups		2011		
				RWA							BEA_income				all_groups		2011		
				STP							BEA_income				all_groups		2011		
				SEN							BEA_income				all_groups		2011		
				SYC							BEA_income				all_groups		2011		
				SLE							BEA_income				all_groups		2011		
				SOM							BEA_income				all_groups		2011		
				SDN							BEA_income				all_groups		2011		
				SWZ							BEA_income				all_groups		2011		
				TZA							BEA_income				all_groups		2011		
				TGO							BEA_income				all_groups		2011		
				TUN							BEA_income				all_groups		2011		
				UGA							BEA_income				all_groups		2011		
				ZMB							BEA_income				all_groups		2011		
				ZWE							BEA_income				all_groups		2011		
				ISR			913000000.0				BEA_income				all_groups		2011		913000000.0
				SAU			1786000000.0				BEA_income				all_groups		2011		1786000000.0
				ARE			1108000000.0				BEA_income				all_groups		2011		1108000000.0
				BHR							BEA_income				all_groups		2011		
				IRN							BEA_income				all_groups		2011		
				IRQ							BEA_income				all_groups		2011		
				JOR							BEA_income				all_groups		2011		
				KWT							BEA_income				all_groups		2011		
				LBN							BEA_income				all_groups		2011		
				OMN							BEA_income				all_groups		2011		
				QAT							BEA_income				all_groups		2011		
				SYR							BEA_income				all_groups		2011		
				YEM							BEA_income				all_groups		2011		
				AUS			15939000000.0				BEA_income				all_groups		2011		15939000000.0
				CHN			12647000000.0				BEA_income				all_groups		2011		12647000000.0
				HKG			6217000000.0				BEA_income				all_groups		2011		6217000000.0
				IND			5029000000.0				BEA_income				all_groups		2011		5029000000.0
				IDN			8764000000.0				BEA_income				all_groups		2011		8764000000.0
				JPN			17958000000.0				BEA_income				all_groups		2011		17958000000.0
				KOR			5066000000.0				BEA_income				all_groups		2011		5066000000.0
				MYS			4374000000.0				BEA_income				all_groups		2011		4374000000.0
				NZL			842000000.0				BEA_income				all_groups		2011		842000000.0
				PHL			1157000000.0				BEA_income				all_groups		2011		1157000000.0
				SGP			23375000000.0				BEA_income				all_groups		2011		23375000000.0
				TWN			2722000000.0				BEA_income				all_groups		2011		2722000000.0
				THA			3303000000.0				BEA_income				all_groups		2011		3303000000.0
				AFG							BEA_income				all_groups		2011		
				BGD							BEA_income				all_groups		2011		
				BTN							BEA_income				all_groups		2011		
				BRN							BEA_income				all_groups		2011		
				MMR							BEA_income				all_groups		2011		
				KHM							BEA_income				all_groups		2011		
				FJI							BEA_income				all_groups		2011		
				LAO							BEA_income				all_groups		2011		
				MAC							BEA_income				all_groups		2011		
				MDV							BEA_income				all_groups		2011		
				MHL							BEA_income				all_groups		2011		
				FSM							BEA_income				all_groups		2011		
				MNG							BEA_income				all_groups		2011		
				NPL							BEA_income				all_groups		2011		
				PAK							BEA_income				all_groups		2011		
				PLW							BEA_income				all_groups		2011		
				PNG							BEA_income				all_groups		2011		
				WSM							BEA_income				all_groups		2011		
				LKA							BEA_income				all_groups		2011		
				TLS							BEA_income				all_groups		2011		
				TUV							BEA_income				all_groups		2011		
				VUT							BEA_income				all_groups		2011		
				VNM							BEA_income				all_groups		2011		
				Rest			547605000000.0				BEA_income				all_groups		2010		547605000000.0
				CAN			33807000000.0				BEA_income				all_groups		2010		33807000000.0
				AUT			2525000000.0				BEA_income				all_groups		2010		2525000000.0
				BEL			1891000000.0				BEA_income				all_groups		2010		1891000000.0
				CZE			989000000.0				BEA_income				all_groups		2010		989000000.0
				DNK			4877000000.0				BEA_income				all_groups		2010		4877000000.0
				FIN			201000000.0				BEA_income				all_groups		2010		201000000.0
				FRA			7523000000.0				BEA_income				all_groups		2010		7523000000.0
				DEU			9381000000.0				BEA_income				all_groups		2010		9381000000.0
				GRC			-136000000.0				BEA_income				all_groups		2010		-136000000.0
				HUN			334000000.0				BEA_income				all_groups		2010		334000000.0
				IRL			30091000000.0				BEA_income				all_groups		2010		30091000000.0
				ITA			2534000000.0				BEA_income				all_groups		2010		2534000000.0
				LUX			33791000000.0				BEA_income				all_groups		2010		33791000000.0
				NLD			70426000000.0				BEA_income				all_groups		2010		70426000000.0
				NOR			19752000000.0				BEA_income				all_groups		2010		19752000000.0
				POL			972000000.0				BEA_income				all_groups		2010		972000000.0
				PRT			474000000.0				BEA_income				all_groups		2010		474000000.0
				RUS			1690000000.0				BEA_income				all_groups		2010		1690000000.0
				ESP			9655000000.0				BEA_income				all_groups		2010		9655000000.0
				SWE			1311000000.0				BEA_income				all_groups		2010		1311000000.0
				CHE			21233000000.0				BEA_income				all_groups		2010		21233000000.0
				TUR			800000000.0				BEA_income				all_groups		2010		800000000.0
				GBR			42073000000.0				BEA_income				all_groups		2010		42073000000.0
				BEA_Other_Europe			3712000000.0				BEA_income				all_groups		2010		3712000000.0
				ALB							BEA_income				all_groups		2010		
				AND							BEA_income				all_groups		2010		
				ARM							BEA_income				all_groups		2010		
				AZE							BEA_income				all_groups		2010		
				BLR							BEA_income				all_groups		2010		
				BIH							BEA_income				all_groups		2010		
				BGR							BEA_income				all_groups		2010		
				HRV							BEA_income				all_groups		2010		
				CYP							BEA_income				all_groups		2010		
				EST							BEA_income				all_groups		2010		
				GEO							BEA_income				all_groups		2010		
				GIB							BEA_income				all_groups		2010		
				GRL							BEA_income				all_groups		2010		
				ISL							BEA_income				all_groups		2010		
				KAZ							BEA_income				all_groups		2010		
				KGZ							BEA_income				all_groups		2010		
				LVA							BEA_income				all_groups		2010		
				LIE							BEA_income				all_groups		2010		
				LTU							BEA_income				all_groups		2010		
				MKD							BEA_income				all_groups		2010		
				MLT							BEA_income				all_groups		2010		
				MDA							BEA_income				all_groups		2010		
				MCO							BEA_income				all_groups		2010		
				MNE							BEA_income				all_groups		2010		
				ROU							BEA_income				all_groups		2010		
				SRB							BEA_income				all_groups		2010		
				SVK							BEA_income				all_groups		2010		
				SVN							BEA_income				all_groups		2010		
				TKM							BEA_income				all_groups		2010		
				UKR							BEA_income				all_groups		2010		
				UZB							BEA_income				all_groups		2010		
				ARG			2756000000.0				BEA_income				all_groups		2010		2756000000.0
				BRA			13311000000.0				BEA_income				all_groups		2010		13311000000.0
				CHL			5764000000.0				BEA_income				all_groups		2010		5764000000.0
				COL			2030000000.0				BEA_income				all_groups		2010		2030000000.0
				ECU			217000000.0				BEA_income				all_groups		2010		217000000.0
				PER			3123000000.0				BEA_income				all_groups		2010		3123000000.0
				VEN			2417000000.0				BEA_income				all_groups		2010		2417000000.0
				BOL							BEA_income				all_groups		2010		
				GUF							BEA_income				all_groups		2010		
				GUY							BEA_income				all_groups		2010		
				PRY							BEA_income				all_groups		2010		
				SUR							BEA_income				all_groups		2010		
				URY							BEA_income				all_groups		2010		
				CRI			282000000.0				BEA_income				all_groups		2010		282000000.0
				HND			98000000.0				BEA_income				all_groups		2010		98000000.0
				MEX			13443000000.0				BEA_income				all_groups		2010		13443000000.0
				PAN			349000000.0				BEA_income				all_groups		2010		349000000.0
				BLZ							BEA_income				all_groups		2010		
				SLV							BEA_income				all_groups		2010		
				GTM							BEA_income				all_groups		2010		
				NIC							BEA_income				all_groups		2010		
				BRB			1689000000.0				BEA_income				all_groups		2010		1689000000.0
				BMU			28880000000.0				BEA_income				all_groups		2010		28880000000.0
				DOM			310000000.0				BEA_income				all_groups		2010		310000000.0
				UK_Caribbean			20738000000.0				BEA_income				all_groups		2010		20738000000.0
				BEA_Other_Western			6854000000.0				BEA_income				all_groups		2010		6854000000.0
				AIA							BEA_income				all_groups		2010		
				ATG							BEA_income				all_groups		2010		
				ABW							BEA_income				all_groups		2010		
				BHS							BEA_income				all_groups		2010		
				CUB							BEA_income				all_groups		2010		
				DMA							BEA_income				all_groups		2010		
				GRD							BEA_income				all_groups		2010		
				HTI							BEA_income				all_groups		2010		
				JAM							BEA_income				all_groups		2010		
				ANT							BEA_income				all_groups		2010		
				KNA							BEA_income				all_groups		2010		
				LCA							BEA_income				all_groups		2010		
				VCT							BEA_income				all_groups		2010		
				TTO							BEA_income				all_groups		2010		
				EGY			3277000000.0				BEA_income				all_groups		2010		3277000000.0
				NGA			1365000000.0				BEA_income				all_groups		2010		1365000000.0
				ZAF			1104000000.0				BEA_income				all_groups		2010		1104000000.0
				DZA							BEA_income				all_groups		2010		
				AGO							BEA_income				all_groups		2010		
				BEN							BEA_income				all_groups		2010		
				BWA							BEA_income				all_groups		2010		
				BDI							BEA_income				all_groups		2010		
				CMR							BEA_income				all_groups		2010		
				CAF							BEA_income				all_groups		2010		
				TCD							BEA_income				all_groups		2010		
				COG							BEA_income				all_groups		2010		
				COD							BEA_income				all_groups		2010		
				CIV							BEA_income				all_groups		2010		
				DJI							BEA_income				all_groups		2010		
				GNQ							BEA_income				all_groups		2010		
				ERI							BEA_income				all_groups		2010		
				ETH							BEA_income				all_groups		2010		
				GAB							BEA_income				all_groups		2010		
				GMB							BEA_income				all_groups		2010		
				GHA							BEA_income				all_groups		2010		
				GIN							BEA_income				all_groups		2010		
				KEN							BEA_income				all_groups		2010		
				LSO							BEA_income				all_groups		2010		
				LBR							BEA_income				all_groups		2010		
				LBY							BEA_income				all_groups		2010		
				MDG							BEA_income				all_groups		2010		
				MWI							BEA_income				all_groups		2010		
				MLI							BEA_income				all_groups		2010		
				MRT							BEA_income				all_groups		2010		
				MUS							BEA_income				all_groups		2010		
				MAR							BEA_income				all_groups		2010		
				MOZ							BEA_income				all_groups		2010		
				NAM							BEA_income				all_groups		2010		
				NER							BEA_income				all_groups		2010		
				RWA							BEA_income				all_groups		2010		
				STP							BEA_income				all_groups		2010		
				SEN							BEA_income				all_groups		2010		
				SYC							BEA_income				all_groups		2010		
				SLE							BEA_income				all_groups		2010		
				SOM							BEA_income				all_groups		2010		
				SDN							BEA_income				all_groups		2010		
				SWZ							BEA_income				all_groups		2010		
				TZA							BEA_income				all_groups		2010		
				TGO							BEA_income				all_groups		2010		
				TUN							BEA_income				all_groups		2010		
				UGA							BEA_income				all_groups		2010		
				ZMB							BEA_income				all_groups		2010		
				ZWE							BEA_income				all_groups		2010		
				ISR			885000000.0				BEA_income				all_groups		2010		885000000.0
				SAU			1637000000.0				BEA_income				all_groups		2010		1637000000.0
				ARE			748000000.0				BEA_income				all_groups		2010		748000000.0
				BHR							BEA_income				all_groups		2010		
				IRN							BEA_income				all_groups		2010		
				IRQ							BEA_income				all_groups		2010		
				JOR							BEA_income				all_groups		2010		
				KWT							BEA_income				all_groups		2010		
				LBN							BEA_income				all_groups		2010		
				OMN							BEA_income				all_groups		2010		
				QAT							BEA_income				all_groups		2010		
				SYR							BEA_income				all_groups		2010		
				YEM							BEA_income				all_groups		2010		
				AUS			14175000000.0				BEA_income				all_groups		2010		14175000000.0
				CHN			11733000000.0				BEA_income				all_groups		2010		11733000000.0
				HKG			7167000000.0				BEA_income				all_groups		2010		7167000000.0
				IND			4618000000.0				BEA_income				all_groups		2010		4618000000.0
				IDN			8092000000.0				BEA_income				all_groups		2010		8092000000.0
				JPN			14309000000.0				BEA_income				all_groups		2010		14309000000.0
				KOR			5178000000.0				BEA_income				all_groups		2010		5178000000.0
				MYS			4483000000.0				BEA_income				all_groups		2010		4483000000.0
				NZL			551000000.0				BEA_income				all_groups		2010		551000000.0
				PHL			1075000000.0				BEA_income				all_groups		2010		1075000000.0
				SGP			17335000000.0				BEA_income				all_groups		2010		17335000000.0
				TWN			2838000000.0				BEA_income				all_groups		2010		2838000000.0
				THA			4901000000.0				BEA_income				all_groups		2010		4901000000.0
				AFG							BEA_income				all_groups		2010		
				BGD							BEA_income				all_groups		2010		
				BTN							BEA_income				all_groups		2010		
				BRN							BEA_income				all_groups		2010		
				MMR							BEA_income				all_groups		2010		
				KHM							BEA_income				all_groups		2010		
				FJI							BEA_income				all_groups		2010		
				LAO							BEA_income				all_groups		2010		
				MAC							BEA_income				all_groups		2010		
				MDV							BEA_income				all_groups		2010		
				MHL							BEA_income				all_groups		2010		
				FSM							BEA_income				all_groups		2010		
				MNG							BEA_income				all_groups		2010		
				NPL							BEA_income				all_groups		2010		
				PAK							BEA_income				all_groups		2010		
				PLW							BEA_income				all_groups		2010		
				PNG							BEA_income				all_groups		2010		
				WSM							BEA_income				all_groups		2010		
				LKA							BEA_income				all_groups		2010		
				TLS							BEA_income				all_groups		2010		
				TUV							BEA_income				all_groups		2010		
				VUT							BEA_income				all_groups		2010		
				VNM							BEA_income				all_groups		2010		
				Rest			519745000000.0				BEA_income				all_groups		2019		519745000000.0
				CAN			26660000000.0				BEA_income				all_groups		2019		26660000000.0
				AUT			664000000.0				BEA_income				all_groups		2019		664000000.0
				BEL			6648000000.0				BEA_income				all_groups		2019		6648000000.0
				CZE			431000000.0				BEA_income				all_groups		2019		431000000.0
				DNK			579000000.0				BEA_income				all_groups		2019		579000000.0
				FIN			121000000.0				BEA_income				all_groups		2019		121000000.0
				FRA			2855000000.0				BEA_income				all_groups		2019		2855000000.0
				DEU			7171000000.0				BEA_income				all_groups		2019		7171000000.0
				GRC			79000000.0				BEA_income				all_groups		2019		79000000.0
				HUN			238000000.0				BEA_income				all_groups		2019		238000000.0
				IRL			62692000000.0				BEA_income				all_groups		2019		62692000000.0
				ITA			1784000000.0				BEA_income				all_groups		2019		1784000000.0
				LUX			37901000000.0				BEA_income				all_groups		2019		37901000000.0
				NLD			82678000000.0				BEA_income				all_groups		2019		82678000000.0
				NOR			1337000000.0				BEA_income				all_groups		2019		1337000000.0
				POL			1001000000.0				BEA_income				all_groups		2019		1001000000.0
				PRT			177000000.0				BEA_income				all_groups		2019		177000000.0
				RUS			932000000.0				BEA_income				all_groups		2019		932000000.0
				ESP			3807000000.0				BEA_income				all_groups		2019		3807000000.0
				SWE			3399000000.0				BEA_income				all_groups		2019		3399000000.0
				CHE			21856000000.0				BEA_income				all_groups		2019		21856000000.0
				TUR			466000000.0				BEA_income				all_groups		2019		466000000.0
				GBR			50831000000.0				BEA_income				all_groups		2019		50831000000.0
				BEA_Other_Europe			1133000000.0				BEA_income				all_groups		2019		1133000000.0
				ARG			344000000.0				BEA_income				all_groups		2019		344000000.0
				BRA			4104000000.0				BEA_income				all_groups		2019		4104000000.0
				CHL			2021000000.0				BEA_income				all_groups		2019		2021000000.0
				COL			857000000.0				BEA_income				all_groups		2019		857000000.0
				ECU			139000000.0				BEA_income				all_groups		2019		139000000.0
				PER			867000000.0				BEA_income				all_groups		2019		867000000.0
				VEN			-368000000.0				BEA_income				all_groups		2019		-368000000.0
				CRI			197000000.0				BEA_income				all_groups		2019		197000000.0
				HND			282000000.0				BEA_income				all_groups		2019		282000000.0
				MEX			9600000000.0				BEA_income				all_groups		2019		9600000000.0
				PAN			726000000.0				BEA_income				all_groups		2019		726000000.0
				BRB			3527000000.0				BEA_income				all_groups		2019		3527000000.0
				BMU			40558000000.0				BEA_income				all_groups		2019		40558000000.0
				DOM			339000000.0				BEA_income				all_groups		2019		339000000.0
				UK_Caribbean			33776000000.0				BEA_income				all_groups		2019		33776000000.0
				BEA_Other_Western			3761000000.0				BEA_income				all_groups		2019		3761000000.0
				EGY			794000000.0				BEA_income				all_groups		2019		794000000.0
				NGA			674000000.0				BEA_income				all_groups		2019		674000000.0
				ZAF			602000000.0				BEA_income				all_groups		2019		602000000.0
				ISR			1036000000.0				BEA_income				all_groups		2019		1036000000.0
				SAU			872000000.0				BEA_income				all_groups		2019		872000000.0
				ARE			1429000000.0				BEA_income				all_groups		2019		1429000000.0
				AUS			9081000000.0				BEA_income				all_groups		2019		9081000000.0
				CHN			11023000000.0				BEA_income				all_groups		2019		11023000000.0
				HKG			9893000000.0				BEA_income				all_groups		2019		9893000000.0
				IND			3689000000.0				BEA_income				all_groups		2019		3689000000.0
				IDN			573000000.0				BEA_income				all_groups		2019		573000000.0
				JPN			12121000000.0				BEA_income				all_groups		2019		12121000000.0
				MYS			1420000000.0				BEA_income				all_groups		2019		1420000000.0
				NZL			466000000.0				BEA_income				all_groups		2019		466000000.0
				PHL			606000000.0				BEA_income				all_groups		2019		606000000.0
				SGP			34866000000.0				BEA_income				all_groups		2019		34866000000.0
				KOR			2638000000.0				BEA_income				all_groups		2019		2638000000.0
				TWN			966000000.0				BEA_income				all_groups		2019		966000000.0
				THA			1402000000.0				BEA_income				all_groups		2019		1402000000.0
				Rest			452034000000.0				BEA_income				all_groups		2020		452034000000.0
				CAN			20954000000.0				BEA_income				all_groups		2020		20954000000.0
				AUT			284000000.0				BEA_income				all_groups		2020		284000000.0
				BEL			7000000000.0				BEA_income				all_groups		2020		7000000000.0
				CZE			437000000.0				BEA_income				all_groups		2020		437000000.0
				DNK			658000000.0				BEA_income				all_groups		2020		658000000.0
				FIN			420000000.0				BEA_income				all_groups		2020		420000000.0
				FRA			1598000000.0				BEA_income				all_groups		2020		1598000000.0
				DEU			5502000000.0				BEA_income				all_groups		2020		5502000000.0
				GRC			123000000.0				BEA_income				all_groups		2020		123000000.0
				HUN			611000000.0				BEA_income				all_groups		2020		611000000.0
				IRL			55982000000.0				BEA_income				all_groups		2020		55982000000.0
				ITA			1131000000.0				BEA_income				all_groups		2020		1131000000.0
				LUX			33443000000.0				BEA_income				all_groups		2020		33443000000.0
				NLD			65859000000.0				BEA_income				all_groups		2020		65859000000.0
				NOR			657000000.0				BEA_income				all_groups		2020		657000000.0
				POL			841000000.0				BEA_income				all_groups		2020		841000000.0
				PRT			124000000.0				BEA_income				all_groups		2020		124000000.0
				RUS			983000000.0				BEA_income				all_groups		2020		983000000.0
				ESP			3222000000.0				BEA_income				all_groups		2020		3222000000.0
				SWE			1844000000.0				BEA_income				all_groups		2020		1844000000.0
				CHE			17681000000.0				BEA_income				all_groups		2020		17681000000.0
				TUR			324000000.0				BEA_income				all_groups		2020		324000000.0
				GBR			41239000000.0				BEA_income				all_groups		2020		41239000000.0
				BEA_Other_Europe			5728000000.0				BEA_income				all_groups		2020		5728000000.0
				ARG			-157000000.0				BEA_income				all_groups		2020		-157000000.0
				BRA			2109000000.0				BEA_income				all_groups		2020		2109000000.0
				CHL			1430000000.0				BEA_income				all_groups		2020		1430000000.0
				COL			332000000.0				BEA_income				all_groups		2020		332000000.0
				ECU			65000000.0				BEA_income				all_groups		2020		65000000.0
				PER			1005000000.0				BEA_income				all_groups		2020		1005000000.0
				VEN			-158000000.0				BEA_income				all_groups		2020		-158000000.0
				CRI			140000000.0				BEA_income				all_groups		2020		140000000.0
				HND			54000000.0				BEA_income				all_groups		2020		54000000.0
				MEX			6508000000.0				BEA_income				all_groups		2020		6508000000.0
				PAN			45000000.0				BEA_income				all_groups		2020		45000000.0
				BRB			4641000000.0				BEA_income				all_groups		2020		4641000000.0
				BMU			40797000000.0				BEA_income				all_groups		2020		40797000000.0
				DOM			284000000.0				BEA_income				all_groups		2020		284000000.0
				UK_Caribbean			28502000000.0				BEA_income				all_groups		2020		28502000000.0
				BEA_Other_Western			3278000000.0				BEA_income				all_groups		2020		3278000000.0
				EGY			269000000.0				BEA_income				all_groups		2020		269000000.0
				NGA			263000000.0				BEA_income				all_groups		2020		263000000.0
				ZAF			496000000.0				BEA_income				all_groups		2020		496000000.0
				ISR			515000000.0				BEA_income				all_groups		2020		515000000.0
				SAU			618000000.0				BEA_income				all_groups		2020		618000000.0
				ARE			1383000000.0				BEA_income				all_groups		2020		1383000000.0
				AUS			7348000000.0				BEA_income				all_groups		2020		7348000000.0
				CHN			10714000000.0				BEA_income				all_groups		2020		10714000000.0
				HKG			10763000000.0				BEA_income				all_groups		2020		10763000000.0
				IND			3594000000.0				BEA_income				all_groups		2020		3594000000.0
				IDN			1050000000.0				BEA_income				all_groups		2020		1050000000.0
				JPN			14899000000.0				BEA_income				all_groups		2020		14899000000.0
				MYS			1317000000.0				BEA_income				all_groups		2020		1317000000.0
				NZL			707000000.0				BEA_income				all_groups		2020		707000000.0
				PHL			264000000.0				BEA_income				all_groups		2020		264000000.0
				SGP			34309000000.0				BEA_income				all_groups		2020		34309000000.0
				KOR			2513000000.0				BEA_income				all_groups		2020		2513000000.0
				TWN			732000000.0				BEA_income				all_groups		2020		732000000.0
				THA			922000000.0				BEA_income				all_groups		2020		922000000.0
				USA			705057000000.0				BEA_income				all_groups		2010		705057000000.0
				USA			846797000000.0				BEA_income				all_groups		2011		846797000000.0
				USA			842024000000.0				BEA_income				all_groups		2012		842024000000.0
				USA			1019150000000.0				BEA_income				all_groups		2013		1019150000000.0
				USA			1124857000000.0				BEA_income				all_groups		2014		1124857000000.0
				USA			1043510000000.0				BEA_income				all_groups		2015		1043510000000.0
				USA			1037780000000.0				BEA_income				all_groups		2016		1037780000000.0
				USA			978191000000.0				BEA_income				all_groups		2017		978191000000.0
				USA			1186068000000.0				BEA_income				all_groups		2018		1186068000000.0
	27378814000000.0		14393500.0	Rest			660369940317.0		6486487000000.0	4474513000000.0	BEA_return	1382433000000.0		120468000000.0	all_groups	626674000000.0	2018	0.1938517388533802	621444000000.0
	1364372000000.0		1222000.0	CAN			35131000000.0		630132000000.0	465050000000.0	BEA_return	194279000000.0		8736000000.0	all_groups	63179000000.0	2018	0.2486692664598218	35131000000.0
	39942000000.0		46900.0	AUT			1071000000.0		24409000000.0	16512000000.0	BEA_return	4527000000.0		205000000.0	all_groups	3688000000.0	2018	0.1914098972922502	1071000000.0
	379672000000.0		124900.0	BEL			7751000000.0		168089000000.0	77567000000.0	BEA_return	17634000000.0		2210000000.0	all_groups	11166000000.0	2018	0.2851245000645078	7751000000.0
	21119000000.0		78600.0	CZE			1125000000.0		16542000000.0	11684000000.0	BEA_return	3884000000.0		172000000.0	all_groups	2211000000.0	2018	0.1528888888888888	1125000000.0
	76433000000.0		44600.0	DNK			702000000.0				BEA_return	6010000000.0		441000000.0	all_groups	3979000000.0	2018	0.6282051282051282	702000000.0
	26711000000.0		20900.0	FIN			1040000000.0		10000000000.0	6766000000.0	BEA_return	2472000000.0		73000000.0	all_groups	1335000000.0	2018	0.0701923076923076	1040000000.0
	387355000000.0		498100.0	FRA			5058000000.0		211210000000.0	167795000000.0	BEA_return	33114000000.0		3172000000.0	all_groups	34903000000.0	2018	0.627125345986556	5058000000.0
	904923000000.0		675300.0	DEU			10009000000.0		366907000000.0	252150000000.0	BEA_return	56047000000.0		4944000000.0	all_groups	52849000000.0	2018	0.4939554401039064	10009000000.0
	10664000000.0		15500.0	GRC			143000000.0				BEA_return	1047000000.0		71000000.0	all_groups	823000000.0	2018	0.4965034965034965	143000000.0
	57631000000.0		68000.0	HUN			1170000000.0		17601000000.0	11613000000.0	BEA_return	3789000000.0		244000000.0	all_groups	1749000000.0	2018	0.2085470085470085	1170000000.0
	2026923000000.0		134600.0	IRL			104707000000.0		419940000000.0	207074000000.0	BEA_return	58024000000.0		7128000000.0	all_groups	10781000000.0	2018	0.0680756778438881	104707000000.0
	181897000000.0		250000.0	ITA			4861000000.0		124842000000.0	102888000000.0	BEA_return	23993000000.0		1450000000.0	all_groups	16473000000.0	2018	0.2982925324007406	4861000000.0
	2792137000000.0		28700.0	LUX			1096000000.0		68263000000.0	48033000000.0	BEA_return	15406000000.0		1613000000.0	all_groups	1897000000.0	2018	1.4717153284671534	1096000000.0
	2958218000000.0		262700.0	NLD			19891000000.0		298341000000.0	173368000000.0	BEA_return	28580000000.0		5867000000.0	all_groups	19679000000.0	2018	0.2949575184756925	19891000000.0
	112681000000.0		42400.0	NOR			6469000000.0		34007000000.0	22395000000.0	BEA_return	11338000000.0		4054000000.0	all_groups	4082000000.0	2018	0.626681094450456	6469000000.0
	63533000000.0		204000.0	POL			2752000000.0		45461000000.0	32676000000.0	BEA_return	12680000000.0		509000000.0	all_groups	5222000000.0	2018	0.1849563953488372	2752000000.0
	19729000000.0		31900.0	PRT			567000000.0		10701000000.0	9345000000.0	BEA_return	2466000000.0		150000000.0	all_groups	1313000000.0	2018	0.2645502645502645	567000000.0
	57974000000.0		176000.0	RUS			3227000000.0		47175000000.0	39853000000.0	BEA_return	12602000000.0		857000000.0	all_groups	3985000000.0	2018	0.265571738456771	3227000000.0
	178847000000.0		175800.0	ESP			5294000000.0		90484000000.0	69761000000.0	BEA_return	16627000000.0		1256000000.0	all_groups	11183000000.0	2018	0.2372497166603702	5294000000.0
	120989000000.0		74100.0	SWE			1807000000.0		34481000000.0	24455000000.0	BEA_return	5372000000.0		714000000.0	all_groups	5717000000.0	2018	0.3951300498063088	1807000000.0
	1039810000000.0		100300.0	CHE			45356000000.0		410690000000.0	236991000000.0	BEA_return	15574000000.0		4600000000.0	all_groups	13524000000.0	2018	0.101419878296146	45356000000.0
	20823000000.0		56700.0	TUR			865000000.0				BEA_return	2248000000.0		244000000.0	all_groups	1846000000.0	2018	0.2820809248554913	865000000.0
	5374133000000.0		1464500.0	GBR			47275000000.0		650813000000.0	516001000000.0	BEA_return	126561000000.0		11798000000.0	all_groups	103905000000.0	2018	0.2495610787942887	47275000000.0
	251570000000.0		219800.0	BEA_Other_Europe			11158000000.0				BEA_return	54248000000.0		2158000000.0	all_groups	5400000000.0	2018	0.1934038358128696	11158000000.0
	45000000.0		300.0	ALB							BEA_return	5000000.0			all_groups	7000000.0	2018		
	76000000.0		1400.0	ARM							BEA_return	3000000.0			all_groups	17000000.0	2018		
	3579000000.0		1700.0	AZE							BEA_return				all_groups	74000000.0	2018		
	311000000.0			BLR							BEA_return	62000000.0			all_groups		2018		
	191000000.0		600.0	BIH							BEA_return	49000000.0			all_groups	11000000.0	2018		
	4391000000.0		9800.0	BGR							BEA_return	1644000000.0			all_groups	232000000.0	2018		
	1096000000.0		2000.0	HRV							BEA_return	115000000.0			all_groups	88000000.0	2018		
	-29312000000.0		1500.0	CYP							BEA_return	195000000.0			all_groups	79000000.0	2018		
	526000000.0		3400.0	EST							BEA_return	147000000.0			all_groups	93000000.0	2018		
	502000000.0		1500.0	GEO							BEA_return	8000000.0			all_groups	25000000.0	2018		
	33840000000.0		100.0	GIB							BEA_return	14000000.0			all_groups	5000000.0	2018		
				GRL							BEA_return				all_groups	1000000.0	2018		
	4338000000.0		1300.0	ISL							BEA_return				all_groups	163000000.0	2018		
			7000.0	KAZ							BEA_return				all_groups	338000000.0	2018		
			200.0	XKX							BEA_return				all_groups	2000000.0	2018		
	291000000.0		2200.0	KGZ							BEA_return	21000000.0			all_groups	24000000.0	2018		
	219000000.0		1300.0	LVA							BEA_return	53000000.0			all_groups	28000000.0	2018		
	1693000000.0		300.0	LIE							BEA_return	10000000.0			all_groups		2018		
	920000000.0		4100.0	LTU							BEA_return	331000000.0			all_groups	122000000.0	2018		
	133000000.0			MKD							BEA_return	45000000.0			all_groups	9000000.0	2018		
	43826000000.0		1600.0	MLT							BEA_return	317000000.0			all_groups	48000000.0	2018		
	105000000.0		1200.0	MDA							BEA_return	38000000.0			all_groups	20000000.0	2018		
	201000000.0			MCO							BEA_return	6000000.0			all_groups	8000000.0	2018		
	7000000.0			MNE							BEA_return	1000000.0			all_groups		2018		
	18575000000.0		76000.0	ROU							BEA_return	3846000000.0			all_groups	1422000000.0	2018		
	1033000000.0		5800.0	SRB							BEA_return	391000000.0			all_groups	106000000.0	2018		
	10221000000.0		46100.0	SVK							BEA_return	2271000000.0			all_groups	1563000000.0	2018		
	801000000.0		4000.0	SVN							BEA_return	205000000.0			all_groups	94000000.0	2018		
	64000000.0		400.0	TJK							BEA_return				all_groups	3000000.0	2018		
			100.0	TKM							BEA_return				all_groups	2000000.0	2018		
	4420000000.0		35200.0	UKR							BEA_return	797000000.0			all_groups	534000000.0	2018		
				UZB							BEA_return				all_groups	5000000.0	2018		
	52651000000.0		127700.0	ARG			2100000000.0		38658000000.0	27890000000.0	BEA_return	11347000000.0		882000000.0	all_groups	4995000000.0	2018	0.42	2100000000.0
	302202000000.0		573900.0	BRA			4826000000.0		166559000000.0	124673000000.0	BEA_return	48894000000.0		1791000000.0	all_groups	20668000000.0	2018	0.3711147948611686	4826000000.0
	218908000000.0		153000.0	CHL			4786000000.0		35186000000.0	33070000000.0	BEA_return	20010000000.0		920000000.0	all_groups	3778000000.0	2018	0.192227329711659	4786000000.0
	32341000000.0		86100.0	COL			1481000000.0		19291000000.0	17915000000.0	BEA_return	5997000000.0		575000000.0	all_groups	2579000000.0	2018	0.388251181634031	1481000000.0
	4936000000.0		15900.0	ECU			169000000.0		4711000000.0	3582000000.0	BEA_return	645000000.0		28000000.0	all_groups	445000000.0	2018	0.165680473372781	169000000.0
	31536000000.0		47800.0	PER			3420000000.0				BEA_return	14624000000.0		792000000.0	all_groups	1703000000.0	2018	0.231578947368421	3420000000.0
	25901000000.0		28800.0	VEN			1374000000.0				BEA_return	2404000000.0		295000000.0	all_groups	892000000.0	2018	0.2147016011644832	1374000000.0
	1110000000.0		2100.0	BOL							BEA_return	331000000.0			all_groups	65000000.0	2018		
			0.0	GUF							BEA_return				all_groups	0.0	2018		
				GUY							BEA_return				all_groups		2018		
	2058000000.0		2400.0	PRY							BEA_return	490000000.0			all_groups	57000000.0	2018		
				SUR							BEA_return				all_groups		2018		
	9616000000.0		5000.0	URY							BEA_return	976000000.0			all_groups	205000000.0	2018		
	42891000000.0		80700.0	CRI			827000000.0		14294000000.0	8810000000.0	BEA_return	3088000000.0		126000000.0	all_groups	1636000000.0	2018	0.1523579201934704	827000000.0
	3290000000.0		48500.0	HND			182000000.0				BEA_return	857000000.0		21000000.0	all_groups	446000000.0	2018	0.1153846153846153	182000000.0
	437632000000.0		1405600.0	MEX			22675000000.0		254069000000.0	163175000000.0	BEA_return	61893000000.0		5387000000.0	all_groups	21722000000.0	2018	0.237574421168688	22675000000.0
	11367000000.0		18800.0	PAN			368000000.0		8412000000.0	6629000000.0	BEA_return	2646000000.0		84000000.0	all_groups	518000000.0	2018	0.2282608695652173	368000000.0
	221000000.0		700.0	BLZ							BEA_return	22000000.0			all_groups	11000000.0	2018		
	5815000000.0		35500.0	SLV							BEA_return	1099000000.0			all_groups	323000000.0	2018		
	3544000000.0		22300.0	GTM							BEA_return	722000000.0			all_groups	337000000.0	2018		
	2057000000.0		14800.0	NIC							BEA_return	544000000.0			all_groups	136000000.0	2018		
	145703000000.0		900.0	BRB			5282000000.0				BEA_return	1112000000.0		29000000.0	all_groups	30000000.0	2018	0.0054903445664521	5282000000.0
	1298799000000.0		14000.0	BMU			9345000000.0		43551000000.0	21420000000.0	BEA_return	6177000000.0		1025000000.0	all_groups	1212000000.0	2018	0.1096843231674692	9345000000.0
	5297000000.0		23100.0	DOM			671000000.0		3907000000.0	2515000000.0	BEA_return	1279000000.0		79000000.0	all_groups	247000000.0	2018	0.1177347242921013	671000000.0
	1095601000000.0		23100.0	UK_Caribbean			12273000000.0		42529000000.0	22710000000.0	BEA_return	9071000000.0		867000000.0	all_groups	1225000000.0	2018	0.0706428746027866	12273000000.0
	170809000000.0		24400.0	BEA_Other_Western			14231000000.0				BEA_return	12072000000.0		374000000.0	all_groups	934000000.0	2018	0.0262806549082987	14231000000.0
	401000000.0		200.0	AIA							BEA_return	61000000.0			all_groups	1000000.0	2018		
	10000000.0			ATG							BEA_return	1000000.0			all_groups		2018		
	1460000000.0		2000.0	ABW							BEA_return	315000000.0			all_groups	77000000.0	2018		
	80118000000.0		10100.0	BHS							BEA_return	3437000000.0			all_groups	333000000.0	2018		
	60817000000.0			CUW							BEA_return	33000000.0			all_groups	2000000.0	2018		
			500.0	DMA							BEA_return				all_groups		2018		
	130000000.0		300.0	GRD							BEA_return				all_groups		2018		
				HTI							BEA_return	7000000.0			all_groups	10000000.0	2018		
	952000000.0		3800.0	JAM							BEA_return	354000000.0			all_groups	117000000.0	2018		
			200.0	SXM							BEA_return				all_groups		2018		
	1998000000.0		700.0	KNA							BEA_return	108000000.0			all_groups	27000000.0	2018		
	333000000.0		100.0	LCA							BEA_return	7000000.0			all_groups	2000000.0	2018		
	11000000.0		100.0	VCT							BEA_return	3000000.0			all_groups	2000000.0	2018		
	10395000000.0		4300.0	TTO							BEA_return				all_groups	276000000.0	2018		
	22224000000.0		41200.0	EGY			2387000000.0		12925000000.0	11896000000.0	BEA_return	5010000000.0		1064000000.0	all_groups	596000000.0	2018	0.4457478005865102	2387000000.0
			9100.0	NGA			4985000000.0			4737000000.0	BEA_return				all_groups	1008000000.0	2018		4985000000.0
	39595000000.0		132900.0	ZAF			1372000000.0		31978000000.0	28829000000.0	BEA_return	4126000000.0		376000000.0	all_groups	3381000000.0	2018	0.2740524781341107	1372000000.0
	6189000000.0		3200.0	DZA							BEA_return				all_groups	158000000.0	2018		
			5200.0	AGO							BEA_return				all_groups	559000000.0	2018		
	4000000.0			BEN							BEA_return				all_groups		2018		
	63000000.0		300.0	BWA							BEA_return	26000000.0			all_groups	9000000.0	2018		
	3000000.0		100.0	BDI							BEA_return				all_groups	1000000.0	2018		
	739000000.0		300.0	CMR							BEA_return	100000000.0			all_groups	10000000.0	2018		
			0.0	CAF							BEA_return				all_groups	0.0	2018		
			300.0	TCD							BEA_return				all_groups		2018		
			0.0	COM							BEA_return				all_groups	0.0	2018		
			300.0	COG							BEA_return				all_groups		2018		
	523000000.0		900.0	COD							BEA_return	79000000.0			all_groups	18000000.0	2018		
	624000000.0		600.0	CIV							BEA_return	51000000.0			all_groups	29000000.0	2018		
			200.0	DJI							BEA_return	0.0			all_groups		2018		
	16756000000.0		1700.0	GNQ							BEA_return	2759000000.0			all_groups	143000000.0	2018		
	1000000.0		0.0	ERI							BEA_return				all_groups	0.0	2018		
			100.0	SWZ							BEA_return	27000000.0			all_groups		2018		
	51000000.0		800.0	ETH							BEA_return				all_groups	3000000.0	2018		
	521000000.0		500.0	GAB							BEA_return	29000000.0			all_groups		2018		
	5321000000.0		3100.0	GHA							BEA_return				all_groups	159000000.0	2018		
	102000000.0			GIN							BEA_return				all_groups	3000000.0	2018		
	2086000000.0		5900.0	KEN							BEA_return	532000000.0			all_groups	86000000.0	2018		
			0.0	LSO							BEA_return				all_groups	0.0	2018		
	1698000000.0			LBR							BEA_return	430000000.0			all_groups		2018		
	3092000000.0		100.0	LBY							BEA_return	1985000000.0			all_groups	14000000.0	2018		
			100.0	MDG							BEA_return				all_groups	2000000.0	2018		
	305000000.0		5100.0	MWI							BEA_return	55000000.0			all_groups	27000000.0	2018		
				MLI							BEA_return				all_groups		2018		
	260000000.0		0.0	MRT							BEA_return				all_groups	0.0	2018		
	45582000000.0		1800.0	MUS							BEA_return	216000000.0			all_groups	30000000.0	2018		
	2606000000.0		39400.0	MAR							BEA_return	438000000.0			all_groups	462000000.0	2018		
				MOZ							BEA_return	653000000.0			all_groups	19000000.0	2018		
	50000000.0		200.0	NAM							BEA_return	8000000.0			all_groups	4000000.0	2018		
	16000000.0			RWA							BEA_return				all_groups		2018		
				STP							BEA_return				all_groups	1000000.0	2018		
	243000000.0		700.0	SEN							BEA_return	78000000.0			all_groups	19000000.0	2018		
	1400000000.0			SYC							BEA_return	103000000.0			all_groups		2018		
	7000000.0		0.0	SLE							BEA_return				all_groups	0.0	2018		
			0.0	SSD							BEA_return				all_groups	0.0	2018		
	3295000000.0		3100.0	TZA							BEA_return	490000000.0			all_groups	45000000.0	2018		
			100.0	TGO							BEA_return	2000000.0			all_groups	2000000.0	2018		
	659000000.0		4100.0	TUN							BEA_return	123000000.0			all_groups	51000000.0	2018		
	363000000.0		1100.0	UGA							BEA_return	24000000.0			all_groups	22000000.0	2018		
	470000000.0		2700.0	ZMB							BEA_return	45000000.0			all_groups	33000000.0	2018		
	365000000.0		1000.0	ZWE							BEA_return				all_groups		2018		
	73266000000.0		74300.0	ISR			3584000000.0		21779000000.0	10406000000.0	BEA_return	13438000000.0		648000000.0	all_groups	6286000000.0	2018	0.1808035714285714	3584000000.0
	23604000000.0		22500.0	SAU			-440000000.0				BEA_return	3817000000.0		-109000000.0	all_groups	1964000000.0	2018	0.2477272727272727	-440000000.0
	51984000000.0		31400.0	ARE			5776000000.0				BEA_return	10716000000.0			all_groups	2871000000.0	2018		5776000000.0
	3246000000.0		3100.0	BHR							BEA_return				all_groups	102000000.0	2018		
	6881000000.0		1500.0	IRQ							BEA_return				all_groups	117000000.0	2018		
	944000000.0		1300.0	JOR							BEA_return	141000000.0			all_groups	46000000.0	2018		
	1720000000.0		2000.0	KWT							BEA_return				all_groups	193000000.0	2018		
	1258000000.0		700.0	LBN							BEA_return	28000000.0			all_groups		2018		
			3700.0	OMN							BEA_return				all_groups	323000000.0	2018		
	39625000000.0		1900.0	QAT							BEA_return				all_groups	305000000.0	2018		
	1000000.0		0.0	SYR							BEA_return				all_groups	0.0	2018		
			100.0	YEM							BEA_return	17000000.0			all_groups		2018		
	771297000000.0		324600.0	AUS			8707000000.0		163412000000.0	140558000000.0	BEA_return	75564000000.0		2974000000.0	all_groups	26354000000.0	2018	0.3415642586424716	8707000000.0
	465970000000.0		1694800.0	CHN			30661000000.0		389953000000.0	305756000000.0	BEA_return	69431000000.0		5893000000.0	all_groups	32074000000.0	2018	0.1921985584292749	30661000000.0
	426450000000.0		142900.0	HKG			10658000000.0		151725000000.0	73666000000.0	BEA_return	9735000000.0		1717000000.0	all_groups	11209000000.0	2018	0.1610996434603115	10658000000.0
	194978000000.0		1293900.0	IND			9076000000.0		101651000000.0	70516000000.0	BEA_return	23794000000.0		3392000000.0	all_groups	23165000000.0	2018	0.373732921992067	9076000000.0
	68067000000.0		102800.0	IDN			7524000000.0		26024000000.0	15200000000.0	BEA_return	24584000000.0		1905000000.0	all_groups	2231000000.0	2018	0.2531897926634768	7524000000.0
	1065864000000.0		368800.0	JPN			27946000000.0		210336000000.0	184758000000.0	BEA_return	30607000000.0		7550000000.0	all_groups	25799000000.0	2018	0.2701638874973162	27946000000.0
	158764000000.0		116300.0	KOR			5818000000.0		69280000000.0	56161000000.0	BEA_return	14151000000.0		1290000000.0	all_groups	7467000000.0	2018	0.2217256789274664	5818000000.0
	68858000000.0		167900.0	MYS			3930000000.0		47478000000.0	27584000000.0	BEA_return	11949000000.0		640000000.0	all_groups	3558000000.0	2018	0.1628498727735369	3930000000.0
	25149000000.0		38500.0	NZL			801000000.0		14535000000.0	13360000000.0	BEA_return	3101000000.0		188000000.0	all_groups	1682000000.0	2018	0.2347066167290886	801000000.0
	30211000000.0		332000.0	PHL			1911000000.0		22685000000.0	12140000000.0	BEA_return	4964000000.0		440000000.0	all_groups	3003000000.0	2018	0.2302459445316588	1911000000.0
	924558000000.0		203500.0	SGP			66704000000.0		462011000000.0	278789000000.0	BEA_return	42174000000.0		3872000000.0	all_groups	14968000000.0	2018	0.0580474934036939	66704000000.0
	89859000000.0		91100.0	TWN			3448000000.0		42830000000.0	29459000000.0	BEA_return	14981000000.0		593000000.0	all_groups	3953000000.0	2018	0.171983758700696	3448000000.0
	78902000000.0		166800.0	THA			6836000000.0		68515000000.0	45355000000.0	BEA_return	12879000000.0		1004000000.0	all_groups	2991000000.0	2018	0.1468695143358689	6836000000.0
			900.0	AFG							BEA_return	3000000.0			all_groups	9000000.0	2018		
			4000.0	BGD							BEA_return				all_groups	86000000.0	2018		
	9000000.0		100.0	BTN							BEA_return				all_groups	1000000.0	2018		
	248000000.0		500.0	BRN							BEA_return				all_groups	41000000.0	2018		
			400.0	MMR							BEA_return				all_groups	4000000.0	2018		
	518000000.0		4200.0	KHM							BEA_return				all_groups	20000000.0	2018		
	272000000.0		2600.0	FJI							BEA_return	148000000.0			all_groups	28000000.0	2018		
				LAO							BEA_return	3000000.0			all_groups	1000000.0	2018		
	27857000000.0		54900.0	MAC							BEA_return				all_groups	2323000000.0	2018		
				MDV							BEA_return				all_groups		2018		
	4913000000.0		2800.0	MHL							BEA_return	2795000000.0			all_groups	76000000.0	2018		
			0.0	FSM							BEA_return	2000000.0			all_groups	0.0	2018		
			900.0	MNG							BEA_return				all_groups		2018		
			100.0	NPL							BEA_return				all_groups	1000000.0	2018		
	2075000000.0		14300.0	PAK							BEA_return	578000000.0			all_groups	193000000.0	2018		
				PLW							BEA_return	2000000.0			all_groups	1000000.0	2018		
			2200.0	PNG							BEA_return				all_groups	139000000.0	2018		
			0.0	WSM							BEA_return				all_groups	0.0	2018		
	584000000.0		4300.0	LKA							BEA_return	59000000.0			all_groups	42000000.0	2018		
			0.0	VUT							BEA_return				all_groups	0.0	2018		
	14488000000.0		56100.0	VNM							BEA_return	2828000000.0			all_groups	580000000.0	2018		
	27569828000000.0		14381700.0	Rest			626842936166.5531		5927584000000.0	4125338000000.0	BEA_return	1402391000000.0		105566000000.0	all_groups	613340000000.0	2017	0.1754042575816989	601844000000.0
	1397333000000.0		1218000.0	CAN			34895000000.0		570509000000.0	441521000000.0	BEA_return	211847000000.0		6457000000.0	all_groups	61828000000.0	2017	0.1850408367961026	34895000000.0
	42049000000.0		49800.0	AUT			1643000000.0		23372000000.0	15856000000.0	BEA_return	4827000000.0		325000000.0	all_groups	3792000000.0	2017	0.1978088861838101	1643000000.0
	423602000000.0		123700.0	BEL			8550000000.0		155305000000.0	72332000000.0	BEA_return	17268000000.0		2212000000.0	all_groups	10912000000.0	2017	0.2587134502923977	8550000000.0
	22968000000.0		85400.0	CZE			1092000000.0		16609000000.0	11542000000.0	BEA_return	4133000000.0		170000000.0	all_groups	2254000000.0	2017	0.1556776556776556	1092000000.0
	74687000000.0		40800.0	DNK			553000000.0				BEA_return	5714000000.0		333000000.0	all_groups	3907000000.0	2017	0.6021699819168174	553000000.0
	28719000000.0		19600.0	FIN			810000000.0		9520000000.0	6661000000.0	BEA_return	2618000000.0		58000000.0	all_groups	1373000000.0	2017	0.0716049382716049	810000000.0
	393913000000.0		495000.0	FRA			6720000000.0		196747000000.0	155252000000.0	BEA_return	33875000000.0		2801000000.0	all_groups	33681000000.0	2017	0.4168154761904762	6720000000.0
	845842000000.0		661400.0	DEU			10820000000.0		336574000000.0	237009000000.0	BEA_return	53362000000.0		4271000000.0	all_groups	50997000000.0	2017	0.394731977818854	10820000000.0
	10783000000.0		15600.0	GRC			488000000.0				BEA_return	909000000.0		117000000.0	all_groups	827000000.0	2017	0.2397540983606557	488000000.0
	54829000000.0		71200.0	HUN			1753000000.0		16399000000.0	10719000000.0	BEA_return	3967000000.0		198000000.0	all_groups	1716000000.0	2017	0.1129492298916143	1753000000.0
	1761677000000.0		129500.0	IRL			80138000000.0		350229000000.0	187287000000.0	BEA_return	66735000000.0		4134000000.0	all_groups	9895000000.0	2017	0.0515860141256332	80138000000.0
	189095000000.0		232500.0	ITA			5510000000.0		112887000000.0	94232000000.0	BEA_return	18527000000.0		1589000000.0	all_groups	15112000000.0	2017	0.2883847549909256	5510000000.0
	2554288000000.0		26200.0	LUX			12391000000.0		65239000000.0	42863000000.0	BEA_return	18191000000.0		1735000000.0	all_groups	1921000000.0	2017	0.1400209829715115	12391000000.0
	3175048000000.0		272900.0	NLD			55741000000.0		270890000000.0	153754000000.0	BEA_return	28225000000.0		5321000000.0	all_groups	19441000000.0	2017	0.095459356667444	55741000000.0
	119044000000.0		42900.0	NOR			4668000000.0		30748000000.0	20520000000.0	BEA_return	13485000000.0		2727000000.0	all_groups	4162000000.0	2017	0.5841902313624678	4668000000.0
	66146000000.0		207700.0	POL			2296000000.0		42791000000.0	30312000000.0	BEA_return	12965000000.0		376000000.0	all_groups	5248000000.0	2017	0.1637630662020905	2296000000.0
	18935000000.0		33200.0	PRT			453000000.0		9915000000.0	8472000000.0	BEA_return	1816000000.0		94000000.0	all_groups	1301000000.0	2017	0.2075055187637969	453000000.0
	61860000000.0		171000.0	RUS			2853000000.0		44107000000.0	37288000000.0	BEA_return	13577000000.0		1195000000.0	all_groups	3912000000.0	2017	0.4188573431475639	2853000000.0
	173549000000.0		176200.0	ESP			4436000000.0		80544000000.0	62179000000.0	BEA_return	16094000000.0		1275000000.0	all_groups	10483000000.0	2017	0.2874211000901713	4436000000.0
	125637000000.0		72000.0	SWE			3070000000.0		32108000000.0	22849000000.0	BEA_return	4827000000.0		432000000.0	all_groups	5714000000.0	2017	0.1407166123778501	3070000000.0
	1076215000000.0		98700.0	CHE			36316000000.0		349793000000.0	175982000000.0	BEA_return	14721000000.0		3781000000.0	all_groups	13405000000.0	2017	0.1041138891948452	36316000000.0
	21527000000.0		55100.0	TUR			1223000000.0				BEA_return	2280000000.0		308000000.0	all_groups	1912000000.0	2017	0.2518397383483238	1223000000.0
	5575597000000.0		1471900.0	GBR			54103000000.0		607548000000.0	483708000000.0	BEA_return	133529000000.0		12483000000.0	all_groups	101379000000.0	2017	0.23072657708445	54103000000.0
	287004000000.0		222100.0	BEA_Other_Europe			-6928000000.0				BEA_return	49292000000.0		2195000000.0	all_groups	5214000000.0	2017	-0.3168302540415704	-6928000000.0
	45000000.0			ALB							BEA_return	5000000.0			all_groups	7000000.0	2017		
	78000000.0		1400.0	ARM							BEA_return	3000000.0			all_groups	17000000.0	2017		
	3663000000.0		1700.0	AZE							BEA_return				all_groups	75000000.0	2017		
				BLR							BEA_return	56000000.0			all_groups		2017		
	189000000.0		600.0	BIH							BEA_return	48000000.0			all_groups	11000000.0	2017		
	4833000000.0		9400.0	BGR							BEA_return	1702000000.0			all_groups	214000000.0	2017		
	1103000000.0		1900.0	HRV							BEA_return	115000000.0			all_groups	89000000.0	2017		
	-24965000000.0		1600.0	CYP							BEA_return	139000000.0			all_groups	101000000.0	2017		
	554000000.0		3600.0	EST							BEA_return	141000000.0			all_groups	97000000.0	2017		
	475000000.0		1500.0	GEO							BEA_return	7000000.0			all_groups	25000000.0	2017		
	80309000000.0		100.0	GIB							BEA_return	14000000.0			all_groups	5000000.0	2017		
				GRL							BEA_return				all_groups	1000000.0	2017		
	4532000000.0		1400.0	ISL							BEA_return				all_groups	161000000.0	2017		
			7500.0	KAZ							BEA_return				all_groups	343000000.0	2017		
				XKX							BEA_return				all_groups	2000000.0	2017		
	514000000.0		1900.0	KGZ							BEA_return	26000000.0			all_groups	18000000.0	2017		
	217000000.0		1300.0	LVA							BEA_return	55000000.0			all_groups	29000000.0	2017		
	1607000000.0		300.0	LIE							BEA_return	10000000.0			all_groups		2017		
	728000000.0		4100.0	LTU							BEA_return	235000000.0			all_groups	102000000.0	2017		
	134000000.0		800.0	MKD							BEA_return	45000000.0			all_groups	13000000.0	2017		
	42037000000.0		1500.0	MLT							BEA_return	90000000.0			all_groups	43000000.0	2017		
	104000000.0		1200.0	MDA							BEA_return	37000000.0			all_groups	20000000.0	2017		
	179000000.0			MCO							BEA_return	6000000.0			all_groups	8000000.0	2017		
	7000000.0			MNE							BEA_return	1000000.0			all_groups		2017		
	18013000000.0		82400.0	ROU							BEA_return	3725000000.0			all_groups	1446000000.0	2017		
	1022000000.0		5900.0	SRB							BEA_return	364000000.0			all_groups	104000000.0	2017		
	10277000000.0		43300.0	SVK							BEA_return	2200000000.0			all_groups	1451000000.0	2017		
	869000000.0		4700.0	SVN							BEA_return	216000000.0			all_groups	114000000.0	2017		
	64000000.0		400.0	TJK							BEA_return				all_groups	3000000.0	2017		
			100.0	TKM							BEA_return				all_groups	2000000.0	2017		
	4067000000.0		34200.0	UKR							BEA_return	738000000.0			all_groups	507000000.0	2017		
				UZB							BEA_return				all_groups	5000000.0	2017		
	66768000000.0		133400.0	ARG			4280000000.0		42486000000.0	33062000000.0	BEA_return	20731000000.0		834000000.0	all_groups	5774000000.0	2017	0.1948598130841121	4280000000.0
	305746000000.0		632000.0	BRA			4410000000.0		164506000000.0	129311000000.0	BEA_return	48275000000.0		1562000000.0	all_groups	22795000000.0	2017	0.3541950113378684	4410000000.0
	235952000000.0		144100.0	CHL			3240000000.0		33853000000.0	31517000000.0	BEA_return	21498000000.0		835000000.0	all_groups	3586000000.0	2017	0.257716049382716	3240000000.0
	32634000000.0		88900.0	COL			1099000000.0		20027000000.0	18600000000.0	BEA_return	6165000000.0		491000000.0	all_groups	2571000000.0	2017	0.4467697907188353	1099000000.0
	5031000000.0		17100.0	ECU			151000000.0		4883000000.0	3773000000.0	BEA_return	712000000.0		23000000.0	all_groups	463000000.0	2017	0.152317880794702	151000000.0
	30506000000.0		46000.0	PER			3030000000.0		13478000000.0	11812000000.0	BEA_return	14784000000.0		1589000000.0	all_groups	1666000000.0	2017	0.5244224422442244	3030000000.0
	25486000000.0		30300.0	VEN			1505000000.0				BEA_return	2497000000.0		247000000.0	all_groups	986000000.0	2017	0.1641196013289036	1505000000.0
	1293000000.0		2800.0	BOL							BEA_return	349000000.0			all_groups	88000000.0	2017		
			0.0	GUF							BEA_return				all_groups	0.0	2017		
			1000.0	GUY							BEA_return				all_groups		2017		
	1965000000.0		2600.0	PRY							BEA_return	504000000.0			all_groups	60000000.0	2017		
			1400.0	SUR							BEA_return				all_groups		2017		
	10782000000.0		5000.0	URY							BEA_return	977000000.0			all_groups	204000000.0	2017		
	41186000000.0		80100.0	CRI			1122000000.0		13910000000.0	8510000000.0	BEA_return	2972000000.0		202000000.0	all_groups	1611000000.0	2017	0.1800356506238859	1122000000.0
	3108000000.0		47600.0	HND			110000000.0				BEA_return	826000000.0		34000000.0	all_groups	425000000.0	2017	0.3090909090909091	110000000.0
	432771000000.0		1401500.0	MEX			20464000000.0		242066000000.0	158198000000.0	BEA_return	61540000000.0		5526000000.0	all_groups	21478000000.0	2017	0.2700351837372947	20464000000.0
	11786000000.0		18100.0	PAN			323000000.0		6989000000.0	5225000000.0	BEA_return	2092000000.0		66000000.0	all_groups	497000000.0	2017	0.2043343653250774	323000000.0
	224000000.0		700.0	BLZ							BEA_return	22000000.0			all_groups	11000000.0	2017		
	5715000000.0		34300.0	SLV							BEA_return	1092000000.0			all_groups	310000000.0	2017		
	3619000000.0		20900.0	GTM							BEA_return	753000000.0			all_groups	335000000.0	2017		
	1965000000.0		15000.0	NIC							BEA_return	471000000.0			all_groups	134000000.0	2017		
	131848000000.0		900.0	BRB			4843000000.0				BEA_return	1155000000.0			all_groups	22000000.0	2017		4843000000.0
	1458532000000.0		13800.0	BMU			8201000000.0		35676000000.0	15262000000.0	BEA_return	5901000000.0		838000000.0	all_groups	1220000000.0	2017	0.1021826606511401	8201000000.0
	4790000000.0		22500.0	DOM			616000000.0				BEA_return	1088000000.0		102000000.0	all_groups	242000000.0	2017	0.1655844155844155	616000000.0
	1224559000000.0		23100.0	UK_Caribbean			12906000000.0		41049000000.0	20293000000.0	BEA_return	11434000000.0		603000000.0	all_groups	1274000000.0	2017	0.0467224546722454	12906000000.0
	173099000000.0		27100.0	BEA_Other_Western			12097000000.0				BEA_return	12906000000.0			all_groups	994000000.0	2017		12097000000.0
	443000000.0		200.0	AIA							BEA_return	59000000.0			all_groups	1000000.0	2017		
	10000000.0			ATG							BEA_return	1000000.0			all_groups		2017		
	1995000000.0		2700.0	ABW							BEA_return	387000000.0			all_groups	104000000.0	2017		
	86600000000.0		11700.0	BHS							BEA_return	3563000000.0			all_groups	371000000.0	2017		
	60690000000.0			CUW							BEA_return	34000000.0			all_groups	2000000.0	2017		
			600.0	DMA							BEA_return				all_groups		2017		
	127000000.0		300.0	GRD							BEA_return				all_groups		2017		
				HTI							BEA_return	8000000.0			all_groups	11000000.0	2017		
	962000000.0		3800.0	JAM							BEA_return	346000000.0			all_groups	118000000.0	2017		
			200.0	SXM							BEA_return				all_groups		2017		
	1873000000.0		800.0	KNA							BEA_return	105000000.0			all_groups	28000000.0	2017		
	458000000.0		100.0	LCA							BEA_return	7000000.0			all_groups	2000000.0	2017		
	11000000.0		100.0	VCT							BEA_return	3000000.0			all_groups	2000000.0	2017		
	10833000000.0		4400.0	TTO							BEA_return				all_groups	256000000.0	2017		
	22760000000.0		41700.0	EGY			1452000000.0		11291000000.0	10354000000.0	BEA_return	5358000000.0			all_groups	607000000.0	2017		1452000000.0
			9500.0	NGA			3686000000.0			4049000000.0	BEA_return				all_groups	968000000.0	2017		3686000000.0
	41699000000.0		125000.0	ZAF			914000000.0		31024000000.0	28328000000.0	BEA_return	4085000000.0		347000000.0	all_groups	3458000000.0	2017	0.3796498905908096	914000000.0
	8587000000.0		3200.0	DZA							BEA_return	1942000000.0			all_groups	153000000.0	2017		
			5100.0	AGO							BEA_return				all_groups	605000000.0	2017		
	4000000.0			BEN							BEA_return				all_groups		2017		
	62000000.0		300.0	BWA							BEA_return	26000000.0			all_groups	9000000.0	2017		
	3000000.0		100.0	BDI							BEA_return				all_groups	1000000.0	2017		
	734000000.0		300.0	CMR							BEA_return	99000000.0			all_groups	16000000.0	2017		
			0.0	CAF							BEA_return				all_groups	0.0	2017		
			300.0	TCD							BEA_return				all_groups		2017		
			0.0	COM							BEA_return				all_groups	0.0	2017		
			300.0	COG							BEA_return				all_groups		2017		
	527000000.0		1000.0	COD							BEA_return	79000000.0			all_groups	19000000.0	2017		
	645000000.0		600.0	CIV							BEA_return	51000000.0			all_groups	29000000.0	2017		
			200.0	DJI							BEA_return	0.0			all_groups		2017		
	17613000000.0		1600.0	GNQ							BEA_return	3547000000.0			all_groups	146000000.0	2017		
	1000000.0		0.0	ERI							BEA_return				all_groups	0.0	2017		
	52000000.0		800.0	ETH							BEA_return				all_groups	3000000.0	2017		
	520000000.0		500.0	GAB							BEA_return	29000000.0			all_groups	72000000.0	2017		
	5944000000.0		3000.0	GHA							BEA_return	4098000000.0			all_groups	152000000.0	2017		
	103000000.0		800.0	GIN							BEA_return				all_groups	3000000.0	2017		
	2172000000.0		5900.0	KEN							BEA_return	536000000.0			all_groups	92000000.0	2017		
			0.0	LSO							BEA_return				all_groups	0.0	2017		
	1672000000.0			LBR							BEA_return	432000000.0			all_groups		2017		
	3375000000.0		100.0	LBY							BEA_return	2056000000.0			all_groups	16000000.0	2017		
			100.0	MDG							BEA_return				all_groups	2000000.0	2017		
	348000000.0		7900.0	MWI							BEA_return	55000000.0			all_groups	28000000.0	2017		
				MLI							BEA_return				all_groups		2017		
	178000000.0		0.0	MRT							BEA_return				all_groups	0.0	2017		
	44812000000.0		1700.0	MUS							BEA_return	246000000.0			all_groups	26000000.0	2017		
	2276000000.0		34900.0	MAR							BEA_return	429000000.0			all_groups	426000000.0	2017		
				MOZ							BEA_return	555000000.0			all_groups	16000000.0	2017		
	49000000.0		200.0	NAM							BEA_return	8000000.0			all_groups	4000000.0	2017		
	16000000.0			RWA							BEA_return				all_groups		2017		
				STP							BEA_return				all_groups	1000000.0	2017		
			400.0	SEN							BEA_return				all_groups		2017		
	2754000000.0			SYC							BEA_return	103000000.0			all_groups		2017		
	7000000.0		0.0	SLE							BEA_return				all_groups	0.0	2017		
			0.0	SSD							BEA_return				all_groups	0.0	2017		
			100.0	SWZ							BEA_return	26000000.0			all_groups		2017		
	3244000000.0		3900.0	TZA							BEA_return	484000000.0			all_groups	51000000.0	2017		
			100.0	TGO							BEA_return				all_groups	2000000.0	2017		
	653000000.0		4200.0	TUN							BEA_return	114000000.0			all_groups	53000000.0	2017		
	371000000.0		1100.0	UGA							BEA_return	24000000.0			all_groups	22000000.0	2017		
	476000000.0		2800.0	ZMB							BEA_return	34000000.0			all_groups	33000000.0	2017		
	389000000.0			ZWE							BEA_return				all_groups		2017		
	71340000000.0		74200.0	ISR			2891000000.0		20510000000.0	9897000000.0	BEA_return	6483000000.0		531000000.0	all_groups	6070000000.0	2017	0.1836734693877551	2891000000.0
	24945000000.0		20900.0	SAU			-395000000.0				BEA_return	3757000000.0		153000000.0	all_groups	1850000000.0	2017	-0.3873417721518987	-395000000.0
	50459000000.0		29900.0	ARE			5202000000.0				BEA_return	9615000000.0			all_groups	2797000000.0	2017		5202000000.0
	2791000000.0		3100.0	BHR							BEA_return	423000000.0			all_groups	104000000.0	2017		
	6942000000.0		3700.0	IRQ							BEA_return	2221000000.0			all_groups	180000000.0	2017		
	898000000.0		1100.0	JOR							BEA_return	99000000.0			all_groups	36000000.0	2017		
	1547000000.0		1700.0	KWT							BEA_return				all_groups	159000000.0	2017		
	1305000000.0		800.0	LBN							BEA_return	27000000.0			all_groups		2017		
			3300.0	OMN							BEA_return				all_groups	284000000.0	2017		
	39603000000.0		2100.0	QAT							BEA_return				all_groups	313000000.0	2017		
			0.0	SYR							BEA_return				all_groups	0.0	2017		
			100.0	YEM							BEA_return				all_groups		2017		
	761976000000.0		322800.0	AUS			14452000000.0		149503000000.0	128833000000.0	BEA_return	76889000000.0		2652000000.0	all_groups	26421000000.0	2017	0.1835040132853584	14452000000.0
	441488000000.0		1723300.0	CHN			27569000000.0		372305000000.0	295302000000.0	BEA_return	64042000000.0		5720000000.0	all_groups	30332000000.0	2017	0.2074794152852841	27569000000.0
	417417000000.0		144300.0	HKG			10039000000.0		133831000000.0	64296000000.0	BEA_return	7401000000.0		1670000000.0	all_groups	11119000000.0	2017	0.1663512302022113	10039000000.0
	164892000000.0		1297500.0	IND			9505000000.0		91358000000.0	61992000000.0	BEA_return	21933000000.0		2898000000.0	all_groups	21924000000.0	2017	0.3048921620199895	9505000000.0
	63083000000.0		104200.0	IDN			5882000000.0		24493000000.0	14797000000.0	BEA_return	19847000000.0		1921000000.0	all_groups	2329000000.0	2017	0.3265895953757225	5882000000.0
	1021529000000.0		361600.0	JPN			25467000000.0		202269000000.0	176390000000.0	BEA_return	28644000000.0		5015000000.0	all_groups	25433000000.0	2017	0.196921506263007	25467000000.0
	162686000000.0		119300.0	KOR			6182000000.0		65586000000.0	52441000000.0	BEA_return	15725000000.0		1369000000.0	all_groups	7584000000.0	2017	0.2214493691362019	6182000000.0
	77993000000.0		170400.0	MYS			3922000000.0		45703000000.0	25574000000.0	BEA_return	11928000000.0		601000000.0	all_groups	3345000000.0	2017	0.1532381438041815	3922000000.0
	25345000000.0		38000.0	NZL			1177000000.0				BEA_return	3135000000.0		186000000.0	all_groups	1683000000.0	2017	0.1580288870008496	1177000000.0
	35409000000.0		304200.0	PHL			2083000000.0		22421000000.0	12087000000.0	BEA_return	5803000000.0		446000000.0	all_groups	3179000000.0	2017	0.214114258281325	2083000000.0
	894717000000.0		189300.0	SGP			35904000000.0		413566000000.0	248559000000.0	BEA_return	35482000000.0		3036000000.0	all_groups	14030000000.0	2017	0.0845588235294117	35904000000.0
	81507000000.0		82400.0	TWN			3695000000.0		38759000000.0	27393000000.0	BEA_return	13309000000.0		578000000.0	all_groups	3394000000.0	2017	0.1564276048714479	3695000000.0
	73200000000.0		161900.0	THA			6264000000.0		56448000000.0	35994000000.0	BEA_return	12359000000.0		1065000000.0	all_groups	2948000000.0	2017	0.1700191570881226	6264000000.0
			900.0	AFG							BEA_return	3000000.0			all_groups	9000000.0	2017		
	4087000000.0		3700.0	BGD							BEA_return				all_groups	91000000.0	2017		
	9000000.0		100.0	BTN							BEA_return				all_groups	1000000.0	2017		
	216000000.0		500.0	BRN							BEA_return				all_groups	41000000.0	2017		
			500.0	MMR							BEA_return	445000000.0			all_groups	8000000.0	2017		
	515000000.0		4300.0	KHM							BEA_return	162000000.0			all_groups	19000000.0	2017		
	298000000.0		3300.0	FJI							BEA_return	176000000.0			all_groups	35000000.0	2017		
				LAO							BEA_return	3000000.0			all_groups	1000000.0	2017		
	26648000000.0		51600.0	MAC							BEA_return	17010000000.0			all_groups	1992000000.0	2017		
				MDV							BEA_return				all_groups		2017		
	5120000000.0		1100.0	MHL							BEA_return	2616000000.0			all_groups	47000000.0	2017		
			0.0	FSM							BEA_return	2000000.0			all_groups	0.0	2017		
			900.0	MNG							BEA_return				all_groups		2017		
			100.0	NPL							BEA_return				all_groups	1000000.0	2017		
	2192000000.0		14100.0	PAK							BEA_return	553000000.0			all_groups	205000000.0	2017		
				PLW							BEA_return	2000000.0			all_groups	1000000.0	2017		
			2200.0	PNG							BEA_return				all_groups	136000000.0	2017		
			0.0	WSM							BEA_return				all_groups	0.0	2017		
	594000000.0		4300.0	LKA							BEA_return	59000000.0			all_groups	41000000.0	2017		
			0.0	VUT							BEA_return				all_groups	0.0	2017		
	13006000000.0		54700.0	VNM							BEA_return	2238000000.0			all_groups	590000000.0	2017		
	25226581000000.0		14256100.0	Rest			449957026861.602		5539471000000.0	3872234000000.0	BEA_return	1367094000000.0		86905000000.0	all_groups	599410000000.0	2016	0.2025988982424566	428951000000.0
	1356686000000.0		1204200.0	CAN			23654000000.0		528255000000.0	414893000000.0	BEA_return	200259000000.0		4593000000.0	all_groups	61664000000.0	2016	0.1941743468335165	23654000000.0
	40524000000.0		48000.0	AUT			1210000000.0		21614000000.0	14472000000.0	BEA_return	4272000000.0		246000000.0	all_groups	3586000000.0	2016	0.2033057851239669	1210000000.0
	389180000000.0		125700.0	BEL			7787000000.0		132391000000.0	68807000000.0	BEA_return	15997000000.0		1642000000.0	all_groups	10647000000.0	2016	0.2108642609477334	7787000000.0
	20191000000.0		83200.0	CZE			865000000.0		14065000000.0	10199000000.0	BEA_return	3527000000.0			all_groups	2100000000.0	2016		865000000.0
	80517000000.0		40300.0	DNK			787000000.0		18105000000.0	12057000000.0	BEA_return	5437000000.0		629000000.0	all_groups	3834000000.0	2016	0.7992376111817027	787000000.0
	28196000000.0		20400.0	FIN			-1016000000.0		13426000000.0	7791000000.0	BEA_return	2666000000.0		-95000000.0	all_groups	1388000000.0	2016	0.093503937007874	-1016000000.0
	375712000000.0		481400.0	FRA			6062000000.0		187233000000.0	144124000000.0	BEA_return	29458000000.0		3328000000.0	all_groups	32641000000.0	2016	0.5489937314417684	6062000000.0
	810765000000.0		701300.0	DEU			8757000000.0		336233000000.0	242673000000.0	BEA_return	47658000000.0		4058000000.0	all_groups	50780000000.0	2016	0.4634007080050245	8757000000.0
	9431000000.0		15700.0	GRC			117000000.0		4985000000.0	4379000000.0	BEA_return	856000000.0			all_groups	842000000.0	2016		117000000.0
	62244000000.0		67400.0	HUN			1239000000.0		16755000000.0	10993000000.0	BEA_return	3678000000.0		238000000.0	all_groups	1648000000.0	2016	0.192090395480226	1239000000.0
	1437876000000.0		121000.0	IRL			76924000000.0		351481000000.0	175678000000.0	BEA_return	69064000000.0		4329000000.0	all_groups	9124000000.0	2016	0.0562763246841037	76924000000.0
	167947000000.0		223600.0	ITA			3489000000.0		106856000000.0	89580000000.0	BEA_return	16576000000.0		1190000000.0	all_groups	14451000000.0	2016	0.3410719403840642	3489000000.0
	2299979000000.0		22500.0	LUX			-944000000.0		52670000000.0	31332000000.0	BEA_return	12869000000.0		1434000000.0	all_groups	1577000000.0	2016	-1.5190677966101696	-944000000.0
	2943343000000.0		250800.0	NLD			15114000000.0		253526000000.0	135100000000.0	BEA_return	29163000000.0		5088000000.0	all_groups	17808000000.0	2016	0.3366415244144501	15114000000.0
	127042000000.0		42000.0	NOR			3322000000.0		28349000000.0	19803000000.0	BEA_return	20017000000.0		1501000000.0	all_groups	4255000000.0	2016	0.4518362432269717	3322000000.0
	61217000000.0		192400.0	POL			2434000000.0		37999000000.0	26066000000.0	BEA_return	10950000000.0		353000000.0	all_groups	4580000000.0	2016	0.1450287592440427	2434000000.0
	21617000000.0		30600.0	PRT			412000000.0		9004000000.0	7697000000.0	BEA_return	1712000000.0		50000000.0	all_groups	1261000000.0	2016	0.1213592233009708	412000000.0
	66204000000.0		162100.0	RUS			1846000000.0		39971000000.0	33419000000.0	BEA_return	12093000000.0		633000000.0	all_groups	4169000000.0	2016	0.3429035752979415	1846000000.0
	161206000000.0		175700.0	ESP			3130000000.0		80516000000.0	57707000000.0	BEA_return	14789000000.0		945000000.0	all_groups	10569000000.0	2016	0.3019169329073482	3130000000.0
	125059000000.0		71700.0	SWE			2753000000.0		34074000000.0	23838000000.0	BEA_return	4332000000.0		733000000.0	all_groups	5843000000.0	2016	0.2662549945513984	2753000000.0
	923288000000.0		102700.0	CHE			41523000000.0		310845000000.0	149387000000.0	BEA_return	13987000000.0		3637000000.0	all_groups	13325000000.0	2016	0.0875900103557064	41523000000.0
	21051000000.0		51000.0	TUR			1191000000.0				BEA_return	2017000000.0		300000000.0	all_groups	1964000000.0	2016	0.2518891687657431	1191000000.0
	5095635000000.0		1473400.0	GBR			46999000000.0		570743000000.0	450289000000.0	BEA_return	127875000000.0		8238000000.0	all_groups	100878000000.0	2016	0.1752803251133002	46999000000.0
	283731000000.0		212800.0	BEA_Other_Europe			-1350000000.0				BEA_return	46692000000.0		1590000000.0	all_groups	4883000000.0	2016	-1.1777777777777778	-1350000000.0
	43000000.0			ALB							BEA_return	5000000.0			all_groups	7000000.0	2016		
	82000000.0		1400.0	ARM							BEA_return	3000000.0			all_groups	17000000.0	2016		
	3581000000.0		1700.0	AZE							BEA_return				all_groups	84000000.0	2016		
	300000000.0			BLR							BEA_return	58000000.0			all_groups		2016		
	175000000.0		600.0	BIH							BEA_return	44000000.0			all_groups	10000000.0	2016		
	3694000000.0		9800.0	BGR							BEA_return	1598000000.0			all_groups	201000000.0	2016		
	874000000.0		1800.0	HRV							BEA_return	83000000.0			all_groups	85000000.0	2016		
	-16820000000.0		1600.0	CYP							BEA_return	137000000.0			all_groups	99000000.0	2016		
	523000000.0		3500.0	EST							BEA_return	131000000.0			all_groups	93000000.0	2016		
	409000000.0		1600.0	GEO							BEA_return	7000000.0			all_groups	30000000.0	2016		
	83401000000.0			GIB							BEA_return				all_groups	2000000.0	2016		
				GRL							BEA_return				all_groups	1000000.0	2016		
			1200.0	ISL							BEA_return				all_groups	115000000.0	2016		
			8800.0	KAZ							BEA_return				all_groups	384000000.0	2016		
				XKX							BEA_return				all_groups	2000000.0	2016		
	281000000.0		2000.0	KGZ							BEA_return	19000000.0			all_groups	20000000.0	2016		
	213000000.0		1300.0	LVA							BEA_return	57000000.0			all_groups	29000000.0	2016		
	1186000000.0		400.0	LIE							BEA_return				all_groups		2016		
	742000000.0		2200.0	LTU							BEA_return	190000000.0			all_groups	58000000.0	2016		
	128000000.0		800.0	MKD							BEA_return	42000000.0			all_groups	13000000.0	2016		
	39895000000.0		1500.0	MLT							BEA_return	227000000.0			all_groups	51000000.0	2016		
	97000000.0		1200.0	MDA							BEA_return	35000000.0			all_groups	20000000.0	2016		
	170000000.0			MCO							BEA_return	6000000.0			all_groups	8000000.0	2016		
	7000000.0			MNE							BEA_return	1000000.0			all_groups		2016		
	16268000000.0		72800.0	ROU							BEA_return	2990000000.0			all_groups	1254000000.0	2016		
	1029000000.0		6100.0	SRB							BEA_return	376000000.0			all_groups	105000000.0	2016		
	9335000000.0		43200.0	SVK							BEA_return	1827000000.0			all_groups	1381000000.0	2016		
	835000000.0		5300.0	SVN							BEA_return	222000000.0			all_groups	125000000.0	2016		
	61000000.0		400.0	TJK							BEA_return				all_groups	3000000.0	2016		
			100.0	TKM							BEA_return				all_groups	2000000.0	2016		
	3752000000.0		34100.0	UKR							BEA_return	615000000.0			all_groups	486000000.0	2016		
				UZB							BEA_return				all_groups	5000000.0	2016		
	67612000000.0		130600.0	ARG			3075000000.0		41812000000.0	32692000000.0	BEA_return	20258000000.0		1956000000.0	all_groups	5483000000.0	2016	0.6360975609756098	3075000000.0
	284850000000.0		632000.0	BRA			-193000000.0		152365000000.0	125235000000.0	BEA_return	47619000000.0		1063000000.0	all_groups	21515000000.0	2016	-5.507772020725389	-193000000.0
	179622000000.0		146000.0	CHL			2812000000.0		30803000000.0	28103000000.0	BEA_return	24854000000.0		813000000.0	all_groups	3449000000.0	2016	0.2891180654338549	2812000000.0
	31580000000.0		90100.0	COL			906000000.0		19121000000.0	16813000000.0	BEA_return	6371000000.0		546000000.0	all_groups	2466000000.0	2016	0.6026490066225165	906000000.0
	5016000000.0		17700.0	ECU			133000000.0		4765000000.0	3738000000.0	BEA_return	743000000.0		17000000.0	all_groups	475000000.0	2016	0.1278195488721804	133000000.0
	31818000000.0		47500.0	PER			139000000.0				BEA_return	14873000000.0		432000000.0	all_groups	1512000000.0	2016	3.1079136690647484	139000000.0
	24151000000.0		36900.0	VEN			910000000.0				BEA_return	2829000000.0		362000000.0	all_groups	1174000000.0	2016	0.3978021978021978	910000000.0
	1475000000.0		3100.0	BOL							BEA_return	563000000.0			all_groups	126000000.0	2016		
			0.0	GUF							BEA_return				all_groups	0.0	2016		
			1000.0	GUY							BEA_return				all_groups	22000000.0	2016		
	1966000000.0		3100.0	PRY							BEA_return	517000000.0			all_groups	65000000.0	2016		
			1300.0	SUR							BEA_return				all_groups	49000000.0	2016		
	11079000000.0		6000.0	URY							BEA_return	1602000000.0			all_groups	233000000.0	2016		
	39470000000.0		90000.0	CRI			1087000000.0		13361000000.0	8265000000.0	BEA_return	2706000000.0		104000000.0	all_groups	1611000000.0	2016	0.0956761729530818	1087000000.0
	2909000000.0		45500.0	HND			123000000.0				BEA_return	654000000.0		43000000.0	all_groups	443000000.0	2016	0.3495934959349593	123000000.0
	405968000000.0		1384300.0	MEX			16272000000.0		223883000000.0	150792000000.0	BEA_return	59935000000.0		4465000000.0	all_groups	20738000000.0	2016	0.274397738446411	16272000000.0
	11790000000.0		24900.0	PAN			168000000.0		7442000000.0	5106000000.0	BEA_return	2049000000.0		60000000.0	all_groups	477000000.0	2016	0.3571428571428571	168000000.0
	217000000.0		700.0	BLZ							BEA_return	21000000.0			all_groups	11000000.0	2016		
	5383000000.0		34900.0	SLV							BEA_return	1039000000.0			all_groups	304000000.0	2016		
	3554000000.0		24900.0	GTM							BEA_return	733000000.0			all_groups	354000000.0	2016		
	1784000000.0		16400.0	NIC							BEA_return	427000000.0			all_groups	131000000.0	2016		
	83379000000.0		900.0	BRB			1189000000.0				BEA_return	1182000000.0		265000000.0	all_groups	28000000.0	2016	0.2228763666947014	1189000000.0
	1292136000000.0		9800.0	BMU			-1392000000.0		39785000000.0	18530000000.0	BEA_return	7525000000.0		734000000.0	all_groups	1137000000.0	2016	-0.5272988505747126	-1392000000.0
	5214000000.0		24400.0	DOM			612000000.0		3602000000.0	2253000000.0	BEA_return	1011000000.0		69000000.0	all_groups	257000000.0	2016	0.1127450980392156	612000000.0
	1254113000000.0		23500.0	UK_Caribbean			13937000000.0		42921000000.0	22534000000.0	BEA_return	14447000000.0		462000000.0	all_groups	1415000000.0	2016	0.0331491712707182	13937000000.0
	174155000000.0		27500.0	BEA_Other_Western			11575000000.0				BEA_return	13327000000.0		-56000000.0	all_groups	1023000000.0	2016	-0.0048380129589632	11575000000.0
	350000000.0		200.0	AIA							BEA_return	59000000.0			all_groups	1000000.0	2016		
	10000000.0			ATG							BEA_return	1000000.0			all_groups		2016		
	2022000000.0		2800.0	ABW							BEA_return	471000000.0			all_groups	94000000.0	2016		
	89288000000.0		11600.0	BHS							BEA_return	3471000000.0			all_groups	364000000.0	2016		
	55056000000.0		100.0	CUW							BEA_return	31000000.0			all_groups	3000000.0	2016		
			600.0	DMA							BEA_return				all_groups		2016		
	133000000.0		300.0	GRD							BEA_return				all_groups		2016		
			1100.0	HTI							BEA_return	6000000.0			all_groups	13000000.0	2016		
	926000000.0		3800.0	JAM							BEA_return	342000000.0			all_groups	118000000.0	2016		
			200.0	SXM							BEA_return				all_groups		2016		
	1680000000.0		800.0	KNA							BEA_return	103000000.0			all_groups	28000000.0	2016		
	302000000.0		100.0	LCA							BEA_return	7000000.0			all_groups	2000000.0	2016		
	11000000.0		100.0	VCT							BEA_return	3000000.0			all_groups	2000000.0	2016		
	10474000000.0		4400.0	TTO							BEA_return	7024000000.0			all_groups	272000000.0	2016		
	23888000000.0		36900.0	EGY			756000000.0		11798000000.0	10951000000.0	BEA_return	5800000000.0		529000000.0	all_groups	712000000.0	2016	0.6997354497354498	756000000.0
			9200.0	NGA			1375000000.0			3886000000.0	BEA_return				all_groups	1211000000.0	2016		1375000000.0
	40175000000.0		105900.0	ZAF			794000000.0		28739000000.0	25690000000.0	BEA_return	3851000000.0		284000000.0	all_groups	3214000000.0	2016	0.3576826196473551	794000000.0
	8610000000.0		3600.0	DZA							BEA_return	2357000000.0			all_groups	162000000.0	2016		
			5500.0	AGO							BEA_return				all_groups	658000000.0	2016		
	4000000.0			BEN							BEA_return				all_groups		2016		
	65000000.0		400.0	BWA							BEA_return	19000000.0			all_groups	10000000.0	2016		
	3000000.0		100.0	BDI							BEA_return				all_groups	1000000.0	2016		
	677000000.0		300.0	CMR							BEA_return	96000000.0			all_groups	16000000.0	2016		
				CAF							BEA_return				all_groups		2016		
			400.0	TCD							BEA_return				all_groups		2016		
			0.0	COM							BEA_return				all_groups	0.0	2016		
			300.0	COG							BEA_return				all_groups		2016		
	575000000.0		1000.0	COD							BEA_return	81000000.0			all_groups	18000000.0	2016		
	781000000.0		600.0	CIV							BEA_return				all_groups	29000000.0	2016		
			200.0	DJI							BEA_return	0.0			all_groups		2016		
	21839000000.0		1800.0	GNQ							BEA_return	6086000000.0			all_groups	170000000.0	2016		
	1000000.0		0.0	ERI							BEA_return				all_groups	0.0	2016		
	53000000.0		800.0	ETH							BEA_return				all_groups	3000000.0	2016		
	508000000.0		600.0	GAB							BEA_return	139000000.0			all_groups	93000000.0	2016		
	6883000000.0		3100.0	GHA							BEA_return	4654000000.0			all_groups	149000000.0	2016		
				GIN							BEA_return				all_groups		2016		
	2137000000.0		5900.0	KEN							BEA_return	497000000.0			all_groups	96000000.0	2016		
			0.0	LSO							BEA_return				all_groups	0.0	2016		
	1815000000.0			LBR							BEA_return	652000000.0			all_groups		2016		
	3606000000.0		100.0	LBY							BEA_return	2078000000.0			all_groups	19000000.0	2016		
			100.0	MDG							BEA_return				all_groups	2000000.0	2016		
	355000000.0		5700.0	MWI							BEA_return				all_groups	26000000.0	2016		
				MLI							BEA_return				all_groups		2016		
			0.0	MRT							BEA_return				all_groups	0.0	2016		
	40017000000.0		1600.0	MUS							BEA_return	273000000.0			all_groups	25000000.0	2016		
	2065000000.0		29800.0	MAR							BEA_return	424000000.0			all_groups	357000000.0	2016		
	944000000.0			MOZ							BEA_return	490000000.0			all_groups	16000000.0	2016		
	48000000.0		200.0	NAM							BEA_return	8000000.0			all_groups	4000000.0	2016		
	16000000.0			RWA							BEA_return				all_groups		2016		
				STP							BEA_return				all_groups	1000000.0	2016		
			400.0	SEN							BEA_return	31000000.0			all_groups		2016		
	4819000000.0			SYC							BEA_return	103000000.0			all_groups		2016		
	7000000.0		0.0	SLE							BEA_return				all_groups	0.0	2016		
			0.0	SSD							BEA_return				all_groups	0.0	2016		
			200.0	SWZ							BEA_return	25000000.0			all_groups		2016		
	3156000000.0		1900.0	TZA							BEA_return	506000000.0			all_groups	45000000.0	2016		
			100.0	TGO							BEA_return				all_groups	2000000.0	2016		
	795000000.0		4300.0	TUN							BEA_return	130000000.0			all_groups	59000000.0	2016		
	375000000.0		1100.0	UGA							BEA_return	24000000.0			all_groups	22000000.0	2016		
	484000000.0		3400.0	ZMB							BEA_return	35000000.0			all_groups	31000000.0	2016		
	390000000.0			ZWE							BEA_return				all_groups		2016		
	65116000000.0		70300.0	ISR			2401000000.0		19668000000.0	9880000000.0	BEA_return	5581000000.0		434000000.0	all_groups	5397000000.0	2016	0.1807580174927113	2401000000.0
	24639000000.0		22700.0	SAU			-282000000.0				BEA_return	4114000000.0		-43000000.0	all_groups	2006000000.0	2016	0.1524822695035461	-282000000.0
	44872000000.0		29100.0	ARE			3656000000.0				BEA_return	9057000000.0		2014000000.0	all_groups	2537000000.0	2016	0.5508752735229759	3656000000.0
	3000000000.0		3200.0	BHR							BEA_return	403000000.0			all_groups	120000000.0	2016		
	7237000000.0		3300.0	IRQ							BEA_return	2363000000.0			all_groups	130000000.0	2016		
	1113000000.0		1800.0	JOR							BEA_return	147000000.0			all_groups	60000000.0	2016		
	1389000000.0		900.0	KWT							BEA_return				all_groups	97000000.0	2016		
	1208000000.0		800.0	LBN							BEA_return	28000000.0			all_groups		2016		
			3200.0	OMN							BEA_return				all_groups	264000000.0	2016		
	34266000000.0		2200.0	QAT							BEA_return				all_groups	316000000.0	2016		
			0.0	SYR							BEA_return				all_groups	0.0	2016		
			100.0	YEM							BEA_return				all_groups		2016		
	689311000000.0		304600.0	AUS			4228000000.0		134999000000.0	114930000000.0	BEA_return	80165000000.0		1862000000.0	all_groups	25802000000.0	2016	0.4403973509933774	4228000000.0
	403582000000.0		1749700.0	CHN			26045000000.0		343147000000.0	283450000000.0	BEA_return	59851000000.0		4661000000.0	all_groups	29037000000.0	2016	0.1789594931848723	26045000000.0
	356487000000.0		141500.0	HKG			7200000000.0		129197000000.0	67108000000.0	BEA_return	5689000000.0		1488000000.0	all_groups	10864000000.0	2016	0.2066666666666666	7200000000.0
	141007000000.0		1220700.0	IND			7053000000.0		81072000000.0	56610000000.0	BEA_return	17785000000.0		2328000000.0	all_groups	19755000000.0	2016	0.3300723096554657	7053000000.0
	67467000000.0		113800.0	IDN			4452000000.0		23130000000.0	14787000000.0	BEA_return	21931000000.0		1730000000.0	all_groups	2647000000.0	2016	0.3885893980233603	4452000000.0
	1029963000000.0		350600.0	JPN			24886000000.0		193654000000.0	166396000000.0	BEA_return	28417000000.0		6942000000.0	all_groups	25874000000.0	2016	0.2789520212167484	24886000000.0
	151057000000.0		120400.0	KOR			5597000000.0		62438000000.0	49668000000.0	BEA_return	15653000000.0		1103000000.0	all_groups	7347000000.0	2016	0.1970698588529569	5597000000.0
	73149000000.0		165200.0	MYS			3122000000.0		44340000000.0	25300000000.0	BEA_return	11544000000.0		330000000.0	all_groups	3173000000.0	2016	0.1057014734144779	3122000000.0
	23580000000.0		37500.0	NZL			1064000000.0		12435000000.0	11251000000.0	BEA_return	3012000000.0		152000000.0	all_groups	1648000000.0	2016	0.1428571428571428	1064000000.0
	33773000000.0		334000.0	PHL			2029000000.0		21301000000.0	11448000000.0	BEA_return	5814000000.0		399000000.0	all_groups	3143000000.0	2016	0.1966485953671759	2029000000.0
	682547000000.0		193600.0	SGP			27079000000.0		363540000000.0	227415000000.0	BEA_return	33559000000.0		2301000000.0	all_groups	14052000000.0	2016	0.084973595775324	27079000000.0
	71439000000.0		99500.0	TWN			3051000000.0		35416000000.0	27626000000.0	BEA_return	9011000000.0		489000000.0	all_groups	3274000000.0	2016	0.1602753195673549	3051000000.0
	72780000000.0		157000.0	THA			5070000000.0		49979000000.0	32529000000.0	BEA_return	12762000000.0		720000000.0	all_groups	2815000000.0	2016	0.1420118343195266	5070000000.0
			900.0	AFG							BEA_return	3000000.0			all_groups	9000000.0	2016		
	4302000000.0		3800.0	BGD							BEA_return				all_groups	107000000.0	2016		
	9000000.0		100.0	BTN							BEA_return				all_groups	1000000.0	2016		
	223000000.0		400.0	BRN							BEA_return				all_groups	32000000.0	2016		
			500.0	MMR							BEA_return	481000000.0			all_groups	8000000.0	2016		
	475000000.0		4200.0	KHM							BEA_return	156000000.0			all_groups	18000000.0	2016		
	265000000.0		3200.0	FJI							BEA_return	157000000.0			all_groups	34000000.0	2016		
				LAO							BEA_return	3000000.0			all_groups	1000000.0	2016		
	26692000000.0		46500.0	MAC							BEA_return	16463000000.0			all_groups	1889000000.0	2016		
				MDV							BEA_return				all_groups		2016		
	4864000000.0			MHL							BEA_return	2556000000.0			all_groups	74000000.0	2016		
			0.0	FSM							BEA_return	2000000.0			all_groups	0.0	2016		
			800.0	MNG							BEA_return				all_groups		2016		
			100.0	NPL							BEA_return				all_groups	2000000.0	2016		
	2147000000.0		13600.0	PAK							BEA_return	495000000.0			all_groups	187000000.0	2016		
				PLW							BEA_return	2000000.0			all_groups	1000000.0	2016		
			2100.0	PNG							BEA_return				all_groups	236000000.0	2016		
			0.0	WSM							BEA_return				all_groups	0.0	2016		
	578000000.0		3700.0	LKA							BEA_return	53000000.0			all_groups	40000000.0	2016		
			0.0	VUT							BEA_return				all_groups	0.0	2016		
	10263000000.0		56900.0	VNM							BEA_return	1962000000.0			all_groups	550000000.0	2016		
	24894401000000.0		14081000.0	Rest			437962000000.0		5708398000000.0	4011203000000.0	BEA_return	1384982000000.0		91422000000.0	all_groups	611564000000.0	2015	0.2087441376192455	437962000000.0
	1388462000000.0		1158600.0	CAN			29354000000.0		550716000000.0	428182000000.0	BEA_return	206859000000.0		5530000000.0	all_groups	63111000000.0	2015	0.1883899979559855	29354000000.0
	47692000000.0		49900.0	AUT			-28000000.0		19901000000.0	15964000000.0	BEA_return	4007000000.0		257000000.0	all_groups	3972000000.0	2015	-9.178571428571429	-28000000.0
	373828000000.0		130100.0	BEL			7447000000.0		115587000000.0	70668000000.0	BEA_return	14240000000.0		1892000000.0	all_groups	11364000000.0	2015	0.2540620384047267	7447000000.0
	27331000000.0		94400.0	CZE			1280000000.0		15256000000.0	10378000000.0	BEA_return	3431000000.0			all_groups	2198000000.0	2015		1280000000.0
	81791000000.0		40800.0	DNK			1215000000.0		18386000000.0	12435000000.0	BEA_return	5799000000.0		330000000.0	all_groups	3861000000.0	2015	0.2716049382716049	1215000000.0
	35870000000.0		25600.0	FIN			-1758000000.0				BEA_return	2610000000.0		61000000.0	all_groups	2038000000.0	2015	-0.0346985210466439	-1758000000.0
	385409000000.0		478500.0	FRA			1312000000.0				BEA_return	28207000000.0		3486000000.0	all_groups	33127000000.0	2015	2.6570121951219514	1312000000.0
	790236000000.0		701700.0	DEU			10219000000.0		351704000000.0	252559000000.0	BEA_return	51313000000.0		4843000000.0	all_groups	53211000000.0	2015	0.47392112731187	10219000000.0
	9156000000.0		16400.0	GRC					5225000000.0	4643000000.0	BEA_return	879000000.0		81000000.0	all_groups	869000000.0	2015		
	68975000000.0		66900.0	HUN						11631000000.0	BEA_return	3754000000.0			all_groups	1625000000.0	2015		
	1411228000000.0		119300.0	IRL			70671000000.0		348806000000.0	170995000000.0	BEA_return	72696000000.0		3879000000.0	all_groups	8949000000.0	2015	0.0548881436515685	70671000000.0
	168758000000.0		214900.0	ITA			3828000000.0		108271000000.0	91249000000.0	BEA_return	16253000000.0		1464000000.0	all_groups	14603000000.0	2015	0.3824451410658307	3828000000.0
	2312495000000.0		22300.0	LUX			6169000000.0		53049000000.0	29617000000.0	BEA_return	11672000000.0		902000000.0	all_groups	1600000000.0	2015	0.146214945696223	6169000000.0
	2782614000000.0		241900.0	NLD			4132000000.0		242133000000.0	135692000000.0	BEA_return	25736000000.0		3726000000.0	all_groups	18047000000.0	2015	0.9017424975798644	4132000000.0
	134952000000.0		47000.0	NOR			6577000000.0		36633000000.0	26918000000.0	BEA_return	24499000000.0		2807000000.0	all_groups	4832000000.0	2015	0.4267903299376615	6577000000.0
	65586000000.0		188200.0	POL			1914000000.0		37115000000.0	26684000000.0	BEA_return	11029000000.0		272000000.0	all_groups	4515000000.0	2015	0.1421107628004179	1914000000.0
	20363000000.0		29700.0	PRT			503000000.0		9080000000.0	7760000000.0	BEA_return	1810000000.0			all_groups	1231000000.0	2015		503000000.0
	58874000000.0		172400.0	RUS			760000000.0		40477000000.0	33437000000.0	BEA_return	11092000000.0		618000000.0	all_groups	4765000000.0	2015	0.8131578947368421	760000000.0
	154006000000.0		176600.0	ESP			3910000000.0		79823000000.0	56979000000.0	BEA_return	15160000000.0		788000000.0	all_groups	10330000000.0	2015	0.2015345268542199	3910000000.0
	124991000000.0		71300.0	SWE			2675000000.0		33611000000.0	24112000000.0	BEA_return	4297000000.0		646000000.0	all_groups	5905000000.0	2015	0.2414953271028037	2675000000.0
	856690000000.0		105400.0	CHE			39543000000.0		309085000000.0	151323000000.0	BEA_return	11438000000.0		3105000000.0	all_groups	13307000000.0	2015	0.0785221151657689	39543000000.0
	20962000000.0		47600.0	TUR			851000000.0		25391000000.0	23476000000.0	BEA_return	2076000000.0		239000000.0	all_groups	1975000000.0	2015	0.2808460634547591	851000000.0
	4991909000000.0		1403400.0	GBR			34938000000.0		584119000000.0	462861000000.0	BEA_return	143256000000.0		6963000000.0	all_groups	101894000000.0	2015	0.1992958955864674	34938000000.0
	277481000000.0		200000.0	BEA_Other_Europe							BEA_return	43566000000.0			all_groups	4783000000.0	2015		
			300.0	ALB							BEA_return	5000000.0			all_groups	7000000.0	2015		
	87000000.0		1500.0	ARM							BEA_return	4000000.0			all_groups	18000000.0	2015		
	4281000000.0		1800.0	AZE							BEA_return				all_groups	85000000.0	2015		
	147000000.0			BLR							BEA_return	11000000.0			all_groups		2015		
	175000000.0		600.0	BIH							BEA_return	43000000.0			all_groups	10000000.0	2015		
	4127000000.0		9800.0	BGR							BEA_return	1691000000.0			all_groups	199000000.0	2015		
	584000000.0		1500.0	HRV							BEA_return	48000000.0			all_groups	66000000.0	2015		
	-9845000000.0		1700.0	CYP							BEA_return	129000000.0			all_groups	100000000.0	2015		
	670000000.0		4000.0	EST							BEA_return	166000000.0			all_groups	107000000.0	2015		
	259000000.0		900.0	GEO							BEA_return	4000000.0			all_groups	16000000.0	2015		
	87496000000.0			GIB							BEA_return				all_groups		2015		
				GRL							BEA_return				all_groups	1000000.0	2015		
			1200.0	ISL							BEA_return				all_groups	110000000.0	2015		
			9900.0	KAZ							BEA_return				all_groups	484000000.0	2015		
	354000000.0		2000.0	KGZ							BEA_return	20000000.0			all_groups	24000000.0	2015		
	229000000.0		1200.0	LVA							BEA_return	66000000.0			all_groups	28000000.0	2015		
	865000000.0		300.0	LIE							BEA_return				all_groups		2015		
	697000000.0		2100.0	LTU							BEA_return	197000000.0			all_groups	59000000.0	2015		
	127000000.0		800.0	MKD							BEA_return	42000000.0			all_groups	13000000.0	2015		
	39872000000.0		1500.0	MLT							BEA_return	293000000.0			all_groups	41000000.0	2015		
	96000000.0		1200.0	MDA							BEA_return	35000000.0			all_groups	20000000.0	2015		
	151000000.0			MCO							BEA_return	6000000.0			all_groups	8000000.0	2015		
				MNE							BEA_return	1000000.0			all_groups		2015		
	13830000000.0		65900.0	ROU							BEA_return	3137000000.0			all_groups	1112000000.0	2015		
	902000000.0		5800.0	SRB							BEA_return	303000000.0			all_groups	94000000.0	2015		
	9364000000.0		44400.0	SVK							BEA_return	1984000000.0			all_groups	1393000000.0	2015		
	850000000.0		5200.0	SVN							BEA_return	234000000.0			all_groups	134000000.0	2015		
			600.0	TJK							BEA_return				all_groups	4000000.0	2015		
			100.0	TKM							BEA_return				all_groups	2000000.0	2015		
	2881000000.0		29100.0	UKR							BEA_return	498000000.0			all_groups	468000000.0	2015		
				UZB							BEA_return				all_groups	5000000.0	2015		
	68716000000.0		136400.0	ARG			3750000000.0		45348000000.0	36298000000.0	BEA_return	20019000000.0		2538000000.0	all_groups	6133000000.0	2015	0.6768	3750000000.0
	268260000000.0		654300.0	BRA			-828000000.0		161066000000.0	131633000000.0	BEA_return	45225000000.0		1385000000.0	all_groups	23285000000.0	2015	-1.672705314009662	-828000000.0
	170049000000.0		151200.0	CHL			3700000000.0		35026000000.0	32333000000.0	BEA_return	25991000000.0		841000000.0	all_groups	3840000000.0	2015	0.2272972972972973	3700000000.0
	30133000000.0		82400.0	COL			629000000.0		20854000000.0	18152000000.0	BEA_return	6418000000.0		391000000.0	all_groups	2660000000.0	2015	0.6216216216216216	629000000.0
	5108000000.0		18900.0	ECU			135000000.0		5317000000.0	4116000000.0	BEA_return	764000000.0		27000000.0	all_groups	495000000.0	2015	0.2	135000000.0
	34450000000.0		42300.0	PER			1260000000.0		13400000000.0	12431000000.0	BEA_return	15953000000.0		629000000.0	all_groups	1463000000.0	2015	0.4992063492063492	1260000000.0
	33737000000.0		42600.0	VEN			102000000.0				BEA_return	3430000000.0		320000000.0	all_groups	1616000000.0	2015	3.1372549019607843	102000000.0
	1516000000.0		3800.0	BOL							BEA_return	468000000.0			all_groups	121000000.0	2015		
			0.0	GUF							BEA_return				all_groups	0.0	2015		
			900.0	GUY							BEA_return				all_groups		2015		
	1829000000.0		3300.0	PRY							BEA_return	528000000.0			all_groups	77000000.0	2015		
			900.0	SUR							BEA_return				all_groups		2015		
	9730000000.0		6300.0	URY							BEA_return	1553000000.0			all_groups	246000000.0	2015		
	38344000000.0		87400.0	CRI			863000000.0		12944000000.0	8591000000.0	BEA_return	2774000000.0		176000000.0	all_groups	1536000000.0	2015	0.2039397450753186	863000000.0
	3254000000.0		46500.0	HND			136000000.0				BEA_return	762000000.0		38000000.0	all_groups	429000000.0	2015	0.2794117647058823	136000000.0
	438590000000.0		1374300.0	MEX			16960000000.0		233041000000.0	159462000000.0	BEA_return	59724000000.0		4893000000.0	all_groups	21926000000.0	2015	0.288502358490566	16960000000.0
	13309000000.0		17200.0	PAN			-39000000.0				BEA_return	2072000000.0		53000000.0	all_groups	451000000.0	2015	-1.358974358974359	-39000000.0
	216000000.0		700.0	BLZ							BEA_return	21000000.0			all_groups	11000000.0	2015		
	7519000000.0		35000.0	SLV							BEA_return	1180000000.0			all_groups	359000000.0	2015		
	4409000000.0		24300.0	GTM							BEA_return	1053000000.0			all_groups	348000000.0	2015		
	1540000000.0		12400.0	NIC							BEA_return	329000000.0			all_groups	104000000.0	2015		
	62291000000.0		1200.0	BRB			1222000000.0				BEA_return	1238000000.0		53000000.0	all_groups	49000000.0	2015	0.0433715220949263	1222000000.0
	1272633000000.0		10300.0	BMU			5638000000.0		39927000000.0	17809000000.0	BEA_return	7603000000.0		709000000.0	all_groups	1200000000.0	2015	0.1257538134090103	5638000000.0
	4931000000.0		23300.0	DOM			532000000.0				BEA_return	1074000000.0		93000000.0	all_groups	260000000.0	2015	0.1748120300751879	532000000.0
	1349097000000.0		21800.0	UK_Caribbean			10276000000.0		43378000000.0	24018000000.0	BEA_return	14904000000.0		553000000.0	all_groups	1304000000.0	2015	0.0538147138964577	10276000000.0
	288400000000.0		28600.0	BEA_Other_Western			14665000000.0				BEA_return	12883000000.0		67000000.0	all_groups	1048000000.0	2015	0.0045687009887487	14665000000.0
	236000000.0		200.0	AIA							BEA_return	62000000.0			all_groups	1000000.0	2015		
	10000000.0			ATG							BEA_return	1000000.0			all_groups		2015		
	2062000000.0		2800.0	ABW							BEA_return	477000000.0			all_groups	120000000.0	2015		
	160005000000.0		11000.0	BHS							BEA_return	3585000000.0			all_groups	353000000.0	2015		
	87436000000.0		200.0	CUW							BEA_return	82000000.0			all_groups		2015		
			500.0	DMA							BEA_return				all_groups		2015		
	135000000.0		300.0	GRD							BEA_return				all_groups		2015		
			900.0	HTI							BEA_return	9000000.0			all_groups	9000000.0	2015		
	1002000000.0		5900.0	JAM							BEA_return	364000000.0			all_groups	145000000.0	2015		
				SXM							BEA_return	3000000.0			all_groups	1000000.0	2015		
	1497000000.0		800.0	KNA							BEA_return	92000000.0			all_groups	31000000.0	2015		
	288000000.0		100.0	LCA							BEA_return	7000000.0			all_groups	2000000.0	2015		
	11000000.0		100.0	VCT							BEA_return	3000000.0			all_groups	2000000.0	2015		
	20235000000.0		4500.0	TTO							BEA_return	6360000000.0			all_groups	255000000.0	2015		
	32651000000.0		27700.0	EGY			2971000000.0		12098000000.0	11374000000.0	BEA_return	8303000000.0		1045000000.0	all_groups	700000000.0	2015	0.3517334230898687	2971000000.0
	103467000000.0		9500.0	NGA			3888000000.0				BEA_return				all_groups	1562000000.0	2015		3888000000.0
	41214000000.0		109000.0	ZAF			1209000000.0		31703000000.0	29360000000.0	BEA_return	3597000000.0		316000000.0	all_groups	3326000000.0	2015	0.261373035566584	1209000000.0
	14340000000.0		3400.0	DZA							BEA_return	2594000000.0			all_groups	133000000.0	2015		
	57917000000.0		6200.0	AGO							BEA_return				all_groups	718000000.0	2015		
	4000000.0			BEN							BEA_return				all_groups		2015		
	69000000.0		400.0	BWA							BEA_return	19000000.0			all_groups	10000000.0	2015		
	3000000.0		100.0	BDI							BEA_return				all_groups	1000000.0	2015		
	653000000.0		400.0	CMR							BEA_return	101000000.0			all_groups	19000000.0	2015		
				CAF							BEA_return				all_groups		2015		
			400.0	TCD							BEA_return				all_groups		2015		
			0.0	COM							BEA_return				all_groups	0.0	2015		
			200.0	COG							BEA_return				all_groups		2015		
				COD							BEA_return				all_groups		2015		
	607000000.0		700.0	CIV							BEA_return	168000000.0			all_groups	31000000.0	2015		
			200.0	DJI							BEA_return				all_groups		2015		
	22810000000.0		1900.0	GNQ							BEA_return	6929000000.0			all_groups	190000000.0	2015		
	1000000.0		0.0	ERI							BEA_return				all_groups	0.0	2015		
	98000000.0		800.0	ETH							BEA_return				all_groups	3000000.0	2015		
	477000000.0		500.0	GAB							BEA_return	122000000.0			all_groups	72000000.0	2015		
	7137000000.0		3100.0	GHA							BEA_return	4750000000.0			all_groups	147000000.0	2015		
				GIN							BEA_return				all_groups		2015		
	2049000000.0		5300.0	KEN							BEA_return	485000000.0			all_groups	89000000.0	2015		
			0.0	LSO							BEA_return				all_groups	0.0	2015		
	1761000000.0			LBR							BEA_return	665000000.0			all_groups		2015		
	4148000000.0		100.0	LBY							BEA_return				all_groups	20000000.0	2015		
			100.0	MDG							BEA_return				all_groups	2000000.0	2015		
				MWI							BEA_return				all_groups	25000000.0	2015		
				MLI							BEA_return				all_groups		2015		
			0.0	MRT							BEA_return				all_groups	0.0	2015		
	39858000000.0		1800.0	MUS							BEA_return	290000000.0			all_groups	42000000.0	2015		
	2194000000.0		30100.0	MAR							BEA_return	437000000.0			all_groups	362000000.0	2015		
	1010000000.0		200.0	MOZ							BEA_return	454000000.0			all_groups	10000000.0	2015		
	48000000.0		200.0	NAM							BEA_return	8000000.0			all_groups	4000000.0	2015		
	16000000.0			RWA							BEA_return				all_groups		2015		
				STP							BEA_return				all_groups	1000000.0	2015		
			400.0	SEN							BEA_return	27000000.0			all_groups	10000000.0	2015		
	1138000000.0			SYC							BEA_return	103000000.0			all_groups		2015		
	7000000.0		0.0	SLE							BEA_return				all_groups	0.0	2015		
			0.0	SSD							BEA_return				all_groups	0.0	2015		
			200.0	SWZ							BEA_return	24000000.0			all_groups		2015		
	2990000000.0		2000.0	TZA							BEA_return	492000000.0			all_groups	50000000.0	2015		
			100.0	TGO							BEA_return				all_groups	3000000.0	2015		
	789000000.0		4300.0	TUN							BEA_return	135000000.0			all_groups	57000000.0	2015		
	322000000.0		1200.0	UGA							BEA_return	21000000.0			all_groups	23000000.0	2015		
	449000000.0		3000.0	ZMB							BEA_return	32000000.0			all_groups	30000000.0	2015		
	275000000.0			ZWE							BEA_return				all_groups		2015		
	60281000000.0		67400.0	ISR			2660000000.0		20300000000.0	9406000000.0	BEA_return	6315000000.0		389000000.0	all_groups	5271000000.0	2015	0.1462406015037594	2660000000.0
	23871000000.0		21000.0	SAU			413000000.0				BEA_return	3982000000.0		161000000.0	all_groups	1759000000.0	2015	0.3898305084745763	413000000.0
	45108000000.0		29000.0	ARE			5050000000.0				BEA_return	9126000000.0			all_groups	2268000000.0	2015		5050000000.0
	3095000000.0		2800.0	BHR							BEA_return	326000000.0			all_groups	115000000.0	2015		
	7452000000.0		3000.0	IRQ							BEA_return	2598000000.0			all_groups	97000000.0	2015		
	985000000.0		1900.0	JOR							BEA_return	149000000.0			all_groups	57000000.0	2015		
	1092000000.0		800.0	KWT							BEA_return	58000000.0			all_groups	76000000.0	2015		
	1242000000.0		800.0	LBN							BEA_return	28000000.0			all_groups		2015		
			3100.0	OMN							BEA_return				all_groups	263000000.0	2015		
	40655000000.0		2100.0	QAT							BEA_return				all_groups	320000000.0	2015		
			0.0	SYR							BEA_return				all_groups	0.0	2015		
			300.0	YEM							BEA_return				all_groups		2015		
	632314000000.0		324800.0	AUS			32000000.0		144327000000.0	123363000000.0	BEA_return	79329000000.0		2224000000.0	all_groups	26826000000.0	2015	69.5	32000000.0
	391464000000.0		1713700.0	CHN			23198000000.0		355358000000.0	288941000000.0	BEA_return	56404000000.0		5249000000.0	all_groups	28776000000.0	2015	0.2262695059918958	23198000000.0
	347270000000.0		140500.0	HKG			11046000000.0		139840000000.0	79254000000.0	BEA_return	5074000000.0		1276000000.0	all_groups	10319000000.0	2015	0.1155169292051421	11046000000.0
	130679000000.0		1138700.0	IND			7038000000.0		77174000000.0	53523000000.0	BEA_return	16320000000.0		2277000000.0	all_groups	18312000000.0	2015	0.3235294117647059	7038000000.0
	66686000000.0		118700.0	IDN			3851000000.0		23863000000.0	16249000000.0	BEA_return	21390000000.0		1709000000.0	all_groups	3030000000.0	2015	0.4437808361464554	3851000000.0
	897397000000.0		367400.0	JPN			19470000000.0		182602000000.0	157561000000.0	BEA_return	27345000000.0		5509000000.0	all_groups	25984000000.0	2015	0.2829481253210066	19470000000.0
	155812000000.0		125300.0	KOR			5718000000.0		68436000000.0	50687000000.0	BEA_return	15191000000.0		1167000000.0	all_groups	7540000000.0	2015	0.2040923399790136	5718000000.0
	70051000000.0		177400.0	MYS			3090000000.0		46802000000.0	29746000000.0	BEA_return	12971000000.0		-180000000.0	all_groups	3482000000.0	2015	-0.058252427184466	3090000000.0
	24436000000.0		40200.0	NZL			1380000000.0		14175000000.0	12677000000.0	BEA_return	3302000000.0		196000000.0	all_groups	1813000000.0	2015	0.1420289855072463	1380000000.0
	33794000000.0		334700.0	PHL			823000000.0		21720000000.0	11286000000.0	BEA_return	6770000000.0		370000000.0	all_groups	3190000000.0	2015	0.4495747266099635	823000000.0
	680711000000.0		199700.0	SGP			34333000000.0		399993000000.0	247524000000.0	BEA_return	31115000000.0		1738000000.0	all_groups	13700000000.0	2015	0.0506218506975795	34333000000.0
	70549000000.0		94000.0	TWN			2997000000.0		36798000000.0	28588000000.0	BEA_return	7693000000.0		474000000.0	all_groups	3156000000.0	2015	0.1581581581581581	2997000000.0
	72763000000.0		170800.0	THA			5791000000.0		55039000000.0	35790000000.0	BEA_return	14335000000.0		940000000.0	all_groups	3149000000.0	2015	0.1623208426869279	5791000000.0
			500.0	AFG							BEA_return	3000000.0			all_groups	7000000.0	2015		
	4284000000.0		4000.0	BGD							BEA_return				all_groups	99000000.0	2015		
	9000000.0		100.0	BTN							BEA_return				all_groups	1000000.0	2015		
	205000000.0		400.0	BRN							BEA_return				all_groups	28000000.0	2015		
			400.0	MMR							BEA_return				all_groups	6000000.0	2015		
	585000000.0		4100.0	KHM							BEA_return	136000000.0			all_groups	17000000.0	2015		
	246000000.0		3200.0	FJI							BEA_return	132000000.0			all_groups	34000000.0	2015		
			100.0	LAO							BEA_return				all_groups	3000000.0	2015		
	25301000000.0		40700.0	MAC							BEA_return	12638000000.0			all_groups	1662000000.0	2015		
				MDV							BEA_return				all_groups		2015		
	6540000000.0			MHL							BEA_return	3487000000.0			all_groups	63000000.0	2015		
			0.0	FSM							BEA_return	2000000.0			all_groups	0.0	2015		
			800.0	MNG							BEA_return				all_groups		2015		
			100.0	NPL							BEA_return				all_groups	5000000.0	2015		
	1913000000.0		13700.0	PAK							BEA_return	443000000.0			all_groups	186000000.0	2015		
				PLW							BEA_return	2000000.0			all_groups	1000000.0	2015		
			2200.0	PNG							BEA_return				all_groups	159000000.0	2015		
			0.0	WSM							BEA_return				all_groups	0.0	2015		
	611000000.0		3700.0	LKA							BEA_return	52000000.0			all_groups	41000000.0	2015		
			0.0	VUT							BEA_return				all_groups	0.0	2015		
	10039000000.0		56300.0	VNM							BEA_return	1680000000.0			all_groups	485000000.0	2015		
	25178065000000.0		14052400.0	Rest			582350000000.0		6249821000000.0	4360991000000.0	BEA_return	1456249000000.0		133164000000.0	all_groups	632546000000.0	2014	0.2286666094273203	582350000000.0
	1482102000000.0		1194700.0	CAN			50833000000.0		662516000000.0	504519000000.0	BEA_return	230289000000.0		9178000000.0	all_groups	68578000000.0	2014	0.1805520036196958	50833000000.0
	37158000000.0		47900.0	AUT			1188000000.0		22318000000.0	17762000000.0	BEA_return	3975000000.0			all_groups	3991000000.0	2014		1188000000.0
	387351000000.0		129600.0	BEL			6774000000.0		137350000000.0	79982000000.0	BEA_return	15183000000.0		1590000000.0	all_groups	11719000000.0	2014	0.2347209920283436	6774000000.0
	30662000000.0		93800.0	CZE			1424000000.0		18797000000.0	11264000000.0	BEA_return	4896000000.0		264000000.0	all_groups	2294000000.0	2014	0.1853932584269663	1424000000.0
	84843000000.0		44900.0	DNK			2321000000.0		22873000000.0	18851000000.0	BEA_return	5779000000.0		2219000000.0	all_groups	4591000000.0	2014	0.956053425247738	2321000000.0
	36388000000.0		20400.0	FIN			-213000000.0				BEA_return	2436000000.0		105000000.0	all_groups	1493000000.0	2014	-0.4929577464788732	-213000000.0
	402180000000.0		479000.0	FRA			7499000000.0		216466000000.0	158196000000.0	BEA_return	30426000000.0		3877000000.0	all_groups	35623000000.0	2014	0.5170022669689291	7499000000.0
	804173000000.0		701000.0	DEU			15165000000.0		357009000000.0	257435000000.0	BEA_return	55732000000.0			all_groups	54948000000.0	2014		15165000000.0
	8683000000.0		17800.0	GRC			149000000.0		6102000000.0	5502000000.0	BEA_return	875000000.0		92000000.0	all_groups	1037000000.0	2014	0.6174496644295302	149000000.0
	43048000000.0		67800.0	HUN			632000000.0				BEA_return	3639000000.0		433000000.0	all_groups	1698000000.0	2014	0.685126582278481	632000000.0
	1311837000000.0		123600.0	IRL			61807000000.0		348727000000.0	176228000000.0	BEA_return	70527000000.0		3840000000.0	all_groups	9337000000.0	2014	0.062128885077742	61807000000.0
	180436000000.0		217700.0	ITA			3546000000.0		117715000000.0	98386000000.0	BEA_return	17689000000.0		2220000000.0	all_groups	16040000000.0	2014	0.626057529610829	3546000000.0
	2126665000000.0		23600.0	LUX			11362000000.0		52634000000.0	31384000000.0	BEA_return	7789000000.0		795000000.0	all_groups	1811000000.0	2014	0.0699700756908994	11362000000.0
	2629151000000.0		244000.0	NLD			17286000000.0		257156000000.0	148803000000.0	BEA_return	26433000000.0		4344000000.0	all_groups	18885000000.0	2014	0.2513016313779938	17286000000.0
	152858000000.0		49700.0	NOR			13365000000.0				BEA_return	30606000000.0			all_groups	5749000000.0	2014		13365000000.0
	66871000000.0		184000.0	POL			2282000000.0		40484000000.0	29580000000.0	BEA_return	11726000000.0		373000000.0	all_groups	4604000000.0	2014	0.163453111305872	2282000000.0
	23779000000.0		30300.0	PRT			581000000.0		9610000000.0	8310000000.0	BEA_return	1686000000.0		153000000.0	all_groups	1315000000.0	2014	0.2633390705679862	581000000.0
	64042000000.0		176500.0	RUS			3211000000.0		55567000000.0	46712000000.0	BEA_return	11486000000.0			all_groups	5615000000.0	2014		3211000000.0
	159594000000.0		180000.0	ESP			2673000000.0		82854000000.0	60270000000.0	BEA_return	16584000000.0		918000000.0	all_groups	10952000000.0	2014	0.3434343434343434	2673000000.0
	138512000000.0		72100.0	SWE			3195000000.0		37015000000.0	25522000000.0	BEA_return	4015000000.0		475000000.0	all_groups	6223000000.0	2014	0.1486697965571205	3195000000.0
	766307000000.0		103100.0	CHE			39599000000.0		335076000000.0	167680000000.0	BEA_return	10291000000.0		2677000000.0	all_groups	13077000000.0	2014	0.0676027172403343	39599000000.0
	21140000000.0		50500.0	TUR			1027000000.0				BEA_return	2099000000.0		333000000.0	all_groups	2135000000.0	2014	0.3242453748782862	1027000000.0
	5340599000000.0		1378800.0	GBR			35546000000.0		636624000000.0	506999000000.0	BEA_return	147502000000.0		8513000000.0	all_groups	100273000000.0	2014	0.2394924886063129	35546000000.0
	301813000000.0		192300.0	BEA_Other_Europe			16378000000.0				BEA_return	34666000000.0		5415000000.0	all_groups	4717000000.0	2014	0.3306264501160093	16378000000.0
	42000000.0		300.0	ALB							BEA_return	5000000.0			all_groups	7000000.0	2014		
	85000000.0		1400.0	ARM							BEA_return	4000000.0			all_groups	18000000.0	2014		
	5004000000.0		2000.0	AZE							BEA_return				all_groups	100000000.0	2014		
	169000000.0			BLR							BEA_return	52000000.0			all_groups		2014		
	178000000.0		600.0	BIH							BEA_return	44000000.0			all_groups	11000000.0	2014		
	4338000000.0		9800.0	BGR							BEA_return	1860000000.0			all_groups	201000000.0	2014		
	822000000.0		2100.0	HRV							BEA_return	224000000.0			all_groups	74000000.0	2014		
	15521000000.0		2000.0	CYP							BEA_return	396000000.0			all_groups	124000000.0	2014		
	610000000.0		3400.0	EST							BEA_return	174000000.0			all_groups	105000000.0	2014		
	164000000.0		900.0	GEO							BEA_return	4000000.0			all_groups	14000000.0	2014		
	96784000000.0			GIB							BEA_return				all_groups		2014		
				GRL							BEA_return				all_groups	1000000.0	2014		
			1200.0	ISL							BEA_return				all_groups	116000000.0	2014		
			8900.0	KAZ							BEA_return				all_groups	367000000.0	2014		
	389000000.0		2100.0	KGZ							BEA_return	23000000.0			all_groups	26000000.0	2014		
	238000000.0		1200.0	LVA							BEA_return	68000000.0			all_groups	28000000.0	2014		
	953000000.0			LIE							BEA_return	4000000.0			all_groups		2014		
	447000000.0		1800.0	LTU							BEA_return	147000000.0			all_groups	48000000.0	2014		
	132000000.0		800.0	MKD							BEA_return	42000000.0			all_groups	13000000.0	2014		
	38716000000.0		1500.0	MLT							BEA_return	312000000.0			all_groups	49000000.0	2014		
	95000000.0		1200.0	MDA							BEA_return	35000000.0			all_groups	20000000.0	2014		
	134000000.0		200.0	MCO							BEA_return				all_groups	17000000.0	2014		
	7000000.0			MNE							BEA_return	1000000.0			all_groups		2014		
	13463000000.0		57500.0	ROU							BEA_return	3145000000.0			all_groups	992000000.0	2014		
	945000000.0		5100.0	SRB							BEA_return	329000000.0			all_groups	96000000.0	2014		
	9265000000.0		45800.0	SVK							BEA_return	2256000000.0			all_groups	1494000000.0	2014		
	963000000.0		6100.0	SVN							BEA_return	272000000.0			all_groups	163000000.0	2014		
	75000000.0		600.0	TJK							BEA_return				all_groups	4000000.0	2014		
			100.0	TKM							BEA_return				all_groups	2000000.0	2014		
	3211000000.0		29600.0	UKR							BEA_return	685000000.0			all_groups	484000000.0	2014		
				UZB							BEA_return				all_groups	5000000.0	2014		
	66597000000.0		138100.0	ARG			5181000000.0				BEA_return	18758000000.0			all_groups	5600000000.0	2014		5181000000.0
	313988000000.0		715200.0	BRA			7579000000.0		204995000000.0	167715000000.0	BEA_return	55530000000.0		1537000000.0	all_groups	26326000000.0	2014	0.2027972027972027	7579000000.0
	175908000000.0		142300.0	CHL			4879000000.0		37015000000.0	34822000000.0	BEA_return	24616000000.0			all_groups	3936000000.0	2014		4879000000.0
	32525000000.0		83200.0	COL			1752000000.0		24894000000.0	21842000000.0	BEA_return	7346000000.0			all_groups	2946000000.0	2014		1752000000.0
	5320000000.0		21900.0	ECU			294000000.0		6214000000.0	4902000000.0	BEA_return	911000000.0		75000000.0	all_groups	535000000.0	2014	0.2551020408163265	294000000.0
	34301000000.0		41100.0	PER			2383000000.0				BEA_return	14663000000.0		885000000.0	all_groups	1334000000.0	2014	0.3713806126731011	2383000000.0
	32268000000.0		51800.0	VEN			-294000000.0				BEA_return	3721000000.0		448000000.0	all_groups	2446000000.0	2014	-1.5238095238095235	-294000000.0
	1537000000.0		3600.0	BOL							BEA_return	509000000.0			all_groups	115000000.0	2014		
			0.0	GUF							BEA_return				all_groups	0.0	2014		
			800.0	GUY							BEA_return				all_groups		2014		
	2077000000.0		3300.0	PRY							BEA_return	516000000.0			all_groups	74000000.0	2014		
			700.0	SUR							BEA_return				all_groups		2014		
	10331000000.0		8100.0	URY							BEA_return	1651000000.0			all_groups	288000000.0	2014		
	36735000000.0		85300.0	CRI			693000000.0		12881000000.0	8245000000.0	BEA_return	3049000000.0			all_groups	1431000000.0	2014		693000000.0
	2935000000.0		42800.0	HND			79000000.0				BEA_return	633000000.0		24000000.0	all_groups	418000000.0	2014	0.3037974683544304	79000000.0
	441097000000.0		1322900.0	MEX			18465000000.0		244559000000.0	172298000000.0	BEA_return	59177000000.0			all_groups	21751000000.0	2014		18465000000.0
	13085000000.0		16900.0	PAN			37000000.0				BEA_return	2441000000.0		74000000.0	all_groups	454000000.0	2014	2.0	37000000.0
	219000000.0		700.0	BLZ							BEA_return	21000000.0			all_groups	11000000.0	2014		
	7807000000.0		33100.0	SLV							BEA_return	1153000000.0			all_groups	342000000.0	2014		
	4509000000.0		24600.0	GTM							BEA_return	1039000000.0			all_groups	345000000.0	2014		
	1497000000.0		12300.0	NIC							BEA_return	291000000.0			all_groups	101000000.0	2014		
	61372000000.0		1200.0	BRB			1790000000.0				BEA_return	1145000000.0		366000000.0	all_groups	51000000.0	2014	0.2044692737430167	1790000000.0
	1191373000000.0		9800.0	BMU			7750000000.0		42736000000.0	17149000000.0	BEA_return	8114000000.0			all_groups	1248000000.0	2014		7750000000.0
	5204000000.0		21800.0	DOM			416000000.0		3813000000.0	2839000000.0	BEA_return	1003000000.0		83000000.0	all_groups	225000000.0	2014	0.1995192307692307	416000000.0
	1570594000000.0		20300.0	UK_Caribbean			21351000000.0		42161000000.0	21535000000.0	BEA_return	14379000000.0		697000000.0	all_groups	1491000000.0	2014	0.0326448409910542	21351000000.0
	309859000000.0		28700.0	BEA_Other_Western			13454000000.0				BEA_return	12239000000.0			all_groups	1015000000.0	2014		13454000000.0
	504000000.0		200.0	AIA							BEA_return	62000000.0			all_groups	1000000.0	2014		
	11000000.0			ATG							BEA_return	1000000.0			all_groups		2014		
	2217000000.0		3100.0	ABW							BEA_return	447000000.0			all_groups	131000000.0	2014		
	183404000000.0		11100.0	BHS							BEA_return	3826000000.0			all_groups	371000000.0	2014		
	86351000000.0		200.0	CUW							BEA_return	97000000.0			all_groups	15000000.0	2014		
			500.0	DMA							BEA_return				all_groups		2014		
	135000000.0		300.0	GRD							BEA_return				all_groups		2014		
			900.0	HTI							BEA_return	4000000.0			all_groups	9000000.0	2014		
	902000000.0		5200.0	JAM							BEA_return	287000000.0			all_groups	97000000.0	2014		
			200.0	SXM							BEA_return				all_groups		2014		
	1556000000.0		800.0	KNA							BEA_return	100000000.0			all_groups	27000000.0	2014		
	291000000.0		100.0	LCA							BEA_return	7000000.0			all_groups	2000000.0	2014		
	11000000.0		100.0	VCT							BEA_return	3000000.0			all_groups	2000000.0	2014		
	20510000000.0		4600.0	TTO							BEA_return	5483000000.0			all_groups	229000000.0	2014		
	34178000000.0		31000.0	EGY			3789000000.0		13796000000.0	12864000000.0	BEA_return	8994000000.0			all_groups	744000000.0	2014		3789000000.0
			10800.0	NGA							BEA_return				all_groups	1484000000.0	2014		
	42013000000.0		107600.0	ZAF			1543000000.0		34721000000.0	31280000000.0	BEA_return	3677000000.0		439000000.0	all_groups	3498000000.0	2014	0.2845106934543098	1543000000.0
	15719000000.0		3500.0	DZA							BEA_return	2839000000.0			all_groups	185000000.0	2014		
	60504000000.0		6900.0	AGO							BEA_return	20274000000.0			all_groups	791000000.0	2014		
	4000000.0			BEN							BEA_return				all_groups		2014		
	99000000.0		400.0	BWA							BEA_return	19000000.0			all_groups	10000000.0	2014		
	3000000.0		100.0	BDI							BEA_return				all_groups	1000000.0	2014		
	1668000000.0		600.0	CMR							BEA_return				all_groups	46000000.0	2014		
				CAF							BEA_return				all_groups		2014		
			500.0	TCD							BEA_return				all_groups		2014		
			0.0	COM							BEA_return				all_groups	0.0	2014		
			400.0	COG							BEA_return				all_groups	50000000.0	2014		
				COD							BEA_return				all_groups		2014		
	731000000.0		1000.0	CIV							BEA_return	192000000.0			all_groups	43000000.0	2014		
	2000000.0		100.0	DJI							BEA_return				all_groups		2014		
	27789000000.0		2000.0	GNQ							BEA_return	10105000000.0			all_groups	187000000.0	2014		
	1000000.0		0.0	ERI							BEA_return				all_groups	0.0	2014		
	91000000.0		800.0	ETH							BEA_return				all_groups	3000000.0	2014		
	494000000.0		600.0	GAB							BEA_return	130000000.0			all_groups	83000000.0	2014		
	8633000000.0		3000.0	GHA							BEA_return	3543000000.0			all_groups	114000000.0	2014		
			900.0	GIN							BEA_return	7000000.0			all_groups		2014		
	2228000000.0		5600.0	KEN							BEA_return	567000000.0			all_groups	94000000.0	2014		
			0.0	LSO							BEA_return				all_groups	0.0	2014		
	1985000000.0			LBR							BEA_return	808000000.0			all_groups		2014		
	6227000000.0		700.0	LBY							BEA_return	2989000000.0			all_groups	62000000.0	2014		
			100.0	MDG							BEA_return				all_groups	2000000.0	2014		
	225000000.0			MWI							BEA_return				all_groups	24000000.0	2014		
				MLI							BEA_return				all_groups		2014		
			0.0	MRT							BEA_return				all_groups	0.0	2014		
	41384000000.0		1900.0	MUS							BEA_return	291000000.0			all_groups	45000000.0	2014		
	2309000000.0		28900.0	MAR							BEA_return	518000000.0			all_groups	355000000.0	2014		
	1391000000.0		800.0	MOZ							BEA_return	313000000.0			all_groups	28000000.0	2014		
	48000000.0		200.0	NAM							BEA_return	8000000.0			all_groups	4000000.0	2014		
	16000000.0			RWA							BEA_return				all_groups		2014		
				STP							BEA_return				all_groups	1000000.0	2014		
	140000000.0		400.0	SEN							BEA_return	30000000.0			all_groups	12000000.0	2014		
	1138000000.0			SYC							BEA_return	103000000.0			all_groups		2014		
	7000000.0		0.0	SLE							BEA_return				all_groups	0.0	2014		
			0.0	SSD							BEA_return				all_groups	0.0	2014		
			200.0	SWZ							BEA_return	26000000.0			all_groups		2014		
	2905000000.0		2000.0	TZA							BEA_return	454000000.0			all_groups	47000000.0	2014		
			100.0	TGO							BEA_return	3000000.0			all_groups	3000000.0	2014		
	948000000.0		5600.0	TUN							BEA_return	242000000.0			all_groups	63000000.0	2014		
	381000000.0		1200.0	UGA							BEA_return	20000000.0			all_groups	24000000.0	2014		
	650000000.0		3400.0	ZMB							BEA_return	42000000.0			all_groups	37000000.0	2014		
	282000000.0			ZWE							BEA_return				all_groups		2014		
	62931000000.0		67200.0	ISR			3566000000.0		20441000000.0	10001000000.0	BEA_return	6733000000.0			all_groups	5242000000.0	2014		3566000000.0
	23813000000.0		22800.0	SAU			2629000000.0				BEA_return	4028000000.0			all_groups	1823000000.0	2014		2629000000.0
	40884000000.0		28400.0	ARE			7335000000.0				BEA_return	7433000000.0			all_groups	2002000000.0	2014		7335000000.0
	3429000000.0		2800.0	BHR							BEA_return	316000000.0			all_groups	134000000.0	2014		
	7987000000.0		1800.0	IRQ							BEA_return	3126000000.0			all_groups	147000000.0	2014		
	902000000.0		1900.0	JOR							BEA_return	142000000.0			all_groups	56000000.0	2014		
	1319000000.0		800.0	KWT							BEA_return	144000000.0			all_groups	78000000.0	2014		
	1255000000.0		800.0	LBN							BEA_return	30000000.0			all_groups		2014		
			3100.0	OMN							BEA_return				all_groups	273000000.0	2014		
			2200.0	QAT							BEA_return				all_groups	333000000.0	2014		
			0.0	SYR							BEA_return	1000000.0			all_groups	0.0	2014		
			300.0	YEM							BEA_return				all_groups		2014		
	677567000000.0		343400.0	AUS			14081000000.0		174888000000.0	148353000000.0	BEA_return	103415000000.0		3528000000.0	all_groups	29666000000.0	2014	0.2505503870463745	14081000000.0
	371946000000.0		1705600.0	CHN			28022000000.0		340998000000.0	273193000000.0	BEA_return	55255000000.0			all_groups	27734000000.0	2014		28022000000.0
	334618000000.0		142100.0	HKG			8170000000.0		139336000000.0	76846000000.0	BEA_return	5210000000.0		1372000000.0	all_groups	10286000000.0	2014	0.1679314565483476	8170000000.0
	122590000000.0		1121300.0	IND			6943000000.0		74563000000.0	52128000000.0	BEA_return	16249000000.0		2763000000.0	all_groups	17012000000.0	2014	0.3979547745931153	6943000000.0
	74675000000.0		121900.0	IDN			6988000000.0		29182000000.0	18658000000.0	BEA_return	22485000000.0			all_groups	3084000000.0	2014		6988000000.0
	932829000000.0		337900.0	JPN			22174000000.0		196841000000.0	173785000000.0	BEA_return	26056000000.0			all_groups	27205000000.0	2014		22174000000.0
	163806000000.0		131100.0	KOR			5110000000.0		69799000000.0	51244000000.0	BEA_return	15403000000.0		1253000000.0	all_groups	8075000000.0	2014	0.2452054794520548	5110000000.0
	75332000000.0		172200.0	MYS			5832000000.0		50850000000.0	31441000000.0	BEA_return	15496000000.0			all_groups	3698000000.0	2014		5832000000.0
	26993000000.0		39900.0	NZL			1575000000.0		16771000000.0	15137000000.0	BEA_return	3799000000.0			all_groups	1859000000.0	2014		1575000000.0
	35838000000.0		312700.0	PHL			2110000000.0		22372000000.0	11854000000.0	BEA_return	6800000000.0		460000000.0	all_groups	3006000000.0	2014	0.2180094786729857	2110000000.0
	660299000000.0		195300.0	SGP			29339000000.0		447270000000.0	227497000000.0	BEA_return	30886000000.0		1931000000.0	all_groups	13983000000.0	2014	0.0658168308394969	29339000000.0
	73990000000.0		98300.0	TWN			3249000000.0		37717000000.0	28266000000.0	BEA_return	7793000000.0		559000000.0	all_groups	3168000000.0	2014	0.1720529393659587	3249000000.0
	58450000000.0		177900.0	THA			6453000000.0		62305000000.0	41738000000.0	BEA_return	15212000000.0			all_groups	3178000000.0	2014		6453000000.0
			500.0	AFG							BEA_return	3000000.0			all_groups	7000000.0	2014		
			4200.0	BGD							BEA_return				all_groups	97000000.0	2014		
	9000000.0		100.0	BTN							BEA_return				all_groups	1000000.0	2014		
	1165000000.0		500.0	BRN							BEA_return	86000000.0			all_groups	38000000.0	2014		
			300.0	MMR							BEA_return				all_groups	6000000.0	2014		
	545000000.0		4200.0	KHM							BEA_return	118000000.0			all_groups	21000000.0	2014		
	241000000.0		3100.0	FJI							BEA_return	78000000.0			all_groups	35000000.0	2014		
				LAO							BEA_return	6000000.0			all_groups	1000000.0	2014		
	24444000000.0		43600.0	MAC							BEA_return	10344000000.0			all_groups	1670000000.0	2014		
				MDV							BEA_return				all_groups		2014		
	6860000000.0			MHL							BEA_return	3729000000.0			all_groups		2014		
			0.0	FSM							BEA_return	2000000.0			all_groups	0.0	2014		
				MNG							BEA_return				all_groups		2014		
			100.0	NPL							BEA_return				all_groups	5000000.0	2014		
	2133000000.0		13800.0	PAK							BEA_return	470000000.0			all_groups	183000000.0	2014		
				PLW							BEA_return	2000000.0			all_groups	1000000.0	2014		
			2100.0	PNG							BEA_return				all_groups	226000000.0	2014		
			0.0	WSM							BEA_return				all_groups	0.0	2014		
	619000000.0		3800.0	LKA							BEA_return	63000000.0			all_groups	42000000.0	2014		
			0.0	VUT							BEA_return				all_groups	0.0	2014		
	9268000000.0		38900.0	VNM							BEA_return	2025000000.0			all_groups	404000000.0	2014		
	22672812000000.0		12419000.0	Rest			520912000000.0		5771476000000.0	4044610000000.0	BEA_return	1366495000000.0		138607000000.0	all_groups	563542000000.0	2013	0.2660852504837669	520912000000.0
	1401740000000.0		1128600.0	CAN			37299000000.0		627111000000.0	475769000000.0	BEA_return	224039000000.0		7441000000.0	all_groups	62549000000.0	2013	0.1994959650392772	37299000000.0
	46997000000.0		46100.0	AUT			1090000000.0		21182000000.0	15725000000.0	BEA_return	4602000000.0		226000000.0	all_groups	3815000000.0	2013	0.2073394495412844	1090000000.0
	419525000000.0		125900.0	BEL			5764000000.0		130656000000.0	78921000000.0	BEA_return	16726000000.0		1183000000.0	all_groups	11792000000.0	2013	0.2052394170714781	5764000000.0
	30306000000.0		84800.0	CZE			1291000000.0		17402000000.0	10205000000.0	BEA_return	4574000000.0		255000000.0	all_groups	2102000000.0	2013	0.1975213013168086	1291000000.0
	71197000000.0		39900.0	DNK			4839000000.0		23004000000.0	16596000000.0	BEA_return	6780000000.0		1977000000.0	all_groups	3961000000.0	2013	0.4085554866707998	4839000000.0
	15172000000.0		19400.0	FIN			584000000.0				BEA_return	1761000000.0		49000000.0	all_groups	1429000000.0	2013	0.0839041095890411	584000000.0
	391152000000.0		451700.0	FRA			5804000000.0		209553000000.0	150659000000.0	BEA_return	29994000000.0		3457000000.0	all_groups	34437000000.0	2013	0.5956237077877325	5804000000.0
	736460000000.0		614200.0	DEU			13609000000.0		330933000000.0	240688000000.0	BEA_return	58365000000.0		3941000000.0	all_groups	50356000000.0	2013	0.2895877727974135	13609000000.0
	9927000000.0		16800.0	GRC			224000000.0		6232000000.0	5920000000.0	BEA_return	853000000.0		174000000.0	all_groups	1004000000.0	2013	0.7767857142857143	224000000.0
	49984000000.0		62900.0	HUN			800000000.0			11115000000.0	BEA_return	3480000000.0			all_groups	1686000000.0	2013		800000000.0
	1165837000000.0		106800.0	IRL			62276000000.0		305920000000.0	152353000000.0	BEA_return	60666000000.0		3615000000.0	all_groups	8267000000.0	2013	0.0580480441903783	62276000000.0
	179956000000.0		204900.0	ITA			3745000000.0		110682000000.0	92154000000.0	BEA_return	16219000000.0		1884000000.0	all_groups	14972000000.0	2013	0.5030707610146863	3745000000.0
	1915632000000.0		14700.0	LUX			11387000000.0		32536000000.0	15285000000.0	BEA_return	2696000000.0		416000000.0	all_groups	1788000000.0	2013	0.0365328883814876	11387000000.0
	2252039000000.0		228600.0	NLD			3900000000.0		218060000000.0	129864000000.0	BEA_return	20924000000.0		3739000000.0	all_groups	18096000000.0	2013	0.9587179487179488	3900000000.0
	164480000000.0		45000.0	NOR			17092000000.0				BEA_return	37293000000.0		11254000000.0	all_groups	5337000000.0	2013	0.6584366955300726	17092000000.0
	73504000000.0		162000.0	POL			2655000000.0		38190000000.0	27675000000.0	BEA_return	11202000000.0		376000000.0	all_groups	4136000000.0	2013	0.1416195856873823	2655000000.0
	55250000000.0		28000.0	PRT			627000000.0		9948000000.0	8709000000.0	BEA_return	1721000000.0			all_groups	1238000000.0	2013		627000000.0
	76553000000.0		154700.0	RUS			3821000000.0				BEA_return	13393000000.0		1065000000.0	all_groups	4583000000.0	2013	0.2787228474221408	3821000000.0
	155682000000.0		167800.0	ESP			1973000000.0		76070000000.0	53081000000.0	BEA_return	15621000000.0		754000000.0	all_groups	10295000000.0	2013	0.382159148504815	1973000000.0
	148119000000.0		80100.0	SWE			1819000000.0		34200000000.0	24339000000.0	BEA_return	4798000000.0		605000000.0	all_groups	5807000000.0	2013	0.3326003298515668	1819000000.0
	714945000000.0		87200.0	CHE			34655000000.0		282118000000.0	148954000000.0	BEA_return	11741000000.0		2859000000.0	all_groups	11191000000.0	2013	0.0824989179050642	34655000000.0
	20351000000.0		48800.0	TUR			413000000.0				BEA_return	2070000000.0			all_groups	2119000000.0	2013		413000000.0
	4968672000000.0		1241600.0	GBR			36893000000.0		600063000000.0	480482000000.0	BEA_return	139384000000.0		8650000000.0	all_groups	84639000000.0	2013	0.2344618220258585	36893000000.0
	246438000000.0		152100.0	BEA_Other_Europe			19672000000.0				BEA_return	32030000000.0			all_groups	3755000000.0	2013		19672000000.0
				ALB							BEA_return	1000000.0			all_groups		2013		
				AND							BEA_return				all_groups	2000000.0	2013		
	9000000.0		400.0	ARM							BEA_return	1000000.0			all_groups	3000000.0	2013		
	5343000000.0		1100.0	AZE							BEA_return				all_groups	117000000.0	2013		
			600.0	BLR							BEA_return	3000000.0			all_groups	9000000.0	2013		
	107000000.0		300.0	BIH							BEA_return	10000000.0			all_groups	6000000.0	2013		
	3860000000.0		6500.0	BGR							BEA_return	1895000000.0			all_groups	149000000.0	2013		
	556000000.0		1700.0	HRV							BEA_return	53000000.0			all_groups	56000000.0	2013		
	12814000000.0		1500.0	CYP							BEA_return	412000000.0			all_groups	94000000.0	2013		
	668000000.0		3700.0	EST							BEA_return	178000000.0			all_groups	97000000.0	2013		
	17000000.0			GEO							BEA_return	2000000.0			all_groups	2000000.0	2013		
	95608000000.0			GIB							BEA_return				all_groups		2013		
	1000000.0		0.0	GRL							BEA_return				all_groups	0.0	2013		
				ISL							BEA_return				all_groups		2013		
			9400.0	KAZ							BEA_return				all_groups	388000000.0	2013		
			600.0	KGZ							BEA_return	7000000.0			all_groups		2013		
	189000000.0		700.0	LVA							BEA_return	77000000.0			all_groups	16000000.0	2013		
	539000000.0			LIE							BEA_return				all_groups		2013		
	225000000.0		1700.0	LTU							BEA_return	103000000.0			all_groups	48000000.0	2013		
	72000000.0		700.0	MKD							BEA_return	30000000.0			all_groups	17000000.0	2013		
	6982000000.0		1300.0	MLT							BEA_return	344000000.0			all_groups	32000000.0	2013		
	5000000.0		100.0	MDA							BEA_return	2000000.0			all_groups	3000000.0	2013		
	112000000.0		300.0	MCO							BEA_return	12000000.0			all_groups	18000000.0	2013		
				MNE							BEA_return	2000000.0			all_groups	1000000.0	2013		
	10196000000.0		46600.0	ROU							BEA_return	1977000000.0			all_groups	797000000.0	2013		
	871000000.0		3600.0	SRB							BEA_return	317000000.0			all_groups	63000000.0	2013		
	9220000000.0		40800.0	SVK							BEA_return	2502000000.0			all_groups	1202000000.0	2013		
	974000000.0		4200.0	SVN							BEA_return	258000000.0			all_groups	145000000.0	2013		
				TKM							BEA_return				all_groups	2000000.0	2013		
	3588000000.0		22700.0	UKR							BEA_return	932000000.0			all_groups	316000000.0	2013		
				UZB							BEA_return				all_groups	6000000.0	2013		
	60406000000.0		133900.0	ARG			4555000000.0		50140000000.0	38545000000.0	BEA_return	17760000000.0		2313000000.0	all_groups	5291000000.0	2013	0.5077936333699231	4555000000.0
	267987000000.0		626700.0	BRA			9575000000.0		197153000000.0	158815000000.0	BEA_return	43692000000.0		4282000000.0	all_groups	23645000000.0	2013	0.4472062663185379	9575000000.0
	164878000000.0		136900.0	CHL			5974000000.0		39237000000.0	36615000000.0	BEA_return	20232000000.0		1702000000.0	all_groups	3472000000.0	2013	0.2849012387010378	5974000000.0
	30679000000.0		65800.0	COL			2628000000.0				BEA_return	6602000000.0		902000000.0	all_groups	2452000000.0	2013	0.3432267884322679	2628000000.0
	4543000000.0		16700.0	ECU			367000000.0			4007000000.0	BEA_return	806000000.0		104000000.0	all_groups	376000000.0	2013	0.2833787465940054	367000000.0
	28903000000.0		32000.0	PER			3134000000.0		14135000000.0	12878000000.0	BEA_return	12027000000.0		1123000000.0	all_groups	1062000000.0	2013	0.3583280153158902	3134000000.0
	38817000000.0		53500.0	VEN			2664000000.0			20609000000.0	BEA_return	4211000000.0		647000000.0	all_groups	2561000000.0	2013	0.2428678678678678	2664000000.0
	1554000000.0		3500.0	BOL							BEA_return	535000000.0			all_groups	101000000.0	2013		
				GUF							BEA_return				all_groups		2013		
			800.0	GUY							BEA_return				all_groups		2013		
	1598000000.0		3100.0	PRY							BEA_return	452000000.0			all_groups	72000000.0	2013		
			600.0	SUR							BEA_return				all_groups		2013		
	7689000000.0		8600.0	URY							BEA_return	979000000.0			all_groups	270000000.0	2013		
	32929000000.0		60800.0	CRI			680000000.0				BEA_return	2107000000.0		95000000.0	all_groups	1125000000.0	2013	0.1397058823529411	680000000.0
	3018000000.0		44000.0	HND			156000000.0				BEA_return	531000000.0			all_groups	442000000.0	2013		156000000.0
	422471000000.0		1133600.0	MEX			17438000000.0		231362000000.0	163202000000.0	BEA_return	51500000000.0		4506000000.0	all_groups	18497000000.0	2013	0.2584011927973391	17438000000.0
	12529000000.0		25300.0	PAN			-211000000.0				BEA_return	2113000000.0		181000000.0	all_groups	675000000.0	2013	-0.8578199052132701	-211000000.0
	22000000.0		100.0	BLZ							BEA_return	3000000.0			all_groups	1000000.0	2013		
	7440000000.0		36400.0	SLV							BEA_return	1050000000.0			all_groups	375000000.0	2013		
	3811000000.0		19300.0	GTM							BEA_return	967000000.0			all_groups	297000000.0	2013		
	1303000000.0		10700.0	NIC							BEA_return	265000000.0			all_groups	91000000.0	2013		
	52101000000.0		1400.0	BRB			1596000000.0				BEA_return	1062000000.0		11000000.0	all_groups	56000000.0	2013	0.0068922305764411	1596000000.0
	1033153000000.0		7600.0	BMU			10435000000.0		38914000000.0	14370000000.0	BEA_return	9550000000.0		176000000.0	all_groups	805000000.0	2013	0.0168663152850982	10435000000.0
	5184000000.0		19700.0	DOM			442000000.0			2630000000.0	BEA_return	1027000000.0		107000000.0	all_groups	217000000.0	2013	0.2420814479638009	442000000.0
	988171000000.0		5600.0	UK_Caribbean			5511000000.0		28215000000.0	14051000000.0	BEA_return	12039000000.0		939000000.0	all_groups	409000000.0	2013	0.170386499727817	5511000000.0
	362117000000.0		15800.0	BEA_Other_Western			4090000000.0				BEA_return	8212000000.0		1427000000.0	all_groups	584000000.0	2013	0.3488997555012225	4090000000.0
	5000000.0			AIA							BEA_return	3000000.0			all_groups	1000000.0	2013		
	12000000.0			ATG							BEA_return	2000000.0			all_groups	2000000.0	2013		
	1097000000.0		2000.0	ABW							BEA_return	223000000.0			all_groups	72000000.0	2013		
	222565000000.0		1800.0	BHS							BEA_return	1841000000.0			all_groups	122000000.0	2013		
				CUB							BEA_return	2000000.0			all_groups		2013		
	92339000000.0		900.0	CUW							BEA_return	15000000.0			all_groups	21000000.0	2013		
			0.0	DMA							BEA_return				all_groups	0.0	2013		
	23000000.0		100.0	GRD							BEA_return	5000000.0			all_groups	1000000.0	2013		
				HTI							BEA_return	1000000.0			all_groups	1000000.0	2013		
	1947000000.0		4700.0	JAM							BEA_return	508000000.0			all_groups	103000000.0	2013		
			200.0	SXM							BEA_return				all_groups		2013		
			200.0	KNA							BEA_return	4000000.0			all_groups	7000000.0	2013		
	294000000.0		500.0	LCA							BEA_return	7000000.0			all_groups	7000000.0	2013		
	8000000.0			VCT							BEA_return	1000000.0			all_groups	1000000.0	2013		
	19086000000.0		4900.0	TTO							BEA_return	4931000000.0			all_groups	199000000.0	2013		
	29582000000.0		25800.0	EGY			4355000000.0		14161000000.0	13235000000.0	BEA_return	8810000000.0		1551000000.0	all_groups	693000000.0	2013	0.3561423650975889	4355000000.0
	100297000000.0		10300.0	NGA			14933000000.0				BEA_return	32519000000.0			all_groups	1083000000.0	2013		14933000000.0
	38101000000.0		97300.0	ZAF			1400000000.0		34194000000.0	31149000000.0	BEA_return	3460000000.0		382000000.0	all_groups	3326000000.0	2013	0.2728571428571428	1400000000.0
	15072000000.0		4100.0	DZA							BEA_return	2886000000.0			all_groups	153000000.0	2013		
	56122000000.0		6300.0	AGO							BEA_return	17411000000.0			all_groups	771000000.0	2013		
			0.0	BEN							BEA_return				all_groups	0.0	2013		
	131000000.0		400.0	BWA							BEA_return	29000000.0			all_groups	10000000.0	2013		
			0.0	BDI							BEA_return				all_groups	0.0	2013		
	2788000000.0		2000.0	CMR							BEA_return	1392000000.0			all_groups	49000000.0	2013		
				CAF							BEA_return	1000000.0			all_groups	1000000.0	2013		
			500.0	TCD							BEA_return				all_groups		2013		
			500.0	COG							BEA_return				all_groups		2013		
				COD							BEA_return				all_groups		2013		
	729000000.0		1200.0	CIV							BEA_return	256000000.0			all_groups	43000000.0	2013		
	2000000.0			DJI							BEA_return	1000000.0			all_groups	1000000.0	2013		
	31211000000.0		1500.0	GNQ							BEA_return	11578000000.0			all_groups	171000000.0	2013		
			0.0	ERI							BEA_return	1000000.0			all_groups	0.0	2013		
	70000000.0		700.0	ETH							BEA_return				all_groups	3000000.0	2013		
	231000000.0		600.0	GAB							BEA_return	142000000.0			all_groups	80000000.0	2013		
	1000000.0		300.0	GMB							BEA_return				all_groups	1000000.0	2013		
	9047000000.0		2600.0	GHA							BEA_return	3281000000.0			all_groups	97000000.0	2013		
			100.0	GIN							BEA_return				all_groups		2013		
	2116000000.0		3900.0	KEN							BEA_return	527000000.0			all_groups	78000000.0	2013		
	6000000.0			LSO							BEA_return	1000000.0			all_groups	1000000.0	2013		
	2677000000.0		10500.0	LBR							BEA_return	890000000.0			all_groups	187000000.0	2013		
	6137000000.0		700.0	LBY							BEA_return	2951000000.0			all_groups	56000000.0	2013		
				MDG							BEA_return				all_groups		2013		
				MWI							BEA_return				all_groups	18000000.0	2013		
			0.0	MLI							BEA_return				all_groups	0.0	2013		
			0.0	MRT							BEA_return				all_groups	0.0	2013		
	35404000000.0			MUS							BEA_return	84000000.0			all_groups	25000000.0	2013		
	2185000000.0		25800.0	MAR							BEA_return	630000000.0			all_groups	356000000.0	2013		
	1975000000.0		900.0	MOZ							BEA_return				all_groups	29000000.0	2013		
	22000000.0		100.0	NAM							BEA_return	7000000.0			all_groups	3000000.0	2013		
	1000000.0		0.0	NER							BEA_return	1000000.0			all_groups	0.0	2013		
			0.0	RWA							BEA_return				all_groups	0.0	2013		
			0.0	STP							BEA_return				all_groups	0.0	2013		
	223000000.0		400.0	SEN							BEA_return	46000000.0			all_groups	11000000.0	2013		
				SYC							BEA_return				all_groups		2013		
			0.0	SLE							BEA_return				all_groups	0.0	2013		
	2000000.0			SOM							BEA_return				all_groups		2013		
	1000000.0		0.0	SDN							BEA_return				all_groups	0.0	2013		
			200.0	SWZ							BEA_return	23000000.0			all_groups		2013		
			900.0	TZA							BEA_return	247000000.0			all_groups	44000000.0	2013		
			0.0	TGO							BEA_return				all_groups	0.0	2013		
	948000000.0		4800.0	TUN							BEA_return	244000000.0			all_groups	51000000.0	2013		
			200.0	UGA							BEA_return	4000000.0			all_groups	8000000.0	2013		
	665000000.0		2500.0	ZMB							BEA_return	28000000.0			all_groups	23000000.0	2013		
	256000000.0			ZWE							BEA_return	33000000.0			all_groups		2013		
	56063000000.0		72500.0	ISR			2091000000.0		17932000000.0	8631000000.0	BEA_return	7179000000.0		436000000.0	all_groups	4427000000.0	2013	0.2085126733620277	2091000000.0
	21747000000.0		15200.0	SAU			2816000000.0				BEA_return	3425000000.0			all_groups	1147000000.0	2013		2816000000.0
	34564000000.0		24000.0	ARE			11187000000.0				BEA_return	6617000000.0			all_groups	1642000000.0	2013		11187000000.0
	5091000000.0		1400.0	BHR							BEA_return	969000000.0			all_groups	97000000.0	2013		
	3000000.0		0.0	IRN							BEA_return	2000000.0			all_groups	0.0	2013		
	5047000000.0		400.0	IRQ							BEA_return				all_groups	54000000.0	2013		
	766000000.0		1400.0	JOR							BEA_return	97000000.0			all_groups	33000000.0	2013		
			1500.0	KWT							BEA_return	83000000.0			all_groups	85000000.0	2013		
	1232000000.0		700.0	LBN							BEA_return	32000000.0			all_groups	29000000.0	2013		
			2400.0	OMN							BEA_return				all_groups	212000000.0	2013		
			1500.0	QAT							BEA_return				all_groups	243000000.0	2013		
			200.0	SYR							BEA_return				all_groups		2013		
			300.0	YEM							BEA_return				all_groups		2013		
	582424000000.0		309400.0	AUS			7145000000.0		177503000000.0	147935000000.0	BEA_return	94158000000.0		2455000000.0	all_groups	27042000000.0	2013	0.3435969209237229	7145000000.0
	294272000000.0		1413600.0	CHN			20069000000.0		261774000000.0	204184000000.0	BEA_return	48302000000.0		4704000000.0	all_groups	20317000000.0	2013	0.2343913498430415	20069000000.0
	303393000000.0		112300.0	HKG			8643000000.0		111864000000.0	88162000000.0	BEA_return	7716000000.0		1566000000.0	all_groups	8456000000.0	2013	0.1811870878167303	8643000000.0
	104550000000.0		954400.0	IND			4932000000.0		68303000000.0	48663000000.0	BEA_return	14706000000.0		1617000000.0	all_groups	15193000000.0	2013	0.3278588807785888	4932000000.0
	71516000000.0		117000.0	IDN			8770000000.0		30556000000.0	17760000000.0	BEA_return	21961000000.0		3358000000.0	all_groups	2376000000.0	2013	0.3828962371721778	8770000000.0
	892888000000.0		321700.0	JPN			14146000000.0		190694000000.0	168064000000.0	BEA_return	23411000000.0		5096000000.0	all_groups	28252000000.0	2013	0.3602431782836137	14146000000.0
	142247000000.0		122600.0	KOR			5099000000.0		62856000000.0	45525000000.0	BEA_return	11563000000.0		1031000000.0	all_groups	6974000000.0	2013	0.2021965091194351	5099000000.0
	70617000000.0		158900.0	MYS			6954000000.0		50668000000.0	33650000000.0	BEA_return	16225000000.0		1420000000.0	all_groups	3199000000.0	2013	0.2041990221455277	6954000000.0
	22578000000.0		30100.0	NZL			989000000.0		15212000000.0	13130000000.0	BEA_return	5331000000.0		171000000.0	all_groups	1480000000.0	2013	0.172901921132457	989000000.0
	32531000000.0		220600.0	PHL			1907000000.0		20449000000.0	11716000000.0	BEA_return	5977000000.0		451000000.0	all_groups	2467000000.0	2013	0.2364971158888306	1907000000.0
	594534000000.0		178700.0	SGP			26335000000.0		435938000000.0	223950000000.0	BEA_return	29690000000.0		1859000000.0	all_groups	11509000000.0	2013	0.0705904689576609	26335000000.0
	70551000000.0		86900.0	TWN			3298000000.0		33757000000.0	26681000000.0	BEA_return	6965000000.0		546000000.0	all_groups	2818000000.0	2013	0.165554881746513	3298000000.0
	55672000000.0		176800.0	THA			7271000000.0		66647000000.0	44668000000.0	BEA_return	15083000000.0		1420000000.0	all_groups	2969000000.0	2013	0.1952963828909366	7271000000.0
	4000000.0			AFG							BEA_return	1000000.0			all_groups		2013		
			2900.0	BGD							BEA_return				all_groups	70000000.0	2013		
				BTN							BEA_return				all_groups		2013		
	1181000000.0		400.0	BRN							BEA_return	99000000.0			all_groups		2013		
				MMR							BEA_return				all_groups	1000000.0	2013		
	226000000.0		1700.0	KHM							BEA_return				all_groups	16000000.0	2013		
	112000000.0		1400.0	FJI							BEA_return	45000000.0			all_groups	16000000.0	2013		
	23846000000.0		43500.0	MAC							BEA_return	9502000000.0			all_groups	1474000000.0	2013		
	1000000.0		0.0	MDV							BEA_return				all_groups	0.0	2013		
	3461000000.0		2500.0	MHL							BEA_return	2436000000.0			all_groups	133000000.0	2013		
			0.0	FSM							BEA_return				all_groups	0.0	2013		
			300.0	MNG							BEA_return	1000000.0			all_groups	5000000.0	2013		
			100.0	NPL							BEA_return				all_groups		2013		
	3239000000.0		13000.0	PAK							BEA_return	452000000.0			all_groups	152000000.0	2013		
				PLW							BEA_return	2000000.0			all_groups	1000000.0	2013		
			700.0	PNG							BEA_return				all_groups		2013		
	1000000.0			WSM							BEA_return				all_groups		2013		
	546000000.0		4400.0	LKA							BEA_return	36000000.0			all_groups	60000000.0	2013		
			100.0	TLS							BEA_return				all_groups	1000000.0	2013		
			200.0	TUV							BEA_return				all_groups	4000000.0	2013		
	90000000.0		100.0	VUT							BEA_return	3000000.0			all_groups	3000000.0	2013		
	7993000000.0		29900.0	VNM							BEA_return	1722000000.0			all_groups	422000000.0	2013		
	21700169000000.0		12127700.0	Rest			546599000000.0		5721315000000.0	3995722000000.0	BEA_return	1288446000000.0		152667000000.0	all_groups	555862000000.0	2012	0.2793034747593757	546599000000.0
	1348630000000.0		1144800.0	CAN			34952000000.0		648774000000.0	487468000000.0	BEA_return	212010000000.0		8626000000.0	all_groups	63497000000.0	2012	0.2467956054016937	34952000000.0
	43544000000.0		46100.0	AUT			-277000000.0		20783000000.0	14692000000.0	BEA_return	4327000000.0		209000000.0	all_groups	3671000000.0	2012	-0.7545126353790613	-277000000.0
	421898000000.0		130500.0	BEL			6681000000.0		134687000000.0	81177000000.0	BEA_return	15978000000.0		1316000000.0	all_groups	11907000000.0	2012	0.1969765005238736	6681000000.0
	30095000000.0		84900.0	CZE			1451000000.0		18122000000.0	11255000000.0	BEA_return	4585000000.0		267000000.0	all_groups	2204000000.0	2012	0.1840110268780151	1451000000.0
	58745000000.0		34400.0	DNK			3847000000.0		19812000000.0	13062000000.0	BEA_return	4678000000.0		2806000000.0	all_groups	3337000000.0	2012	0.7293995321029374	3847000000.0
	15560000000.0		22600.0	FIN			515000000.0		10550000000.0	7881000000.0	BEA_return	1792000000.0			all_groups	1517000000.0	2012		515000000.0
	374171000000.0		452500.0	FRA			6847000000.0		208876000000.0	153382000000.0	BEA_return	28802000000.0		3352000000.0	all_groups	34192000000.0	2012	0.4895574704250036	6847000000.0
	701350000000.0		620500.0	DEU			10526000000.0		322398000000.0	234636000000.0	BEA_return	56252000000.0		4242000000.0	all_groups	49963000000.0	2012	0.4030020900627019	10526000000.0
	9904000000.0		17000.0	GRC			73000000.0		6198000000.0	5908000000.0	BEA_return	1184000000.0		57000000.0	all_groups	987000000.0	2012	0.7808219178082192	73000000.0
	49584000000.0		62900.0	HUN			-566000000.0		19759000000.0	10652000000.0	BEA_return	3458000000.0		246000000.0	all_groups	1664000000.0	2012	-0.4346289752650176	-566000000.0
	1164473000000.0		106600.0	IRL			72025000000.0		313011000000.0	141952000000.0	BEA_return	58310000000.0		2884000000.0	all_groups	8158000000.0	2012	0.0400416522040958	72025000000.0
	173422000000.0		206700.0	ITA			3156000000.0		110185000000.0	86309000000.0	BEA_return	15276000000.0		2341000000.0	all_groups	15018000000.0	2012	0.7417617237008872	3156000000.0
	1690470000000.0		13900.0	LUX			6131000000.0		29567000000.0	12699000000.0	BEA_return	1658000000.0		1023000000.0	all_groups	1225000000.0	2012	0.1668569564508236	6131000000.0
	1950387000000.0		223300.0	NLD			9792000000.0		207851000000.0	123824000000.0	BEA_return	19954000000.0		4518000000.0	all_groups	16913000000.0	2012	0.4613970588235294	9792000000.0
	160708000000.0		43400.0	NOR			18658000000.0				BEA_return	36430000000.0		12529000000.0	all_groups	5020000000.0	2012	0.6715082002358238	18658000000.0
	63769000000.0		157200.0	POL			1791000000.0		37840000000.0	27162000000.0	BEA_return	10339000000.0		509000000.0	all_groups	4014000000.0	2012	0.2841987716359576	1791000000.0
	49075000000.0		29100.0	PRT			598000000.0		10198000000.0	8694000000.0	BEA_return	1774000000.0			all_groups	1311000000.0	2012		598000000.0
	72106000000.0		152300.0	RUS			5046000000.0				BEA_return	12907000000.0		1055000000.0	all_groups	4296000000.0	2012	0.2090764962346413	5046000000.0
	142652000000.0		172100.0	ESP			832000000.0		74176000000.0	54464000000.0	BEA_return	13620000000.0		990000000.0	all_groups	10591000000.0	2012	1.1899038461538465	832000000.0
	130428000000.0		74900.0	SWE			2041000000.0		35249000000.0	23809000000.0	BEA_return	4749000000.0		-22000000.0	all_groups	5578000000.0	2012	-0.0107790298873101	2041000000.0
	684381000000.0		88700.0	CHE			23971000000.0		289772000000.0	155982000000.0	BEA_return	11433000000.0		2518000000.0	all_groups	11414000000.0	2012	0.1050435943431646	23971000000.0
	22280000000.0		47900.0	TUR			555000000.0				BEA_return	2175000000.0			all_groups	2051000000.0	2012		555000000.0
	4839978000000.0		1246100.0	GBR			34803000000.0		620633000000.0	492231000000.0	BEA_return	122471000000.0		8864000000.0	all_groups	85998000000.0	2012	0.2546906875844036	34803000000.0
	221985000000.0		148400.0	BEA_Other_Europe			18370000000.0				BEA_return	33802000000.0		6103000000.0	all_groups	3538000000.0	2012	0.332226456178552	18370000000.0
				ALB							BEA_return	1000000.0			all_groups		2012		
				AND							BEA_return				all_groups	2000000.0	2012		
	9000000.0		400.0	ARM							BEA_return	1000000.0			all_groups	3000000.0	2012		
	5982000000.0		1000.0	AZE							BEA_return	4342000000.0			all_groups	72000000.0	2012		
			600.0	BLR							BEA_return	3000000.0			all_groups	9000000.0	2012		
	102000000.0		300.0	BIH							BEA_return	11000000.0			all_groups	8000000.0	2012		
	3164000000.0		4400.0	BGR							BEA_return	1791000000.0			all_groups	104000000.0	2012		
	531000000.0		1700.0	HRV							BEA_return				all_groups	56000000.0	2012		
	11628000000.0		1500.0	CYP							BEA_return	269000000.0			all_groups	92000000.0	2012		
	626000000.0		3800.0	EST							BEA_return	182000000.0			all_groups	91000000.0	2012		
	4000000.0			GEO							BEA_return	1000000.0			all_groups		2012		
	85897000000.0			GIB							BEA_return	70000000.0			all_groups		2012		
	1000000.0		0.0	GRL							BEA_return				all_groups	0.0	2012		
	10522000000.0		1300.0	ISL							BEA_return				all_groups	96000000.0	2012		
	71470000000.0		8500.0	KAZ							BEA_return	17986000000.0			all_groups	335000000.0	2012		
			600.0	KGZ							BEA_return	7000000.0			all_groups		2012		
	387000000.0		1100.0	LVA							BEA_return	76000000.0			all_groups	27000000.0	2012		
	579000000.0			LIE							BEA_return				all_groups		2012		
	297000000.0		1700.0	LTU							BEA_return	123000000.0			all_groups	47000000.0	2012		
	41000000.0		500.0	MKD							BEA_return	9000000.0			all_groups	5000000.0	2012		
	8016000000.0		1600.0	MLT							BEA_return	219000000.0			all_groups	44000000.0	2012		
	5000000.0		100.0	MDA							BEA_return	2000000.0			all_groups		2012		
	162000000.0		400.0	MCO							BEA_return	18000000.0			all_groups	34000000.0	2012		
				MNE							BEA_return	2000000.0			all_groups	1000000.0	2012		
	8912000000.0		45700.0	ROU							BEA_return	1843000000.0			all_groups	755000000.0	2012		
	737000000.0		3700.0	SRB							BEA_return	276000000.0			all_groups	77000000.0	2012		
	8134000000.0		36600.0	SVK							BEA_return	2377000000.0			all_groups	1094000000.0	2012		
	969000000.0		4600.0	SVN							BEA_return	251000000.0			all_groups	163000000.0	2012		
				TKM							BEA_return				all_groups	2000000.0	2012		
	3654000000.0		25600.0	UKR							BEA_return	1062000000.0			all_groups	331000000.0	2012		
				UZB							BEA_return				all_groups	6000000.0	2012		
	59451000000.0		134300.0	ARG			4667000000.0				BEA_return	17574000000.0		2155000000.0	all_groups	5040000000.0	2012	0.461752731947718	4667000000.0
	281762000000.0		598800.0	BRA			10162000000.0		192023000000.0	154764000000.0	BEA_return	44155000000.0		3659000000.0	all_groups	22633000000.0	2012	0.3600669159614249	10162000000.0
	72882000000.0		128100.0	CHL			3264000000.0		35757000000.0	33098000000.0	BEA_return	18472000000.0		1237000000.0	all_groups	3520000000.0	2012	0.3789828431372549	3264000000.0
	29738000000.0		63900.0	COL			3035000000.0				BEA_return	6143000000.0		987000000.0	all_groups	2372000000.0	2012	0.3252059308072487	3035000000.0
	4373000000.0		15200.0	ECU			324000000.0				BEA_return	743000000.0		108000000.0	all_groups	345000000.0	2012	0.3333333333333333	324000000.0
	27669000000.0		36700.0	PER			3568000000.0		15117000000.0	13472000000.0	BEA_return	11338000000.0		1379000000.0	all_groups	1208000000.0	2012	0.3864910313901345	3568000000.0
	38522000000.0		53400.0	VEN			3922000000.0				BEA_return	3870000000.0		1131000000.0	all_groups	2471000000.0	2012	0.2883732789393167	3922000000.0
	1489000000.0		3300.0	BOL							BEA_return	482000000.0			all_groups	78000000.0	2012		
				GUF							BEA_return				all_groups		2012		
			700.0	GUY							BEA_return				all_groups		2012		
	1816000000.0		3100.0	PRY							BEA_return	484000000.0			all_groups	60000000.0	2012		
			600.0	SUR							BEA_return				all_groups		2012		
	8873000000.0		8800.0	URY							BEA_return	937000000.0			all_groups	293000000.0	2012		
	31652000000.0		53100.0	CRI			756000000.0				BEA_return	1447000000.0		62000000.0	all_groups	919000000.0	2012	0.082010582010582	756000000.0
	2735000000.0		39000.0	HND			143000000.0				BEA_return	450000000.0		26000000.0	all_groups	388000000.0	2012	0.1818181818181818	143000000.0
	377286000000.0		1106200.0	MEX			17898000000.0		217233000000.0	157394000000.0	BEA_return	49462000000.0		5188000000.0	all_groups	17356000000.0	2012	0.2898647893619399	17898000000.0
	10586000000.0		20200.0	PAN			193000000.0				BEA_return	1838000000.0		118000000.0	all_groups	435000000.0	2012	0.6113989637305699	193000000.0
	22000000.0		100.0	BLZ							BEA_return	2000000.0			all_groups	1000000.0	2012		
	7187000000.0		32900.0	SLV							BEA_return	931000000.0			all_groups	342000000.0	2012		
	3109000000.0		15100.0	GTM							BEA_return	809000000.0			all_groups	209000000.0	2012		
	1139000000.0		7400.0	NIC							BEA_return	189000000.0			all_groups	70000000.0	2012		
	52009000000.0		1200.0	BRB			1400000000.0				BEA_return	1244000000.0		124000000.0	all_groups	36000000.0	2012	0.0885714285714285	1400000000.0
	1028399000000.0		6600.0	BMU			17930000000.0		38000000000.0	11674000000.0	BEA_return	7861000000.0		-334000000.0	all_groups	697000000.0	2012	-0.018627997769102	17930000000.0
	4790000000.0		20400.0	DOM			427000000.0				BEA_return	1058000000.0		139000000.0	all_groups	221000000.0	2012	0.3255269320843091	427000000.0
	979081000000.0		4900.0	UK_Caribbean			7216000000.0		37011000000.0	12628000000.0	BEA_return	9678000000.0		1243000000.0	all_groups	294000000.0	2012	0.1722560975609756	7216000000.0
	426458000000.0		15400.0	BEA_Other_Western			4185000000.0				BEA_return	7627000000.0		1285000000.0	all_groups	615000000.0	2012	0.3070489844683393	4185000000.0
	5000000.0			AIA							BEA_return	3000000.0			all_groups	1000000.0	2012		
	12000000.0			ATG							BEA_return	2000000.0			all_groups	2000000.0	2012		
	942000000.0		2200.0	ABW							BEA_return	217000000.0			all_groups	151000000.0	2012		
	278148000000.0		1500.0	BHS							BEA_return	1821000000.0			all_groups	110000000.0	2012		
				CUB							BEA_return	2000000.0			all_groups		2012		
	105246000000.0		900.0	CUW							BEA_return	15000000.0			all_groups	19000000.0	2012		
			0.0	DMA							BEA_return				all_groups	0.0	2012		
	23000000.0		100.0	GRD							BEA_return	5000000.0			all_groups	1000000.0	2012		
				HTI							BEA_return	1000000.0			all_groups	1000000.0	2012		
	1955000000.0		4700.0	JAM							BEA_return	526000000.0			all_groups	101000000.0	2012		
			200.0	SXM							BEA_return				all_groups		2012		
			200.0	KNA							BEA_return	4000000.0			all_groups	7000000.0	2012		
	294000000.0		500.0	LCA							BEA_return	11000000.0			all_groups	7000000.0	2012		
	8000000.0			VCT							BEA_return	1000000.0			all_groups	1000000.0	2012		
	17156000000.0		4600.0	TTO							BEA_return	4458000000.0			all_groups	170000000.0	2012		
	25617000000.0		26600.0	EGY			5505000000.0		14927000000.0	14004000000.0	BEA_return	8431000000.0		2019000000.0	all_groups	741000000.0	2012	0.3667574931880109	5505000000.0
	89223000000.0		10000.0	NGA			16646000000.0				BEA_return	31317000000.0			all_groups	931000000.0	2012		16646000000.0
	40448000000.0		98100.0	ZAF			1408000000.0		35929000000.0	32581000000.0	BEA_return	3639000000.0		369000000.0	all_groups	3388000000.0	2012	0.2620738636363636	1408000000.0
	16105000000.0		4300.0	DZA							BEA_return	3833000000.0			all_groups	195000000.0	2012		
	50061000000.0		6500.0	AGO							BEA_return				all_groups	698000000.0	2012		
			0.0	BEN							BEA_return				all_groups	0.0	2012		
	122000000.0		400.0	BWA							BEA_return	23000000.0			all_groups	10000000.0	2012		
			0.0	BDI							BEA_return				all_groups	0.0	2012		
	3791000000.0		5400.0	CMR							BEA_return	2068000000.0			all_groups	137000000.0	2012		
				CAF							BEA_return	1000000.0			all_groups	1000000.0	2012		
			500.0	TCD							BEA_return				all_groups		2012		
			300.0	COG							BEA_return				all_groups		2012		
				COD							BEA_return				all_groups		2012		
	668000000.0		1200.0	CIV							BEA_return	170000000.0			all_groups	43000000.0	2012		
	2000000.0			DJI							BEA_return	1000000.0			all_groups	1000000.0	2012		
	25651000000.0		900.0	GNQ							BEA_return	11142000000.0			all_groups	129000000.0	2012		
			0.0	ERI							BEA_return	1000000.0			all_groups	0.0	2012		
			700.0	ETH							BEA_return	1000000.0			all_groups	3000000.0	2012		
	288000000.0		500.0	GAB							BEA_return	50000000.0			all_groups	83000000.0	2012		
	1000000.0		300.0	GMB							BEA_return				all_groups	1000000.0	2012		
	9707000000.0		2300.0	GHA							BEA_return	2872000000.0			all_groups	51000000.0	2012		
			300.0	GIN							BEA_return	1000000.0			all_groups		2012		
	1587000000.0		4000.0	KEN							BEA_return	228000000.0			all_groups	66000000.0	2012		
	6000000.0			LSO							BEA_return	1000000.0			all_groups	1000000.0	2012		
	2537000000.0		11000.0	LBR							BEA_return	670000000.0			all_groups	191000000.0	2012		
	6218000000.0		600.0	LBY							BEA_return	2940000000.0			all_groups		2012		
				MDG							BEA_return				all_groups		2012		
				MWI							BEA_return				all_groups		2012		
			0.0	MLI							BEA_return				all_groups	0.0	2012		
			0.0	MRT							BEA_return				all_groups	0.0	2012		
	34930000000.0			MUS							BEA_return	151000000.0			all_groups	24000000.0	2012		
	1776000000.0		22300.0	MAR							BEA_return	594000000.0			all_groups	308000000.0	2012		
	1509000000.0		900.0	MOZ							BEA_return	746000000.0			all_groups	16000000.0	2012		
	22000000.0		100.0	NAM							BEA_return	7000000.0			all_groups	3000000.0	2012		
	1000000.0		0.0	NER							BEA_return	1000000.0			all_groups	0.0	2012		
			0.0	RWA							BEA_return				all_groups	0.0	2012		
			0.0	STP							BEA_return				all_groups	0.0	2012		
	254000000.0		400.0	SEN							BEA_return	87000000.0			all_groups	12000000.0	2012		
				SYC							BEA_return				all_groups		2012		
			0.0	SLE							BEA_return				all_groups	0.0	2012		
	2000000.0			SOM							BEA_return				all_groups		2012		
	1000000.0		0.0	SDN							BEA_return				all_groups	0.0	2012		
			200.0	SWZ							BEA_return	26000000.0			all_groups		2012		
	1203000000.0			TZA							BEA_return				all_groups	42000000.0	2012		
			0.0	TGO							BEA_return				all_groups	0.0	2012		
	743000000.0		4300.0	TUN							BEA_return	144000000.0			all_groups	47000000.0	2012		
			200.0	UGA							BEA_return	6000000.0			all_groups	7000000.0	2012		
	609000000.0		2000.0	ZMB							BEA_return	28000000.0			all_groups	21000000.0	2012		
	238000000.0		900.0	ZWE							BEA_return				all_groups	9000000.0	2012		
	54366000000.0		72000.0	ISR			3578000000.0				BEA_return	7758000000.0		386000000.0	all_groups	4267000000.0	2012	0.1078814980435997	3578000000.0
	19726000000.0		13600.0	SAU			2929000000.0				BEA_return	3246000000.0			all_groups	1047000000.0	2012		2929000000.0
	30469000000.0		23300.0	ARE			10866000000.0				BEA_return	4822000000.0			all_groups	1471000000.0	2012		10866000000.0
	12545000000.0		1600.0	BHR							BEA_return	1067000000.0			all_groups	112000000.0	2012		
	3000000.0		0.0	IRN							BEA_return	2000000.0			all_groups	0.0	2012		
	2838000000.0		400.0	IRQ							BEA_return	1209000000.0			all_groups		2012		
	722000000.0		1500.0	JOR							BEA_return	91000000.0			all_groups	34000000.0	2012		
			1500.0	KWT							BEA_return	103000000.0			all_groups	91000000.0	2012		
	1150000000.0		700.0	LBN							BEA_return	34000000.0			all_groups	33000000.0	2012		
			2200.0	OMN							BEA_return				all_groups	188000000.0	2012		
			1500.0	QAT							BEA_return				all_groups	222000000.0	2012		
			200.0	SYR							BEA_return				all_groups		2012		
			500.0	YEM							BEA_return				all_groups	28000000.0	2012		
	573811000000.0		308100.0	AUS			13713000000.0		175633000000.0	151427000000.0	BEA_return	85123000000.0		4922000000.0	all_groups	26863000000.0	2012	0.358929482972362	13713000000.0
	264432000000.0		1342800.0	CHN			17755000000.0		232007000000.0	177835000000.0	BEA_return	44633000000.0		4006000000.0	all_groups	17895000000.0	2012	0.2256265840608279	17755000000.0
	317287000000.0		116600.0	HKG			8253000000.0		115310000000.0	91040000000.0	BEA_return	7864000000.0		1187000000.0	all_groups	8073000000.0	2012	0.1438264873379377	8253000000.0
	103096000000.0		839400.0	IND			5991000000.0		61048000000.0	45432000000.0	BEA_return	13625000000.0		1946000000.0	all_groups	13367000000.0	2012	0.3248205641796027	5991000000.0
	65312000000.0		110500.0	IDN			9979000000.0		30428000000.0	17616000000.0	BEA_return	21118000000.0		4053000000.0	all_groups	2316000000.0	2012	0.4061529211343822	9979000000.0
	1017303000000.0		321400.0	JPN			20036000000.0		209276000000.0	184966000000.0	BEA_return	25619000000.0		7529000000.0	all_groups	32303000000.0	2012	0.3757736075064883	20036000000.0
	141967000000.0		126400.0	KOR			5377000000.0		62866000000.0	50074000000.0	BEA_return	11212000000.0		1008000000.0	all_groups	6890000000.0	2012	0.1874651292542309	5377000000.0
	66889000000.0		161500.0	MYS			7656000000.0		51717000000.0	33019000000.0	BEA_return	14488000000.0		1670000000.0	all_groups	2965000000.0	2012	0.2181295715778474	7656000000.0
	21568000000.0		33700.0	NZL			953000000.0		14939000000.0	13369000000.0	BEA_return	4741000000.0		136000000.0	all_groups	1479000000.0	2012	0.142707240293809	953000000.0
	32506000000.0		208300.0	PHL			1805000000.0		20910000000.0	11880000000.0	BEA_return	6101000000.0		466000000.0	all_groups	2290000000.0	2012	0.2581717451523546	1805000000.0
	540854000000.0		172000.0	SGP			21850000000.0		397605000000.0	210393000000.0	BEA_return	29065000000.0		1809000000.0	all_groups	10763000000.0	2012	0.0827917620137299	21850000000.0
	80317000000.0		88400.0	TWN			3823000000.0		35583000000.0	25499000000.0	BEA_return	7385000000.0		704000000.0	all_groups	2813000000.0	2012	0.1841485744179963	3823000000.0
	52003000000.0		169600.0	THA			7160000000.0		62541000000.0	43015000000.0	BEA_return	13891000000.0		2010000000.0	all_groups	2771000000.0	2012	0.2807262569832402	7160000000.0
	4000000.0			AFG							BEA_return	1000000.0			all_groups		2012		
	2923000000.0		1400.0	BGD							BEA_return				all_groups	51000000.0	2012		
				BTN							BEA_return				all_groups		2012		
			300.0	BRN							BEA_return	36000000.0			all_groups	34000000.0	2012		
				MMR							BEA_return				all_groups	1000000.0	2012		
	314000000.0		1600.0	KHM							BEA_return	101000000.0			all_groups	15000000.0	2012		
	106000000.0		1400.0	FJI							BEA_return	44000000.0			all_groups	16000000.0	2012		
	22641000000.0		42700.0	MAC							BEA_return	9012000000.0			all_groups	1280000000.0	2012		
	1000000.0		0.0	MDV							BEA_return				all_groups	0.0	2012		
	3056000000.0		2000.0	MHL							BEA_return	2200000000.0			all_groups		2012		
			0.0	FSM							BEA_return				all_groups	0.0	2012		
			300.0	MNG							BEA_return	1000000.0			all_groups	5000000.0	2012		
			100.0	NPL							BEA_return				all_groups	5000000.0	2012		
	2881000000.0		12700.0	PAK							BEA_return	403000000.0			all_groups	139000000.0	2012		
				PLW							BEA_return	2000000.0			all_groups	1000000.0	2012		
			800.0	PNG							BEA_return				all_groups		2012		
	1000000.0			WSM							BEA_return				all_groups		2012		
	597000000.0		4900.0	LKA							BEA_return	49000000.0			all_groups	59000000.0	2012		
			100.0	TLS							BEA_return				all_groups	1000000.0	2012		
			200.0	TUV							BEA_return				all_groups	4000000.0	2012		
	87000000.0		100.0	VUT							BEA_return	3000000.0			all_groups	3000000.0	2012		
	5339000000.0		28900.0	VNM							BEA_return	1528000000.0			all_groups	414000000.0	2012		
	20834352000000.0		11850200.0	Rest			573416000000.0		5693100000000.0	3959418000000.0	BEA_return	1203721000000.0		163878000000.0	all_groups	538721000000.0	2011	0.2857925136375685	573416000000.0
	1240463000000.0		1116100.0	CAN			50041000000.0		645622000000.0	484883000000.0	BEA_return	182662000000.0		8439000000.0	all_groups	61730000000.0	2011	0.1686417137946883	50041000000.0
	40027000000.0		43800.0	AUT			365000000.0		21801000000.0	16909000000.0	BEA_return	4086000000.0		220000000.0	all_groups	3568000000.0	2011	0.6027397260273972	365000000.0
	399583000000.0		132200.0	BEL			7786000000.0		140947000000.0	90317000000.0	BEA_return	16217000000.0		1549000000.0	all_groups	12232000000.0	2011	0.1989468276393526	7786000000.0
	29394000000.0		86000.0	CZE			1605000000.0		17889000000.0	12604000000.0	BEA_return	3737000000.0		287000000.0	all_groups	2274000000.0	2011	0.178816199376947	1605000000.0
	60778000000.0		32000.0	DNK			5766000000.0		20810000000.0	13366000000.0	BEA_return	4241000000.0		3631000000.0	all_groups	3073000000.0	2011	0.6297259798820672	5766000000.0
	16409000000.0		22700.0	FIN			594000000.0		11663000000.0	8559000000.0	BEA_return	1776000000.0		137000000.0	all_groups	1527000000.0	2011	0.2306397306397306	594000000.0
	374838000000.0		478000.0	FRA			7709000000.0		216816000000.0	159425000000.0	BEA_return	28882000000.0		3457000000.0	all_groups	35445000000.0	2011	0.4484368919444805	7709000000.0
	672671000000.0		620600.0	DEU			13617000000.0		345486000000.0	249310000000.0	BEA_return	58364000000.0		4833000000.0	all_groups	51063000000.0	2011	0.3549239920687376	13617000000.0
	10265000000.0		17900.0	GRC			-5000000.0		6926000000.0	6588000000.0	BEA_return	989000000.0			all_groups	1100000000.0	2011		-5000000.0
	46634000000.0		62100.0	HUN			1526000000.0		18799000000.0	10659000000.0	BEA_return	3729000000.0		164000000.0	all_groups	1694000000.0	2011	0.1074705111402359	1526000000.0
	1016955000000.0		98300.0	IRL			64969000000.0		291832000000.0	128813000000.0	BEA_return	49002000000.0		2351000000.0	all_groups	7421000000.0	2011	0.0361864889408794	64969000000.0
	169229000000.0		207900.0	ITA			4878000000.0		118863000000.0	98427000000.0	BEA_return	16234000000.0		1979000000.0	all_groups	15315000000.0	2011	0.4056990569905699	4878000000.0
	1449593000000.0		13600.0	LUX			-8000000.0		26511000000.0	10572000000.0	BEA_return	5372000000.0		946000000.0	all_groups	1216000000.0	2011	-118.25	-8000000.0
	1757390000000.0		221900.0	NLD			11314000000.0		214304000000.0	124106000000.0	BEA_return	19221000000.0		4669000000.0	all_groups	17021000000.0	2011	0.4126745624889517	11314000000.0
	117911000000.0		41800.0	NOR			19707000000.0				BEA_return	31617000000.0		12835000000.0	all_groups	4787000000.0	2011	0.6512914192926371	19707000000.0
	58755000000.0		155900.0	POL			3117000000.0		38801000000.0	27476000000.0	BEA_return	9974000000.0		512000000.0	all_groups	3929000000.0	2011	0.164260506897658	3117000000.0
	44092000000.0		29700.0	PRT			608000000.0		11032000000.0	9857000000.0	BEA_return	1890000000.0			all_groups	1342000000.0	2011		608000000.0
	61059000000.0		148100.0	RUS			4826000000.0				BEA_return	11059000000.0		1001000000.0	all_groups	4158000000.0	2011	0.2074181516784086	4826000000.0
	169096000000.0		179200.0	ESP			3449000000.0		86628000000.0	62108000000.0	BEA_return	14148000000.0		874000000.0	all_groups	11455000000.0	2011	0.2534067845752392	3449000000.0
	121894000000.0		72300.0	SWE			360000000.0		35729000000.0	24876000000.0	BEA_return	4457000000.0		477000000.0	all_groups	5466000000.0	2011	1.325	360000000.0
	622317000000.0		91900.0	CHE			26704000000.0		303044000000.0	158268000000.0	BEA_return	11610000000.0		3949000000.0	all_groups	11115000000.0	2011	0.147880467345716	26704000000.0
	19362000000.0		44600.0	TUR			-72000000.0				BEA_return	1815000000.0			all_groups	1930000000.0	2011		-72000000.0
	4829393000000.0		1259200.0	GBR			40168000000.0		612063000000.0	476984000000.0	BEA_return	121025000000.0		14800000000.0	all_groups	83414000000.0	2011	0.3684524995020912	40168000000.0
	180172000000.0		144300.0	BEA_Other_Europe			18330000000.0				BEA_return	33399000000.0		6470000000.0	all_groups	3483000000.0	2011	0.3529732678668849	18330000000.0
				ALB							BEA_return	1000000.0			all_groups		2011		
				AND							BEA_return				all_groups	2000000.0	2011		
	9000000.0		400.0	ARM							BEA_return	1000000.0			all_groups	3000000.0	2011		
	6130000000.0		900.0	AZE							BEA_return	4410000000.0			all_groups	61000000.0	2011		
			600.0	BLR							BEA_return	3000000.0			all_groups	9000000.0	2011		
	100000000.0		400.0	BIH							BEA_return	11000000.0			all_groups	7000000.0	2011		
	3265000000.0		4900.0	BGR							BEA_return	1798000000.0			all_groups	111000000.0	2011		
	601000000.0		2200.0	HRV							BEA_return				all_groups	71000000.0	2011		
	9676000000.0		1500.0	CYP							BEA_return	196000000.0			all_groups	92000000.0	2011		
	439000000.0		2900.0	EST							BEA_return	103000000.0			all_groups	57000000.0	2011		
	4000000.0			GEO							BEA_return	1000000.0			all_groups		2011		
	57979000000.0		200.0	GIB							BEA_return	14000000.0			all_groups	9000000.0	2011		
	1000000.0		0.0	GRL							BEA_return				all_groups	0.0	2011		
			1100.0	ISL							BEA_return				all_groups	81000000.0	2011		
	65367000000.0		6600.0	KAZ							BEA_return	17390000000.0			all_groups	301000000.0	2011		
			600.0	KGZ							BEA_return	7000000.0			all_groups		2011		
	215000000.0		800.0	LVA							BEA_return	72000000.0			all_groups	20000000.0	2011		
				LIE							BEA_return				all_groups		2011		
	366000000.0		1800.0	LTU							BEA_return	129000000.0			all_groups	52000000.0	2011		
	40000000.0		500.0	MKD							BEA_return	8000000.0			all_groups	5000000.0	2011		
	7676000000.0		1600.0	MLT							BEA_return	189000000.0			all_groups	42000000.0	2011		
	5000000.0		100.0	MDA							BEA_return	2000000.0			all_groups		2011		
	162000000.0		400.0	MCO							BEA_return	20000000.0			all_groups	31000000.0	2011		
				MNE							BEA_return	2000000.0			all_groups	1000000.0	2011		
	7838000000.0		42300.0	ROU							BEA_return	2014000000.0			all_groups	741000000.0	2011		
	1295000000.0		9000.0	SRB							BEA_return	559000000.0			all_groups	169000000.0	2011		
	8051000000.0		36000.0	SVK							BEA_return	2518000000.0			all_groups	1121000000.0	2011		
	1052000000.0		4700.0	SVN							BEA_return	238000000.0			all_groups	178000000.0	2011		
	9000000.0			TKM							BEA_return				all_groups	2000000.0	2011		
	3531000000.0		24400.0	UKR							BEA_return	911000000.0			all_groups	294000000.0	2011		
			300.0	UZB							BEA_return				all_groups	6000000.0	2011		
	56710000000.0		139000.0	ARG			5425000000.0		48511000000.0	37374000000.0	BEA_return	17440000000.0		2301000000.0	all_groups	4504000000.0	2011	0.424147465437788	5425000000.0
	267711000000.0		572600.0	BRA			14691000000.0		194201000000.0	161072000000.0	BEA_return	45800000000.0		4169000000.0	all_groups	21722000000.0	2011	0.2837791845347491	14691000000.0
	71645000000.0		116600.0	CHL			6794000000.0		31734000000.0	29066000000.0	BEA_return	13084000000.0		1759000000.0	all_groups	3000000000.0	2011	0.2589049161024433	6794000000.0
	25664000000.0		62300.0	COL			2938000000.0				BEA_return	5542000000.0		953000000.0	all_groups	2247000000.0	2011	0.3243703199455411	2938000000.0
	4161000000.0		15600.0	ECU			318000000.0		4591000000.0	3742000000.0	BEA_return	704000000.0		97000000.0	all_groups	301000000.0	2011	0.3050314465408805	318000000.0
	25231000000.0		39900.0	PER			3860000000.0				BEA_return	8988000000.0		1494000000.0	all_groups	1190000000.0	2011	0.3870466321243523	3860000000.0
	32796000000.0		51400.0	VEN			3060000000.0			17073000000.0	BEA_return	3196000000.0		829000000.0	all_groups	2074000000.0	2011	0.2709150326797385	3060000000.0
			2900.0	BOL							BEA_return	294000000.0			all_groups	60000000.0	2011		
				GUF							BEA_return				all_groups		2011		
			800.0	GUY							BEA_return				all_groups		2011		
	2430000000.0		3300.0	PRY							BEA_return	341000000.0			all_groups	60000000.0	2011		
			600.0	SUR							BEA_return				all_groups		2011		
	9269000000.0		8600.0	URY							BEA_return	1003000000.0			all_groups	274000000.0	2011		
	29898000000.0		46700.0	CRI			689000000.0				BEA_return	1299000000.0		67000000.0	all_groups	821000000.0	2011	0.0972423802612481	689000000.0
	2671000000.0		45500.0	HND			136000000.0			1817000000.0	BEA_return	482000000.0		4000000.0	all_groups	405000000.0	2011	0.0294117647058823	136000000.0
	337434000000.0		1061500.0	MEX			21480000000.0		202439000000.0	141922000000.0	BEA_return	42884000000.0		8418000000.0	all_groups	16946000000.0	2011	0.3918994413407821	21480000000.0
	11126000000.0		20600.0	PAN							BEA_return	1835000000.0		88000000.0	all_groups	413000000.0	2011		
	44000000.0		100.0	BLZ							BEA_return				all_groups	2000000.0	2011		
	7396000000.0		35500.0	SLV							BEA_return	1046000000.0			all_groups	364000000.0	2011		
	3609000000.0		15100.0	GTM							BEA_return	953000000.0			all_groups	226000000.0	2011		
	1199000000.0		7300.0	NIC							BEA_return				all_groups	71000000.0	2011		
	56660000000.0		1300.0	BRB			3025000000.0				BEA_return	937000000.0		46000000.0	all_groups	50000000.0	2011	0.0152066115702479	3025000000.0
	978601000000.0		3000.0	BMU			6816000000.0		28114000000.0	9744000000.0	BEA_return	7708000000.0		255000000.0	all_groups	293000000.0	2011	0.0374119718309859	6816000000.0
	4178000000.0		23200.0	DOM			606000000.0		4882000000.0	3977000000.0	BEA_return	1062000000.0		162000000.0	all_groups	220000000.0	2011	0.2673267326732673	606000000.0
	1063751000000.0		4300.0	UK_Caribbean			10238000000.0		29840000000.0	10843000000.0	BEA_return	6702000000.0		647000000.0	all_groups	190000000.0	2011	0.0631959367063879	10238000000.0
	660018000000.0		16200.0	BEA_Other_Western			3962000000.0				BEA_return	8433000000.0		1544000000.0	all_groups	577000000.0	2011	0.3897021706208985	3962000000.0
	5000000.0			AIA							BEA_return	3000000.0			all_groups	1000000.0	2011		
	12000000.0			ATG							BEA_return	2000000.0			all_groups	2000000.0	2011		
	2634000000.0		2400.0	ABW							BEA_return	1060000000.0			all_groups	113000000.0	2011		
	541174000000.0		1500.0	BHS							BEA_return	1680000000.0			all_groups	118000000.0	2011		
				CUB							BEA_return	2000000.0			all_groups		2011		
	89422000000.0		900.0	CUW							BEA_return	46000000.0			all_groups	15000000.0	2011		
				DMA							BEA_return				all_groups		2011		
	22000000.0		100.0	GRD							BEA_return	5000000.0			all_groups	1000000.0	2011		
			600.0	HTI							BEA_return				all_groups		2011		
	2232000000.0		4800.0	JAM							BEA_return	616000000.0			all_groups	104000000.0	2011		
			200.0	SXM							BEA_return				all_groups		2011		
			200.0	KNA							BEA_return	4000000.0			all_groups	7000000.0	2011		
	266000000.0		400.0	LCA							BEA_return	8000000.0			all_groups	6000000.0	2011		
	8000000.0			VCT							BEA_return	1000000.0			all_groups	1000000.0	2011		
	16910000000.0		4600.0	TTO							BEA_return	4402000000.0			all_groups	158000000.0	2011		
	22512000000.0		32000.0	EGY			5598000000.0		14185000000.0	13365000000.0	BEA_return	8617000000.0			all_groups	781000000.0	2011		5598000000.0
	74133000000.0		8400.0	NGA			16537000000.0				BEA_return	23919000000.0			all_groups	735000000.0	2011		16537000000.0
	32458000000.0		66000.0	ZAF			1649000000.0		27008000000.0	24231000000.0	BEA_return	3093000000.0		326000000.0	all_groups	2817000000.0	2011	0.1976955730745906	1649000000.0
	13928000000.0		4300.0	DZA							BEA_return	3663000000.0			all_groups	212000000.0	2011		
			5900.0	AGO							BEA_return				all_groups	612000000.0	2011		
			0.0	BEN							BEA_return				all_groups	0.0	2011		
	78000000.0		300.0	BWA							BEA_return	17000000.0			all_groups	7000000.0	2011		
			0.0	BDI							BEA_return				all_groups	0.0	2011		
	3937000000.0		5600.0	CMR							BEA_return				all_groups	135000000.0	2011		
				CAF							BEA_return	1000000.0			all_groups	1000000.0	2011		
			600.0	TCD							BEA_return				all_groups		2011		
			300.0	COG							BEA_return				all_groups	40000000.0	2011		
				COD							BEA_return				all_groups		2011		
	913000000.0		1200.0	CIV							BEA_return	166000000.0			all_groups	44000000.0	2011		
	2000000.0			DJI							BEA_return	1000000.0			all_groups	1000000.0	2011		
	25766000000.0		1100.0	GNQ							BEA_return	11474000000.0			all_groups	190000000.0	2011		
			0.0	ERI							BEA_return	1000000.0			all_groups	0.0	2011		
			700.0	ETH							BEA_return	1000000.0			all_groups	3000000.0	2011		
	281000000.0		400.0	GAB							BEA_return	45000000.0			all_groups	49000000.0	2011		
	1000000.0		300.0	GMB							BEA_return				all_groups	1000000.0	2011		
	4687000000.0		3600.0	GHA							BEA_return	2871000000.0			all_groups	85000000.0	2011		
			200.0	GIN							BEA_return				all_groups		2011		
	1596000000.0		3800.0	KEN							BEA_return	217000000.0			all_groups	61000000.0	2011		
	6000000.0			LSO							BEA_return	1000000.0			all_groups	1000000.0	2011		
	2276000000.0		10200.0	LBR							BEA_return	488000000.0			all_groups	176000000.0	2011		
	5473000000.0		500.0	LBY							BEA_return	3007000000.0			all_groups		2011		
				MDG							BEA_return				all_groups		2011		
				MWI							BEA_return				all_groups		2011		
			0.0	MLI							BEA_return				all_groups	0.0	2011		
			0.0	MRT							BEA_return				all_groups	0.0	2011		
	32611000000.0			MUS							BEA_return	157000000.0			all_groups	24000000.0	2011		
	1731000000.0		21900.0	MAR							BEA_return	538000000.0			all_groups	306000000.0	2011		
			100.0	MOZ							BEA_return				all_groups	4000000.0	2011		
	22000000.0		100.0	NAM							BEA_return	7000000.0			all_groups	3000000.0	2011		
	1000000.0		0.0	NER							BEA_return	1000000.0			all_groups	0.0	2011		
			0.0	RWA							BEA_return				all_groups	0.0	2011		
			0.0	STP							BEA_return				all_groups	0.0	2011		
	302000000.0		400.0	SEN							BEA_return	95000000.0			all_groups	12000000.0	2011		
				SYC							BEA_return				all_groups		2011		
				SLE							BEA_return				all_groups		2011		
	2000000.0			SOM							BEA_return				all_groups		2011		
	1000000.0		0.0	SDN							BEA_return				all_groups	0.0	2011		
			200.0	SWZ							BEA_return	29000000.0			all_groups		2011		
			1100.0	TZA							BEA_return	24000000.0			all_groups	17000000.0	2011		
			0.0	TGO							BEA_return				all_groups	0.0	2011		
	718000000.0		4200.0	TUN							BEA_return	136000000.0			all_groups	49000000.0	2011		
			200.0	UGA							BEA_return	6000000.0			all_groups	7000000.0	2011		
	469000000.0		1400.0	ZMB							BEA_return	28000000.0			all_groups	16000000.0	2011		
	255000000.0		1000.0	ZWE							BEA_return	31000000.0			all_groups	13000000.0	2011		
	38281000000.0		71000.0	ISR			1692000000.0				BEA_return	6649000000.0		338000000.0	all_groups	4066000000.0	2011	0.1997635933806146	1692000000.0
	18366000000.0		12300.0	SAU			3267000000.0				BEA_return	3759000000.0			all_groups	885000000.0	2011		3267000000.0
	24205000000.0		21500.0	ARE			9551000000.0				BEA_return	3581000000.0			all_groups	1397000000.0	2011		9551000000.0
	14115000000.0		1500.0	BHR							BEA_return	467000000.0			all_groups	95000000.0	2011		
	3000000.0		0.0	IRN							BEA_return	2000000.0			all_groups	0.0	2011		
			400.0	IRQ							BEA_return	999000000.0			all_groups		2011		
	983000000.0			JOR							BEA_return				all_groups	35000000.0	2011		
	1176000000.0		1500.0	KWT							BEA_return	98000000.0			all_groups	90000000.0	2011		
	999000000.0			LBN							BEA_return	26000000.0			all_groups	25000000.0	2011		
			2100.0	OMN							BEA_return				all_groups	175000000.0	2011		
	32227000000.0		1600.0	QAT							BEA_return				all_groups	213000000.0	2011		
			200.0	SYR							BEA_return				all_groups		2011		
			500.0	YEM							BEA_return				all_groups	28000000.0	2011		
	566883000000.0		305500.0	AUS			19212000000.0		167082000000.0	143496000000.0	BEA_return	69937000000.0		4528000000.0	all_groups	25062000000.0	2011	0.2356860295648553	19212000000.0
	244991000000.0		1252700.0	CHN			19389000000.0		209001000000.0	156649000000.0	BEA_return	41887000000.0		3709000000.0	all_groups	16127000000.0	2011	0.191294032698953	19389000000.0
	297697000000.0		115800.0	HKG			8022000000.0		114661000000.0	88373000000.0	BEA_return	7597000000.0		1092000000.0	all_groups	6778000000.0	2011	0.1361256544502617	8022000000.0
	97533000000.0		817400.0	IND			6550000000.0		55986000000.0	42661000000.0	BEA_return	11523000000.0		1830000000.0	all_groups	12282000000.0	2011	0.2793893129770992	6550000000.0
	57153000000.0		101800.0	IDN			10762000000.0		29947000000.0	16669000000.0	BEA_return	18381000000.0		4266000000.0	all_groups	2165000000.0	2011	0.3963947221706002	10762000000.0
	1029082000000.0		319900.0	JPN			19858000000.0		256518000000.0	206222000000.0	BEA_return	33823000000.0		8252000000.0	all_groups	30828000000.0	2011	0.415550407896062	19858000000.0
	136952000000.0		122400.0	KOR			5329000000.0		60464000000.0	49309000000.0	BEA_return	12952000000.0		1147000000.0	all_groups	6104000000.0	2011	0.2152373803715518	5329000000.0
	66885000000.0		156800.0	MYS			6857000000.0		56623000000.0	33225000000.0	BEA_return	13496000000.0		1333000000.0	all_groups	2817000000.0	2011	0.1943998833309027	6857000000.0
	20292000000.0		31600.0	NZL			983000000.0		13884000000.0	12516000000.0	BEA_return	4351000000.0		151000000.0	all_groups	1431000000.0	2011	0.1536113936927772	983000000.0
	30732000000.0		202400.0	PHL			1634000000.0		20970000000.0	11988000000.0	BEA_return	6753000000.0		469000000.0	all_groups	2215000000.0	2011	0.2870257037943696	1634000000.0
	498281000000.0		167600.0	SGP			25030000000.0		370379000000.0	206055000000.0	BEA_return	28777000000.0		1938000000.0	all_groups	10067000000.0	2011	0.0774270874950059	25030000000.0
	84794000000.0		86800.0	TWN			4422000000.0		36486000000.0	27801000000.0	BEA_return	7861000000.0		754000000.0	all_groups	2730000000.0	2011	0.1705110809588421	4422000000.0
	47730000000.0		167300.0	THA			6278000000.0		54905000000.0	40007000000.0	BEA_return	13464000000.0		1622000000.0	all_groups	2616000000.0	2011	0.2583625358394393	6278000000.0
	4000000.0			AFG							BEA_return	1000000.0			all_groups		2011		
	2704000000.0		1200.0	BGD							BEA_return				all_groups	40000000.0	2011		
				BTN							BEA_return				all_groups		2011		
			300.0	BRN							BEA_return	39000000.0			all_groups	28000000.0	2011		
				MMR							BEA_return				all_groups	1000000.0	2011		
	314000000.0		1600.0	KHM							BEA_return	101000000.0			all_groups	15000000.0	2011		
	92000000.0		1400.0	FJI							BEA_return	43000000.0			all_groups	16000000.0	2011		
	5000000.0			LAO							BEA_return	1000000.0			all_groups		2011		
	21864000000.0		37000.0	MAC							BEA_return	8474000000.0			all_groups	1016000000.0	2011		
	1000000.0		0.0	MDV							BEA_return				all_groups	0.0	2011		
	5160000000.0		1900.0	MHL							BEA_return	2607000000.0			all_groups		2011		
			0.0	FSM							BEA_return				all_groups	0.0	2011		
			300.0	MNG							BEA_return	1000000.0			all_groups		2011		
			100.0	NPL							BEA_return				all_groups		2011		
	3151000000.0		12800.0	PAK							BEA_return	383000000.0			all_groups	140000000.0	2011		
				PLW							BEA_return	2000000.0			all_groups	1000000.0	2011		
			700.0	PNG							BEA_return				all_groups	100000000.0	2011		
	1000000.0			WSM							BEA_return				all_groups		2011		
	582000000.0		5200.0	LKA							BEA_return	91000000.0			all_groups	62000000.0	2011		
			100.0	TLS							BEA_return				all_groups	1000000.0	2011		
			200.0	TUV							BEA_return				all_groups	4000000.0	2011		
	89000000.0		100.0	VUT							BEA_return	3000000.0			all_groups	3000000.0	2011		
	5036000000.0		25500.0	VNM							BEA_return	1524000000.0			all_groups	378000000.0	2011		
	19582476000000.0		11313400.0	Rest			496284000000.0		4956296000000.0	3472682000000.0	BEA_return	1120553000000.0		130000000000.0	all_groups	493629000000.0	2010	0.2619467885323726	496284000000.0
	1170385000000.0		1085500.0	CAN			50472000000.0		554703000000.0	428696000000.0	BEA_return	167619000000.0		8554000000.0	all_groups	57434000000.0	2010	0.1694801077825329	50472000000.0
	35340000000.0		40300.0	AUT			1333000000.0		20005000000.0	14464000000.0	BEA_return	3641000000.0		180000000.0	all_groups	3288000000.0	2010	0.1350337584396099	1333000000.0
	346331000000.0		132500.0	BEL			9220000000.0		118385000000.0	74421000000.0	BEA_return	15643000000.0			all_groups	11080000000.0	2010		9220000000.0
	28740000000.0		80200.0	CZE			1421000000.0		16220000000.0	11385000000.0	BEA_return	3883000000.0		202000000.0	all_groups	2137000000.0	2010	0.1421534130893736	1421000000.0
	56802000000.0		32600.0	DNK			4638000000.0		18906000000.0	12785000000.0	BEA_return	4159000000.0		2998000000.0	all_groups	3051000000.0	2010	0.6463993100474342	4638000000.0
	14861000000.0		19800.0	FIN			392000000.0		10248000000.0	7869000000.0	BEA_return	1436000000.0		112000000.0	all_groups	1487000000.0	2010	0.2857142857142857	392000000.0
	373084000000.0		465400.0	FRA			5586000000.0		194587000000.0	141821000000.0	BEA_return	27195000000.0		3007000000.0	all_groups	34211000000.0	2010	0.5383100608664518	5586000000.0
	645727000000.0		621100.0	DEU			9758000000.0		305959000000.0	220127000000.0	BEA_return	64447000000.0		3489000000.0	all_groups	48016000000.0	2010	0.3575527772084443	9758000000.0
	9832000000.0		18200.0	GRC			-72000000.0		6881000000.0	6646000000.0	BEA_return	847000000.0		133000000.0	all_groups	1128000000.0	2010	-1.8472222222222223	-72000000.0
	50767000000.0		59700.0	HUN			181000000.0		17805000000.0	10298000000.0	BEA_return	3694000000.0			all_groups	1629000000.0	2010		181000000.0
	840882000000.0		98000.0	IRL			51841000000.0		263998000000.0	116566000000.0	BEA_return	45603000000.0		3101000000.0	all_groups	7190000000.0	2010	0.0598175189521807	51841000000.0
	155883000000.0		205600.0	ITA			3253000000.0		110644000000.0	92383000000.0	BEA_return	15599000000.0		1724000000.0	all_groups	13886000000.0	2010	0.5299723332308638	3253000000.0
	1237307000000.0		16500.0	LUX			1904000000.0		21002000000.0	8865000000.0	BEA_return	1414000000.0		2010000000.0	all_groups	1389000000.0	2010	1.055672268907563	1904000000.0
	1686369000000.0		220000.0	NLD			8903000000.0		189057000000.0	115842000000.0	BEA_return	18349000000.0		4314000000.0	all_groups	16004000000.0	2010	0.4845557677187465	8903000000.0
	111354000000.0		38600.0	NOR			16087000000.0				BEA_return	32519000000.0		9902000000.0	all_groups	4054000000.0	2010	0.6155280661403618	16087000000.0
	59421000000.0		153200.0	POL			2476000000.0		34228000000.0	24379000000.0	BEA_return	9904000000.0		389000000.0	all_groups	3776000000.0	2010	0.157108239095315	2476000000.0
	33886000000.0		30600.0	PRT			1029000000.0		11114000000.0	9994000000.0	BEA_return	2005000000.0		115000000.0	all_groups	1360000000.0	2010	0.1117589893100097	1029000000.0
	47818000000.0		122900.0	RUS			3781000000.0		33474000000.0	27016000000.0	BEA_return	9866000000.0			all_groups	2756000000.0	2010		3781000000.0
	172603000000.0		176100.0	ESP			4059000000.0		81946000000.0	59474000000.0	BEA_return	14006000000.0		981000000.0	all_groups	10648000000.0	2010	0.2416851441241685	4059000000.0
	117341000000.0		64900.00000000001	SWE			-1225000000.0		30222000000.0	21055000000.0	BEA_return	3339000000.0		377000000.0	all_groups	4662000000.0	2010	-0.3077551020408163	-1225000000.0
	535946000000.0		88100.0	CHE			21519000000.0		266506000000.0	143504000000.0	BEA_return	11441000000.0		2373000000.0	all_groups	9749000000.0	2010	0.110274641014917	21519000000.0
	22386000000.0		44400.0	TUR			1083000000.0				BEA_return	1944000000.0		336000000.0	all_groups	1819000000.0	2010	0.3102493074792243	1083000000.0
	4596903000000.0		1213000.0	GBR			45130000000.0		549472000000.0	426346000000.0	BEA_return	105987000000.0		13466000000.0	all_groups	78843000000.0	2010	0.2983824506979836	45130000000.0
	145617000000.0		139300.0	BEA_Other_Europe			12286000000.0				BEA_return	32582000000.0			all_groups	3308000000.0	2010		12286000000.0
				ALB							BEA_return	1000000.0			all_groups		2010		
				AND							BEA_return				all_groups	2000000.0	2010		
	9000000.0		400.0	ARM							BEA_return	1000000.0			all_groups	3000000.0	2010		
	6035000000.0		900.0	AZE							BEA_return	4499000000.0			all_groups	52000000.0	2010		
			600.0	BLR							BEA_return	3000000.0			all_groups	9000000.0	2010		
	104000000.0		400.0	BIH							BEA_return	12000000.0			all_groups	7000000.0	2010		
	3094000000.0		4800.0	BGR							BEA_return	1977000000.0			all_groups	104000000.0	2010		
	661000000.0		2100.0	HRV							BEA_return				all_groups	71000000.0	2010		
	8215000000.0		1700.0	CYP							BEA_return	184000000.0			all_groups	80000000.0	2010		
	379000000.0		2200.0	EST							BEA_return	82000000.0			all_groups	45000000.0	2010		
	4000000.0			GEO							BEA_return	1000000.0			all_groups		2010		
	39624000000.0		200.0	GIB							BEA_return	66000000.0			all_groups	9000000.0	2010		
	1000000.0		0.0	GRL							BEA_return				all_groups	0.0	2010		
			1100.0	ISL							BEA_return				all_groups	73000000.0	2010		
	50128000000.0		7500.0	KAZ							BEA_return	16634000000.0			all_groups	333000000.0	2010		
			600.0	KGZ							BEA_return	7000000.0			all_groups		2010		
	263000000.0		800.0	LVA							BEA_return	68000000.0			all_groups	20000000.0	2010		
				LIE							BEA_return				all_groups		2010		
	351000000.0		1800.0	LTU							BEA_return	128000000.0			all_groups	52000000.0	2010		
	37000000.0		500.0	MKD							BEA_return	8000000.0			all_groups	5000000.0	2010		
	8170000000.0		1600.0	MLT							BEA_return	114000000.0			all_groups	42000000.0	2010		
	5000000.0		100.0	MDA							BEA_return	2000000.0			all_groups		2010		
	157000000.0		400.0	MCO							BEA_return	19000000.0			all_groups	30000000.0	2010		
				MNE							BEA_return	2000000.0			all_groups	1000000.0	2010		
	7068000000.0		39700.0	ROU							BEA_return	1808000000.0			all_groups	659000000.0	2010		
	1439000000.0		9200.0	SRB							BEA_return	525000000.0			all_groups	204000000.0	2010		
	8739000000.0		34600.0	SVK							BEA_return	2464000000.0			all_groups	1026000000.0	2010		
	1047000000.0		4600.0	SVN							BEA_return	240000000.0			all_groups	168000000.0	2010		
	9000000.0			TKM							BEA_return				all_groups	2000000.0	2010		
	3403000000.0		23100.0	UKR							BEA_return	855000000.0			all_groups	288000000.0	2010		
			300.0	UZB							BEA_return				all_groups	6000000.0	2010		
	58259000000.0		141200.0	ARG			4981000000.0				BEA_return	18807000000.0		1464000000.0	all_groups	3936000000.0	2010	0.2939168841598072	4981000000.0
	241572000000.0		565000.0	BRA			16499000000.0		165228000000.0	139372000000.0	BEA_return	41475000000.0		3325000000.0	all_groups	18068000000.0	2010	0.2015273652948663	16499000000.0
	70837000000.0		110000.0	CHL			5993000000.0		27418000000.0	25244000000.0	BEA_return	11160000000.0		1187000000.0	all_groups	2615000000.0	2010	0.198064408476556	5993000000.0
	22453000000.0		58800.0	COL			2484000000.0				BEA_return	5348000000.0		791000000.0	all_groups	1876000000.0	2010	0.3184380032206119	2484000000.0
	4381000000.0		14900.0	ECU			326000000.0		4054000000.0	3181000000.0	BEA_return	601000000.0		83000000.0	all_groups	301000000.0	2010	0.254601226993865	326000000.0
	23963000000.0		37000.0	PER			3823000000.0				BEA_return	8556000000.0		1442000000.0	all_groups	926000000.0	2010	0.3771906879414072	3823000000.0
	28902000000.0		51200.0	VEN			2222000000.0				BEA_return	2896000000.0		755000000.0	all_groups	1898000000.0	2010	0.3397839783978398	2222000000.0
	1098000000.0		2800.0	BOL							BEA_return	244000000.0			all_groups	53000000.0	2010		
				GUF							BEA_return				all_groups		2010		
			800.0	GUY							BEA_return				all_groups		2010		
	1608000000.0		3100.0	PRY							BEA_return	206000000.0			all_groups	48000000.0	2010		
			600.0	SUR							BEA_return				all_groups		2010		
	11093000000.0		8900.0	URY							BEA_return	944000000.0			all_groups	235000000.0	2010		
	29109000000.0		47000.0	CRI			873000000.0				BEA_return	1183000000.0		52000000.0	all_groups	750000000.0	2010	0.0595647193585337	873000000.0
	2869000000.0		46100.0	HND			151000000.0				BEA_return	449000000.0		17000000.0	all_groups	402000000.0	2010	0.1125827814569536	151000000.0
	328928000000.0		1042300.0	MEX			14202000000.0		179200000000.0	123825000000.0	BEA_return	43684000000.0		4064000000.0	all_groups	16265000000.0	2010	0.2861568793127728	14202000000.0
	9909000000.0		21600.0	PAN			121000000.0				BEA_return	1967000000.0		94000000.0	all_groups	456000000.0	2010	0.7768595041322314	121000000.0
	54000000.0		100.0	BLZ							BEA_return	15000000.0			all_groups	2000000.0	2010		
	8001000000.0		37500.0	SLV							BEA_return	1130000000.0			all_groups	373000000.0	2010		
	3424000000.0		15200.0	GTM							BEA_return	935000000.0			all_groups	232000000.0	2010		
	1167000000.0		7400.0	NIC							BEA_return	224000000.0			all_groups	72000000.0	2010		
	49941000000.0		1400.0	BRB			1964000000.0		8389000000.0	1718000000.0	BEA_return	2237000000.0		94000000.0	all_groups	53000000.0	2010	0.0478615071283095	1964000000.0
	928086000000.0		3200.0	BMU			13785000000.0		28071000000.0	9501000000.0	BEA_return	7953000000.0		231000000.0	all_groups	378000000.0	2010	0.0167573449401523	13785000000.0
	4109000000.0		24900.0	DOM			478000000.0		4630000000.0	3592000000.0	BEA_return	938000000.0		103000000.0	all_groups	228000000.0	2010	0.2154811715481171	478000000.0
	1275223000000.0		4000.0	UK_Caribbean			11097000000.0				BEA_return	5780000000.0		771000000.0	all_groups	241000000.0	2010	0.069478237361449	11097000000.0
	593878000000.0		15900.0	BEA_Other_Western			3904000000.0				BEA_return	6801000000.0		1238000000.0	all_groups	565000000.0	2010	0.3171106557377049	3904000000.0
	5000000.0			AIA							BEA_return	3000000.0			all_groups	1000000.0	2010		
	12000000.0			ATG							BEA_return	2000000.0			all_groups	2000000.0	2010		
	2474000000.0		2500.0	ABW							BEA_return	1048000000.0			all_groups	114000000.0	2010		
	468553000000.0		1400.0	BHS							BEA_return	493000000.0			all_groups	93000000.0	2010		
				CUB							BEA_return	2000000.0			all_groups		2010		
				DMA							BEA_return				all_groups		2010		
	32000000.0		100.0	GRD							BEA_return	10000000.0			all_groups	2000000.0	2010		
			600.0	HTI							BEA_return				all_groups	9000000.0	2010		
	2152000000.0		4800.0	JAM							BEA_return	648000000.0			all_groups	106000000.0	2010		
	98561000000.0		1200.0	ANT							BEA_return	409000000.0			all_groups	42000000.0	2010		
			200.0	KNA							BEA_return	4000000.0			all_groups	7000000.0	2010		
	334000000.0		500.0	LCA							BEA_return	16000000.0			all_groups	6000000.0	2010		
	8000000.0			VCT							BEA_return	1000000.0			all_groups	1000000.0	2010		
	15365000000.0		4300.0	TTO							BEA_return	3957000000.0			all_groups	165000000.0	2010		
	19614000000.0		30000.0	EGY			3945000000.0		12116000000.0	11796000000.0	BEA_return	7613000000.0		1304000000.0	all_groups	655000000.0	2010	0.3305449936628644	3945000000.0
	62234000000.0		8600.0	NGA			12108000000.0				BEA_return	22574000000.0			all_groups	608000000.0	2010		12108000000.0
	29458000000.0		61100.0	ZAF			1490000000.0		23066000000.0	20616000000.0	BEA_return	3139000000.0		323000000.0	all_groups	2488000000.0	2010	0.2167785234899328	1490000000.0
	12745000000.0		4200.0	DZA							BEA_return	3495000000.0			all_groups	191000000.0	2010		
			6000.0	AGO							BEA_return	16407000000.0			all_groups	587000000.0	2010		
			0.0	BEN							BEA_return				all_groups	0.0	2010		
	88000000.0		300.0	BWA							BEA_return	15000000.0			all_groups	7000000.0	2010		
			0.0	BDI							BEA_return				all_groups	0.0	2010		
	4066000000.0		5500.0	CMR							BEA_return				all_groups	127000000.0	2010		
				CAF							BEA_return	1000000.0			all_groups	1000000.0	2010		
			600.0	TCD							BEA_return				all_groups		2010		
			300.0	COG							BEA_return				all_groups	32000000.0	2010		
				COD							BEA_return				all_groups		2010		
	602000000.0		1200.0	CIV							BEA_return	99000000.0			all_groups	42000000.0	2010		
	2000000.0			DJI							BEA_return	1000000.0			all_groups	1000000.0	2010		
	23683000000.0		1100.0	GNQ							BEA_return	10522000000.0			all_groups	205000000.0	2010		
			0.0	ERI							BEA_return	1000000.0			all_groups	0.0	2010		
			700.0	ETH							BEA_return	1000000.0			all_groups	3000000.0	2010		
	980000000.0		300.0	GAB							BEA_return	161000000.0			all_groups	44000000.0	2010		
	1000000.0		300.0	GMB							BEA_return				all_groups	1000000.0	2010		
	4145000000.0			GHA							BEA_return	2681000000.0			all_groups	112000000.0	2010		
			200.0	GIN							BEA_return				all_groups		2010		
	1342000000.0		3900.0	KEN							BEA_return	222000000.0			all_groups	62000000.0	2010		
	6000000.0			LSO							BEA_return	1000000.0			all_groups	1000000.0	2010		
	1902000000.0		9400.0	LBR							BEA_return	425000000.0			all_groups	141000000.0	2010		
	6549000000.0		700.0	LBY							BEA_return	3021000000.0			all_groups		2010		
				MDG							BEA_return				all_groups		2010		
				MWI							BEA_return				all_groups		2010		
			0.0	MLI							BEA_return				all_groups	0.0	2010		
			0.0	MRT							BEA_return				all_groups	0.0	2010		
	40051000000.0			MUS							BEA_return	181000000.0			all_groups	60000000.0	2010		
	1639000000.0		19900.0	MAR							BEA_return	519000000.0			all_groups	279000000.0	2010		
	420000000.0		100.0	MOZ							BEA_return				all_groups	3000000.0	2010		
	79000000.0		200.0	NAM							BEA_return	18000000.0			all_groups	3000000.0	2010		
	1000000.0		0.0	NER							BEA_return	1000000.0			all_groups	0.0	2010		
			0.0	RWA							BEA_return				all_groups	0.0	2010		
			0.0	STP							BEA_return				all_groups	0.0	2010		
	255000000.0		400.0	SEN							BEA_return	81000000.0			all_groups	15000000.0	2010		
				SYC							BEA_return				all_groups		2010		
			0.0	SLE							BEA_return				all_groups	0.0	2010		
	2000000.0			SOM							BEA_return				all_groups		2010		
	1000000.0		0.0	SDN							BEA_return				all_groups	0.0	2010		
			200.0	SWZ							BEA_return	33000000.0			all_groups		2010		
			700.0	TZA							BEA_return	35000000.0			all_groups	16000000.0	2010		
			0.0	TGO							BEA_return				all_groups	0.0	2010		
	1210000000.0		4200.0	TUN							BEA_return	318000000.0			all_groups	47000000.0	2010		
			200.0	UGA							BEA_return	4000000.0			all_groups	7000000.0	2010		
	480000000.0		1700.0	ZMB							BEA_return	34000000.0			all_groups	21000000.0	2010		
	190000000.0		800.0	ZWE							BEA_return	34000000.0			all_groups	19000000.0	2010		
	34913000000.0		69800.0	ISR			1560000000.0				BEA_return	4683000000.0		196000000.0	all_groups	3675000000.0	2010	0.1256410256410256	1560000000.0
	12524000000.0		10800.0	SAU			410000000.0				BEA_return	1310000000.0		274000000.0	all_groups	664000000.0	2010	0.6682926829268293	410000000.0
	19151000000.0		19800.0	ARE			3754000000.0				BEA_return	2510000000.0			all_groups	1169000000.0	2010		3754000000.0
			1400.0	BHR							BEA_return	370000000.0			all_groups	82000000.0	2010		
	3000000.0		0.0	IRN							BEA_return	2000000.0			all_groups	0.0	2010		
	593000000.0		200.0	IRQ							BEA_return	328000000.0			all_groups		2010		
	947000000.0		2400.0	JOR							BEA_return	168000000.0			all_groups	31000000.0	2010		
	4192000000.0		2300.0	KWT							BEA_return				all_groups	214000000.0	2010		
	956000000.0		600.0	LBN							BEA_return	26000000.0			all_groups	25000000.0	2010		
	3047000000.0		1900.0	OMN							BEA_return				all_groups	157000000.0	2010		
			1600.0	QAT							BEA_return				all_groups	221000000.0	2010		
			200.0	SYR							BEA_return				all_groups		2010		
			600.0	YEM							BEA_return				all_groups	28000000.0	2010		
	494608000000.0		290900.0	AUS			14051000000.0		142916000000.0	121906000000.0	BEA_return	56337000000.0		3995000000.0	all_groups	21876000000.0	2010	0.2843214006120561	14051000000.0
	209320000000.0		1125300.0	CHN			14069000000.0		168516000000.0	127356000000.0	BEA_return	37428000000.0		2843000000.0	all_groups	13684000000.0	2010	0.2020754851091051	14069000000.0
	270589000000.0		117500.0	HKG			8248000000.0		100078000000.0	76544000000.0	BEA_return	7783000000.0		1133000000.0	all_groups	6572000000.0	2010	0.1373666343355965	8248000000.0
	88883000000.0		712700.0	IND			5781000000.0		47115000000.0	37059000000.0	BEA_return	10653000000.0		1444000000.0	all_groups	10359000000.0	2010	0.249783774433489	5781000000.0
	52007000000.0		100600.0	IDN			9909000000.0		25248000000.0	15897000000.0	BEA_return	17645000000.0		3873000000.0	all_groups	1971000000.0	2010	0.3908567968513473	9909000000.0
	951445000000.0		311900.0	JPN			12188000000.0		215979000000.0	173848000000.0	BEA_return	33494000000.0		5319000000.0	all_groups	28021000000.0	2010	0.4364128651132261	12188000000.0
	134697000000.0		118900.0	KOR			4075000000.0		51422000000.0	42655000000.0	BEA_return	11224000000.0		848000000.0	all_groups	5352000000.0	2010	0.2080981595092024	4075000000.0
	54837000000.0		146600.0	MYS			7043000000.0		50124000000.0	24411000000.0	BEA_return	12423000000.0		1399000000.0	all_groups	2551000000.0	2010	0.1986369444838847	7043000000.0
	16225000000.0		30200.0	NZL			135000000.0		11066000000.0	9835000000.0	BEA_return	1691000000.0		136000000.0	all_groups	1272000000.0	2010	1.0074074074074073	135000000.0
	28460000000.0		170800.0	PHL			1767000000.0		17975000000.0	10950000000.0	BEA_return	6040000000.0		387000000.0	all_groups	1834000000.0	2010	0.2190152801358234	1767000000.0
	454118000000.0		152300.0	SGP			16978000000.0		305871000000.0	164394000000.0	BEA_return	26475000000.0		1198000000.0	all_groups	8334000000.0	2010	0.0705619036400047	16978000000.0
	141735000000.0		88900.0	TWN			4740000000.0		37987000000.0	29055000000.0	BEA_return	8858000000.0		713000000.0	all_groups	2727000000.0	2010	0.15042194092827	4740000000.0
	48354000000.0		162900.0	THA			5628000000.0		47385000000.0	34581000000.0	BEA_return	12732000000.0		1309000000.0	all_groups	2315000000.0	2010	0.2325870646766169	5628000000.0
	4000000.0			AFG							BEA_return	1000000.0			all_groups		2010		
	2667000000.0		1200.0	BGD							BEA_return				all_groups	38000000.0	2010		
				BTN							BEA_return				all_groups		2010		
			200.0	BRN							BEA_return	32000000.0			all_groups	21000000.0	2010		
				MMR							BEA_return				all_groups	1000000.0	2010		
	259000000.0		700.0	KHM							BEA_return	67000000.0			all_groups	5000000.0	2010		
	82000000.0		1400.0	FJI							BEA_return	41000000.0			all_groups	16000000.0	2010		
	5000000.0			LAO							BEA_return	1000000.0			all_groups		2010		
	13657000000.0		25500.0	MAC							BEA_return	7130000000.0			all_groups		2010		
	1000000.0		0.0	MDV							BEA_return				all_groups	0.0	2010		
				MHL							BEA_return				all_groups		2010		
			0.0	FSM							BEA_return				all_groups	0.0	2010		
				MNG							BEA_return	1000000.0			all_groups	1000000.0	2010		
			100.0	NPL							BEA_return				all_groups	5000000.0	2010		
	4074000000.0		13100.0	PAK							BEA_return	817000000.0			all_groups	159000000.0	2010		
				PLW							BEA_return	2000000.0			all_groups	1000000.0	2010		
			500.0	PNG							BEA_return				all_groups	43000000.0	2010		
	1000000.0			WSM							BEA_return				all_groups		2010		
	537000000.0		4500.0	LKA							BEA_return	97000000.0			all_groups	58000000.0	2010		
			100.0	TLS							BEA_return				all_groups	1000000.0	2010		
			200.0	TUV							BEA_return				all_groups	4000000.0	2010		
			100.0	VUT							BEA_return	4000000.0			all_groups	3000000.0	2010		
	4039000000.0			VNM							BEA_return	1332000000.0			all_groups	173000000.0	2010		
				Rest							BEA_return				all_groups		2019		
				CAN							BEA_return				all_groups		2019		
				AUT							BEA_return				all_groups		2019		
				BEL							BEA_return				all_groups		2019		
				CZE							BEA_return				all_groups		2019		
				DNK							BEA_return				all_groups		2019		
				FIN							BEA_return				all_groups		2019		
				FRA							BEA_return				all_groups		2019		
				DEU							BEA_return				all_groups		2019		
				GRC							BEA_return				all_groups		2019		
				HUN							BEA_return				all_groups		2019		
				IRL							BEA_return				all_groups		2019		
				ITA							BEA_return				all_groups		2019		
				LUX							BEA_return				all_groups		2019		
				NLD							BEA_return				all_groups		2019		
				NOR							BEA_return				all_groups		2019		
				POL							BEA_return				all_groups		2019		
				PRT							BEA_return				all_groups		2019		
				RUS							BEA_return				all_groups		2019		
				ESP							BEA_return				all_groups		2019		
				SWE							BEA_return				all_groups		2019		
				CHE							BEA_return				all_groups		2019		
				TUR							BEA_return				all_groups		2019		
				GBR							BEA_return				all_groups		2019		
				BEA_Other_Europe							BEA_return				all_groups		2019		
				ARG							BEA_return				all_groups		2019		
				BRA							BEA_return				all_groups		2019		
				CHL							BEA_return				all_groups		2019		
				COL							BEA_return				all_groups		2019		
				ECU							BEA_return				all_groups		2019		
				PER							BEA_return				all_groups		2019		
				VEN							BEA_return				all_groups		2019		
				CRI							BEA_return				all_groups		2019		
				HND							BEA_return				all_groups		2019		
				MEX							BEA_return				all_groups		2019		
				PAN							BEA_return				all_groups		2019		
				BRB							BEA_return				all_groups		2019		
				BMU							BEA_return				all_groups		2019		
				DOM							BEA_return				all_groups		2019		
				UK_Caribbean							BEA_return				all_groups		2019		
				BEA_Other_Western							BEA_return				all_groups		2019		
				EGY							BEA_return				all_groups		2019		
				NGA							BEA_return				all_groups		2019		
				ZAF							BEA_return				all_groups		2019		
				ISR							BEA_return				all_groups		2019		
				SAU							BEA_return				all_groups		2019		
				ARE							BEA_return				all_groups		2019		
				AUS							BEA_return				all_groups		2019		
				CHN							BEA_return				all_groups		2019		
				HKG							BEA_return				all_groups		2019		
				IND							BEA_return				all_groups		2019		
				IDN							BEA_return				all_groups		2019		
				JPN							BEA_return				all_groups		2019		
				MYS							BEA_return				all_groups		2019		
				NZL							BEA_return				all_groups		2019		
				PHL							BEA_return				all_groups		2019		
				SGP							BEA_return				all_groups		2019		
				KOR							BEA_return				all_groups		2019		
				TWN							BEA_return				all_groups		2019		
				THA							BEA_return				all_groups		2019		
				Rest							BEA_return				all_groups		2020		
				CAN							BEA_return				all_groups		2020		
				AUT							BEA_return				all_groups		2020		
				BEL							BEA_return				all_groups		2020		
				CZE							BEA_return				all_groups		2020		
				DNK							BEA_return				all_groups		2020		
				FIN							BEA_return				all_groups		2020		
				FRA							BEA_return				all_groups		2020		
				DEU							BEA_return				all_groups		2020		
				GRC							BEA_return				all_groups		2020		
				HUN							BEA_return				all_groups		2020		
				IRL							BEA_return				all_groups		2020		
				ITA							BEA_return				all_groups		2020		
				LUX							BEA_return				all_groups		2020		
				NLD							BEA_return				all_groups		2020		
				NOR							BEA_return				all_groups		2020		
				POL							BEA_return				all_groups		2020		
				PRT							BEA_return				all_groups		2020		
				RUS							BEA_return				all_groups		2020		
				ESP							BEA_return				all_groups		2020		
				SWE							BEA_return				all_groups		2020		
				CHE							BEA_return				all_groups		2020		
				TUR							BEA_return				all_groups		2020		
				GBR							BEA_return				all_groups		2020		
				BEA_Other_Europe							BEA_return				all_groups		2020		
				ARG							BEA_return				all_groups		2020		
				BRA							BEA_return				all_groups		2020		
				CHL							BEA_return				all_groups		2020		
				COL							BEA_return				all_groups		2020		
				ECU							BEA_return				all_groups		2020		
				PER							BEA_return				all_groups		2020		
				VEN							BEA_return				all_groups		2020		
				CRI							BEA_return				all_groups		2020		
				HND							BEA_return				all_groups		2020		
				MEX							BEA_return				all_groups		2020		
				PAN							BEA_return				all_groups		2020		
				BRB							BEA_return				all_groups		2020		
				BMU							BEA_return				all_groups		2020		
				DOM							BEA_return				all_groups		2020		
				UK_Caribbean							BEA_return				all_groups		2020		
				BEA_Other_Western							BEA_return				all_groups		2020		
				EGY							BEA_return				all_groups		2020		
				NGA							BEA_return				all_groups		2020		
				ZAF							BEA_return				all_groups		2020		
				ISR							BEA_return				all_groups		2020		
				SAU							BEA_return				all_groups		2020		
				ARE							BEA_return				all_groups		2020		
				AUS							BEA_return				all_groups		2020		
				CHN							BEA_return				all_groups		2020		
				HKG							BEA_return				all_groups		2020		
				IND							BEA_return				all_groups		2020		
				IDN							BEA_return				all_groups		2020		
				JPN							BEA_return				all_groups		2020		
				MYS							BEA_return				all_groups		2020		
				NZL							BEA_return				all_groups		2020		
				PHL							BEA_return				all_groups		2020		
				SGP							BEA_return				all_groups		2020		
				KOR							BEA_return				all_groups		2020		
				TWN							BEA_return				all_groups		2020		
				THA							BEA_return				all_groups		2020		
	29546451000000.0		22791100.0	USA			705057000000.0		9774337000000.0	9110122000000.0	BEA_return			202855000000.0	all_groups	1618713000000.0	2010	0.2877143266430941	705057000000.0
	30597694000000.0		22994200.0	USA			846797000000.0		10593201000000.0	9872534000000.0	BEA_return			217634000000.0	all_groups	1692811000000.0	2011	0.2570084683814421	846797000000.0
	32419222000000.0		23091900.0	USA			842024000000.0		10935873000000.0	10213458000000.0	BEA_return			223832000000.0	all_groups	1772517000000.0	2012	0.2658261522236896	842024000000.0
	33620732000000.0		23348800.0	USA			1019150000000.0		11201011000000.0	10496017000000.0	BEA_return			282903000000.0	all_groups	1812968000000.0	2013	0.2775872050237943	1019150000000.0
	39011574000000.0		27587200.0	USA			1124857000000.0		13000380000000.0	12152511000000.0	BEA_return	4290724000000.0		331712000000.0	all_groups	2116998000000.0	2014	0.2948925952365501	1124857000000.0
	39701859000000.0		28045600.0	USA			1043510000000.0		12522976000000.0	11769870000000.0	BEA_return			300987000000.0	all_groups	2191540000000.0	2015	0.2884371017048231	1043510000000.0
	40406935000000.0		28022900.0	USA			1037780000000.0		12622452000000.0	11840071000000.0	BEA_return			287532000000.0	all_groups	2196665000000.0	2016	0.2770645030738692	1037780000000.0
	42266346000000.0		27981700.0	USA			978191000000.0		13438681000000.0	12583001000000.0	BEA_return			233927000000.0	all_groups	2238621000000.0	2017	0.239142457863546	978191000000.0
	43373444000000.0		28565500.0	USA			1186068000000.0		14328340000000.0	13396181000000.0	BEA_return			218916000000.0	all_groups	2338111000000.0	2018	0.184572891267617	1186068000000.0
7383423717579.0		11807553304223.0	16377437.0	USA		1017.0	867852046303.0	2718649216481.0	10518611804865.0	7799962588384.0	CBCR	4223574794406.0	176579355389.0	185540113249.0	all_groups	797122613664.0	2016	0.2137923325057424	867852046303.0
198593915620.2		485645680031.40015	144788.10000000003	Stateless		135.90000000000003	36254175129.0	69277630461.0	193491440491.80005	124213810031.10004	CBCR	115794215528.70001	210901549.8	247432988.10000002	all_groups		2016	0.00204748545969876	120847250430.0
1402442193.0		884820957.0	4133.0	DZA		33.0	1219730603.0	640700333.0	2502085411.0	1861385078.0	CBCR	1615036122.0	715789440.0	649633022.0	all_groups	22122306.8268536	2016	0.5326036916694464	1219730603.0
-1727795212.0		3154368161.0	10297.0	AGO		31.0	-477367266.0	4837765410.0	5987970691.0	1150205281.0	CBCR	17038207917.0	495422226.0	498517108.0	all_groups	72760661.4	2016	-1.0443051786462458	-477367266.0
36714926.0		20169548.0	1310.0	BWA		20.0	12152580.0	8630334.0	276754742.0	268124408.0	CBCR	42759061.0	4017169.0	3470990.0	all_groups	10875882.000000002	2016	0.2856175396500167	12152580.0
5901016.0		32048346.0	575.0	CMR		13.0	-34590586.0	6461430.0	86250356.0	79788926.0	CBCR	28962338.0	8724124.0	5750930.0	all_groups	1910541.0	2016	-0.1662570850924584	-34590586.0
-235530161.0		159832636.0	936.0	COG		15.0	-429416667.0	357560929.0	507627605.0	150066676.0	CBCR	3607467348.0	45717068.0	38070890.0	all_groups	3120574.6893518893	2016	-0.0886572248487038	-429416667.0
-317366403.0		653170132.0	1068.0	CIV		19.0	-51869522.0	974604214.0	1195210848.0	220606634.0	CBCR	199283228.0	9869963.0	13141456.0	all_groups	2435937.12	2016	-0.2533560266855746	-51869522.0
10075866816.0		1432994190.0	34226.0	EGY		138.0	430613663.0	1534529740.0	10302447024.0	8767917284.0	CBCR	5294260864.0	515920549.0	475988503.0	all_groups	135824563.9507894	2016	1.1053725041697062	430613663.0
739535767.0		3148121644.0	1728.0	GNQ		16.0	439637664.0	996256824.0	2449913229.0	1453656405.0	CBCR	3405425658.0	215212798.0	274883103.0	all_groups	24770872.17705658	2016	0.6252492120420329	439637664.0
-269053037.0		238273368.0	658.0	GAB		19.0	-127245247.0	17355153.0	182097413.0	164742260.0	CBCR	206859778.0	20691878.0	12269419.0	all_groups	6243935.714710178	2016	-0.0964233972527083	-127245247.0
1272009417.0		966095239.0	5464.0	GHA		59.0	-5242612.0	587065014.0	2027678093.0	1440613079.0	CBCR	3787472825.0	45327056.0	28270182.0	all_groups	15803199.36	2016	-5.392384940941652	-5242612.0
-333907837.0		420150818.0	3294.0	KEN		76.0	19275331.0	286293579.0	1053650130.0	767356551.0	CBCR	280751338.0	50381624.0	35955687.0	all_groups	7949681.846419087	2016	1.86537325870046	19275331.0
-828991479.0		1520368243.0	126.0	LBY		21.0	-166554664.0	4444881.0	72873033.0	68428152.0	CBCR	1852368936.0	15264700.0	-44801222.0	all_groups	1064304.011463816	2016	0.2689880963045262	-166554664.0
10197706517.0		20676507580.0	3321.0	MUS		182.0	2507667354.0	3157899123.0	3705440643.0	547541520.0	CBCR	47389028.0	150205883.0	130050862.0	all_groups	25876700.64	2016	0.0518612892545555	2507667354.0
382979867.0		711053152.0	27322.0	MAR		112.0	193907426.0	1311950999.0	2772423296.0	1460472297.0	CBCR	678185844.0	41007322.0	38978272.0	all_groups	114640198.74253078	2016	0.201014849219854	193907426.0
457652775.0		34417441.0	5450.0	MOZ		26.0	-113204834.0	256287264.0	380520518.0	124233254.0	CBCR	291917778.0	5799439.0	-956872.0	all_groups	5564638.254196974	2016	0.0084525719104892	-113204834.0
-13785429.0		32641760.0	499.0	NAM		22.0	3681039.0	1982338.0	72571786.0	70589448.0	CBCR	15412139.0	6055148.0	2397022.0	all_groups	3272861.16	2016	0.6511808215017554	3681039.0
4342529082.0		3969506618.0	10510.0	NGA		101.0	836401154.0	7076611353.0	10721920720.0	3645309367.0	CBCR	32013919637.0	1485673354.0	1403826132.0	all_groups	33556372.34100334	2016	1.6784124762219064	836401154.0
-4345628.0		44568671.0	419.0	SEN		21.0	67678367.0	86120487.0	135205615.0	49085128.0	CBCR	26835616.0	1489415.0	2014471.0	all_groups	942056.4002387436	2016	0.0297653606210681	67678367.0
3024271316.0		11999501483.0	102349.0	ZAF		332.0	1112087653.0	5810363430.0	29047941327.0	23237577897.0	CBCR	6592854411.0	369538506.0	313323851.0	all_groups	725225410.4962932	2016	0.2817438447003421	1112087653.0
30194890.0		83725141.0	2823.0	TZA		31.0	-36826241.0	207166857.0	288442985.0	81276128.0	CBCR	669172298.0	9007302.0	5999112.0	all_groups	6235894.08	2016	-0.1629031863447589	-36826241.0
-53168357.0		227512155.0	6849.0	TUN		47.0	25517038.0	218319525.0	545039004.0	326719479.0	CBCR	78225104.0	5966963.0	9753283.0	all_groups	32803051.848230764	2016	0.3822262991496113	25517038.0
-32062641.0		170675888.0	499.0	UGA		22.0	3140810.0	18602994.0	161252688.0	142649694.0	CBCR	133218064.0	7212844.0	4343081.0	all_groups	691760.8430347417	2016	1.3827901082841687	3140810.0
-196271452.0		124036778.0	2514.0	ZMB		24.0	-50771214.0	181502523.0	523769287.0	342266764.0	CBCR	108339455.0	12669905.0	14524143.0	all_groups	12731197.68	2016	-0.2860704295942184	-50771214.0
201145335.0		23418016.0	2714.0	ZWE		19.0	45277106.0	264014632.0	314531559.0	50516927.0	CBCR	153758451.0	4994310.0	6503421.0	all_groups	6275987.868610513	2016	0.1436359691363666	45277106.0
71987898.0		320633621.0	12600.0	IRS_Other_Africa		60.0	-122876548.0	964810394.0	2650404677.0	1685594283.0	CBCR	4768502085.0	31915320.0	66097170.0	all_groups	52920000.0	2016	-0.5379152578407395	-122876548.0
3408188178.0		13701763791.0	104461.0	ARG		343.0	2478635928.0	8436916440.0	33395306816.0	24958390377.0	CBCR	10002756141.0	1349979368.0	1049283330.0	all_groups	1205183157.3303688	2016	0.4233309612544275	2478635928.0
-1114324735.0		1606215229.0	805.0	ABW		28.0	176188233.0	251287953.0	611512932.0	360224979.0	CBCR	125946296.0	18581628.0	13805015.0	all_groups	21645850.7451972	2016	0.0783537854085862	176188233.0
41451146550.0		105580752364.0	2839.0	BHS		62.0	21809647343.0	15090141560.0	16759006160.0	1668864600.0	CBCR	2470306172.0	32313612.0	35136614.0	all_groups	81114808.86241202	2016	0.0016110583287939	21809647343.0
2775352141.0		71614350298.0	403.0	BRB		129.0	1276913415.0	8508330063.0	8677786619.0	169456556.0	CBCR	5465857765.0	21286838.0	8676103.0	all_groups	7248130.727627728	2016	0.0067945899056906	1276913415.0
478127375911.0		446019018187.0	551.0	BMU		229.0	24900464463.0	65875412371.0	76159489311.0	10284076940.0	CBCR	11864002163.0	477215982.0	500283411.0	all_groups	41133913.2	2016	0.020091328486799	24900464463.0
291336223.0		315420558.0	2925.0	BOL		51.0	17050125.0	218602926.0	752227081.0	533624155.0	CBCR	300862547.0	9268278.0	13953928.0	all_groups	15746562.000000002	2016	0.8184061993680398	17050125.0
-597268248.0		147679731918.0	532715.0	BRA		612.0	367614245.0	21894347981.0	141564705987.0	119670358006.0	CBCR	57082514840.0	2378927829.0	2332561026.0	all_groups	3857666326.8	2016	6.345132316621735	367614245.0
2974321297.0		46560495661.0	456.0	VGB		124.0	2289784140.0	4770930513.0	4766717876.0	-4212637.0	CBCR	831081732.0	17579351.0	-4125779.0	all_groups	14558620.132541455	2016	-0.0018018200615189	2289784140.0
102472154397.0		360915048786.0	761499.0	CAN		894.0	17594992569.0	94130628152.0	360772579170.0	266641951018.0	CBCR	172436548205.0	4807100894.0	4340521629.0	all_groups	30287130186.96	2016	0.24669073385387	17594992569.0
78663137114.0		326622438061.0	3139.0	CYM		310.0	23792337111.0	33370302094.0	49940432455.0	16570130360.0	CBCR	7249281852.0	84746971.0	98527590.0	all_groups	196514370.4427905	2016	0.0041411480318361	23792337111.0
9169002651.0		36795637708.0	112241.0	CHL		305.0	4252563902.0	4678723707.0	28809345090.0	24130621383.0	CBCR	17335298428.0	490258676.0	540898044.0	all_groups	1089352780.68	2016	0.1271933959053768	4252563902.0
3227451642.0		5966746179.0	73043.0	COL		299.0	1055406042.0	4551550288.0	20301200832.0	15749650544.0	CBCR	7330862160.0	730986246.0	591415961.0	all_groups	348914724.12	2016	0.5603681781840699	1055406042.0
989787415.0		2247623165.0	69844.0	CRI		154.0	797307487.0	4685525427.0	9421735629.0	4736210202.0	CBCR	2790302748.0	135287182.0	128858861.0	all_groups	778939400.64	2016	0.1616175228516322	797307487.0
39471280.0		12082104306.0	288.0	CUW		41.0	178546527.0	286720869.0	628451612.0	341730743.0	CBCR	27997583.0	9178207.0	8053635.0	all_groups	5164853.76	2016	0.0451066460676661	178546527.0
663967377.0		757247411.0	26262.0	DOM		92.0	448576814.0	1390776393.0	2796606018.0	1405829625.0	CBCR	1310235914.0	50881356.0	57907894.0	all_groups	226720909.0672417	2016	0.1290924813603941	448576814.0
97337447.0		1210131701.0	12904.0	ECU		110.0	23713515.0	847361181.0	3877407697.0	3030046516.0	CBCR	1306580475.0	106883172.0	484175488.0	all_groups	63318895.68	2016	20.417702225924756	23713515.0
190672119.0		1304523990.0	35486.0	SLV		77.0	336079832.0	1116786446.0	3537463020.0	2420676574.0	CBCR	1173554739.0	77111996.0	65162408.0	all_groups	147887195.28000003	2016	0.1938896708327324	336079832.0
708369807.0		1182402000.0	24583.0	GTM		111.0	29906307.0	601213652.0	4048110549.0	3446896897.0	CBCR	1005295041.0	75792314.0	69324681.0	all_groups	102163014.72	2016	2.318062240182313	29906307.0
544734307.0		726948224.0	55385.0	HND		66.0	143952893.0	1599231791.0	3687887532.0	2088655741.0	CBCR	836473404.0	50776110.0	42232123.0	all_groups	199007166.6	2016	0.2933746041491504	143952893.0
103426637.0		110115457.0	8675.0	JAM		41.0	59665571.0	114570915.0	381275676.0	266704761.0	CBCR	83664227.0	12630558.0	11134562.0	all_groups	90139149.0	2016	0.1866161978069396	59665571.0
81038736827.0		99182851698.0	975451.0	MEX		678.0	9844032119.0	61636103729.0	165801023157.0	104164919428.0	CBCR	52921399083.0	4489555950.0	3731115333.0	all_groups	9732418383.442371	2016	0.3790230758998197	9844032119.0
204795399.0		134059237.0	8535.0	NIC		40.0	70998583.0	120432078.0	1361538707.0	1241106629.0	CBCR	385901850.0	25576558.0	21202620.0	all_groups	30917525.4	2016	0.2986344107740854	70998583.0
2504331512.0		4579782080.0	9931.0	PAN		161.0	881129416.0	8352906954.0	12577510208.0	4224603254.0	CBCR	2964721512.0	63744904.0	68517685.0	all_groups	106707800.52	2016	0.0777612048307782	881129416.0
660309824.0		304719403.0	2059.0	PRY		41.0	90949759.0	1267410043.0	1792008666.0	524598623.0	CBCR	709335933.0	15070809.0	10186047.0	all_groups	13941244.087350613	2016	0.1119964155155155	90949759.0
9604156800.0		7463296216.0	36643.0	PER		205.0	481912962.0	3187831980.0	11608709632.0	8420877652.0	CBCR	13445986419.0	679711941.0	539088489.0	all_groups	185749229.88	2016	1.1186428494529683	481912962.0
99764667958.0		26006428036.0	66326.0	PRI		259.0	38925940317.0	83602561978.0	97835614361.0	14233052383.0	CBCR	16379377113.0	604667335.0	419653604.0	all_groups	1750402011.3271146	2016	0.0107808212359799	38925940317.0
3070749885.0		518604533.0	916.0	KNA		16.0	66165643.0	41549110.0	185565397.0	144016287.0	CBCR	274350380.0	4726756.0	4698914.0	all_groups	18189826.9377276	2016	0.0710174312067064	66165643.0
157940754.0		219197823.0	292.0	LCA		24.0	55876008.0	5606326.0	120092757.0	114486431.0	CBCR	177639389.0	1066480.0	1324657.0	all_groups	3711428.721694617	2016	0.0237070801478874	55876008.0
2666087101.0		1321377609.0	4133.0	TTO		67.0	-349382469.0	664525204.0	1740047238.0	1075522034.0	CBCR	1196705883.0	200568492.0	62162918.0	all_groups	74744616.50388218	2016	-0.1779222586007885	-349382469.0
1595429299.0		1776819178.0	6116.0	URY		117.0	921603068.0	1604981120.0	3868144645.0	2263163525.0	CBCR	699235502.0	27940455.0	33967610.0	all_groups	72598632.48	2016	0.0368570930147988	921603068.0
-4871518708.0		3213052404.0	22807.0	VEN		148.0	-3216948409.0	877640209.0	2055111547.0	1177471338.0	CBCR	2420589076.0	32530688.0	30403789.0	all_groups	242280769.89689144	2016	-0.0094511273214515	-3216948409.0
-1213188105.0		1080481515.0	1538.0	VIR		52.0	18881793.0	39198920.0	461725718.0	422526798.0	CBCR	493611386.0	9519816.0	8457088.0	all_groups	51266316.01055674	2016	0.4478964471223681	18881793.0
243803096.0		1428874224.0	2062.0	IRS_Other_America		60.0	-6209700.0	1841294080.0	3236276102.0	1394982022.0	CBCR	1282229537.0	56171581.0	74999929.0	all_groups	123720000.0	2016	-12.07786672464048	-6209700.0
-884316.0		2670972.0	425.0	ARM		15.0	352205.0	31969704.0	34405746.0	2436042.0	CBCR	4117372.0	365936.0	310814.0	all_groups	1120419.0	2016	0.88248037364603	352205.0
28643687022.0		253654979696.0	243078.0	AUS		626.0	2494829871.0	19782950682.0	114224661226.0	94441710544.0	CBCR	106377343705.0	2690171158.0	2333158928.0	all_groups	16512774696.0	2016	0.9351976081097676	2494829871.0
507587238.0		274409949.0	1707.0	AZE		34.0	-123259223.0	19014123.0	1408780229.0	1389766106.0	CBCR	2672316474.0	74114744.0	88391374.0	all_groups	7648930.44	2016	-0.7171177283828895	-123259223.0
-886150119.0		1261724364.0	3630.0	BHR		55.0	223157878.0	695247257.0	1421750519.0	726503262.0	CBCR	387145605.0	7131890.0	6387676.0	all_groups	98821087.2	2016	0.0286240219581224	223157878.0
86964218.0		70571531.0	3448.0	BGD		46.0	431316960.0	16906050.0	1294792118.0	1277886068.0	CBCR	1645978529.0	164242813.0	163423354.0	all_groups	6180746.88	2016	0.3788938742404193	431316960.0
-83090481.0		46243112.0	450.0	BRN		24.0	-591701.0	5874987.0	193458292.0	187583305.0	CBCR	152139797.0	5073988.0	3786609.0	all_groups	14460822.359241296	2016	-6.39953118213422	-591701.0
-19467656.0		70518545.0	1838.0	MMR		22.0	25001023.0	15906371.0	339823137.0	323916766.0	CBCR	489433895.0	7347504.0	6703894.0	all_groups	2376313.44	2016	0.2681447875152948	25001023.0
111098776.0		86362869.0	2187.0	KHM		22.0	26541819.0	15970778.0	318322883.0	302352105.0	CBCR	273351900.0	6337670.0	8193926.0	all_groups	4817348.640000001	2016	0.3087175750840588	26541819.0
36564688561.0		68027434479.0	1055018.0	CHN		740.0	19083105379.0	88593913461.0	253508913118.0	164914999657.0	CBCR	68076364837.0	5029773987.0	4744238082.0	all_groups	10728646844.88	2016	0.248609332065042	19083105379.0
71985362.0		43544150.0	2450.0	FJI		18.0	18984874.0	133343078.0	348107491.0	214764413.0	CBCR	316302537.0	3467002.0	3420069.0	all_groups	15688134.0	2016	0.1801470475916774	18984874.0
-23832303.0		16897635.0	487.0	GEO		19.0	31141377.0	12517303.0	195246772.0	182729469.0	CBCR	11393415.0	990287.0	294790.0	all_groups	2463596.64	2016	0.0094661838492241	31141377.0
244693548.0		94275066.0	1160.0	GUM		43.0	74599310.0	136488200.0	798897605.0	662409405.0	CBCR	144706237.0	18347355.0	12374401.0	all_groups	36879363.029148445	2016	0.1658782232704297	74599310.0
60143571233.0		76521598406.0	85285.0	HKG		664.0	9714415363.0	46346430070.0	138055904708.0	91709474638.0	CBCR	10007344640.0	1584539008.0	1341963513.0	all_groups	2928107689.6317186	2016	0.1381414591465003	9714415363.0
42392106193.0		57655322542.0	1149992.0	IND		593.0	12030857911.0	35521146678.0	81409361689.0	45888215011.0	CBCR	22758226193.0	4081899807.0	3184674490.0	all_groups	2913737562.7624784	2016	0.2647088440042337	12030857911.0
8035735526.0		6511358934.0	67669.0	IDN		229.0	3293646023.0	8584525993.0	17791688222.0	9207162229.0	CBCR	19616266145.0	970864074.0	969879646.0	all_groups	316872364.1786903	2016	0.2944699094034975	3293646023.0
-279848365.0		1092177550.0	3961.0	IRQ		30.0	-154333362.0	527711460.0	2149381227.0	1621669767.0	CBCR	1883254230.0	76951528.0	26707284.0	all_groups	27218043.01876609	2016	-0.1730493242284192	-154333362.0
17184065103.0		20357986287.0	43835.0	ISR		215.0	2482014026.0	10077508359.0	16277827236.0	6200318876.0	CBCR	7953171610.0	719397062.0	475804255.0	all_groups	1331840558.4	2016	0.1917008727653338	2482014026.0
62957153318.0		64439444261.0	310802.0	JPN		537.0	25952355940.0	24670537757.0	204383838542.0	179713300785.0	CBCR	34002150139.0	6649845321.0	6048876259.0	all_groups	10342135463.28	2016	0.2330761905772474	25952355940.0
387933248.0		234563227.0	2042.0	JOR		32.0	228208366.0	330171237.0	1050671937.0	720500700.0	CBCR	870253399.0	11901479.0	15020914.0	all_groups	17014842.48	2016	0.065821048821672	228208366.0
4789477813.0		11700065753.0	5062.0	KAZ		77.0	513976024.0	176665405.0	1994144374.0	1817478969.0	CBCR	12539569861.0	192066720.0	186646944.0	all_groups	54968040.93433832	2016	0.3631432893453411	513976024.0
28755660283.0		19204074625.0	111232.0	KOR		441.0	4403769577.0	14080679179.0	54792189442.0	40711510263.0	CBCR	17022570379.0	1351490454.0	916982545.0	all_groups	4357909585.92	2016	0.2082267314323653	4403769577.0
595941220.0		221650369.0	3078.0	KWT		37.0	179829741.0	439771720.0	1548801814.0	1109030094.0	CBCR	453202466.0	35833076.0	21506636.0	all_groups	95926452.085715	2016	0.1195944334925111	179829741.0
-33380823.0		89545056.0	845.0	LBN		42.0	62190391.0	44206960.0	311433385.0	267226425.0	CBCR	16665164.0	8885995.0	10260887.0	all_groups	7538230.598724936	2016	0.1649915177410606	62190391.0
3821775009.0		2712981647.0	29073.0	MAC		55.0	1528014481.0	1300456567.0	9802667938.0	8502211371.0	CBCR	8835830654.0	7907371.0	7570485.0	all_groups	1764036633.9246566	2016	0.0049544589361781	1528014481.0
13612195844.0		12491658943.0	147613.0	MYS		379.0	3113577744.0	21902987519.0	39254922307.0	17351934788.0	CBCR	17430463906.0	451198617.0	497610547.0	all_groups	1355140480.68	2016	0.1598195349253498	3113577744.0
2181575894.0		5325868588.0	26473.0	NZL		329.0	910874325.0	1275926553.0	11765552298.0	10489625745.0	CBCR	2950381362.0	252283095.0	241411875.0	all_groups	894173515.0896245	2016	0.2650331317660095	910874325.0
3236188326.0		453406368.0	5907.0	OMN		43.0	-382713894.0	1089092601.0	2066175218.0	977082617.0	CBCR	2345015932.0	174030150.0	168286982.0	all_groups	100452921.7524485	2016	-0.439720074547385	-382713894.0
762208104.0		346491413.0	9957.0	PAK		65.0	428443080.0	193620828.0	2231538611.0	2037917783.0	CBCR	718431512.0	161495874.0	103295711.0	all_groups	21331478.52	2016	0.2410955289556783	428443080.0
-977851661.0		2899122476.0	960.0	PNG		27.0	158402548.0	235656298.0	1444596292.0	1208939994.0	CBCR	5855905174.0	28320479.0	15942236.0	all_groups	3754998.88495996	2016	0.1006438103508284	158402548.0
4913569063.0		3296717049.0	235692.0	PHL		255.0	1929071577.0	10209249892.0	18551669398.0	8342419506.0	CBCR	6525530912.0	441498828.0	430522034.0	all_groups	802304995.68	2016	0.2231757696982541	1929071577.0
11129802212.0		4785654058.0	4506.0	QAT		76.0	1426132163.0	787435009.0	3680877548.0	2893442539.0	CBCR	4404964077.0	610157406.0	434444579.0	all_groups	235749468.75726217	2016	0.3046313590502761	1426132163.0
3975197518.0		1326012721.0	31851.0	SAU		140.0	753474801.0	1707518647.0	11366789052.0	9659270405.0	CBCR	5438219997.0	315802465.0	263506800.0	all_groups	653662784.52	2016	0.3497221136662804	753474801.0
96812446828.0		161781552841.0	126190.0	SGP		624.0	29040590156.0	174698176378.0	309187474241.0	134489297863.0	CBCR	41745919263.0	1811693514.0	2002865363.0	all_groups	4981208917.2	2016	0.0689677913651556	29040590156.0
-84521163.0		163789596.0	3515.0	LKA		46.0	66051756.0	58298463.0	732654356.0	674355893.0	CBCR	102560311.0	12402132.0	19048885.0	all_groups	8192199.6	2016	0.2883933169013705	66051756.0
5339229233.0		8288453698.0	82295.0	TWN		342.0	2818344176.0	8271430812.0	31413923822.0	23142493010.0	CBCR	8625486269.0	508014233.0	535051001.0	all_groups	1778057089.8620732	2016	0.1898458696266768	2818344176.0
6629339279.0		7580679303.0	136602.0	THA		323.0	4676128460.0	18938180845.0	46179492645.0	27241311800.0	CBCR	17281122577.0	796209467.0	782048039.0	all_groups	802514893.6800001	2016	0.1672426336636611	4676128460.0
5164835041.0		5702338104.0	38222.0	ARE		356.0	3300031181.0	9294269844.0	28633908563.0	19339638719.0	CBCR	11203581506.0	1530819563.0	1668956333.0	all_groups	1265737663.4470432	2016	0.5057395647074645	3300031181.0
97275433.0		2860303547.0	49428.0	VNM		144.0	591519943.0	1836490199.0	7037112654.0	5200622455.0	CBCR	2178540324.0	104355320.0	100016425.0	all_groups	171440029.44000003	2016	0.1690837750841479	591519943.0
628445235.0		1029861227.0	7509.0	IRS_Other_Asia_Oceania		74.0	200092948.0	91903083.0	1356756223.0	1264853140.0	CBCR	636350428.0	26833499.0	22072237.0	all_groups	450540000.0	2016	0.1103099195679799	200092948.0
4881319.0		2078530.0	347.0	ALB		13.0	2550835.0	3115111.0	23890890.0	20775779.0	CBCR	15881193.0	1582888.0	878257.0	all_groups	1985520.12	2016	0.3443017678524875	2550835.0
18361786882.0		8829755974.0	26312.0	AUT		295.0	685153617.0	3692332996.0	17017683903.0	13325350907.0	CBCR	3612645597.0	254785530.0	516762142.0	all_groups	1032129246.72	2016	0.7542281455984783	685153617.0
16651463.0		32647246.0	1056.0	BLR		23.0	12202232.0	55617037.0	158757553.0	103140516.0	CBCR	41582755.0	2255706.0	2639512.0	all_groups	7335567.359999999	2016	0.216313867823526	12202232.0
47695827029.0		75773838241.0	90847.0	BEL		446.0	6445817668.0	71632254002.0	125705180949.0	54072926947.0	CBCR	36494154580.0	1138015428.0	1096578372.0	all_groups	3729930716.16	2016	0.1701224621111948	6445817668.0
26732633.0		30185742.0	465.0	BIH		19.0	12453334.0	12024842.0	93655683.0	81630841.0	CBCR	12356625.0	1064826.0	1663089.0	all_groups	2647933.2	2016	0.1335456834290319	12453334.0
361557606.0		1320292707.0	14648.0	BGR		99.0	207567448.0	861445567.0	2484572936.0	1623127369.0	CBCR	1499879354.0	17729164.0	15055955.0	all_groups	121564923.84	2016	0.0725352416531131	207567448.0
135633094.0		923637763.0	3814.0	HRV		77.0	77213871.0	204778272.0	709007366.0	504229094.0	CBCR	225501342.0	16272910.0	17654779.0	all_groups	64278867.60000001	2016	0.2286477645965969	77213871.0
34046566907.0		83967346511.0	1542.0	CYP		94.0	1523091385.0	509819676.0	1031617602.0	521797926.0	CBCR	213194338.0	15558350.0	7005999.0	all_groups	39549709.44	2016	0.0045998546567841	1523091385.0
2097058627.0		5271135783.0	77576.0	CZE		289.0	942546574.0	5644022084.0	13940665283.0	8296643199.0	CBCR	3811102679.0	156186816.0	154452276.0	all_groups	1443025309.4399998	2016	0.1638669963485539	942546574.0
9953498438.0		62868810124.0	29025.0	DNK		311.0	980305398.0	5246183446.0	15740377235.0	10494193789.0	CBCR	4820869344.0	513048727.0	424186377.0	all_groups	1940191218.0	2016	0.4327083966541618	980305398.0
220350822.0		155449354.0	3648.0	EST		64.0	52655331.0	253847345.0	523413346.0	269566001.0	CBCR	131652601.0	11071541.0	9964955.0	all_groups	67723660.8	2016	0.1892487391257686	52655331.0
-5057991337.0		6410388113.0	18452.0	FIN		259.0	851290902.0	3986343309.0	9993461200.0	6007117891.0	CBCR	3884519403.0	108176337.0	110878353.0	all_groups	807486828.9599999	2016	0.1302473135088198	851290902.0
25544654121.0		129879021912.0	309741.0	FRA		617.0	4795899326.0	43797740545.0	159017488772.0	115219748226.0	CBCR	39017675048.0	2249758754.0	2181309400.0	all_groups	12296519465.76	2016	0.4548280211334861	4795899326.0
20078860111.0		244209751324.0	500806.0	DEU		698.0	11109546045.0	119650489647.0	298770740824.0	179120251177.0	CBCR	59742928916.0	3963787350.0	3213273634.0	all_groups	29601781273.68	2016	0.2892353675824744	11109546045.0
-351575495.0		2372153583.0	13130.0	GRC		172.0	276190398.0	613381185.0	4422121034.0	3808739849.0	CBCR	689833407.0	87513447.0	49989699.0	all_groups	164988954.0	2016	0.1809972372754247	276190398.0
-11779060990.0		17476857522.0	1529.0	GGY		41.0	236390548.0	277198394.0	526312179.0	249113785.0	CBCR	519271304.0	6903417.0	7874153.0	all_groups	69597291.30751586	2016	0.033309931664442	236390548.0
17607833945.0		32400481985.0	70413.0	HUN		248.0	6030490241.0	11978272351.0	20862766507.0	8884494156.0	CBCR	4139884439.0	1278330378.0	228568927.0	all_groups	1002472697.52	2016	0.0379022132306937	6030490241.0
-905649683.0		3570682849.0	1944.0	ISL		23.0	-291957971.0	1211650903.0	1724367391.0	512716488.0	CBCR	3625229350.0	15270543.0	8598296.0	all_groups	156166030.07999998	2016	-0.0294504581277556	-291957971.0
567330378998.0		1203466118400.0	349440.5	IRL		669.5	91814164425.0	313389179006.0	669255329151.0	355866150145.5	CBCR	272833557043.5	4632810138.0	5065936171.5	all_groups	5044098599.52	2016	0.1516593034765191	31390539210.0
13017890116.0		48148288366.0	157598.0	ITA		535.0	3399820873.0	17965860227.0	88553245318.0	70587385091.0	CBCR	21227573061.0	1543152998.0	1141739197.0	all_groups	4640737874.64	2016	0.3358233388315338	3399820873.0
14773261349.0		136771453023.0	459.0	JEY		74.0	89081267.0	1892463102.0	2329598512.0	437135410.0	CBCR	2955330407.0	16759017.0	11173641.0	all_groups	21657152.529661126	2016	0.1254319945853486	89081267.0
-103151265.0		286004827.0	1314.0	LVA		51.0	60399871.0	330565222.0	476204081.0	145638859.0	CBCR	20203164.0	2345282.0	2988888.0	all_groups	18216770.4	2016	0.0494850063504274	60399871.0
573342183.0		207180776.0	7269.0	LTU		69.0	121022414.0	615255248.0	932721323.0	317466075.0	CBCR	157580660.0	14010512.0	21637483.0	all_groups	126593124.12	2016	0.1787890547283249	121022414.0
327903586097.8		1750962605940.6	107886.40000000001	LUX		517.6	22029719961.0	103543464234.0	208427500831.2	104884036597.40001	CBCR	114174366128.8	652121148.2	703384338.4	all_groups	812646422.28	2016	-0.25026908574319484	-2139730125.0
-7358794.0		44568808.0	2983.0	MKD		15.0	7282987.0	126900215.0	162616067.0	35715852.0	CBCR	97468808.0	675816.0	899523.0	all_groups	23446022.04	2016	0.1235101751520358	7282987.0
8920761891.0		21497206396.0	422.0	MLT		51.0	133898237.0	-594278801.0	1151758624.0	1746037425.0	CBCR	26793593.0	16385078.0	13607577.0	all_groups	11571341.28	2016	0.1016262596497069	133898237.0
-73733004.0		157118939.0	250.0	MCO		18.0	7473364.0	118666186.0	269319603.0	150653417.0	CBCR	94159212.0	3519620.0	3224933.0	all_groups	29910115.313946705	2016	0.4315236083776997	7473364.0
387959577773.0		1370829097148.0	135788.0	NLD		738.0	37642596844.0	165217233660.0	258539839443.0	93322605783.0	CBCR	61983861096.0	3061263490.0	3255593228.0	all_groups	5195988977.756605	2016	0.0864869456666861	37642596844.0
7963632317.0		20671532864.0	32668.0	NOR		275.0	1082383838.0	9135095326.0	24454913568.0	15319818242.0	CBCR	18578927866.0	1212821379.0	1066265643.0	all_groups	2198566853.76	2016	0.9851086144913408	1082383838.0
4384362832.0		11145947911.0	187607.0	POL		405.0	1974050436.0	15998642941.0	35020725659.0	19022082719.0	CBCR	11219918214.0	391441566.0	311276577.0	all_groups	2551347841.6012206	2016	0.1576842067068645	1974050436.0
1004484460.0		1851591788.0	35089.0	PRT		248.0	281514486.0	2289250819.0	9089081236.0	6799830417.0	CBCR	1930085697.0	97810588.0	93844220.0	all_groups	441569800.92	2016	0.3333548526522362	281514486.0
1011185166.0		2026418265.0	57723.0	ROU		199.0	302335888.0	3861483524.0	8447735711.0	4586252187.0	CBCR	2857039116.0	79562204.0	87773575.0	all_groups	765670196.8800001	2016	0.2903180815901022	302335888.0
8355147214.0		13354059825.0	171424.0	RUS		341.0	1967677309.0	7747132709.0	36804373012.0	29057240303.0	CBCR	14969867653.0	789478666.0	632601009.0	all_groups	1361298554.88	2016	0.321496317565148	1967677309.0
-529717142.0		1577781380.0	9516.0	SRB		76.0	2124611.0	325336559.0	805317314.0	479980755.0	CBCR	315989198.0	6452463.0	9493991.0	all_groups	80460825.11999999	2016	4.468578483308239	2124611.0
654495632.0		1662866348.0	41391.0	SVK		159.0	415244002.0	1600478299.0	6168549532.0	4568071233.0	CBCR	2064626354.0	56530897.0	92305505.0	all_groups	689383661.4000001	2016	0.2222922054392491	415244002.0
281702486.0		213469544.0	3849.0	SVN		63.0	47613129.0	229309634.0	1092639438.0	863329804.0	CBCR	347927929.0	7335912.0	9743302.0	all_groups	89797785.84	2016	0.2046347762609762	47613129.0
18481757625.0		56478474337.0	147905.0	ESP		529.0	912033193.0	28888333867.0	78064998675.0	49176664808.0	CBCR	17246023693.0	1150375652.0	1013471570.0	all_groups	4022276475.0	2016	1.1112222425439728	912033193.0
-16668069186.0		95643966920.0	45381.0	SWE		408.0	2191495466.0	12297566158.0	30183873648.0	17886307490.0	CBCR	5049209665.0	2663908333.0	387723150.0	all_groups	2584277317.44	2016	0.1769217212699449	2191495466.0
309623427134.0		547418876685.0	73146.0	CHE		469.0	-6204428138.0	165027536279.0	296172949494.0	131145413215.0	CBCR	42853576680.0	1731895858.0	1734043937.0	all_groups	6672697036.56	2016	-0.2794848934391832	-6204428138.0
-670585429.0		8000760110.0	48017.0	TUR		285.0	554917587.0	2928316698.0	16494317354.0	13566000656.0	CBCR	3424390496.0	289151525.0	255744216.0	all_groups	472573710.6	2016	0.4608688244728491	554917587.0
1867041368.0		517028239.0	23858.0	UKR		131.0	176375423.0	1193883734.0	3025045818.0	1831162084.0	CBCR	570006639.0	52332583.0	50020535.0	all_groups	116276257.44	2016	0.283602636632656	176375423.0
352067826452.0		1330521540979.0	978253.0	GBR		880.0	28719536872.0	133920690779.0	520237670155.0	386316979376.0	CBCR	197547730842.0	5372739291.0	6069496500.0	all_groups	35369245906.560005	2016	0.2113368515324991	28719536872.0
120042997932.0		199489611750.0	4673.0	IRS_Other_Europe		99.0	8063306394.0	12198439378.0	14037887725.0	1839448348.0	CBCR	329075180.0	11526193.0	11686990.0	all_groups	280380000.0	2016	0.0014494041809816	8063306394.0
3880043781442.0		10568082946359.0	11176463.0	Rest		84.0	552660466202.0	2306773804737.0	5746490884191.0	3439717079454.0	CBCR	1992436329747.0	86250193379.0	77583668908.0	all_groups		2016	0.1403821580384995	552660466202.0
6899506823391.0		8844698705784.0	14508047.0	USA		764.0	990018975067.0	2420999672935.0	9416191192730.0	6995191519795.0	CBCR	3565407342382.0	172106722229.0	187048066564.0	positive_groups	706135663584.0	2016	0.1889338197294061	990018975067.0
199084966021.80005		331229620707.6001	133938.90000000002	Stateless		96.60000000000002	42605687078.100006	63856536158.400024	180236580026.10004	116380043868.00003	CBCR	97541188695.90002	200464450.5	256583421.9000001	positive_groups		2016	0.0018066843149107505	142018956927.0
-366650108.0		1785516687.0	1817.0	AGO		10.0	252933176.0	2575085755.0	2781499938.0	206414183.0	CBCR	9008605390.0	361491240.0	377507778.0	positive_groups	12839285.400000002	2016	1.492519818752444	252933176.0
10082971058.0		291502846.0	14181.0	EGY		65.0	1208022118.0	319265940.0	5586423153.0	5267157213.0	CBCR	3912812173.0	436775411.0	430098133.0	positive_groups	56276752.80155859	2016	0.3560349819687656	1208022118.0
1261698637.0		895618481.0	4833.0	GHA		23.0	185667605.0	277033505.0	1563625489.0	1286591984.0	CBCR	2895315803.0	36888950.0	25397903.0	positive_groups	13978195.920000002	2016	0.1367923230334123	185667605.0
60646658.0		135219201.0	1944.0	KEN		42.0	88863230.0	180705773.0	672083435.0	491377662.0	CBCR	123775609.0	40868289.0	31320272.0	positive_groups	4691615.515919461	2016	0.3524548004838446	88863230.0
800872460.0		317820455.0	22934.0	MAR		63.0	267090105.0	1100193832.0	2143124172.0	1042930340.0	CBCR	462263815.0	35418734.0	34337998.0	positive_groups	96228618.62093554	2016	0.1285633475639241	267090105.0
1849362492.0		897667311.0	4716.0	NGA		48.0	1145040070.0	3533855331.0	5963355535.0	2429500204.0	CBCR	12818118991.0	797111045.0	779440343.0	positive_groups	15057264.696495883	2016	0.6807101021364257	1145040070.0
3769080243.0		9315354519.0	86726.0	ZAF		240.0	1487167543.0	4621012064.0	24093867194.0	19472855130.0	CBCR	5288136941.0	343688541.0	327734709.0	positive_groups	614523824.8610296	2016	0.2203751087378323	1487167543.0
58749961.0		4502228.0	118.0	TZA		12.0	16353361.0	9642578.0	52324722.0	42682144.0	CBCR	3730709.0	5651938.0	4963489.0	positive_groups	260657.28	2016	0.3035149165972671	16353361.0
61887372.0		16956639.0	287.0	UGA		9.0	20410182.0	24301970.0	79265875.0	54963905.0	CBCR	11946723.0	5123964.0	4598420.0	positive_groups	397866.4568155729	2016	0.2253002937455432	20410182.0
14383956698.0		18764319762.0	36244.0	IRS_Other_Africa		136.0	4867721377.0	7204114587.0	13388872863.0	6184758276.0	CBCR	9629934478.0	1022725293.0	1015930274.0	positive_groups	152224800.0	2016	0.20870756465238	4867721377.0
5401362584.0		7177667797.0	73094.0	ARG		211.0	3104517454.0	6447266857.0	25440934733.0	18993667877.0	CBCR	6360278343.0	1142115976.0	1020036128.0	positive_groups	843297093.6704222	2016	0.3285651129729484	3104517454.0
403352329885.0		349842348469.0	384.0	BMU		121.0	33148542215.0	56473569681.0	64649742023.0	8176172342.0	CBCR	7791493261.0	448760071.0	451334205.0	positive_groups	28666828.800000004	2016	0.0136155068923594	33148542215.0
246771158.0		182712173.0	2262.0	BOL		26.0	41956600.0	147143520.0	578872554.0	431729034.0	CBCR	236585498.0	8906043.0	12597165.0	positive_groups	12177341.28	2016	0.3002427508425372	41956600.0
17876809881.0		85852423944.0	268332.0	BRA		341.0	8243779829.0	14623720823.0	79443865666.0	64820144843.0	CBCR	32483823526.0	2001094154.0	2170411422.0	positive_groups	1943131544.64	2016	0.2632786739845864	8243779829.0
102110292870.0		229993024594.0	631055.0	CAN		698.0	27325676537.0	71464731083.0	295908376264.0	224443645181.0	CBCR	118244089941.0	4392356817.0	3980574242.0	positive_groups	25098975757.2	2016	0.1456715714471022	27325676537.0
105914384366.0		242126854049.0	1276.0	CYM		161.0	28745784521.0	30605844503.0	46645839002.0	16039994498.0	CBCR	5059455243.0	62066871.0	71732465.0	positive_groups	79882872.47053225	2016	0.0024954081509793	28745784521.0
9372769281.0		34558767474.0	104809.0	CHL		212.0	4458752861.0	4640716798.0	27107644412.0	22466927614.0	CBCR	16092549790.0	483425406.0	538784001.0	positive_groups	1017221653.32	2016	0.1208373771313179	4458752861.0
4322037794.0		2651818219.0	48718.0	COL		187.0	1428050174.0	4220838692.0	15601293949.0	11380455257.0	CBCR	5777458929.0	640883607.0	544235684.0	positive_groups	232718091.12	2016	0.3811040353544329	1428050174.0
812173961.0		1676430440.0	60906.0	CRI		103.0	842273649.0	4596934465.0	8898943959.0	4302009494.0	CBCR	2449059810.0	128571040.0	122930946.0	positive_groups	679257819.36	2016	0.1459513142147463	842273649.0
716994606.0		689463044.0	24334.0	DOM		60.0	461043566.0	1331069937.0	2604931353.0	1273861416.0	CBCR	1231625276.0	47564342.0	56746844.0	positive_groups	210076407.0231612	2016	0.1230834745018435	461043566.0
91968361.0		909537228.0	10508.0	ECU		72.0	252187818.0	699169598.0	3124155364.0	2424985766.0	CBCR	696708969.0	75792803.0	471721222.0	positive_groups	51561915.36	2016	1.8705154980959469	252187818.0
203092423.0		1284204855.0	34642.0	SLV		54.0	338969056.0	1100472534.0	3491605274.0	2391132740.0	CBCR	1167524794.0	76685507.0	64957338.0	positive_groups	144369842.16000003	2016	0.1916320585912125	338969056.0
832568915.0		794714092.0	23041.0	GTM		72.0	276541268.0	575590024.0	3818677871.0	3243087847.0	CBCR	820652178.0	69403786.0	59847483.0	positive_groups	95754709.44	2016	0.2164142930016506	276541268.0
801834963.0		255412911.0	46131.0	HND		41.0	171697446.0	1407730595.0	3401189506.0	1993458911.0	CBCR	780551721.0	47643351.0	40009242.0	positive_groups	165756063.95999998	2016	0.2330217655072166	171697446.0
83865106456.0		83746610446.0	882878.0	MEX		481.0	12443363767.0	51143101206.0	144891274736.0	93748173530.0	CBCR	43317039723.0	4137115995.0	3597640874.0	positive_groups	8808784939.004456	2016	0.2891212489938614	12443363767.0
212902179.0		115289401.0	8345.0	NIC		22.0	80899774.0	110594578.0	1222396815.0	1111802237.0	CBCR	374920013.0	24676479.0	20977491.0	positive_groups	30229261.8	2016	0.2593022200531734	80899774.0
2468160666.0		4237011721.0	7660.0	PAN		79.0	948738621.0	8299891932.0	12233246069.0	3933354137.0	CBCR	2688935279.0	59304251.0	65991110.0	positive_groups	82306087.2	2016	0.0695566814076181	948738621.0
7465700370.0		3874501518.0	26000.0	PER		117.0	1793217867.0	3006177079.0	9415585517.0	6409408438.0	CBCR	10570224589.0	618501643.0	480279383.0	positive_groups	131798160.0	2016	0.2678310270260094	1793217867.0
100044553415.0		25663131026.0	58370.0	PRI		183.0	39173669937.0	83444849032.0	96529616512.0	13084767480.0	CBCR	15805200873.0	592478297.0	393304479.0	positive_groups	1540436109.5371902	2016	0.0100400212600075	39173669937.0
169130357.0		968963155.0	2769.0	TTO		37.0	205090617.0	585633774.0	1185738488.0	600104714.0	CBCR	350814109.0	58257086.0	55062384.0	positive_groups	50076903.72592542	2016	0.2684783185376052	205090617.0
1571942614.0		1255909781.0	5602.0	URY		69.0	1047060372.0	1574415204.0	3637702720.0	2063287516.0	CBCR	566915551.0	25524076.0	31761001.0	positive_groups	66497308.56	2016	0.0303334954214082	1047060372.0
-498157758.0		829670907.0	9925.0	VEN		42.0	916297965.0	602439383.0	1490255336.0	887815953.0	CBCR	222630207.0	14146229.0	12440733.0	positive_groups	105434149.21851394	2016	0.0135771697364841	916297965.0
61470866936.0		121805545802.0	17056.0	IRS_Other_America		170.0	28100774443.0	31893221541.0	36610153888.0	4716932347.0	CBCR	11079427072.0	171484266.0	178333968.0	positive_groups	1023360000.0	2016	0.00634622965149	28100774443.0
33938008912.0		86987785598.0	173249.0	AUS		437.0	8589870333.0	13650813761.0	80841503684.0	67190689923.0	CBCR	25803152834.0	2296748968.0	2050263268.0	positive_groups	11769151068.0	2016	0.23868384370407	8589870333.0
162690992.0		19758719.0	2846.0	BGD		13.0	450715010.0	12059540.0	1234835477.0	1222775937.0	CBCR	1562842561.0	162710204.0	162393005.0	positive_groups	5101625.76	2016	0.3603008584071784	450715010.0
41280122102.0		54682903642.0	972237.0	CHN		529.0	21121409582.0	83150166412.0	234549583335.0	151399416924.0	CBCR	56547305861.0	4886148327.0	4626663127.0	positive_groups	9886833610.92	2016	0.2190508691684534	21121409582.0
58434884822.0		53718671856.0	74198.0	HKG		433.0	11502105707.0	43468287318.0	130332113502.0	86863826184.0	CBCR	8277375322.0	1313575370.0	1279490471.0	positive_groups	2547455406.640022	2016	0.1112396724211395	11502105707.0
47802045316.0		44325004235.0	1027281.0	IND		456.0	13303978073.0	31077741783.0	67197952438.0	36120210655.0	CBCR	16898033925.0	3894810604.0	3090491222.0	positive_groups	2602824399.832522	2016	0.2322982798860781	13303978073.0
8908029200.0		4820217952.0	55233.0	IDN		138.0	3548834411.0	7959217369.0	14756006849.0	6796789480.0	CBCR	18290592459.0	896201190.0	942800599.0	positive_groups	258638538.92744985	2016	0.2656648605744147	3548834411.0
18418742140.0		17672516714.0	38542.0	ISR		149.0	2892206627.0	9607904198.0	14894559572.0	5286655374.0	CBCR	7593731992.0	704835772.0	467760425.0	positive_groups	1171023127.68	2016	0.1617313302007035	2892206627.0
61700357876.0		38210585373.0	255009.0	JPN		432.0	27006378262.0	23238486312.0	181746446925.0	158507960613.0	CBCR	27826620989.0	6270820927.0	6053713433.0	positive_groups	8485587680.76	2016	0.224158655198799	27006378262.0
5536294035.0		235681293.0	4093.0	KAZ		51.0	541376835.0	85897585.0	1687792725.0	1601895140.0	CBCR	2084620049.0	189693326.0	183234736.0	positive_groups	44445711.48641777	2016	0.3384606140379094	541376835.0
28133805633.0		17990013710.0	89989.0	KOR		334.0	5143841340.0	6497990655.0	40759613241.0	34261622586.0	CBCR	12889587603.0	1303380518.0	899677644.0	positive_groups	3525639435.84	2016	0.1749038480257635	5143841340.0
13221691577.0		10852685227.0	132683.0	MYS		287.0	3361675827.0	20992772072.0	35547609316.0	14554837244.0	CBCR	16132553802.0	428362994.0	484547791.0	positive_groups	1218077705.88	2016	0.1441387617176687	3361675827.0
2256936516.0		4449862493.0	24033.0	NZL		260.0	995196913.0	1175075022.0	10771354225.0	9596279203.0	CBCR	2741010913.0	247663377.0	241502215.0	positive_groups	811758096.4812808	2016	0.2426677694085652	995196913.0
5220829036.0		2843378661.0	226544.0	PHL		181.0	2018411961.0	9810162959.0	16950882679.0	7140719720.0	CBCR	5673745855.0	431794224.0	421376764.0	positive_groups	771164837.76	2016	0.2087664818391353	2018411961.0
11174328360.0		4782096044.0	3479.0	QAT		49.0	1492131675.0	787803858.0	3507927005.0	2720123147.0	CBCR	4353051202.0	607565390.0	429961749.0	positive_groups	182017843.2770784	2016	0.2881526853184723	1492131675.0
3326214502.0		1083770089.0	26067.0	SAU		91.0	1301292502.0	1309982850.0	9550066652.0	8240083802.0	CBCR	2345413887.0	287581446.0	258459896.0	positive_groups	534960528.84	2016	0.1986178323495788	1301292502.0
98825302870.0		132494323859.0	110756.0	SGP		449.0	31021133913.0	169252051940.0	293861396197.0	124609344257.0	CBCR	38330958013.0	1765479142.0	1936866030.0	positive_groups	4371969053.28	2016	0.0624369836200062	31021133913.0
5578110299.0		8022352076.0	77743.0	TWN		279.0	2862066022.0	7941447542.0	30002557907.0	22061110365.0	CBCR	8129166580.0	500992662.0	528984345.0	positive_groups	1679707057.9883	2016	0.1848260455677217	2862066022.0
6757283693.0		7162832817.0	131095.0	THA		243.0	4792658879.0	18894795161.0	45212340711.0	26317545550.0	CBCR	16968628091.0	768615060.0	801810463.0	positive_groups	770162149.8000001	2016	0.1672997146768141	4792658879.0
5654609171.0		4815794075.0	24750.0	ARE		210.0	3728384276.0	7697860936.0	24346850062.0	16648989126.0	CBCR	10126272449.0	1518831492.0	1658774608.0	positive_groups	819606696.936694	2016	0.4449044103843335	3728384276.0
395335828.0		2321348377.0	42442.0	VNM		92.0	703789101.0	1764953305.0	6354273161.0	4589319856.0	CBCR	1720136825.0	97601839.0	96977736.0	positive_groups	147209228.16000003	2016	0.137793745117971	703789101.0
10366328108.0		8646575128.0	74005.0	IRS_Other_Asia_Oceania		185.0	4130029089.0	4479842123.0	24206259977.0	19726417854.0	CBCR	22041514593.0	546799527.0	478647541.0	positive_groups	4440300000.0	2016	0.1158944720933901	4130029089.0
18678343417.0		6695048238.0	21341.0	AUT		230.0	981659405.0	3206819529.0	14746753695.0	11539934166.0	CBCR	3155741843.0	240753727.0	509054885.0	positive_groups	837134016.9599999	2016	0.5185656882694462	981659405.0
46387535629.0		65662343649.0	73100.0	BEL		341.0	7025464895.0	44593826928.0	92631629371.0	48037802443.0	CBCR	19132062910.0	1080388996.0	1132065207.0	positive_groups	3001287168.0	2016	0.1611374085444063	7025464895.0
396721632.0		1304777914.0	13642.0	BGR		69.0	221410639.0	776594710.0	2352368716.0	1575774006.0	CBCR	1464570962.0	17459766.0	14930807.0	positive_groups	113216049.36	2016	0.0674349121949826	221410639.0
174469548.0		887599961.0	3522.0	HRV		59.0	86423595.0	195820536.0	654481936.0	458661400.0	CBCR	204675953.0	14034506.0	16654929.0	positive_groups	59357674.8	2016	0.1927127539649328	86423595.0
32858404095.0		32332177496.0	1309.0	CYP		44.0	1623457714.0	479307684.0	923573831.0	444266147.0	CBCR	135657810.0	11955231.0	16917461.0	positive_groups	33573650.88	2016	0.0104206354462522	1623457714.0
2303784223.0		4079112881.0	73127.0	CZE		236.0	986284402.0	5366938144.0	12950679542.0	7583741398.0	CBCR	3472043725.0	156080181.0	150803183.0	positive_groups	1360267502.88	2016	0.1529003020773718	986284402.0
3901486602.0		59600675747.0	22988.0	DNK		237.0	1381917235.0	4384518392.0	12323608454.0	7939090062.0	CBCR	3136843364.0	455896180.0	396173232.0	positive_groups	1536644813.76	2016	0.2866837622153254	1381917235.0
577249967253.0		931077447875.0	324128.5	IRL		483.0	115930821007.5	298529748749.0	636935774258.5	338406025510.0	CBCR	235264845678.5	4592030158.5	5069997723.5	positive_groups	4706820834.72	2016	0.10635530666264766	44921342544.0
-5842803592.0		5074318607.0	15650.0	FIN		207.0	992363806.0	3649012651.0	8700871339.0	5051858688.0	CBCR	3144135311.0	97602533.0	108754255.0	positive_groups	684867161.9999999	2016	0.1095911140072353	992363806.0
30574298157.0		88031003750.0	228570.0	FRA		463.0	9013478378.0	36717056464.0	123686098783.0	86969042318.0	CBCR	28057263564.0	2018708907.0	2360430251.0	positive_groups	9074082715.2	2016	0.2618778402754382	9013478378.0
20565696956.0		156739171181.0	403054.0	DEU		537.0	14276146673.0	105867061137.0	253400100698.0	147533039561.0	CBCR	50313813403.0	3538245901.0	3163668069.0	positive_groups	23823828687.12	2016	0.2216051811083827	14276146673.0
254942303.0		1467071656.0	9572.0	GRC		120.0	335959791.0	536808306.0	3788694549.0	3251886243.0	CBCR	548580240.0	74757455.0	24118752.0	positive_groups	120279837.6	2016	0.0717905911544039	335959791.0
12871668573.0		28832905751.0	65574.0	HUN		191.0	6324968623.0	11803972537.0	19826743601.0	8022771064.0	CBCR	3520511589.0	1263987448.0	221142577.0	positive_groups	933579660.96	2016	0.034963426726868	6324968623.0
16085523331.0		31288304179.0	133274.0	ITA		420.0	4526366670.0	16011458365.0	77842561078.0	61831102713.0	CBCR	16513330019.0	1434994811.0	1073780235.0	positive_groups	3924476830.32	2016	0.2372278503455841	4526366670.0
105854529.0		58914273.0	1207.0	LVA		39.0	68620427.0	324858568.0	472948860.0	148090292.0	CBCR	19389435.0	2063077.0	1919866.0	positive_groups	16733365.199999996	2016	0.0279780538235356	68620427.0
596396289.0		194171616.0	6790.0	LTU		49.0	132608526.0	593257392.0	886328548.0	293071156.0	CBCR	148715638.0	13486792.0	22863286.0	positive_groups	118251109.2	2016	0.1724118854921892	132608526.0
255708240515.2		916200400974.4	98051.6	LUX		300.4	51725297556.4	74959426418.6	164634019948.40002	89674593530.0	CBCR	89401891912.6	451378859.0	535072797.6	positive_groups	626526715.3199999	2016	0.0168131043105786	23321506171.0
325437063123.0		1050715065423.0	101441.0	NLD		484.0	45580065630.0	159986793897.0	240208079762.0	80221285864.0	CBCR	35604980167.0	2512416905.0	2736375772.0	positive_groups	3881685553.1608663	2016	0.0600344851236669	45580065630.0
4924405058.0		9790699576.0	21395.0	NOR		210.0	2222552427.0	8004914498.0	17776184825.0	9771270327.0	CBCR	14397274914.0	1162041629.0	1083672965.0	positive_groups	1439890346.4	2016	0.4875803836324982	2222552427.0
4876191254.0		9652154264.0	160959.0	POL		300.0	2174046138.0	14766354140.0	31694490986.0	16928136846.0	CBCR	9571086204.0	372965770.0	298614213.0	positive_groups	2188950290.960843	2016	0.1373541286822497	2174046138.0
1167841221.0		1093409526.0	31484.0	PRT		196.0	442589512.0	1923005865.0	7770690883.0	5847685018.0	CBCR	1587942217.0	88312633.0	107383398.0	positive_groups	396203471.52	2016	0.2426252658241933	442589512.0
1034294608.0		1166743656.0	49345.0	ROU		142.0	451212941.0	2937298091.0	6682477816.0	3745179725.0	CBCR	1270764596.0	74822669.0	85693105.0	positive_groups	654539713.2	2016	0.1899172147192471	451212941.0
8812728862.0		8429585950.0	130421.0	RUS		241.0	2821689931.0	5077631342.0	27054239804.0	21976608462.0	CBCR	6546736359.0	613482280.0	539296792.0	positive_groups	1035688811.52	2016	0.1911254621123004	2821689931.0
135519009.0		197219135.0	6728.0	SRB		48.0	51971384.0	238189571.0	541927192.0	303737621.0	CBCR	142210165.0	5569231.0	9311491.0	positive_groups	56887392.96	2016	0.1791657308952942	51971384.0
785751786.0		1426210810.0	37249.0	SVK		121.0	431271777.0	1484526603.0	5444138740.0	3959612137.0	CBCR	1837825076.0	51875993.0	91085044.0	positive_groups	620396994.6	2016	0.2112010311307711	431271777.0
296152291.0		187767406.0	3439.0	SVN		44.0	52815884.0	224295661.0	995274455.0	770978794.0	CBCR	265862530.0	6944349.0	9597372.0	positive_groups	80232420.24	2016	0.1817137435397275	52815884.0
18339520981.0		42277457614.0	118784.0	ESP		399.0	4799369848.0	24544582239.0	66016020335.0	41471438096.0	CBCR	14692184818.0	950025497.0	830524736.0	positive_groups	3230330880.0	2016	0.1730487047890458	4799369848.0
-16825824267.0		73343026220.0	35401.0	SWE		316.0	2770589877.0	10022538014.0	23794413407.0	13771875393.0	CBCR	3604450589.0	2500699673.0	347458262.0	positive_groups	2015953842.24	2016	0.1254094894680798	2770589877.0
245207021819.0		251075331823.0	58897.0	CHE		350.0	30562391600.0	127320313290.0	237137953271.0	109817639981.0	CBCR	31845711935.0	1689724354.0	1900095359.0	positive_groups	5372841130.92	2016	0.0621710298025237	30562391600.0
1174196631.0		4897786746.0	31978.0	TUR		184.0	1001345947.0	2398204767.0	12906902703.0	10508697936.0	CBCR	2278654958.0	247072988.0	230052972.0	positive_groups	314721080.4	2016	0.2297437490901433	1001345947.0
2120550103.0		447231743.0	19015.0	UKR		86.0	231568087.0	1145175817.0	2501013106.0	1355837289.0	CBCR	486915765.0	44784013.0	42112204.0	positive_groups	92673025.2	2016	0.1818566821774539	231568087.0
310824626672.0		891278465496.0	761010.0	GBR		622.0	50162490514.0	113877875013.0	441641250858.0	327763375845.0	CBCR	141334805031.0	5042740507.0	5881164786.0	positive_groups	27514712275.200005	2016	0.1172422805514133	50162490514.0
119739320684.0		155724291927.0	12882.0	IRS_Other_Europe		168.0	13527557621.0	13547638896.0	18266799995.0	4719161100.0	CBCR	1345971645.0	67249326.0	60242342.0	positive_groups	772920000.0	2016	0.004453305148483	13527557621.0
3647884978057.0		6901512162885.0	9297437.0	Rest		329.0	769118107001.0	2021048007247.0	4959994085399.0	2938946078153.0	CBCR	1456647560154.0	78627730654.0	73895047947.0	positive_groups		2016	0.0960776339477129	769118107001.0
8357736769329.0		14760861137258.0	22903463.0	USA		1487.0	762985561664.0	3303975478957.0	13921957900082.0	10617982421125.0	CBCR	5538478603820.0	212807566859.0	262772825731.0	all_groups	1114757351136.0	2017	0.2226915601920088	1179985561664.0
207175047032.10004		567077464221.9001	320858.4	Stateless		186.0	61071312995.100006	58436115713.70001	243445432340.09998	185009316626.10004	CBCR	134613415731.30005	398719237.5	1678884358.5000005	all_groups		2017	0.008247166842317761	203571043317.0
1237166256.0		805633173.0	4497.0	DZA		39.0	1045550794.0	729314079.0	2390981552.0	1661667473.0	CBCR	1252307080.0	714850413.0	702142425.0	all_groups	24070654.19800644	2017	0.671552667770247	1045550794.0
-1498721931.0		1489537047.0	6541.0	AGO		35.0	945902371.0	5550658244.0	6238599556.0	687941312.0	CBCR	14990974245.0	1048026869.0	606810138.0	all_groups	46220014.2	2017	0.64151455435986	945902371.0
38365999.0		25316498.0	1221.0	BWA		22.0	16192788.0	44815257.0	350400311.0	305585054.0	CBCR	40298662.0	2742767.0	3286541.0	all_groups	10136986.2	2017	0.2029632574699304	16192788.0
-32613507.0		34815069.0	303.0	CMR		13.0	2509186.0	8508160.0	81186605.0	72678445.0	CBCR	36949505.0	5031634.0	4926086.0	all_groups	1006772.04	2017	1.963220741706673	2509186.0
-316830767.0		160850056.0	449.0	COG		11.0	-382943861.0	750754161.0	924216102.0	173461941.0	CBCR	3239250265.0	57291106.0	68739815.0	all_groups	1496942.3456399555	2017	-0.1795036348682973	-382943861.0
-695195158.0		657344966.0	1071.0	CIV		26.0	-391258244.0	952919098.0	1086217014.0	133297916.0	CBCR	170594665.0	10824554.0	11356879.0	all_groups	2442779.64	2017	-0.0290265551567521	-391258244.0
10599195177.0		1758613737.0	45730.0	EGY		150.0	1614886328.0	1355499826.0	10812318904.0	9456819078.0	CBCR	5556294996.0	607362665.0	582500940.0	all_groups	181477745.265868	2017	0.3607070850128592	1614886328.0
-13873105.0		99667606.0	3582.0	ETH		15.0	10593363.0	7297983.0	122873448.0	115575465.0	CBCR	152096494.0	8002790.0	-2222917.0	all_groups	3113760.96	2017	-0.2098405388354954	10593363.0
-585771674.0		249670624.0	472.0	GAB		22.0	-144852348.0	18508326.0	171713456.0	153205130.0	CBCR	65645121.0	12759280.0	10327665.0	all_groups	4478932.609944079	2017	-0.071297877753421	-144852348.0
1346626226.0		981730870.0	7534.0	GHA		62.0	98688123.0	832037957.0	2317538198.0	1485500241.0	CBCR	3326286881.0	59683204.0	21857332.0	all_groups	21790136.16	2017	0.2214788500942509	98688123.0
-372194338.0		496302429.0	5584.0	KEN		94.0	-27007798.0	295907333.0	925587647.0	629680314.0	CBCR	408571008.0	47003805.0	47419703.0	all_groups	13476327.695933267	2017	-1.7557782015401626	-27007798.0
-904146814.0		1438279707.0	113.0	LBY		22.0	948426548.0	252772535.0	1273323723.0	1020551188.0	CBCR	1837181118.0	473271350.0	826206529.0	all_groups	954494.8674238984	2017	0.8711339119958924	948426548.0
116160049.0		21487198.0	3219.0	MWI		16.0	13341192.0	277132543.0	324211840.0	47079297.0	CBCR	121420522.0	5125518.0	1946884.0	all_groups	2666475.0487344177	2017	0.1459302886878473	13341192.0
11109193710.0		21735590953.0	2938.0	MUS		214.0	2338881267.788293	309069412.0	4751765286.0	4442695874.0	CBCR	30481382.0	156811327.0	173666528.0	all_groups	22892425.92	2017	0.0540661057596149	3212114606.0
-185031370.0		740096237.0	27677.0	MAR		134.0	102738267.0	788462843.0	2635885441.0	1847422598.0	CBCR	780763825.0	44162843.0	57445341.0	all_groups	116129740.89001626	2017	0.5591425928957903	102738267.0
361415142.0		142405323.0	6510.0	MOZ		35.0	-93919615.0	185921326.0	288996013.0	103074687.0	CBCR	504596515.0	7034030.0	1625277.0	all_groups	6646934.868774734	2017	-0.0173049793698579	-93919615.0
19425339.0		10504522.0	1039.0	NAM		24.0	5397495.0	3869943.0	80189509.0	76319566.0	CBCR	14409366.0	1141418.0	1876207.0	all_groups	6814634.76	2017	0.3476069917619191	5397495.0
3717330593.0		4060113183.0	10420.0	NGA		115.0	3421476889.0	8843238164.0	12177729799.0	3334491635.0	CBCR	29455252531.0	1907026135.0	2493470387.0	all_groups	33269019.961299226	2017	0.728770197167332	3421476889.0
-9036299.0		59009189.0	719.0	SEN		22.0	-7228634.0	56751905.0	167421774.0	110669869.0	CBCR	61032961.0	2376103.0	7636978.0	all_groups	1616559.7894311612	2017	-1.056489787697095	-7228634.0
2307062827.0		27281108443.0	121309.0	ZAF		412.0	801456588.0	3343497996.0	31714018976.0	28370520980.0	CBCR	8423034899.0	539422351.0	492323511.0	all_groups	859572338.9763929	2017	0.614285936844779	801456588.0
-41173113.0		156746997.0	4588.0	TZA		39.0	-38362358.0	146417445.0	261043056.0	114625611.0	CBCR	796410757.0	5307500.0	5911675.0	all_groups	10134708.48	2017	-0.1541009288323726	-38362358.0
-155769295.0		236381690.0	9739.0	TUN		57.0	66524777.0	208299286.0	451039231.0	242739945.0	CBCR	90824158.0	8592271.0	22660205.0	all_groups	46644608.25666804	2017	0.3406280490049594	66524777.0
-22182924.0		278249646.0	1433.0	UGA		24.0	9420232.0	36667569.0	208349842.0	171682273.0	CBCR	223152317.0	9035504.0	8591691.0	all_groups	1986559.6955286271	2017	0.9120466459849396	9420232.0
-217212648.0		129584647.0	2040.0	ZMB		31.0	1165934.0	66604087.0	421191914.0	354587827.0	CBCR	140003143.0	18215891.0	12975598.0	all_groups	10330804.8	2017	11.12893011096683	1165934.0
204047508.0		23938771.0	2849.0	ZWE		21.0	17815117.0	302789066.0	384383804.0	81594738.0	CBCR	140310275.0	17199531.0	3076438.0	all_groups	6588168.547410226	2017	0.1726869377282226	17815117.0
1244182950.0		4646566333.0	5145.0	IRS_Other_Africa		72.0	2960145186.0	1640025012.0	3353100514.0	1713075502.0	CBCR	4048220899.0	381538729.0	430377603.0	all_groups	21609000.0	2017	0.1453907075353837	2960145186.0
3163226947.0		18203929257.0	122316.0	ARG		399.0	3166554334.0	11359255339.0	44956339387.0	33597084048.0	CBCR	12758046843.0	1566798074.0	1368931740.0	all_groups	1411179129.7424052	2017	0.4323095692063372	3166554334.0
-1153478398.0		1500190061.0	939.0	ABW		34.0	27886283.0	39788768.0	360226550.0	320437782.0	CBCR	101692470.0	7620815.0	7349461.0	all_groups	25249010.99346605	2017	0.2635511157940984	27886283.0
-5369083532.0		96034912029.0	2943.0	BHS		67.0	-988059410.0	1402589255.0	2401746754.0	999157499.0	CBCR	2006215547.0	4291739.0	7952753.0	all_groups	84086256.59812559	2017	-0.0080488611509706	-988059410.0
21652203370.0		173458981714.0	638.0	BRB		170.0	4535351642.270284	23594017543.0	24016503717.0	422486174.0	CBCR	34857262793.0	6512487.0	203018655.0	all_groups	11474708.199073177	2017	0.0329030047910371	6170216255.0
634412589903.0		475309574101.0	547.0	BMU		277.0	23087926760.361404	67065159006.0	78124219874.0	11059060868.0	CBCR	12036149814.0	871555004.0	589387420.0	all_groups	40835300.400000006	2017	0.0181481310533267	32476480265.0
303900725.0		299826944.0	2909.0	BOL		55.0	43865367.0	464885532.0	1049170978.0	584285446.0	CBCR	315663858.0	17290739.0	8418624.0	all_groups	15660426.96	2017	0.1919196071014292	43865367.0
-257755135.0		133313470454.0	563445.0	BRA		752.0	5932539775.0	30201185714.0	177334639187.0	147133453473.0	CBCR	60117592619.0	3562947039.0	3171942133.0	all_groups	4080198236.4	2017	0.534668498366705	5932539775.0
1290890953.0		56358545357.0	63.0	VGB		180.0	2132013586.8518367	5135922693.0	6104400263.0	968477570.0	CBCR	736187470.0	27731851.0	23176975.0	all_groups	2011388.307785333	2017	0.007990562703969	2900543536.0
138151560005.0		365134020444.0	979512.0	CAN		1223.0	31651886255.0	143441530085.0	516356204626.0	372914674540.0	CBCR	194151972307.0	6481006991.0	6246519589.0	all_groups	38958169956.48	2017	0.1973506267106987	31651886255.0
142467078627.0		434994242689.0	1567.0	CYM		404.0	42014852200.997406	72153471532.0	87492539834.0	15339068302.0	CBCR	22234918339.0	74932002.0	341016594.0	all_groups	98100674.89131978	2017	0.0058253364519294	58540240004.0
11309325472.0		45719006447.0	125948.0	CHL		378.0	3447666093.0	3687948532.0	31520416751.0	27832468219.0	CBCR	19478918893.0	653458247.0	633068299.0	all_groups	1222385795.04	2017	0.1836222771936516	3447666093.0
3519215505.0		7667279266.0	93463.0	COL		374.0	1429295317.0	4315467920.0	22543983317.0	18228515397.0	CBCR	9387938734.0	744585687.0	850469794.0	all_groups	446457796.92	2017	0.5950273424144997	1429295317.0
6191310164.0		3159908818.0	90353.0	CRI		198.0	1499972066.0	5865426643.0	11941578748.0	6076152105.0	CBCR	3767270284.0	185138215.0	157501621.0	all_groups	1007667253.68	2017	0.105003036103207	1499972066.0
-586623852.0		11920831845.0	200.0	CUW		41.0	167755856.0	941211036.0	1085732210.0	144521174.0	CBCR	12722098.0	2757849.0	4538222.0	all_groups	3586704.0	2017	0.0270525399721366	167755856.0
1338154836.0		835197351.0	35771.0	DOM		128.0	636098650.0	1993075383.0	4104952823.0	2111877440.0	CBCR	1550034759.0	82400585.0	65030121.0	all_groups	308812490.98485655	2017	0.1022327605946027	636098650.0
245185632.0		1309981824.0	12783.0	ECU		133.0	464111905.0	1045853234.0	4844715503.0	3798862269.0	CBCR	1555948035.0	108516225.0	98777513.0	all_groups	62725158.36	2017	0.2128312416377253	464111905.0
416824515.0		1249024075.0	38401.0	SLV		92.0	320295087.0	1306260816.0	3867400144.0	2561139328.0	CBCR	1149602306.0	63018347.0	58600914.0	all_groups	160035399.48000002	2017	0.1829591410498282	320295087.0
445891345.0		474037710.0	30892.0	GTM		136.0	324425033.0	1078099834.0	5135833975.0	4057734141.0	CBCR	1063065346.0	97019291.0	81197027.0	all_groups	128382209.28	2017	0.2502797834345909	324425033.0
34412629.0		8456512.0	972.0	GUY		16.0	-105879402.0	12868215.0	128188651.0	115320436.0	CBCR	597858782.0	2127875.0	5645585.0	all_groups	5365906.5600000005	2017	-0.0533208999423702	-105879402.0
776043498.0		850160068.0	67908.0	HND		80.0	272848868.0	1659948165.0	4299546898.0	2639598733.0	CBCR	985310562.0	49887670.0	42116215.0	all_groups	244004309.28	2017	0.154357301566668	272848868.0
107082929.0		127871565.0	11977.0	JAM		52.0	52012571.0	126049291.0	541962203.0	415912912.0	CBCR	139756919.0	17623927.0	13093340.0	all_groups	124449174.36	2017	0.2517341432708642	52012571.0
41696570173.0		100541059091.0	1226718.0	MEX		895.0	15605119308.0	90807899958.0	220335624358.0	129527724401.0	CBCR	74341683396.0	5583938568.0	4884619668.0	all_groups	12239397790.86767	2017	0.3130139264937173	15605119308.0
122312122.0		69399245.0	10905.0	NIC		50.0	84494088.0	58566077.0	1451556045.0	1392989968.0	CBCR	492056981.0	33915922.0	27667070.0	all_groups	39502708.2	2017	0.3274438561902698	84494088.0
2561916348.0		3244187364.0	14109.0	PAN		200.0	888967285.0	4102105136.0	9530119628.0	5428014492.0	CBCR	3344865899.0	93648998.0	77287319.0	all_groups	151600076.28	2017	0.0869405660974351	888967285.0
797608068.0		410570858.0	2319.0	PRY		51.0	105972765.0	1444774398.0	2172808044.0	728033646.0	CBCR	929112085.0	7562948.0	12494082.0	all_groups	15701673.161032574	2017	0.1178989903679497	105972765.0
8423968607.0		8170072802.0	41990.0	PER		257.0	1864287686.0	3884850465.0	13308898345.0	9424047880.0	CBCR	13384855581.0	364782984.0	750278985.0	all_groups	212854028.4	2017	0.4024480720621999	1864287686.0
114439525979.0		26061360236.0	71619.0	PRI		338.0	24998936166.553066	82695536299.0	98482114230.0	15786577931.0	CBCR	16023284110.0	557232405.0	527523882.0	all_groups	1890088979.423403	2017	0.0153638808582761	34335327569.0
3108497876.0		518667004.0	743.0	KNA		16.0	72710898.0	40071403.0	188795993.0	148724590.0	CBCR	279429264.0	4437466.0	4264965.0	all_groups	14754412.024816165	2017	0.0586564754020779	72710898.0
340539862.0		911661091.0	291.0	LCA		30.0	78890075.0	-1852729.0	121667500.0	123520229.0	CBCR	152169547.0	1773470.0	1429114.0	all_groups	3698718.3493600464	2017	0.0181152572107454	78890075.0
2660040155.0		1334094700.0	5160.0	TTO		77.0	465042995.0	805342050.0	2205089712.0	1399747662.0	CBCR	891018782.0	192372511.0	143835703.0	all_groups	93317740.42100944	2017	0.3092954942800504	465042995.0
1470467634.0		1870630949.0	8827.0	URY		158.0	240193524.0	1286527163.0	5649272797.0	4362745634.0	CBCR	1211616501.0	63473680.0	60751300.0	all_groups	104778961.56	2017	0.2529264694080594	240193524.0
-4349754973.0		3842807389.0	18212.0	VEN		169.0	-1161534995.0	56432458.0	1342186943.0	1285754485.0	CBCR	1062048779.0	311340870.0	50507181.0	all_groups	193467680.15794212	2017	-0.0434831332826093	-1161534995.0
-1368255927.0		1279020297.0	2480.0	VIR		71.0	-275833552.0	36255234.0	1609689565.0	1573434331.0	CBCR	584971850.0	3486817.0	-1904657.0	all_groups	82666101.23938929	2017	0.0069050954323352	-275833552.0
163121753.0		842654783.0	4651.0	IRS_Other_America		65.0	-69392435.0	91627383.0	427088829.0	335461446.0	CBCR	289567005.0	10691701.0	19116202.0	all_groups	279060000.0	2017	-0.2754796254087351	-69392435.0
-225625.0		12731912.0	1095.0	ARM		18.0	2972859.0	47394937.0	69434008.0	22039071.0	CBCR	11076174.0	644578.0	1122106.0	all_groups	2886726.6	2017	0.3774501246106862	2972859.0
40697841885.0		242306679980.0	271545.0	AUS		808.0	14812275371.0	20298018979.0	143231265235.0	122933246256.0	CBCR	109364840579.0	3135313613.0	2825099187.0	all_groups	18446594940.0	2017	0.1907268880870983	14812275371.0
536471947.0		266665616.0	1721.0	AZE		37.0	105236378.0	12662441.0	1409271880.0	1396609439.0	CBCR	2470461008.0	71184201.0	81139455.0	all_groups	7711663.32	2017	0.7710209771757823	105236378.0
-783639871.0		1207093372.0	5677.0	BHR		66.0	218418171.0	652247342.0	1795980164.0	1143732822.0	CBCR	480329972.0	5877888.0	4850119.0	all_groups	154547468.88	2017	0.0222056570558866	218418171.0
108333425.0		172739046.0	3742.0	BGD		57.0	433682808.0	32249428.0	1326671798.0	1294422370.0	CBCR	1388574916.0	180124678.0	181207626.0	all_groups	6707759.52	2017	0.4178344694724444	433682808.0
-106604918.0		37697470.0	654.0	BRN		25.0	2246956.0	6480412.0	144864000.0	138383588.0	CBCR	154775373.0	1637523.0	-3346306.0	all_groups	21016395.162097357	2017	-1.489261917011281	2246956.0
-45054247.0		164804443.0	2167.0	MMR		34.0	-688534.0	15674642.0	338485352.0	322810710.0	CBCR	528348024.0	12017669.0	18940168.0	all_groups	2801670.96	2017	-27.507963295930196	-688534.0
149438420.0		95147273.0	3211.0	KHM		34.0	46315839.0	42224563.0	412906469.0	370681906.0	CBCR	295658414.0	7403237.0	6661249.0	all_groups	7072933.920000001	2017	0.1438222677991431	46315839.0
54099659892.0		82943826034.0	1322419.0	CHN		976.0	26774768893.0	153748622929.0	393238606601.0	239489983672.0	CBCR	91525840139.0	7334903889.0	6916911911.0	all_groups	13447890398.04	2017	0.2583369417171088	26774768893.0
104899611.0		20302116.0	818.0	FJI		19.0	20250559.0	165866828.0	399580728.0	233713900.0	CBCR	270415581.0	5162279.0	3512949.0	all_groups	5237915.76	2017	0.1734741742190919	20250559.0
-32095003.0		18011793.0	522.0	GEO		27.0	105923139.0	12779491.0	273821589.0	261042098.0	CBCR	35925756.0	217279.0	43375.0	all_groups	2640651.8400000003	2017	0.000409495039606	105923139.0
390397589.0		-34957442.0	1854.0	GUM		48.0	70312767.0	23441780.0	846524986.0	823083206.0	CBCR	189650739.0	18137770.0	22127888.0	all_groups	58943395.73796657	2017	0.3147065453987894	70312767.0
73466950496.0		125144094979.0	91722.0	HKG		876.0	8714024565.71619	53508670020.0	166080367205.0	112571697184.0	CBCR	20279563933.0	1354315623.0	1583777450.0	all_groups	3149110552.9507008	2017	0.1286036705713433	12315180764.0
29551155733.0		40307631835.0	1416861.0	IND		752.0	11799551782.0	43663178161.0	101784926136.0	58121747974.0	CBCR	30475699107.0	4943485085.0	4570395998.0	all_groups	3589904205.345087	2017	0.3873364075550781	11799551782.0
-2156461102.0		34780685203.0	96290.0	IDN		280.0	3547422134.0	8007290864.0	29639405176.0	21632114312.0	CBCR	22725230930.0	2002614936.0	1534779253.0	all_groups	450895387.057088	2017	0.4326463541764663	3547422134.0
-155484128.0		1099019657.0	3046.0	IRQ		29.0	-121359781.0	548194566.0	1856035420.0	1307840854.0	CBCR	1538326582.0	3123998.0	40015815.0	all_groups	20930613.23785951	2017	-0.3297288003510817	-121359781.0
16608449441.0		45491017026.0	59362.0	ISR		282.0	3445855626.0	14817022926.0	22424207262.0	7607184335.0	CBCR	11734290799.0	796942283.0	585222284.0	all_groups	1803598020.48	2017	0.1698336632516826	3445855626.0
88513306172.0		67797128545.0	390536.0	JPN		678.0	24933215374.0	26925487100.0	236013373987.0	209087886887.0	CBCR	41960542636.0	5188248239.0	5274069932.0	all_groups	12995335343.04	2017	0.2115278696665703	24933215374.0
498881245.0		312915069.0	2923.0	JOR		44.0	260531576.0	359257282.0	1030797821.0	671540539.0	CBCR	993888104.0	16458964.0	13060703.0	all_groups	24355722.12	2017	0.0501309791332164	260531576.0
-110932143.0		11460088053.0	5331.0	KAZ		91.0	467032119.0	684187971.0	2768422772.0	2084234801.0	CBCR	12223875152.0	206302828.0	198941026.0	all_groups	57889100.39924093	2017	0.4259686173746864	467032119.0
30481413121.0		17458673056.0	131157.0	KOR		560.0	5391879196.0	18723865890.0	73448379569.0	54724513679.0	CBCR	24416468143.0	1468257505.0	1480158484.0	all_groups	5138542393.92	2017	0.2745162549446703	5391879196.0
832710390.0		282260892.0	3614.0	KWT		47.0	283269399.0	394609994.0	1580562877.0	1185952883.0	CBCR	512667159.0	12113977.0	35785857.0	all_groups	112630993.44956924	2017	0.1263315314902758	283269399.0
-33046134.0		387224970.0	918.0	LBN		53.0	48439442.0	71108810.0	320505820.0	249397010.0	CBCR	24157573.0	7648906.0	12410405.0	all_groups	8189462.3545911135	2017	0.2562045409193607	48439442.0
4312855040.0		5140308762.0	51287.0	MAC		74.0	3065571748.0	10833123400.0	27886208306.0	17053084906.0	CBCR	17870667439.0	8332746.0	9892965.0	all_groups	3111895808.62291	2017	0.0032271190542039	3065571748.0
15146471044.0		15746846741.0	168842.0	MYS		486.0	4658038505.0	25953350068.0	48372203163.0	22418853095.0	CBCR	19446323849.0	894960731.0	840379649.0	all_groups	1550030343.12	2017	0.1804149210226419	4658038505.0
2844838234.0		5884895400.0	28780.0	NZL		420.0	1412783401.0	1543098289.0	13142700773.0	11599602483.0	CBCR	3323872860.0	296433186.0	281967832.0	all_groups	972096617.8475956	2017	0.1995831999444619	1412783401.0
3281739054.0		563152800.0	6520.0	OMN		56.0	299928258.0	1218820118.0	2518244145.0	1299424027.0	CBCR	2582530197.0	198039763.0	197447837.0	all_groups	110877441.98848218	2017	0.6583168865669203	299928258.0
1023977085.0		575642957.0	12647.0	PAK		84.0	545869368.0	154017007.0	2961575880.0	2807558873.0	CBCR	970663272.0	161262574.0	136317996.0	all_groups	27094426.92	2017	0.2497264070696123	545869368.0
-373977204.0		8787439360.0	1116.0	PNG		31.0	411391036.0	245012757.0	1821463951.0	1576451194.0	CBCR	8606768545.0	8731074.0	61321617.0	all_groups	4365186.203765954	2017	0.1490591958352733	411391036.0
6526153980.0		4641168646.0	419421.0	PHL		328.0	2687146538.0	13494503164.0	24382383583.0	10887880419.0	CBCR	8282116610.0	598890707.0	607350478.0	all_groups	1427725860.84	2017	0.2260206019326512	2687146538.0
11066629743.0		4909028795.0	4921.0	QAT		83.0	1572608171.0	868877975.0	3957630699.0	3088752724.0	CBCR	4199181375.0	507166668.0	658773901.0	all_groups	257461858.8003744	2017	0.4189053021269085	1572608171.0
4330599155.0		1492665759.0	32700.0	SAU		174.0	920993206.0	1817492387.0	12968633952.0	11151141566.0	CBCR	6114640024.0	229093035.0	215588516.0	all_groups	671086404.0	2017	0.2340826344814535	920993206.0
174888804062.0		270148388968.0	162019.0	SGP		802.0	39595673629.929855	323111530178.0	530428779592.0	207317249415.0	CBCR	58217853369.0	2635400958.0	2587370789.0	all_groups	6395518563.719999	2017	0.0473509886480989	54642381561.0
55256068.0		162255130.0	6740.0	LKA		55.0	81442331.0	134369850.0	426027452.0	291657602.0	CBCR	128213037.0	17350733.0	21203649.0	all_groups	15708513.6	2017	0.2603516959749101	81442331.0
6960581256.0		17383614573.0	89217.0	TWN		427.0	3550355115.0	15157828871.0	47906518231.0	32748689360.0	CBCR	18881073925.0	652106520.0	661642513.0	all_groups	1927613091.758	2017	0.1863595306859888	3550355115.0
9493861316.0		8064958910.0	155964.0	THA		401.0	5832052233.0	23869527022.0	57008943723.0	33139416701.0	CBCR	17935979325.0	1100394344.0	1074602863.0	all_groups	916263545.76	2017	0.1842580999051213	5832052233.0
5969966478.0		9362168823.0	47855.0	ARE		443.0	4744664638.0	11860816977.0	35244630175.0	23383813198.0	CBCR	12194219592.0	2076410946.0	2317079169.0	all_groups	1584738524.521434	2017	0.4883546774713058	4744664638.0
546887207.0		3133132834.0	69562.0	VNM		180.0	714806209.0	2745655075.0	9343102413.0	6597447338.0	CBCR	3106571577.0	125769067.0	136597797.0	all_groups	241274405.76	2017	0.1910976643461137	714806209.0
603369798.0		1687860620.0	3518.0	IRS_Other_Asia_Oceania		87.0	558533365.0	142335248.0	995813262.0	853478014.0	CBCR	650166514.0	33662822.0	77925938.0	all_groups	211080000.0	2017	0.1395188593612487	558533365.0
12593878.0		2580361.0	214.0	ALB		16.0	7701602.0	4078031.0	68416843.0	64338812.0	CBCR	26485838.0	1857610.0	725801.0	all_groups	1224499.44	2017	0.094240263259514	7701602.0
4763335413.0		10796486675.0	28885.0	AUT		378.0	290751014.0	4038439527.0	17418363743.0	13379924216.0	CBCR	4782656367.0	628601700.0	208169911.0	all_groups	1133059185.6	2017	0.7159731212493725	290751014.0
2556606218.0		63102913.0	9526.0	BLR		30.0	83132668.0	367096148.0	490082252.0	122986104.0	CBCR	98030259.0	3818687.0	2712293.0	all_groups	66172930.56	2017	0.0326260790763987	83132668.0
40525183370.0		88604946218.0	106179.0	BEL		550.0	5872312498.0	96852552488.0	161253660741.0	64401108252.0	CBCR	40961059340.0	1432003170.0	1141805298.0	all_groups	4359420933.12	2017	0.194438783424567	5872312498.0
24080659.0		43312725.0	1398.0	BIH		26.0	9095334.0	25552232.0	141824393.0	116272161.0	CBCR	38255546.0	2796333.0	1367652.0	all_groups	7960883.040000001	2017	0.1503685296218918	9095334.0
350452081.0		1469721340.0	19059.0	BGR		122.0	215880273.0	1019257253.0	2853311558.0	1834054305.0	CBCR	1903519066.0	18720408.0	17859587.0	all_groups	158172165.72	2017	0.0827291292150626	215880273.0
205754483.0		1162229623.0	4742.0	HRV		100.0	125948812.0	331690007.0	1125091262.0	793401255.0	CBCR	372327518.0	18086121.0	20868992.0	all_groups	79918822.80000001	2017	0.1656942345752336	125948812.0
-6095370211.0		125718693577.0	1750.0	CYP		132.0	-70184334.0	735983720.0	1429015931.0	693032211.0	CBCR	327829451.0	38201776.0	30117220.0	all_groups	44884560.0	2017	-0.4291159904716058	-70184334.0
3232380661.0		5810186622.0	98790.0	CZE		350.0	1229291551.0	7274061328.0	18205459175.0	10931397846.0	CBCR	6001157004.0	262138105.0	253636937.0	all_groups	1837636257.6	2017	0.2063277314431001	1229291551.0
5368929529.0		67617370645.0	32279.0	DNK		376.0	1036795683.0	6523198465.0	18411357840.0	11888159375.0	CBCR	6322817849.0	425893366.0	459461815.0	all_groups	2157706540.08	2017	0.443155601950939	1036795683.0
325294394.0		147779841.0	4660.0	EST		75.0	38911204.0	327647004.0	629038153.0	301391149.0	CBCR	185953662.0	3713654.0	2983357.0	all_groups	86511036.0	2017	0.0766708992093896	38911204.0
-5514060727.0		6280533136.0	20605.0	FIN		312.0	594465867.0	3935884821.0	11074114894.0	7138230073.0	CBCR	5424054879.0	178009148.0	190762986.0	all_groups	901705295.4	2017	0.3208981315658952	594465867.0
34110439738.0		169385896792.0	377747.0	FRA		783.0	4851349921.0	58099744181.0	204610914497.0	146511170317.0	CBCR	56764196469.0	3569606489.0	3199985304.0	all_groups	14996314141.92	2017	0.6596071930718188	4851349921.0
18297193530.0		288584260376.0	563009.0	DEU		882.0	6815204590.0	120876175526.0	338343530467.0	217467354941.0	CBCR	78403793551.0	4734847350.0	5342369881.0	all_groups	33278493614.52	2017	0.7838898760044414	6815204590.0
10910753849.0		145898959560.0	64.0	GIB		56.0	3718297070.0266733	2657578025.0	2924313445.0	266735420.0	CBCR	11629948.0	16214717.0	17267589.0	all_groups	3517587.6198154194	2017	0.0034134865684162	5058636867.0
-25749583.0		2823419546.0	14937.0	GRC		196.0	501417040.0	908969493.0	5245012567.0	4336043074.0	CBCR	1329777639.0	56023413.0	154720630.0	all_groups	187695354.6	2017	0.3085667571249673	501417040.0
-13631380867.0		17364024121.0	4956.0	GGY		53.0	-1645845155.0	236834902.0	556246118.0	319411216.0	CBCR	273910044.0	4266000.0	3190517.0	all_groups	225588080.9156629	2017	-0.0019385280506537	-1645845155.0
22534691787.0		153257334776.0	78054.0	HUN		306.0	3179890181.0	7339752808.0	19149843407.0	11810090599.0	CBCR	5507935007.0	1174964401.0	97227648.0	all_groups	1111257920.16	2017	0.0305757879881953	3179890181.0
-244616793.0		1086225788.0	1353.0	ISL		31.0	26396639.0	141026594.0	995468605.0	854442011.0	CBCR	816545238.0	10629504.0	21763077.0	all_groups	108689628.96	2017	0.824463940276639	26396639.0
449253203440.5		1426924628882.5	682624.0	IRL		876.0	93690662028.80748	372580700253.5	925900867366.5	553320167112.5	CBCR	312381413161.5	5854208670.5	7443535687.5	all_groups	6897633513.6	2017	0.1713326562956872	29478218004.0
95208847782.0		37395530087.0	645.0	IMN		41.0	5435873647.1667385	10391124735.0	12442375834.0	2051251099.0	CBCR	175144833.0	1861074.0	1561385.0	all_groups	31001022.000000004	2017	0.0002111306229481	7395350699.0
13081728542.0		54936680871.0	182394.0	ITA		674.0	7146354263.0	24275841439.0	108664044477.0	84388203038.0	CBCR	27105516604.0	1932553091.0	3605447144.0	all_groups	5370897751.92	2017	0.5045155909310397	7146354263.0
461149025850.0		130272121809.0	531.0	JEY		92.0	7915022870.784536	8496833559.0	15613014002.0	7116180443.0	CBCR	589992276.0	123336772.0	33122805.0	all_groups	25054352.92647071	2017	0.0028340135221014	11687595963.0
38240510.0		53359090.0	2146.0	LVA		60.0	30570690.0	180771138.0	398907445.0	218136307.0	CBCR	69234004.0	2202807.0	-1643543.0	all_groups	29751285.6	2017	-0.0537620511673109	30570690.0
742706236.0		227730385.0	8283.0	LTU		77.0	186925289.0	738351395.0	1224455889.0	486104494.0	CBCR	345798173.0	32028219.0	30026732.0	all_groups	144252420.84	2017	0.1606349368811193	186925289.0
495444553536.4		2087730181158.6	226458.6	LUX		660.0	38163814224.04779	124255330398.8	286595348568.4	162340018169.40002	CBCR	312497789421.2	1532786606.0	1828525188.0	all_groups	897909562.4399999	2017	0.03402231622607174	24865511556.0
-594007.0		50237107.0	4569.0	MKD		16.0	8159560.0	180447122.0	227504551.0	47057429.0	CBCR	145988815.0	2212094.0	1972415.0	all_groups	35911791.72	2017	0.2417305590007304	8159560.0
10437058007.0		44625561072.0	836.0	MLT		58.0	-251882581.0	-861436214.0	1293645657.0	2155081871.0	CBCR	308325015.0	23762954.0	65798619.0	all_groups	22923320.64	2017	-0.2612273494211972	-251882581.0
-64360051.0		162982727.0	240.0	MCO		17.0	8597624.0	142335492.0	296880795.0	154545303.0	CBCR	105449513.0	3212114.0	1989745.0	all_groups	28713710.70138884	2017	0.2314296368392011	8597624.0
461813739122.0		1740127886472.0	159393.0	NLD		919.0	21472549789.658348	217682682180.0	339171568619.0	121488886439.0	CBCR	68204127683.0	4058888774.0	5305763288.0	all_groups	6099244934.247198	2017	0.1326101815342773	40010225660.0
13398973702.0		21417951880.0	32308.0	NOR		330.0	1282795734.0	9410777562.0	29776058335.0	20365280773.0	CBCR	13808157877.0	1491238672.0	1897106919.0	all_groups	2174338738.56	2017	1.4788846491439922	1282795734.0
7358360658.0		15678388513.0	237897.0	POL		506.0	3031698280.0	18280813324.0	44535977248.0	26255163925.0	CBCR	17117272744.0	548274110.0	569425434.0	all_groups	3235263063.070172	2017	0.1878239130049577	3031698280.0
1479482770.0		3011829617.0	38955.0	PRT		301.0	598040532.0	2766100657.0	10607686509.0	7841585852.0	CBCR	2391651938.0	186010659.0	156132317.0	all_groups	490220627.4	2017	0.2610731357586311	598040532.0
-1995598749.0		13344691378.0	80005.0	ROU		252.0	468068694.0	5399171684.0	11752468971.0	6353297287.0	CBCR	4572303272.0	128331501.0	105088971.0	all_groups	1061231122.8	2017	0.2245161283954615	468068694.0
10440382822.0		15783842539.0	191930.0	RUS		430.0	4248393109.0	10941260921.0	54753687465.0	43812426544.0	CBCR	19348451707.0	1047159886.0	990506715.0	all_groups	1524139161.6	2017	0.233148555132919	4248393109.0
-307884441.0		1803673088.0	12603.0	SRB		87.0	83135336.0	624826484.0	1387804253.0	762977769.0	CBCR	636370298.0	14362289.0	36432927.0	all_groups	106562397.96	2017	0.4382363595667671	83135336.0
769856495.0		2235177168.0	46495.0	SVK		204.0	611878130.0	2168049749.0	8448125385.0	6280075636.0	CBCR	2641232373.0	113643775.0	127979063.0	all_groups	774392823.0000001	2017	0.2091577664329987	611878130.0
346112747.0		251255365.0	4279.0	SVN		73.0	83628509.0	314009112.0	1333135527.0	1019126415.0	CBCR	394237933.0	10355795.0	10567898.0	all_groups	99829754.64	2017	0.1263671698367837	83628509.0
17706743252.0		61462468420.0	174980.0	ESP		656.0	3785318913.0	28455801497.0	84938430152.0	56482628655.0	CBCR	21904128854.0	1285945336.0	1037452905.0	all_groups	4758581100.0	2017	0.274072787219342	3785318913.0
-10717537531.0		109926781796.0	54794.0	SWE		511.0	1085901358.0	15246951757.0	35902483171.0	20655531414.0	CBCR	8970245954.0	896955904.0	694134714.0	all_groups	3120312274.5600004	2017	0.6392244644379568	1085901358.0
374797001528.0		785782995067.0	79928.0	CHE		597.0	33689521598.450897	257118836450.0	437703126974.0	180584290524.0	CBCR	55500733717.0	3503504601.0	3425255423.0	all_groups	7291380646.08	2017	0.0693703043777322	49376393166.0
2344594195.0		9140489140.0	57296.0	TUR		355.0	1010461435.0	4140443617.0	29080412661.0	24939969045.0	CBCR	5324258011.0	358274466.0	297268842.0	all_groups	563895772.8	2017	0.2941911800918953	1010461435.0
473586291.0		818917721.0	33914.0	UKR		160.0	376125090.0	2436966825.0	5546264749.0	3109297924.0	CBCR	1434995719.0	53438863.0	61041712.0	all_groups	165285983.52	2017	0.1622909867565601	376125090.0
468016391430.0		1584049709853.0	1212807.0	GBR		1140.0	-3545298936.5108223	186498871015.0	673154287264.0	486655416248.0	CBCR	426171617313.0	9344066085.0	10287539581.0	all_groups	43849667744.64001	2017	0.5685622298350104	18093955316.0
52722307.0		554954428.0	3672.0	IRS_Other_Europe		30.0	9640969.0	65096410.0	217561062.0	152464652.0	CBCR	82102712.0	-510937.0	1988525.0	all_groups	220320000.0	2017	0.2062577942113495	9640969.0
4931218206045.0		12875124743718.0	14165638.0	Rest		88.0	596038328234.0	3037179381961.0	7638085375213.0	4600905993251.0	CBCR	2770400510778.0	109849076777.0	113264811576.0	all_groups		2017	0.1345126555148022	842038328234.0
7587292264034.0		10423483436815.0	19601743.0	USA		1094.0	893477022210.0	2963022320376.0	12389769429233.0	9426747108857.0	CBCR	4880475615011.0	209623491271.0	257852828271.0	positive_groups	954056035296.0	2017	0.1967625711102928	1310477022210.0
216151392146.10004		476532676944.0	308023.80000000005	Stateless		130.5	64550879598.30002	53903932449.3	231977700441.90002	178073767992.60004	CBCR	118384520652.90002	344435442.6	1623514233.0000005	positive_groups		2017	0.0075452770424034	215169598661.0
30195811.0		68060498.0	2331.0	AGO		14.0	1120023145.0	3125930343.0	3616081332.0	490150989.0	CBCR	8404005192.0	686913828.0	444561887.0	positive_groups	16471312.2	2017	0.3969220537848796	1120023145.0
10957216128.0		1515181842.0	35347.0	EGY		90.0	1741819057.0	922895764.0	9246757505.0	8323861741.0	CBCR	5107879206.0	587941381.0	561196434.0	positive_groups	140273209.31363738	2017	0.3221898576345637	1741819057.0
-73209157.0		24623322.0	437.0	GAB		8.0	41806141.0	16069148.0	158366613.0	142297465.0	CBCR	32507572.0	9756301.0	10285669.0	positive_groups	4146808.369799921	2017	0.2460324907768933	41806141.0
1455462096.0		876039514.0	7085.0	GHA		26.0	273890215.0	261858743.0	1664184225.0	1402325482.0	CBCR	2907451908.0	46682172.0	15717530.0	positive_groups	20491520.4	2017	0.0573862414179345	273890215.0
-13671167.0		178133720.0	3692.0	KEN		49.0	103088741.0	168649195.0	516779349.0	348130154.0	CBCR	220224210.0	38293532.0	44142280.0	positive_groups	8910208.068299718	2017	0.4281969065855601	103088741.0
11575642813.0		15879134292.0	2916.0	MUS		85.0	2456712326.750593	150607965.0	4601545036.0	4450937071.0	CBCR	16557058.0	73721067.0	89901603.0	positive_groups	22721005.44	2017	0.0272783775283181	3295709318.0
386098924.0		326289403.0	24371.0	MAR		67.0	218017215.0	586763962.0	1936065262.0	1349301300.0	CBCR	560498191.0	36606032.0	39269085.0	positive_groups	102258117.39822188	2017	0.1801191937985264	218017215.0
3961143728.0		3799267937.0	6375.0	NGA		50.0	3611722926.0	8755655733.0	11223221142.0	2467565409.0	CBCR	28686528396.0	1854233888.0	2492735846.0	positive_groups	20354126.895708498	2017	0.690179146372315	3611722926.0
5885949673.0		11519686678.0	98534.0	ZAF		281.0	1847854914.0	2873266261.0	27834772275.0	24961506014.0	CBCR	6953316136.0	498820686.0	468375145.0	positive_groups	698193051.205598	2017	0.2534696536245486	1847854914.0
67517254.0		85848472.0	3503.0	TZA		12.0	13487421.0	127598826.0	190983507.0	63384681.0	CBCR	147756226.0	4883309.0	5980283.0	positive_groups	7737986.88	2017	0.443397073465713	13487421.0
85326484.0		32722525.0	1309.0	UGA		10.0	23612926.0	36225724.0	131927497.0	95701773.0	CBCR	122721960.0	7758787.0	8300958.0	positive_groups	1814659.2054759057	2017	0.351542964222223	23612926.0
2977774722.0		4586211398.0	34702.0	IRS_Other_Africa		105.0	5351999127.0	4473517942.0	9967094565.0	5493576623.0	CBCR	7917181795.0	1644400112.0	2025498654.0	positive_groups	145748400.0	2017	0.3784564619567435	5351999127.0
6781928803.0		10297489976.0	87269.0	ARG		248.0	4070911001.0	8573407969.0	32178124256.0	23604716287.0	CBCR	7825207461.0	1393364018.0	1241379574.0	positive_groups	1006836321.2784096	2017	0.3049390108737481	4070911001.0
615694292177.0		423797811717.0	369.0	BMU		155.0	26413301137.171234	59913001875.0	70409412281.0	10496410406.0	CBCR	11561985443.0	838766518.0	527582197.0	positive_groups	27547030.800000004	2017	0.0148892511074804	35433763135.0
191828661.0		208982313.0	2182.0	BOL		33.0	58789252.0	106419896.0	543173112.0	436753216.0	CBCR	221553451.0	18325809.0	7843057.0	positive_groups	11746666.080000002	2017	0.1334097089719733	58789252.0
16983516177.0		64076130812.0	304407.0	BRA		405.0	11977613429.0	19314803788.0	105989989946.0	86675186158.0	CBCR	32757648639.0	3227559073.0	3059822608.0	positive_groups	2204369378.6400003	2017	0.2554617934647655	11977613429.0
136070578492.0		339827241515.0	852314.0	CAN		958.0	40102413725.0	126748650610.0	459864061048.0	333115410438.0	CBCR	171538826740.0	6353190986.0	6113357939.0	positive_groups	33899118814.56	2017	0.1524436404482284	40102413725.0
151390452187.0		287754426665.0	1510.0	CYM		208.0	46491724655.30369	63898940354.0	77707349970.0	13808409616.0	CBCR	21158778606.0	60983238.0	314001942.0	positive_groups	94532239.36559851	2017	0.0050345665043027	62369211278.0
11482387834.0		40001503223.0	112735.0	CHL		252.0	3760308958.0	3644200400.0	28971191340.0	25326990940.0	CBCR	18079055732.0	629758521.0	573828672.0	positive_groups	1094147287.8	2017	0.1526014692966087	3760308958.0
5141458665.0		4804206433.0	70173.0	COL		237.0	1932214526.0	3940824668.0	17108149356.0	13167324688.0	CBCR	7741839255.0	689463125.0	808363235.0	positive_groups	335205193.32	2017	0.418361017434976	1932214526.0
6363835873.0		2652959892.0	82128.0	CRI		135.0	1708833339.0	5611326902.0	11215700514.0	5604373612.0	CBCR	3348398601.0	174696952.0	154691451.0	positive_groups	915937447.68	2017	0.0905245979637339	1708833339.0
1331596364.0		770539763.0	32021.0	DOM		77.0	726666954.0	1928049085.0	3862499871.0	1934450786.0	CBCR	1466079037.0	77254915.0	60629615.0	positive_groups	276438589.18750083	2017	0.0834352170086435	726666954.0
253702210.0		906501362.0	7872.0	ECU		85.0	499304891.0	764604491.0	4066788409.0	3302183918.0	CBCR	1136179088.0	92422820.0	109779959.0	positive_groups	38627274.24	2017	0.2198655790856252	499304891.0
501708540.0		1214017057.0	27190.0	SLV		67.0	330816429.0	1155630450.0	3693903944.0	2538273494.0	CBCR	1136749314.0	62665692.0	58609125.0	positive_groups	113313781.20000002	2017	0.1771650978071587	330816429.0
462951876.0		410434721.0	30347.0	GTM		94.0	337727490.0	1067644136.0	5100820290.0	4033176154.0	CBCR	1047395106.0	92870722.0	76470482.0	positive_groups	126117276.48	2017	0.2264265843446738	337727490.0
898016957.0		287791713.0	37256.0	HND		45.0	293441628.0	1175447549.0	3628755450.0	2453307901.0	CBCR	779958987.0	45351626.0	38814917.0	positive_groups	133866768.96	2017	0.1322747466491018	293441628.0
122929153.0		115658041.0	7888.0	JAM		25.0	61399178.0	122412866.0	447255797.0	324842931.0	CBCR	119612433.0	16136189.0	13043706.0	positive_groups	81961683.84	2017	0.212441052549596	61399178.0
47183870150.0		83849763691.0	1112216.0	MEX		626.0	17726499309.0	87357924512.0	203930631810.0	116572707298.0	CBCR	65343424254.0	5267263278.0	4738672316.0	positive_groups	11096970985.481323	2017	0.2673213832803472	17726499309.0
2545913244.0		2930107434.0	12099.0	PAN		104.0	937901818.0	3860873119.0	9057965464.0	5197092345.0	CBCR	2974430300.0	88792960.0	76078758.0	positive_groups	130002787.08	2017	0.0811159084457601	937901818.0
7503557311.0		5208922024.0	30284.0	PER		158.0	2116232227.0	3863669336.0	11980124786.0	8116455450.0	CBCR	10930472805.0	344189837.0	743716653.0	positive_groups	153514441.44	2017	0.3514343291399087	2116232227.0
114200189874.0		24087228163.0	53601.0	PRI		221.0	26266550808.437897	81848959131.0	90506503745.0	8657544614.0	CBCR	13421612408.0	481037423.0	505463333.0	positive_groups	1414577966.5462213	2017	0.0143447179901815	35236895793.0
2679731067.0		1270705440.0	4579.0	TTO		51.0	494636810.0	795396057.0	2101952544.0	1306556487.0	CBCR	872011854.0	192969762.0	139451945.0	positive_groups	82810452.20693843	2017	0.2819279563928936	494636810.0
1449904694.0		1082713680.0	6392.0	URY		87.0	672364934.0	889275416.0	3097513600.0	2208238184.0	CBCR	431359775.0	49785099.0	55268543.0	positive_groups	75874829.76	2017	0.0822002162890904	672364934.0
-719656951.0		1050880198.0	9111.0	VEN		51.0	177777380.0	10875414.0	687911873.0	677036459.0	CBCR	370072470.0	36373635.0	43678578.0	positive_groups	96786955.51938342	2017	0.2456925509870828	177777380.0
155763997.0		201836377.0	1124.0	VIR		34.0	23082081.0	32794374.0	286485992.0	253691618.0	CBCR	286763751.0	3756352.0	2221017.0	positive_groups	37466410.400432885	2017	0.0962225632948779	23082081.0
34218818918.0		273270007759.0	20799.0	IRS_Other_America		223.0	12821147404.0	32189006068.0	38880204346.0	6691198278.0	CBCR	38067069847.0	98080255.0	294168819.0	positive_groups	1247940000.0	2017	0.0229440322094903	12821147404.0
41726962721.0		187964226336.0	225200.0	AUS		611.0	18135798459.0	15653285482.0	118813975555.0	103160690072.0	CBCR	84238626421.0	2846192159.0	2777946510.0	positive_groups	15298286400.0	2017	0.1531747563406246	18135798459.0
-464367386.0		899128993.0	5438.0	BHR		35.0	247475759.0	610445508.0	1701181232.0	1090735724.0	CBCR	419470715.0	5880119.0	5766259.0	positive_groups	148041066.72	2017	0.0233002982728502	247475759.0
197508513.0		134985745.0	3163.0	BGD		21.0	463379551.0	26197641.0	1250511055.0	1224313414.0	CBCR	1295260684.0	180584253.0	185480662.0	positive_groups	5669867.28	2017	0.4002780476603293	463379551.0
21928576.0		15412757.0	147.0	MMR		16.0	28433111.0	3781260.0	190414691.0	186633431.0	CBCR	331296462.0	12036205.0	17837258.0	positive_groups	190053.36	2017	0.6273410602167311	28433111.0
60867481514.0		68110353343.0	1145051.0	CHN		707.0	28544379502.0	137696624262.0	351357434708.0	213660810446.0	CBCR	78557600939.0	7006534754.0	6567574536.0	positive_groups	11644206827.16	2017	0.2300829322823372	28544379502.0
72253475898.0		112201880478.0	84670.0	HKG		585.0	10131318212.14694	51522350072.0	160070872966.0	108548522894.0	CBCR	19498058849.0	1272985970.0	1506230707.0	positive_groups	2906992766.384682	2017	0.110823266302818	13591285993.0
34595308367.0		23801456324.0	1263032.0	IND		577.0	13669021217.0	39593783968.0	85010716271.0	45416932302.0	CBCR	23892529080.0	4635356306.0	4512135726.0	positive_groups	3200147289.173332	2017	0.3300994017324598	13669021217.0
11779581845.0		19535620579.0	73339.0	IDN		159.0	5754305383.0	7030256482.0	23604964589.0	16574708107.0	CBCR	18695871101.0	1915518174.0	1505690729.0	positive_groups	343423167.4252755	2017	0.2616633335881472	5754305383.0
18069068347.0		42789377904.0	51375.0	ISR		185.0	3799292769.0	13945165816.0	20854833428.0	6909667611.0	CBCR	11278583748.0	754727663.0	557038919.0	positive_groups	1560928680.0	2017	0.1466164765045512	3799292769.0
88832693699.0		59787991431.0	361504.0	JPN		563.0	25482596261.0	25151892684.0	224393338008.0	199241445324.0	CBCR	38397785976.0	5119632946.0	5227200548.0	positive_groups	12029276962.56	2017	0.2051282567310459	25482596261.0
74593515.0		11373891792.0	4489.0	KAZ		58.0	743961543.0	656459989.0	2686725968.0	2030265979.0	CBCR	12183068270.0	196160889.0	194688473.0	positive_groups	48745858.50538221	2017	0.2616915818187661	743961543.0
33393787189.0		15020095169.0	84616.0	KOR		435.0	6724453120.0	9639567032.0	59423835010.0	49784267978.0	CBCR	20301446941.0	1450869844.0	1463597401.0	positive_groups	3315133032.96	2017	0.2176530009030682	6724453120.0
-35974308.0		300474461.0	641.0	LBN		19.0	68809296.0	35013970.0	275288163.0	240274193.0	CBCR	18426415.0	6979889.0	7455632.0	positive_groups	5718350.075482466	2017	0.1083521040529175	68809296.0
14600224987.0		13552732042.0	151595.0	MYS		364.0	4804103827.0	24060820659.0	45159259494.0	21098438835.0	CBCR	18237168646.0	871354104.0	829289688.0	positive_groups	1391696674.2	2017	0.1726211001808975	4804103827.0
3009407667.0		5254218244.0	25775.0	NZL		326.0	1491166442.0	1393500615.0	12292975787.0	10899475171.0	CBCR	3147631928.0	275929024.0	272970315.0	positive_groups	870597301.0778935	2017	0.183058247095397	1491166442.0
4820745045.0		480051754.0	5667.0	OMN		31.0	590127686.0	1199292085.0	2366962322.0	1167670237.0	CBCR	2512244690.0	197197863.0	197564645.0	positive_groups	96371543.51974364	2017	0.3347828778194284	590127686.0
937162125.0		431466452.0	11236.0	PAK		51.0	562055774.0	124870385.0	2712502032.0	2587631647.0	CBCR	808349696.0	157889074.0	131524079.0	positive_groups	24071556.96	2017	0.2340053871593177	562055774.0
6780043207.0		3951674506.0	401241.0	PHL		231.0	2730540885.0	12965920385.0	23386366517.0	10420446132.0	CBCR	7590542007.0	588150633.0	596831165.0	positive_groups	1365840413.64	2017	0.2185761686553175	2730540885.0
11070610888.0		4833286447.0	3862.0	QAT		54.0	1869291694.0	792698783.0	3880452957.0	3087754174.0	CBCR	4140030379.0	505115367.0	585296127.0	positive_groups	202056024.9313241	2017	0.3131111794262324	1869291694.0
4329707552.0		1405691576.0	25698.0	SAU		108.0	1444774801.0	1664684720.0	10951455131.0	9286770412.0	CBCR	3398267878.0	209316176.0	211273703.0	positive_groups	527387718.96	2017	0.1462329650640134	1444774801.0
175237497258.0		251350793228.0	149923.0	SGP		586.0	42331678411.38245	317897103587.0	516107694105.0	198210590518.0	CBCR	56328882093.0	2567388694.0	2560616753.0	positive_groups	5918042511.24	2017	0.0450904427198738	56788458896.0
7347844740.0		8835356976.0	75455.0	TWN		351.0	3844132735.0	12058028215.0	44159039377.0	32101011162.0	CBCR	11377955739.0	575999954.0	640493619.0	positive_groups	1630272771.317124	2017	0.1666158957437769	3844132735.0
9248849307.0		6798105236.0	143353.0	THA		305.0	6305041300.0	21887063503.0	53541414824.0	31654351320.0	CBCR	16499623159.0	1089070805.0	1056318084.0	positive_groups	842175938.52	2017	0.1675354741926908	6305041300.0
6956272959.0		3901935036.0	28048.0	ARE		251.0	5338391457.0	10058485688.0	27575374115.0	17516888427.0	CBCR	10508589308.0	2047201532.0	2305557395.0	positive_groups	928821359.0173897	2017	0.4318824150628412	5338391457.0
1179506187.0		2394950340.0	63694.0	VNM		112.0	813589807.0	2669691339.0	8382889643.0	5713198304.0	CBCR	2371621845.0	121951728.0	130318011.0	positive_groups	220921365.12000003	2017	0.1601765531951901	813589807.0
8260223554.0		15689336065.0	79443.0	IRS_Other_Asia_Oceania		187.0	5566126900.0	12597287651.0	37618873623.0	25021585972.0	CBCR	30535325729.0	133030888.0	303862280.0	positive_groups	4766580000.0	2017	0.054591331721165	5566126900.0
3336886053.0		9498724824.0	23029.0	AUT		284.0	1826626859.0	3351153198.0	15683087209.0	12331934011.0	CBCR	4029196504.0	589428412.0	200563090.0	positive_groups	903348450.24	2017	0.1097997048558673	1826626859.0
40686231484.0		82603727435.0	95236.0	BEL		433.0	6220966687.0	95631885011.0	154394506039.0	58762621027.0	CBCR	38908630593.0	1409195836.0	1129792833.0	positive_groups	3910131118.08	2017	0.1816104939704847	6220966687.0
399831913.0		1427509300.0	16217.0	BGR		90.0	248547295.0	890810137.0	2654582779.0	1763772642.0	CBCR	1851192780.0	18449756.0	17036416.0	positive_groups	134586180.35999998	2017	0.0685439606172338	248547295.0
248263752.0		1130676710.0	4578.0	HRV		79.0	136032770.0	327191376.0	1062276452.0	735085076.0	CBCR	353091937.0	17162257.0	20307197.0	positive_groups	77154865.2	2017	0.1492816547071709	136032770.0
-2009812088.0		63801792496.0	1439.0	CYP		57.0	601497823.0	573729397.0	897054223.0	323324826.0	CBCR	105486339.0	27233609.0	19911874.0	positive_groups	36907932.48	2017	0.033103817235262	601497823.0
3364132275.0		4639885136.0	89855.0	CZE		288.0	1357982266.0	6497583473.0	16071949501.0	9574366027.0	CBCR	5209963860.0	254641507.0	237827737.0	positive_groups	1671432391.1999998	2017	0.1751331684916127	1357982266.0
4786994115.0		50460100786.0	23371.0	DNK		278.0	1787917224.0	4811711190.0	13255536899.0	8443825709.0	CBCR	4706108600.0	471313445.0	465538984.0	positive_groups	1562246647.92	2017	0.2603806136832652	1787917224.0
-5227966014.0		5002264381.0	17684.0	FIN		254.0	924222136.0	3542828358.0	9481042510.0	5938214152.0	CBCR	5094030009.0	153461895.0	181691645.0	positive_groups	773878012.3199999	2017	0.1965887181477332	924222136.0
47202092984.0		123438869173.0	255223.0	FRA		597.0	9268366288.0	47806154997.0	156751995266.0	108945840270.0	CBCR	38716638776.0	3252595801.0	2720820223.0	positive_groups	10132189757.28	2017	0.2935598506203534	9268366288.0
49478868987.0		207067498542.0	428303.0	DEU		642.0	19768070049.0	72968655021.0	235219993218.0	162251338197.0	CBCR	53389274490.0	4333300693.0	4916598160.0	positive_groups	25316253648.84	2017	0.2487141206912464	19768070049.0
652378199.0		1430171657.0	10955.0	GRC		136.0	563501281.0	810941480.0	4203289842.0	3392348362.0	CBCR	1072439147.0	60387147.0	139856595.0	positive_groups	137658339.0	2017	0.2481921509598129	563501281.0
19472712068.0		149264869530.0	71697.0	HUN		231.0	3308147349.0	6749821313.0	17277358355.0	10527537042.0	CBCR	5093240819.0	1153995134.0	83383386.0	positive_groups	1020753056.88	2017	0.0252054631197747	3308147349.0
-55602165.0		257273364.0	768.0	ISL		16.0	79746463.0	53445003.0	807720201.0	754275198.0	CBCR	706321460.0	11907150.0	22880219.0	positive_groups	61695221.75999999	2017	0.2869120226686417	79746463.0
467324667230.5		1160271779909.0	639911.0	IRL		626.5	105706274528.73386	218790110085.5	664221205162.5	445431095077.0	CBCR	234527400222.5	4960052389.0	6953247695.0	positive_groups	5902967330.88	2017	0.136690336583326	34221447230.0
13550870250.0		49394339765.0	165374.0	ITA		540.0	7531705814.0	23402538505.0	101568932576.0	78166394071.0	CBCR	24503148802.0	1886705995.0	3565610001.0	positive_groups	4869715258.32	2017	0.4734133394286608	7531705814.0
459348687928.0		29248520202.0	369.0	JEY		47.0	10613574188.76553	7367059523.0	14401618764.0	7034559241.0	CBCR	443602854.0	109214638.0	18827226.0	positive_groups	17410652.03364914	2017	0.0013223002527735	14238238222.0
760336064.0		222018112.0	8022.0	LTU		61.0	212737782.0	737376363.0	1202411243.0	465034880.0	CBCR	335573205.0	31461577.0	29756056.0	positive_groups	139706980.56	2017	0.1398719856917564	212737782.0
411911811409.4		1185668172560.0	212192.2	LUX		379.0	77130580407.9232	93041323718.20001	233046999784.6	140005676066.40002	CBCR	287485555898.6	682082456.4	1632810411.0	positive_groups	489476231.64	2017	0.014138203437276	60437687336.0
389132299338.0		1143740196939.0	121589.0	NLD		604.0	52152998319.14366	203753563709.0	304366854930.0	100613291221.0	CBCR	45943265230.0	3445990380.0	4753867947.0	positive_groups	4652657847.648156	2017	0.0679474616745179	69963878412.0
11536682107.0		11470421644.0	22256.0	NOR		235.0	4179366128.0	8765659433.0	24856440489.0	16090781056.0	CBCR	12809007074.0	1555871485.0	1938879471.0	positive_groups	1497835921.9199998	2017	0.4639171136527907	4179366128.0
6437546440.0		14059659329.0	225238.0	POL		405.0	3240402327.0	16422123922.0	40431209745.0	24009085823.0	CBCR	14794395427.0	506695677.0	560615541.0	positive_groups	3063107907.202694	2017	0.1730080046939801	3240402327.0
1625940889.0		2383698744.0	34470.0	PRT		224.0	690644299.0	1761051798.0	8111066818.0	6350015020.0	CBCR	1732424062.0	165223406.0	147644702.0	positive_groups	433780131.6	2017	0.2137782100189319	690644299.0
1430940692.0		2222509173.0	69798.0	ROU		185.0	672303960.0	5154586209.0	10753546504.0	5598960295.0	CBCR	3392921506.0	121623444.0	108987665.0	positive_groups	925839758.88	2017	0.1621106991545907	672303960.0
12142091731.0		13406993921.0	174317.0	RUS		298.0	4694925023.0	9662574121.0	49438983276.0	39776409155.0	CBCR	16669141931.0	1022455902.0	968645528.0	positive_groups	1384272215.04	2017	0.2063175712614569	4694925023.0
298847098.0		439432689.0	9112.0	SRB		60.0	113667274.0	594419631.0	1152867161.0	558447530.0	CBCR	478481406.0	15076406.0	33535952.0	positive_groups	77044875.84	2017	0.2950361244697396	113667274.0
935944099.0		2065651745.0	40801.0	SVK		157.0	641563316.0	1973808538.0	7750862845.0	5777054307.0	CBCR	2456129609.0	110499520.0	125425687.0	positive_groups	679556975.4000001	2017	0.1955000915295475	641563316.0
349879382.0		232335940.0	3816.0	SVN		49.0	95627783.0	292874818.0	1239115119.0	946240301.0	CBCR	341536244.0	10189911.0	10294335.0	positive_groups	89027890.56	2017	0.1076500435025247	95627783.0
20833097785.0		42225895284.0	150905.0	ESP		497.0	5243461264.0	26251709609.0	76660042922.0	50408333313.0	CBCR	19410288514.0	1242116015.0	1032217640.0	positive_groups	4103861475.0	2017	0.1968580653178255	5243461264.0
-10372901952.0		67844154446.0	43093.0	SWE		388.0	3279321243.0	12184175080.0	27746524678.0	15562349598.0	CBCR	7811151672.0	753302683.0	696934656.0	positive_groups	2453984320.32	2017	0.2125240573754914	3279321243.0
323720857009.0		719127845514.0	71657.0	CHE		453.0	44132683741.86612	222645913126.0	377059665365.0	154413752239.0	CBCR	47470215520.0	3377167923.0	3247157341.0	positive_groups	6536863964.52	2017	0.0548464345048277	59204529343.0
3527531626.0		5817082091.0	44747.0	TUR		220.0	1512722847.0	2895353885.0	23730463644.0	20835109760.0	CBCR	3941821493.0	303609681.0	304704460.0	positive_groups	440391024.6	2017	0.2014278164729801	1512722847.0
722759693.0		749751330.0	26404.0	UKR		103.0	405374130.0	2291707481.0	4964782316.0	2673074835.0	CBCR	1341362767.0	52264855.0	57569365.0	positive_groups	128684646.72	2017	0.1420153895859116	405374130.0
395614310009.0		1177504025933.0	965035.0	GBR		809.0	60878828530.187256	158913984212.0	566016721165.0	407102736952.0	CBCR	161737148954.0	8602403809.0	9503103805.0	positive_groups	34891342243.200005	2017	0.116360235463634	81669685242.0
122417395396.0		200837610043.0	29104.0	IRS_Other_Europe		179.0	10708572361.193085	13574000777.0	18946747481.0	5372746704.0	CBCR	1330315315.0	61757834.0	105759668.0	positive_groups	1746240000.0	2017	0.007361967708451	14365679420.0
4827010865479.0		9475271688376.0	11998716.0	Rest		454.0	842790169830.0	2579643206804.0	6511578754547.0	3931935547743.0	CBCR	2116832395578.0	101681398982.0	107888780782.0	positive_groups		2017	0.0990905169531842	1088790169830.0
8212734719240.0		14778275047045.0	23741977.0	USA		1568.0	852466473057.0	3418412407492.0	14742067552911.0	11323655145419.0	CBCR	5981684596696.0	140614147200.0	223128620554.0	all_groups	1155569504544.0	2018	0.1499050362187468	1488466473057.0
184660886334.30005		564118804011.3	326046.9	Stateless		189.0	59539683663.30002	46651017966.600006	241694706681.59998	195043688715.0	CBCR	124630208142.90002	706939412.1000001	548478890.1000001	all_groups		2018	0.00276359659484424	198465612211.0
774388927.0		762517945.0	3336.0	DZA		36.0	763621139.0	797568863.0	2467358053.0	1669789190.0	CBCR	889779811.0	954402235.0	508373062.0	all_groups	17856282.500455745	2018	0.6657399016817946	763621139.0
-1623592410.0		1467555398.0	4541.0	AGO		32.0	785460854.0	2940382378.0	3676587649.0	736205271.0	CBCR	5768830981.0	503499108.0	553662997.0	all_groups	32087614.200000003	2018	0.7048893578597107	785460854.0
64281112.0		32311108.0	1462.0	BWA		19.0	19266271.0	62794177.0	384938726.0	322144549.0	CBCR	54317479.0	4913594.0	3925698.0	all_groups	12137816.4	2018	0.2037601360429322	19266271.0
-17712304.0		47422357.0	302.0	CMR		13.0	8618937.0	8554728.0	99250268.0	90695540.0	CBCR	28618136.0	7634120.0	13770148.0	all_groups	1003449.36	2018	1.5976619854629406	8618937.0
-604157512.0		718026408.0	1649.0	CIV		28.0	52810684.0	1093979480.0	1208186392.0	114206912.0	CBCR	242822369.0	4572977.0	16951107.0	all_groups	3761105.16	2018	0.3209787436193782	52810684.0
11465046231.0		1817028187.0	48034.0	EGY		158.0	2006748085.0	1377951127.0	11035927214.0	9657976087.0	CBCR	4958050103.0	784277448.0	774757661.0	all_groups	190621080.6057447	2018	0.386076193016524	2006748085.0
9348013.0		99839437.0	3344.0	ETH		13.0	30232154.0	10655026.0	292741345.0	282086319.0	CBCR	183107616.0	6948630.0	8222646.0	all_groups	2906872.32	2018	0.2719834650220424	30232154.0
-441949492.0		289297899.0	136.0	GAB		20.0	-7045142.0	5645949.0	75642506.0	69996557.0	CBCR	29217885.0	12412005.0	8696874.0	all_groups	1290539.9045601585	2018	-1.2344497811399686	-7045142.0
1260827358.0		1020181311.0	7932.0	GHA		64.0	1370794435.0	1093200416.0	2872726081.0	1779525665.0	CBCR	3542722745.0	153889759.0	171959001.0	all_groups	22941247.680000003	2018	0.1254447761162672	1370794435.0
-384870427.0		637262112.0	4657.0	KEN		105.0	87754264.0	285527867.0	1149412847.0	863884980.0	CBCR	438423185.0	43165081.0	41072048.0	all_groups	11239122.148990192	2018	0.4680347840419469	87754264.0
-909890077.0		1014778366.0	109.0	LBY		23.0	1841236260.0	8645594.0	2156222577.0	2147576983.0	CBCR	1030319720.0	1559072057.0	1517975225.0	all_groups	920707.4384885392	2018	0.8244326151821494	1841236260.0
118179125.0		21305929.0	4475.0	MWI		15.0	16669834.0	325307486.0	373225186.0	47917700.0	CBCR	129975370.0	3144596.0	3598585.0	all_groups	3706889.047246511	2018	0.2158740752907317	16669834.0
3893170935.0		19892418524.0	3189.0	MUS		218.0	589791823.3182769	3195068994.0	3000472543.0	-194596451.0	CBCR	159138089.0	69939685.0	64920815.0	all_groups	24848177.76	2018	0.0567794749889307	1143385264.0
-181746632.0		742142762.0	29688.0	MAR		140.0	115849816.0	879963289.0	2851127223.0	1971163934.0	CBCR	785037945.0	51239934.0	55028973.0	all_groups	124567682.46351856	2018	0.475002679330971	115849816.0
431578307.0		75513075.0	5425.0	MOZ		33.0	15694429.0	262280436.0	506796341.0	244515905.0	CBCR	342884378.0	5480375.0	1880641.0	all_groups	5539112.390645612	2018	0.1198285710171424	15694429.0
44006190.0		18312583.0	1112.0	NAM		25.0	26455192.0	3466686.0	196263204.0	192796518.0	CBCR	64765568.0	8981975.0	8183657.0	all_groups	7293430.08	2018	0.3093402988721457	26455192.0
1791687571.0		4387058410.0	10094.0	NGA		113.0	2566099547.0	5821634689.0	9000107001.0	3178472312.0	CBCR	17671263566.0	1368029114.0	1326303639.0	all_groups	32228165.78592652	2018	0.5168558797925699	2566099547.0
60522110.0		63070078.0	891.0	SEN		19.0	-122589.0	46865258.0	264938785.0	218073527.0	CBCR	63801805.0	8420792.0	7289878.0	all_groups	2003275.0659014808	2018	-59.46600429076018	-122589.0
3432086922.0		27617592442.0	122113.0	ZAF		431.0	1380253019.0	4810082098.0	33332676413.0	28522594315.0	CBCR	7560222953.0	585528231.0	549769924.0	all_groups	865269328.9815615	2018	0.3983109737360408	1380253019.0
180288299.0		28347373.0	551.0	SWZ		9.0	291860251.0	574512503.0	923659268.0	349146765.0	CBCR	66246621.0	8520285.0	6338314.0	all_groups	2055736.92	2018	0.0217169483623859	291860251.0
-71031759.0		159529702.0	2924.0	TZA		37.0	-22458199.0	214824712.0	392840366.0	178015654.0	CBCR	221617895.0	9059391.0	5667313.0	all_groups	6458999.04	2018	-0.2523493980973273	-22458199.0
-96824743.0		218498350.0	12480.0	TUN		61.0	65930981.0	192049265.0	417475586.0	225426321.0	CBCR	91988790.0	15100518.0	12490797.0	all_groups	59772534.24819973	2018	0.1894526186406964	65930981.0
-25925179.0		280395870.0	1629.0	UGA		25.0	36350866.0	58778559.0	338059603.0	279281044.0	CBCR	231322704.0	12269926.0	9086026.0	all_groups	2258273.373353896	2018	0.2499534949181128	36350866.0
-199403792.0		232899277.0	1663.0	ZMB		28.0	23156294.0	50902951.0	368039677.0	317136726.0	CBCR	194603224.0	15187228.0	14040123.0	all_groups	8421631.56	2018	0.606319949124847	23156294.0
187224261.0		25343016.0	2692.0	ZWE		21.0	14136584.0	295689475.0	388851622.0	93162147.0	CBCR	194229002.0	5438239.0	1004222.0	all_groups	6225113.980213524	2018	0.0710371048621081	14136584.0
497604661.0		2769599239.0	4014.0	IRS_Other_Africa		66.0	439564312.0	1519806937.0	3309384051.0	1789577114.0	CBCR	4137099988.0	292833057.0	309787972.0	all_groups	16858800.0	2018	0.704761427492776	439564312.0
3283616178.0		15029293301.0	121159.0	ARG		417.0	1420614521.0	11148772446.0	38995391067.0	27846618621.0	CBCR	10026048297.0	1322620758.0	1254168469.0	all_groups	1397830636.878741	2018	0.8828351748207985	1420614521.0
-982427705.0		1529047686.0	910.0	ABW		29.0	91035096.0	63244063.0	448448256.0	385204193.0	CBCR	120709097.0	8727354.0	6454633.0	all_groups	24469222.581527267	2018	0.0709026879040145	91035096.0
6106137982.0		68513718610.0	2520.0	BHS		70.0	1942961301.953374	6359809373.0	10235047417.0	3875238045.0	CBCR	2116367043.0	516179042.0	518814059.0	all_groups	72000464.36536749	2018	0.1506971185420424	3442760313.0
25531327344.0		228371279107.0	770.0	BRB		184.0	5642436901.049656	32599034492.0	33007364927.0	408330435.0	CBCR	27814213985.0	40494503.0	3278509.0	all_groups	13848785.75750211	2018	0.0002966292288963	11052548706.0
239881688100.0		469366630415.0	740.0	BMU		279.0	51350865918.418755	94097204646.0	110065440693.0	15968236047.0	CBCR	19921406565.0	484835877.0	271048083.0	all_groups	55243368.00000001	2018	0.0027882155171279	97212027311.0
123392716.0		252351494.0	2236.0	BOL		54.0	27688003.0	331143604.0	802721499.0	471577895.0	CBCR	254008587.0	8843777.0	8768668.0	all_groups	12037371.840000002	2018	0.316695573891696	27688003.0
2923100602.0		135316474491.0	529154.0	BRA		769.0	3886930736.0	33164971119.0	170631632490.0	137466661371.0	CBCR	53429853050.0	3824538858.0	3429559482.0	all_groups	3831879274.08	2018	0.8823309996846829	3886930736.0
-447940101.0		62442950775.0	478.0	VGB		172.0	1967295679.492487	6779053877.0	7339510376.0	560456499.0	CBCR	521905490.0	20887166.0	15816903.0	all_groups	15261009.700339507	2018	0.0045374220371223	3485878737.0
95803243034.0		339517374637.0	999934.0	CAN		1263.0	38949984370.0	134928928165.0	498340193175.0	363411265010.0	CBCR	165540910405.0	7648854966.0	7652641064.0	all_groups	39770414979.36	2018	0.1964735336298159	38949984370.0
191004425646.0		443594791788.0	5498.0	CYM		403.0	25278120470.628124	58739847191.0	75185629000.0	16445781809.0	CBCR	12098699501.0	212637387.0	245233040.0	all_groups	344197517.9020269	2018	0.0048865981978298	50184817755.0
7929333694.0		50160533933.0	141446.0	CHL		391.0	4487373918.0	3169858682.0	34384263870.0	31214405188.0	CBCR	20135059603.0	970934712.0	738187679.0	all_groups	1372801324.08	2018	0.1645032690587564	4487373918.0
3966866574.0		7219240935.0	103554.0	COL		391.0	2010265057.0	4564334753.0	22351306126.0	17786971374.0	CBCR	8879889697.0	923581285.0	847757707.0	all_groups	494660889.36	2018	0.4217143923623401	2010265057.0
5303259854.0		7960689833.0	100244.0	CRI		205.0	3450667145.0	6570439068.0	12866312730.0	6295873662.0	CBCR	4050399202.0	167092634.0	151194896.0	all_groups	1117977224.64	2018	0.0438161345753329	3450667145.0
-7530821415.0		23432061757.0	183.0	CUW		40.0	200843297.0	717549609.0	885522533.0	167972924.0	CBCR	-5341117.0	1970350.0	4861866.0	all_groups	3281834.16	2018	0.0242072604494239	200843297.0
1288621928.0		833836831.0	38824.0	DOM		135.0	835929434.0	1769976538.0	4443587153.0	2673610615.0	CBCR	1582056079.0	69493198.0	86857927.0	all_groups	335169163.5681438	2018	0.1039058124611987	835929434.0
243722824.0		1265530056.0	12780.0	ECU		129.0	332920157.0	944194964.0	4654083249.0	3709888285.0	CBCR	1437557118.0	110616901.0	125332802.0	all_groups	62710437.6	2018	0.3764650453411867	332920157.0
18312631.0		1398183694.0	47567.0	SLV		87.0	326717073.0	1208306002.0	4155184730.0	2946878728.0	CBCR	1268734154.0	61757616.0	64979936.0	all_groups	198234521.16000003	2018	0.1988874820753551	326717073.0
479338960.0		534995304.0	25653.0	GTM		139.0	330322116.0	983316436.0	5310531965.0	4327215529.0	CBCR	1120922594.0	76734794.0	66757750.0	all_groups	106609763.52	2018	0.2020989415071439	330322116.0
676245602.0		779958750.0	69134.0	HND		84.0	627517324.0	1871659039.0	4846064157.0	2974405118.0	CBCR	1098426508.0	39913185.0	47481672.0	all_groups	248409523.44	2018	0.0756659142051032	627517324.0
129070452.0		132928482.0	14709.0	JAM		51.0	40442445.0	131085524.0	556838028.0	425752504.0	CBCR	156341685.0	11611569.0	12375669.0	all_groups	152836512.12	2018	0.3060069439421874	40442445.0
45923904385.0		124200293373.0	1318642.0	MEX		910.0	16927681465.0	102037479766.0	248074991481.0	146037511715.0	CBCR	78605509766.0	6311251175.0	5299316822.0	all_groups	13156555933.59299	2018	0.3130562701665298	16927681465.0
119112010.0		97703230.0	11818.0	NIC		49.0	62539426.0	17143285.0	1368740810.0	1351597525.0	CBCR	538526977.0	17579074.0	21324686.0	all_groups	42809995.92	2018	0.340979880435743	62539426.0
3116740716.0		3904062917.0	13757.0	PAN		201.0	905288069.0	3211665692.0	10134377266.0	6922711574.0	CBCR	4406882321.0	103031580.0	129378238.0	all_groups	147817864.44	2018	0.1429138883305	905288069.0
758522472.0		449006107.0	2154.0	PRY		47.0	76699555.0	1546668364.0	2233672748.0	687004384.0	CBCR	737822064.0	13862754.0	16395363.0	all_groups	14584477.78734979	2018	0.2137608621066967	76699555.0
6742731870.0		8188011834.0	49730.0	PER		266.0	1767989164.0	4256406353.0	15602534415.0	11346128062.0	CBCR	14404441805.0	786743411.0	823405546.0	all_groups	252089326.8	2018	0.46572997321832	1767989164.0
31048516865.0		44371897569.0	73835.0	PRI		340.0	21006026861.601994	95064894175.0	113012194365.0	17947300190.0	CBCR	24454214271.0	587683454.0	1250624660.0	all_groups	1948571186.357349	2018	0.0331163693693903	37764546169.0
3228097787.0		340679101.0	815.0	KNA		19.0	81937876.0	77555438.0	202558839.0	125003401.0	CBCR	69513629.0	10675108.0	3132436.0	all_groups	16184180.08105676	2018	0.0382294019923093	81937876.0
245548414.0		213757219.0	364.0	LCA		29.0	49816696.0	5263728.0	128477070.0	123213342.0	CBCR	171923300.0	1629529.0	830658.0	all_groups	4626575.529783701	2018	0.0166742892784378	49816696.0
2606843635.0		1175801706.0	4938.0	TTO		77.0	511537052.0	747435361.0	2180567895.0	1433132534.0	CBCR	706721034.0	201182109.0	168288856.0	all_groups	89302907.40289626	2018	0.3289866400528108	511537052.0
1570968744.0		1526228404.0	7393.0	URY		159.0	394886018.0	1341091507.0	5033224326.0	3692132819.0	CBCR	485747441.0	54619772.0	54275265.0	all_groups	87756980.04	2018	0.1374453956989685	394886018.0
-2362267719.0		3054131726.0	10501.0	VEN		160.0	-461002798.0	33070845.0	848095379.0	815024534.0	CBCR	965520104.0	-6411933.0	116473106.0	all_groups	111553047.9540166	2018	-0.2526516249040206	-461002798.0
-1395288376.0		1242497423.0	2406.0	VIR		81.0	-87158567.0	121019020.0	1793936346.0	1672917326.0	CBCR	446429563.0	2221999.0	16340765.0	all_groups	80199451.44434299	2018	-0.1874831764960064	-87158567.0
82130351.0		373449493.0	3466.0	IRS_Other_America		71.0	-170260675.0	121176736.0	665600206.0	544423470.0	CBCR	598350269.0	4932140.0	17313346.0	all_groups	207960000.0	2018	-0.1016872862744142	-170260675.0
2096743.0		13097043.0	1182.0	ARM		17.0	4370180.0	45262698.0	73599124.0	28336426.0	CBCR	15954485.0	1212544.0	1385914.0	all_groups	3116082.9599999995	2018	0.3171297292102384	4370180.0
41155728419.0		257486123153.0	304423.0	AUS		836.0	16365854911.0	24820875776.0	164547824470.0	139726948694.0	CBCR	96521752735.0	3745200130.0	3377179030.0	all_groups	20680063236.0	2018	0.2063551857428537	16365854911.0
236174085.0		9828958.0	1704.0	AZE		38.0	222890839.0	61115769.0	927747052.0	866631283.0	CBCR	1360503575.0	61883506.0	76206208.0	all_groups	7635487.68	2018	0.3418992379493892	222890839.0
-439951567.0		1139598941.0	5732.0	BHR		68.0	135312148.0	450680603.0	2139540999.0	1688860396.0	CBCR	632395714.0	3263954.0	2688310.0	all_groups	156044758.07999998	2018	0.019867469696808	135312148.0
133751486.0		204071759.0	3826.0	BGD		56.0	441111052.0	28850175.0	1394961542.0	1366111367.0	CBCR	1114972906.0	175481291.0	180132494.0	all_groups	6858334.56	2018	0.4083608723546559	441111052.0
-74781957.0		37624905.0	572.0	BRN		27.0	24711935.0	6056252.0	160712754.0	154656502.0	CBCR	151021050.0	3813949.0	-8586708.0	all_groups	18381311.976635605	2018	-0.3474721020430006	24711935.0
-49583320.0		148333639.0	2162.0	MMR		31.0	6917650.0	18264010.0	351184384.0	332920374.0	CBCR	461734491.0	14706418.0	16768838.0	all_groups	2795206.56	2018	2.4240656870469017	6917650.0
178262178.0		93289625.0	3404.0	KHM		33.0	52964987.0	46288000.0	476653870.0	430365870.0	CBCR	349126125.0	5933335.0	7834850.0	all_groups	7498058.880000001	2018	0.1479250811484198	52964987.0
47379304448.0		87199634342.0	1299454.0	CHN		1004.0	32956698818.0	177815387847.0	436997374975.0	259181987128.0	CBCR	97315153877.0	7777864484.0	7679967078.0	all_groups	13214355638.64	2018	0.2330320497332525	32956698818.0
100302436.0		19654041.0	908.0	FJI		19.0	27819550.0	202072325.0	260991768.0	58919443.0	CBCR	191456220.0	1678264.0	4812210.0	all_groups	5814214.56	2018	0.1729794335278608	27819550.0
-18744365.0		23713334.0	531.0	GEO		28.0	47871504.0	4664356.0	200861710.0	196197354.0	CBCR	43729395.0	1870584.0	918269.0	all_groups	2686180.3200000003	2018	0.0191819542582159	47871504.0
362726053.0		-72022738.0	1932.0	GUM		55.0	61468379.0	7735702.0	560768353.0	553032651.0	CBCR	95691027.0	16055387.0	11716994.0	all_groups	61423214.97613345	2018	0.1906182364106266	61468379.0
89256901310.0		166250691289.0	93221.0	HKG		901.0	9153289391.104198	57949840936.0	186398042545.0	128448201609.0	CBCR	21777771113.0	1937736213.0	1727752559.0	all_groups	3200576032.539819	2018	0.0998865502816569	17297149157.0
29819071301.0		66292579176.0	1594774.0	IND		794.0	10906932174.0	51187102213.0	120333503569.0	69146401357.0	CBCR	32978926055.0	5972329725.0	4872212096.0	all_groups	4040682811.634314	2018	0.4467078384895804	10906932174.0
10984162578.0		20456836134.0	115901.0	IDN		284.0	6116687693.0	8875241701.0	28498080408.0	19622838707.0	CBCR	25964452308.0	2013402711.0	2169927321.0	all_groups	542727450.9845629	2018	0.3547552907570035	6116687693.0
155440137.0		1103833927.0	1443.0	IRQ		28.0	265724901.0	119078157.0	1592010827.0	1472932670.0	CBCR	995806222.0	-6529175.0	63065331.0	all_groups	9915585.98234776	2018	0.2373331620885616	265724901.0
13559018773.0		60272018495.0	63726.0	ISR		292.0	3796747582.0	16464081465.0	25674621076.0	9210539612.0	CBCR	15500307440.0	846726235.0	773487613.0	all_groups	1936189607.04	2018	0.2037237388829922	3796747582.0
87677171432.0		69435657533.0	407672.0	JPN		718.0	29439398930.0	30221498210.0	260630893048.0	230409394838.0	CBCR	48245934067.0	6950670281.0	6321182191.0	all_groups	13565546710.08	2018	0.2147184528471621	29439398930.0
484069439.0		317061152.0	2076.0	JOR		44.0	212373482.0	422992899.0	899327901.0	476335002.0	CBCR	948212818.0	12892561.0	8270022.0	all_groups	17298145.44	2018	0.0389409351964196	212373482.0
354770277.0		483432198.0	5433.0	KAZ		97.0	527880958.0	121830226.0	2319226491.0	2197396265.0	CBCR	2011578258.0	221885608.0	235910799.0	all_groups	58996714.02533784	2018	0.4469015133521827	527880958.0
22888170208.0		20284043744.0	127355.0	KOR		582.0	3815579148.0	23141213440.0	88041300352.0	64900086913.0	CBCR	22539327976.0	432353907.0	1490262418.0	all_groups	4989585508.799999	2018	0.3905730585568238	3815579148.0
787742825.0		219922264.0	4374.0	KWT		49.0	196433251.0	507079608.0	1479569402.0	972489794.0	CBCR	348231544.0	22983068.0	39929045.0	all_groups	136316537.17443714	2018	0.2032702956181283	196433251.0
-62088593.0		385486912.0	978.0	LBN		58.0	70177463.0	70727495.0	266020295.0	195292800.0	CBCR	26318487.0	10598920.0	14788208.0	all_groups	8724721.33201537	2018	0.21072588503235	70177463.0
9855262600.0		5359478629.0	54460.0	MAC		72.0	3468230513.0	9979680808.0	28427145656.0	18447464848.0	CBCR	17561326947.0	9257371.0	7733765.0	all_groups	3304421115.245651	2018	0.0022298878263747	3468230513.0
15590670175.0		16355404747.0	159695.0	MYS		482.0	4857752870.0	26522479315.0	50059511484.0	23537032169.0	CBCR	16905297100.0	963964380.0	950202910.0	all_groups	1466057590.2	2018	0.1956054446219698	4857752870.0
3107856332.0		5508871507.0	32179.0	NZL		446.0	857614334.0	1958459503.0	12618332753.0	10659873250.0	CBCR	3582831328.0	292793409.0	261376888.0	all_groups	1086903998.1138906	2018	0.3047720608643651	857614334.0
3420207997.0		544296765.0	6585.0	OMN		60.0	480031909.0	1395112049.0	2810721939.0	1415609890.0	CBCR	2719373195.0	290904831.0	297000536.0	all_groups	111982815.25983974	2018	0.6187099866313263	480031909.0
909420313.0		474360632.0	13945.0	PAK		79.0	320636563.0	299152305.0	2671908939.0	2372756634.0	CBCR	813694802.0	164650452.0	126888845.0	all_groups	29875210.200000003	2018	0.3957404103037369	320636563.0
116817300.0		74210459.0	631.0	PNG		31.0	9942218.0	19826185.0	186688659.0	166862474.0	CBCR	41821815.0	3196265.0	13116526.0	all_groups	2468129.475426807	2018	1.319275638494348	9942218.0
12572281493.0		603414155.0	6547.0	QAT		91.0	1761626002.0	151083336.0	3817729950.0	3666646614.0	CBCR	1026798851.0	647077873.0	668259299.0	all_groups	342532572.55965275	2018	0.3793423225141519	1761626002.0
7718271457.0		4332258267.0	496326.0	PHL		339.0	2833683026.0	13524332355.0	26491179120.0	12966846765.0	CBCR	8293968715.0	666121670.0	696120327.0	all_groups	1689513557.04	2018	0.2456592076858493	2833683026.0
3150233454.0		1391817519.0	32546.0	SAU		196.0	328620170.0	2831412929.0	13709490638.0	10878077709.0	CBCR	6185444571.0	186793918.0	188605559.0	all_groups	667925935.92	2018	0.5739317796591731	328620170.0
153320085148.0		351604867947.0	165136.0	SGP		825.0	46044178363.589645	331452753267.0	596555002412.0	265102249145.0	CBCR	54905658646.0	3336412497.0	4208461625.0	all_groups	6518558647.679999	2018	0.0505928334801833	83182959631.0
61217392.0		171811990.0	6654.0	LKA		57.0	72878032.0	121432344.0	415492182.0	294059838.0	CBCR	119237970.0	6744846.0	20372111.0	all_groups	15508078.56	2018	0.2795370626912647	72878032.0
6590666627.0		23281005327.0	1565716.0	TWN		435.0	3769270085.0	18493887666.0	52969916556.0	34476028891.0	CBCR	20519394631.0	761118535.0	690063051.0	all_groups	33828694750.7198	2018	0.1830760426922285	3769270085.0
9173533041.0		7998076480.0	153762.0	THA		408.0	5898659542.0	22936341032.0	55493712526.0	32557371494.0	CBCR	17482532987.0	1304103701.0	1238982780.0	all_groups	903327148.08	2018	0.2100448027518995	5898659542.0
6254888619.0		25081489022.0	51121.0	ARE		462.0	2245787358.0	9782574425.0	74458869305.0	64676294880.0	CBCR	7592746740.0	100840141.0	186813739.0	all_groups	1692893493.0949793	2018	0.0831840727638471	2245787358.0
638141283.0		3180859303.0	63652.0	VNM		192.0	715986556.0	2561477969.0	9667085258.0	7105607289.0	CBCR	3572067022.0	117304567.0	136178038.0	all_groups	220775688.96000004	2018	0.1901963617316859	715986556.0
1537567664.0		1205005434.0	3962.0	IRS_Other_Asia_Oceania		86.0	39706700.0	248971321.0	988109509.0	739138188.0	CBCR	426594805.0	16810959.0	15519385.0	all_groups	237720000.0	2018	0.3908505365593212	39706700.0
9374265.0		2535213.0	195.0	ALB		15.0	-1182828.0	1149964.0	76531971.0	75382007.0	CBCR	29719337.0	3925920.0	1707603.0	all_groups	1115782.2	2018	-1.443661293104323	-1182828.0
4228835001.0		12473999291.0	30301.0	AUT		393.0	710858014.0	4715713654.0	21659562218.0	16943848564.0	CBCR	4380927487.0	417773656.0	315294119.0	all_groups	1188603994.56	2018	0.4435402187081483	710858014.0
13143705.0		53770994.0	988.0	BLR		34.0	28496975.0	74998557.0	187313248.0	112314691.0	CBCR	44630232.0	3947356.0	4380429.0	all_groups	6863201.279999999	2018	0.1537155785833408	28496975.0
38354201617.0		78635365406.0	108763.0	BEL		561.0	5688323067.0	90491566448.0	143192498949.0	52700932501.0	CBCR	44220504543.0	2005794094.0	1586512926.0	all_groups	4465512944.64	2018	0.2789069656053697	5688323067.0
9234172.0		53201661.0	1602.0	BIH		24.0	7465901.0	28331793.0	167970136.0	139638343.0	CBCR	43959980.0	1407973.0	2277566.0	all_groups	9122556.96	2018	0.3050624432335762	7465901.0
584952353.0		1225927397.0	26674.0	BGR		126.0	161014110.0	1396447018.0	3475706446.0	2079259428.0	CBCR	1802216289.0	22766634.0	20280490.0	all_groups	221369659.92	2018	0.1259547377555917	161014110.0
195491452.0		1677062342.0	4598.0	HRV		102.0	160192177.0	353139315.0	1202451668.0	849312353.0	CBCR	497238949.0	27020579.0	35042181.0	all_groups	77491933.2	2018	0.2187508881910007	160192177.0
-7083839778.0		99288422653.0	1527.0	CYP		129.0	539729069.0	1209133205.0	1406048864.0	196915659.0	CBCR	345412234.0	26831038.0	56800397.0	all_groups	39164984.64	2018	0.1052387211703062	539729069.0
3592768530.0		5879761312.0	95789.0	CZE		362.0	1343326289.0	8389346948.0	20800068983.0	12410722035.0	CBCR	6009585508.0	265026262.0	270720068.0	all_groups	1781813336.1599998	2018	0.2015296434059439	1343326289.0
10349936979.0		63500592805.0	33808.0	DNK		390.0	1920892441.0	7327182679.0	20535603485.0	13208420806.0	CBCR	8185739571.0	682735471.0	495356847.0	all_groups	2259913340.1600003	2018	0.2578784925313785	1920892441.0
279839885.0		157105315.0	4386.0	EST		72.0	30837034.0	355931998.0	699017995.0	343085997.0	CBCR	220655734.0	3565135.0	2559227.0	all_groups	81424335.6	2018	0.0829919959228244	30837034.0
-4055496629.0		7046472486.0	22203.0	FIN		334.0	741358507.0	4554875972.0	13299941185.0	8745065213.0	CBCR	5693302678.0	196629582.0	190319773.0	all_groups	971636140.44	2018	0.2567175950676721	741358507.0
37184437029.0		156250736720.0	377996.0	FRA		805.0	4166625391.0	60403796491.0	203097871500.0	142694075008.0	CBCR	51488046603.0	2650283103.0	2914267646.0	all_groups	15006199282.56	2018	0.6994311637170167	4166625391.0
7639026317.0		261266201600.0	608505.0	DEU		919.0	14701790114.0	124899147144.0	361282644556.0	236383497411.0	CBCR	74786137535.0	4894791471.0	5337419114.0	all_groups	35967683921.4	2018	0.3630455252464367	14701790114.0
-22022488555.0		79302645260.0	94.0	GIB		50.0	7682533498.051471	491888753.0	847876015.0	355987262.0	CBCR	10654553.0	20840938.0	7176234.0	all_groups	5166456.816603897	2018	0.0005271685485834	13612788584.0
440072198.0		2556867806.0	14735.0	GRC		203.0	392480302.0	962080287.0	5633490106.0	4671409819.0	CBCR	1411714860.0	149346609.0	63313318.0	all_groups	185157063.00000003	2018	0.1613159123588322	392480302.0
-12161843449.0		15332487317.0	4582.0	GGY		50.0	1290506713.0	270431025.0	539892840.0	269461815.0	CBCR	457491255.0	5884817.0	3685163.0	all_groups	208564283.04188207	2018	0.0028555938244081	1290506713.0
27274578659.0		30961426109.0	71457.0	HUN		301.0	1237653245.0	7653948141.0	18321207374.0	10667259233.0	CBCR	5022041614.0	353071307.0	237634830.0	all_groups	1017336167.28	2018	0.1920043687196085	1237653245.0
-956563947.0		2066403469.0	2822.0	ISL		30.0	-136093744.0	1725874825.0	2019744269.0	293869444.0	CBCR	2190538809.0	6873974.0	5846731.0	all_groups	226697807.04	2018	-0.0429610563142417	-136093744.0
388905057078.5		1464128632245.5	694724.5	IRL		901.0	72907176714.96877	460183031850.0	1093815199920.0	633632168070.0	CBCR	310533017000.5	9122612697.5	9498378274.5	all_groups	7058715134.88	2018	0.1792877166380614	49142215209.0
50712830216.0		39906453007.0	671.0	IMN		45.0	11238312527.103792	22884037510.0	24987037746.0	2103000237.0	CBCR	164872668.0	1417114.0	680258.0	all_groups	32250675.600000005	2018	3.4160948098680414e-05	19913323191.0
13579993610.0		57239273209.0	200182.0	ITA		692.0	5440545316.0	25749508961.0	107561306621.0	81811797660.0	CBCR	26166170370.0	1912711971.0	1597275936.0	all_groups	5894695295.76	2018	0.2935874702307139	5440545316.0
412980791429.0		120050942349.0	534.0	JEY		89.0	11250951110.650244	14053791074.0	19583396085.0	5529605011.0	CBCR	501621160.0	79795364.0	19774297.0	all_groups	25195902.943004448	2018	0.000991902941412	19935717674.0
50565758.0		56706308.0	2758.0	LVA		65.0	14727455.0	217244117.0	450551049.0	233306932.0	CBCR	95301175.0	3240216.0	1651298.0	all_groups	38235808.8	2018	0.1121237851346346	14727455.0
901320635.0		285008524.0	9358.0	LTU		86.0	234803043.0	1066974472.0	1670011055.0	603036583.0	CBCR	518690286.0	38799180.0	41844951.0	all_groups	162974061.84	2018	0.1782129842329173	234803043.0
451108022529.2		2002478627706.2	230523.6	LUX		664.0	19183723828.61841	123470495911.4	289965064631.4	166494568720.0	CBCR	291447274375.6	1869218697.4	1133504711.4	all_groups	941256427.32	2018	0.02927842362728516	27987002231.0
11900448.0		53935048.0	5806.0	MKD		19.0	19860238.0	271554204.0	330223817.0	58669613.0	CBCR	181563731.0	1642063.0	1358264.0	all_groups	45634463.28	2018	0.0683911240137202	19860238.0
13851971081.0		44840036616.0	2604.0	MLT		64.0	978651157.3170379	-410296113.0	2286169028.0	2696465141.0	CBCR	532667495.0	43711323.0	40470977.0	all_groups	71402304.96	2018	0.0233385106265427	1734085677.0
26922280.0		1318991.0	2561.0	MDA		10.0	14019222.0	111333156.0	154931291.0	43598135.0	CBCR	32934586.0	904670.0	814234.0	all_groups	13397020.221011868	2018	0.0580798278249677	14019222.0
1041097.0		159445201.0	255.0	MCO		20.0	25445099.0	357631713.0	606436134.0	248804421.0	CBCR	100870511.0	4142110.0	4632850.0	all_groups	30508317.62022564	2018	0.1820723904434406	25445099.0
386185975916.0		2001021780834.0	166604.0	NLD		948.0	29488206910.631355	247032136148.0	397080404794.0	150048268646.0	CBCR	69931257866.0	4608940474.0	5559575122.0	all_groups	6375177097.020071	2018	0.0838831558670326	66277610380.0
8617628585.0		25028361876.0	31738.0	NOR		342.0	2446481890.0	7500973029.0	24484946694.0	16983973665.0	CBCR	11110983074.0	398567576.0	1393878103.0	all_groups	2135977556.16	2018	0.5697479751219413	2446481890.0
7299926604.0		18463996305.0	255398.0	POL		512.0	2901123839.0	20128263111.0	49106534219.0	28978271109.0	CBCR	17456490047.0	653470932.0	665126879.0	all_groups	3473266648.095586	2018	0.2292652488868814	2901123839.0
1636527285.0		2889657465.0	51620.0	PRT		308.0	490004746.0	2503113467.0	11543394428.0	9040280962.0	CBCR	2936501346.0	188459729.0	205235094.0	all_groups	649600533.6	2018	0.4188430738179013	490004746.0
725755508.0		2719674404.0	85070.0	ROU		257.0	629151716.0	7818834171.0	15132715790.0	7313881619.0	CBCR	3933432369.0	116188701.0	126633303.0	all_groups	1128416119.2	2018	0.2012762578239554	629151716.0
7555619125.0		13011423373.0	173355.0	RUS		433.0	3393856375.0	9780278932.0	53464670695.0	43684391763.0	CBCR	12248444807.0	1066259473.0	1062195866.0	all_groups	1376632857.6	2018	0.3129760804919153	3393856375.0
-251199359.0		2007036994.0	15394.0	SRB		97.0	116255884.0	620069443.0	1722635765.0	1102566322.0	CBCR	684721100.0	28219128.0	20441391.0	all_groups	130161196.08	2018	0.1758310228839686	116255884.0
237793254.0		2430329685.0	58929.0	SVK		207.0	622149491.0	3498213061.0	10386245163.0	6888032102.0	CBCR	2962740620.0	175843048.0	199299026.0	all_groups	981486066.6	2018	0.3203394503781728	622149491.0
366893727.0		229966168.0	4318.0	SVN		72.0	66846301.0	352120547.0	1425543122.0	1073422575.0	CBCR	419224427.0	12668636.0	11254146.0	all_groups	100739630.88	2018	0.1683585453741112	66846301.0
17912798962.0		66677783790.0	191138.0	ESP		679.0	5390608921.0	28441186939.0	94672446688.0	66231259749.0	CBCR	22394808602.0	1295347537.0	1377403281.0	all_groups	5197997910.0	2018	0.2555190519635175	5390608921.0
-16879958106.0		127111939982.0	59130.0	SWE		531.0	483677477.0	15192040249.0	38422100614.0	23230060365.0	CBCR	7543053190.0	827946859.0	637254049.0	all_groups	3367231171.2000003	2018	1.3175185517269807	483677477.0
119129571506.0		838989518214.0	80647.0	CHE		615.0	27513976433.328613	306489120259.0	514968684490.0	208479564231.0	CBCR	60204600692.0	4341477048.0	4748125508.0	all_groups	7356970960.92	2018	0.0840124944593158	56516897142.0
1813290054.0		9528691989.0	61593.0	TUR		364.0	1214262115.0	4247704046.0	28373189757.0	24125485711.0	CBCR	5024939479.0	422534801.0	376564745.0	all_groups	606185987.4	2018	0.3101181699965991	1214262115.0
673935684.0		609604272.0	39459.0	UKR		159.0	562591318.0	2749774578.0	6609238709.0	3859464131.0	CBCR	1353528296.0	125226640.0	174771167.0	all_groups	192310539.12	2018	0.3106538643740677	562591318.0
513426579711.0		1730779557433.0	1289962.0	GBR		1172.0	35978541751.87377	181240310436.0	737840069013.0	556599758576.0	CBCR	424643265408.0	10898461271.0	10892551585.0	all_groups	46639246890.240005	2018	0.1396742432501832	77985398965.0
1569300559.0		429278184.0	427.0	IRS_Other_Europe		25.0	33168883.0	-71704390.0	180289934.0	251994324.0	CBCR	48939464.0	7875464.0	5215510.0	all_groups	25620000.0	2018	0.1572410502940361	33168883.0
3916643448285.0		13263178146486.0	16303282.0	Rest		73.0	658785072074.0	3316960398538.0	8364396254658.0	5047435856120.0	CBCR	2643221966086.0	120888533832.0	120131918756.0	all_groups		2018	0.1076658236094708	1115785072074.0
7973387637642.0		12917917958721.0	20388191.0	USA		1171.0	1004679786936.0	3170996913924.0	13462421819046.0	10291424905121.0	CBCR	5363513157680.0	131599392581.0	220105141770.0	positive_groups	992334032352.0	2018	0.1341548445483383	1640679786936.0
141419934459.60004		419113269671.7001	301084.20000000007	Stateless		126.30000000000001	64412204022.900024	46213824411.90001	232388320033.80005	186174495621.90002	CBCR	113202887636.40002	682051492.8000002	531936406.5	positive_groups		2018	0.00247749513265008	214707346743.0
85293129.0		53665663.0	1464.0	CIV		11.0	64048030.0	1071528888.0	1159017242.0	87488354.0	CBCR	219527139.0	3855962.0	16349322.0	positive_groups	3339149.76	2018	0.2552665866537971	64048030.0
11876416537.0		1307033880.0	40262.0	EGY		102.0	2121148320.0	1185585294.0	9848003588.0	8662418294.0	CBCR	4703517454.0	767984936.0	778508500.0	positive_groups	159778197.67973712	2018	0.3670221891885429	2121148320.0
1349045133.0		1012487735.0	7343.0	GHA		34.0	1397234510.0	1087169477.0	2688502534.0	1601333057.0	CBCR	3397584139.0	156325861.0	171624791.0	positive_groups	21237718.32	2018	0.1228317721697269	1397234510.0
107025211.0		187157552.0	3097.0	KEN		54.0	124736422.0	164378808.0	752785676.0	588406868.0	CBCR	224238484.0	40530798.0	40963230.0	positive_groups	7474245.500412845	2018	0.3283983085549784	124736422.0
2807742129.0		12448090609.0	3169.0	MUS		87.0	757125543.0229986	3137018835.0	2969016230.0	-168002605.0	CBCR	144034393.0	53997349.0	53659260.0	positive_groups	24692340.96	2018	0.0422260072981601	1270763291.0
421188107.0		219005783.0	25474.0	MAR		86.0	212432559.0	706566099.0	1846336760.0	1139770661.0	CBCR	433216154.0	36074586.0	39673005.0	positive_groups	106886187.78885986	2018	0.1867557646848287	212432559.0
2209331512.0		4174982633.0	8195.0	NGA		56.0	2748975401.0	5760327313.0	8367479360.0	2607152047.0	CBCR	17444956545.0	1350017302.0	1318978136.0	positive_groups	26165030.574169587	2018	0.4798071803480645	2748975401.0
56746540.0		38092079.0	439.0	SEN		9.0	14664419.0	18498660.0	164775988.0	146277328.0	CBCR	24957738.0	6895637.0	5761664.0	positive_groups	987023.2928515712	2018	0.3929009393416814	14664419.0
2695649651.0		25183343269.0	100253.0	ZAF		275.0	1840264471.0	4287584312.0	28478109523.0	24190525211.0	CBCR	6066321188.0	548525382.0	509479816.0	positive_groups	710373555.9554552	2018	0.2768514113208677	1840264471.0
52307242.0		15493836.0	264.0	TZA		9.0	11801506.0	7628957.0	61674617.0	54045660.0	CBCR	12660963.0	3753128.0	3401224.0	positive_groups	583165.4400000001	2018	0.2882025395741865	11801506.0
126883162.0		70570168.0	11904.0	TUN		41.0	78361063.0	183261616.0	393915266.0	210653650.0	CBCR	90060290.0	13858239.0	13056143.0	positive_groups	57013801.89828282	2018	0.1666151848909962	78361063.0
37868993.0		41997731.0	275.0	ZMB		12.0	65658271.0	2124389.0	102821568.0	100697179.0	CBCR	22458749.0	12350559.0	12102713.0	positive_groups	1392633.0	2018	0.1843288410686294	65658271.0
2026984297.0		4226040254.0	27798.0	IRS_Other_Africa		83.0	5023646243.0	5424007000.0	12904339566.0	7480332566.0	CBCR	10099439247.0	3240455852.0	2879981226.0	positive_groups	116751600.0	2018	0.5732850377378772	5023646243.0
6105700027.0		6226391997.0	70422.0	ARG		210.0	3192340507.0	4467877417.0	21634300141.0	17166422724.0	CBCR	5500114783.0	1057164696.0	1126340982.0	positive_groups	812469805.0518302	2018	0.3528260783992865	3192340507.0
24260656011.0		205527546677.0	538.0	BRB		113.0	7399173359.232683	31180589254.0	31467134989.0	286545735.0	CBCR	27784734968.0	36616826.0	-238709.0	positive_groups	9676164.594202774	2018	-1.9221568697251964e-05	12418809503.0
178873076798.0		347442785722.0	655.0	BMU		156.0	62722305163.63093	80416845926.0	96169939976.0	15753094050.0	CBCR	9737108410.0	466870203.0	246534832.0	positive_groups	48897846.00000001	2018	0.0023418523721559	105273430098.0
21921796632.0		83884317113.0	355583.0	BRA		425.0	12651244001.0	23831685586.0	114264672774.0	90432987188.0	CBCR	34852758977.0	3339191454.0	3091260727.0	positive_groups	2574961406.1600003	2018	0.2443444080879047	12651244001.0
109709317010.0		245582753337.0	854686.0	CAN		969.0	44140952612.0	122773717874.0	449457287907.0	326683570033.0	CBCR	135470361789.0	7304166638.0	7785881356.0	positive_groups	33993460465.44	2018	0.1763867994521567	44140952612.0
210427033991.0		270356917237.0	5213.0	CYM		193.0	34063800833.906956	55591785941.0	69143612933.0	13551826992.0	CBCR	13658171925.0	191458810.0	189321734.0	positive_groups	326355340.2734206	2018	0.0033113920829649	57172853367.0
9783406791.0		39666733003.0	122680.0	CHL		250.0	4896734052.0	2736542434.0	29161783677.0	26425241243.0	CBCR	17670585284.0	688081389.0	713044316.0	positive_groups	1190668286.4	2018	0.1456163043424356	4896734052.0
5463172700.0		4647042172.0	71367.0	COL		248.0	2329207591.0	4222187237.0	19240502816.0	15018315579.0	CBCR	7400976767.0	864988439.0	805950838.0	positive_groups	340908740.28000003	2018	0.3460193248185236	2329207591.0
5578731349.0		7530261433.0	88712.0	CRI		136.0	3603164953.0	6274804420.0	11940521995.0	5665717575.0	CBCR	3503510745.0	154029953.0	143588637.0	positive_groups	989365902.72	2018	0.0398506976152862	3603164953.0
1343738387.0		766393190.0	35818.0	DOM		82.0	876391183.0	1765259875.0	4272075564.0	2506815689.0	CBCR	1526061352.0	67700744.0	86549427.0	positive_groups	309218243.8873834	2018	0.098756615400591	876391183.0
372629848.0		857021501.0	10960.0	ECU		82.0	400959558.0	919087311.0	4310131750.0	3391044439.0	CBCR	1140686132.0	97852105.0	121731155.0	positive_groups	53779843.2	2018	0.3035995839759979	400959558.0
61630591.0		1228909461.0	35483.0	SLV		57.0	336695101.0	1146332176.0	3974042106.0	2827709930.0	CBCR	1193829546.0	60277860.0	64262371.0	positive_groups	147874692.84	2018	0.190862209783088	336695101.0
513824221.0		502662370.0	23833.0	GTM		92.0	378758706.0	940187416.0	5209838874.0	4269651458.0	CBCR	1096666608.0	72687329.0	63890066.0	positive_groups	99046134.72	2018	0.16868276553886	378758706.0
574003209.0		756535279.0	46483.0	HND		47.0	669949887.0	1661462771.0	4496665535.0	2835202764.0	CBCR	954341082.0	37187740.0	44542092.0	positive_groups	167020856.28	2018	0.0664857071615567	669949887.0
130357355.0		119478064.0	9921.0	JAM		24.0	47517552.0	121111600.0	453272502.0	332160902.0	CBCR	138090334.0	11402402.0	9724865.0	positive_groups	103085936.28	2018	0.2046583754988051	47517552.0
62666647149.0		99381518768.0	1215576.0	MEX		660.0	19973980088.0	98550129366.0	228589580964.0	130039451598.0	CBCR	69133602635.0	6133678149.0	5182500219.0	positive_groups	12128230130.34109	2018	0.2594625706127318	19973980088.0
2679308602.0		2490345046.0	10345.0	PAN		101.0	1001675387.0	2018293344.0	8191030681.0	6172737337.0	CBCR	3989376793.0	82772870.0	112515487.0	positive_groups	111156197.4	2018	0.1123272953096929	1001675387.0
653533995.0		265397385.0	1494.0	PRY		27.0	90990704.0	807171915.0	1311571493.0	504399578.0	CBCR	388837865.0	12212674.0	14709564.0	positive_groups	10115696.292618657	2018	0.1616600746379542	90990704.0
6445724479.0		5776511468.0	34407.0	PER		152.0	2003590942.0	3929709692.0	13226220002.0	9296510310.0	CBCR	11066745084.0	749174740.0	780757502.0	positive_groups	174414588.12	2018	0.3896790934883354	2003590942.0
28410171408.0		43306469045.0	58652.0	PRI		240.0	22919894092.766167	94054031085.0	108114930877.0	14060899792.0	CBCR	22493644364.0	555557033.0	1207857339.0	positive_groups	1547878339.8419614	2018	0.0313983100258515	38468864662.0
2277868507.0		1142227300.0	3197.0	TTO		48.0	551161888.0	733612624.0	1911659791.0	1178047167.0	CBCR	616435010.0	197156698.0	166534098.0	positive_groups	57817212.42751303	2018	0.3021509680291973	551161888.0
1298819135.0		1116575753.0	5550.0	URY		81.0	506295024.0	1135563816.0	2625923665.0	1490359849.0	CBCR	379907555.0	47789526.0	46544214.0	positive_groups	65880054.0	2018	0.0919310121444132	506295024.0
-496173913.0		936587876.0	3015.0	VEN		39.0	162953626.0	22577488.0	495260244.0	472682756.0	CBCR	134943871.0	11141488.0	91738857.0	positive_groups	32028610.568646803	2018	0.5629752418028428	162953626.0
176109392.0		232106790.0	1957.0	VIR		38.0	109258462.0	21671907.0	619807792.0	598135885.0	CBCR	298733612.0	3752478.0	15585887.0	positive_groups	65232887.14737292	2018	0.142651532107417	109258462.0
9606534868.0		139722220776.0	18617.0	IRS_Other_America		152.0	7950402778.0	13704001439.0	19592555711.0	5888554273.0	CBCR	2174131958.0	581045498.0	579512134.0	positive_groups	1117020000.0	2018	0.0728909151123261	7950402778.0
46414074026.0		232494719933.0	258043.0	AUS		606.0	17764005785.0	22095785825.0	145758541965.0	123662756140.0	CBCR	91285745670.0	3452633333.0	3319374612.0	positive_groups	17529377076.0	2018	0.186859577292127	17764005785.0
244973297.0		130295728.0	3180.0	BGD		26.0	463361678.0	17907734.0	1307975839.0	1290068105.0	CBCR	1022247803.0	174480592.0	178506597.0	positive_groups	5700340.8	2018	0.3852424692747249	463361678.0
56216755852.0		69240793413.0	1156167.0	CHN		712.0	35029424611.0	166652551356.0	401339670256.0	234687118900.0	CBCR	83690167167.0	7495561005.0	7375146195.0	positive_groups	11757247209.72	2018	0.2105414598412799	35029424611.0
63724776582.0		126700712405.0	84258.0	HKG		613.0	11138000912.662506	53963565126.0	175418781727.0	121455216601.0	CBCR	20259439935.0	1667556672.0	1676735296.0	positive_groups	2892847484.4695945	2018	0.0896934015958904	18694076333.0
35580194391.0		27348376125.0	1429547.0	IND		628.0	13612096647.0	45992849845.0	98094377406.0	52101527562.0	CBCR	24603614506.0	5484209428.0	4629165927.0	positive_groups	3622046754.789957	2018	0.3400773625876534	13612096647.0
12018965903.0		16788284396.0	71425.0	IDN		156.0	6569424585.0	7485577642.0	22652709510.0	15167131868.0	CBCR	23360900869.0	1830168404.0	2105001688.0	positive_groups	334460515.32404727	2018	0.3204240585707248	6569424585.0
15947488234.0		50303883310.0	54190.0	ISR		194.0	4607104109.0	14629002899.0	22479655474.0	7850652575.0	CBCR	14235363765.0	818025431.0	711192505.0	positive_groups	1646456937.6	2018	0.1543686637362246	4607104109.0
88806820482.0		65340842497.0	393466.0	JPN		590.0	30209729193.0	29744787522.0	255747200437.0	226002412915.0	CBCR	47423436303.0	6870685616.0	6280487876.0	positive_groups	13092832968.24	2018	0.2078961991309499	30209729193.0
534832599.0		401296712.0	4989.0	KAZ		64.0	537633901.0	115177126.0	2093876843.0	1978699717.0	CBCR	1993243106.0	219868205.0	232355749.0	positive_groups	54175337.06468074	2018	0.432182101180409	537633901.0
25140302543.0		16952266624.0	80201.0	KOR		451.0	6662073106.0	14099703485.0	67565121368.0	53465417883.0	CBCR	16796964490.0	439905797.0	1464510211.0	positive_groups	3142159690.56	2018	0.2198280006385748	6662073106.0
-54314392.0		299860383.0	742.0	LBN		21.0	78398618.0	66297121.0	244675064.0	178377943.0	CBCR	21510753.0	7071833.0	10588577.0	positive_groups	6619369.35414663	2018	0.1350607608924943	78398618.0
9922315404.0		5154067984.0	53704.0	MAC		53.0	3494284377.0	9948194600.0	28187193097.0	18238998497.0	CBCR	17526743783.0	9059468.0	7714674.0	positive_groups	3258549973.8000813	2018	0.0022077979831233	3494284377.0
16426542297.0		11329651647.0	141983.0	MYS		349.0	5124464099.0	23320920481.0	43940691746.0	20619771264.0	CBCR	15634433777.0	911735116.0	930778134.0	positive_groups	1303455053.88	2018	0.1816342384331728	5124464099.0
2693013114.0		4428019358.0	28027.0	NZL		330.0	1192754086.0	1738154148.0	11403030229.0	9664876081.0	CBCR	3220904897.0	277771511.0	252961962.0	positive_groups	946662679.236086	2018	0.2120822430785619	1192754086.0
726865645.0		317665926.0	12201.0	PAK		47.0	394514369.0	231480264.0	2163665186.0	1932184922.0	CBCR	632427251.0	152337874.0	125267654.0	positive_groups	26138934.360000003	2018	0.317523679346645	394514369.0
7323778686.0		3918864215.0	488200.0	PHL		242.0	2962807053.0	13152292013.0	24350703314.0	11198411301.0	CBCR	7747379052.0	650408795.0	676466138.0	positive_groups	1661852328.0	2018	0.2283193356499681	2962807053.0
12566756998.0		545751939.0	4199.0	QAT		54.0	1806573260.0	134328907.0	3563169106.0	3428840199.0	CBCR	921447235.0	645879675.0	666994879.0	positive_groups	219687532.0265743	2018	0.3692044456586277	1806573260.0
2211473257.0		898089706.0	22656.0	SAU		111.0	900848306.0	2387299357.0	9556796777.0	7169497420.0	CBCR	2655492244.0	127136443.0	163833959.0	positive_groups	464958213.12	2018	0.1818663119071236	900848306.0
157164701570.0		338073257094.0	154838.0	SGP		606.0	50793087251.311386	329662864885.0	584149229386.0	254486364500.0	CBCR	52923409295.0	3246960469.0	4108819405.0	positive_groups	6112056631.44	2018	0.0481965198567434	85251371203.0
91836798.0		113584844.0	5908.0	LKA		28.0	83251859.0	115663408.0	336823278.0	221159870.0	CBCR	84143330.0	9297527.0	20352046.0	positive_groups	13769421.12	2018	0.2444635620689263	83251859.0
6794565853.0		22463189888.0	86289.0	TWN		347.0	3956305972.0	16751356201.0	49051772096.0	32300415895.0	CBCR	19914562137.0	718833142.0	662864232.0	positive_groups	1864351032.59139	2018	0.1675462506417084	3956305972.0
9227275561.0		7499085590.0	144202.0	THA		316.0	6102704524.0	22775716454.0	54491875459.0	31716159005.0	CBCR	16789718863.0	1293175291.0	1236564083.0	positive_groups	847163677.6800001	2018	0.2026255864325375	6102704524.0
4938935011.0		23282866445.0	32730.0	ARE		264.0	2884799342.0	7683450565.0	65855204242.0	58171753677.0	CBCR	6531734230.0	64950805.0	167291867.0	positive_groups	1083867765.2823431	2018	0.0579908157092196	2884799342.0
1381438902.0		2393466792.0	56355.0	VNM		123.0	903271513.0	2441374081.0	8737681996.0	6296307915.0	CBCR	2499123475.0	110388012.0	133974864.0	positive_groups	195466190.40000004	2018	0.1483218080851842	903271513.0
9496796226.0		2092641447.0	27921.0	IRS_Other_Asia_Oceania		177.0	2217720529.0	3392243698.0	11430950470.0	8038706772.0	CBCR	7225492245.0	444451987.0	530935708.0	positive_groups	1675260000.0	2018	0.2394060482631713	2217720529.0
3649000312.0		9112402943.0	22715.0	AUT		296.0	1176436848.0	3392433140.0	16890005275.0	13497572135.0	CBCR	3818724578.0	357994316.0	269457050.0	positive_groups	891031310.4	2018	0.2290450613291228	1176436848.0
34772518813.0		65828923374.0	89800.0	BEL		443.0	6746681598.0	84755121359.0	130637471863.0	45882350504.0	CBCR	41655317285.0	1833441030.0	1530686102.0	positive_groups	3686943744.0	2018	0.2268798489695674	6746681598.0
38030223.0		13987273.0	1035.0	BIH		14.0	17130251.0	12461685.0	148978999.0	136517314.0	CBCR	41064427.0	1143456.0	2312490.0	positive_groups	5893786.800000001	2018	0.1349945193447544	17130251.0
663365077.0		1112270846.0	22701.0	BGR		86.0	242300977.0	1239794644.0	3179440302.0	1939645658.0	CBCR	1726940588.0	20316510.0	17775731.0	positive_groups	188397415.08	2018	0.0733621928400231	242300977.0
214161988.0		1659153342.0	4115.0	HRV		78.0	167071884.0	322647446.0	1107528128.0	784880682.0	CBCR	352959403.0	23216425.0	33382018.0	positive_groups	69351741.0	2018	0.1998063180995792	167071884.0
-2308212790.0		20302199273.0	1314.0	CYP		66.0	889628251.0	1197650838.0	1478722105.0	281071267.0	CBCR	177179525.0	24599260.0	48870421.0	positive_groups	33701892.48	2018	0.0549335308822156	889628251.0
3907612973.0		4037629074.0	84781.0	CZE		287.0	1516505256.0	7834415793.0	18407204178.0	10572788385.0	CBCR	5291005636.0	254115840.0	274772123.0	positive_groups	1577048684.64	2018	0.1811877155801957	1516505256.0
5319064195.0		43631041992.0	24978.0	DNK		280.0	2649680936.0	5239561006.0	14815558786.0	9575997780.0	CBCR	5497741821.0	563008722.0	463072142.0	positive_groups	1669667398.5600002	2018	0.1747652465277804	2649680936.0
-5449938545.0		3809273049.0	18131.0	FIN		262.0	1094059609.0	4034951414.0	11218403140.0	7183451726.0	CBCR	5222612648.0	182797689.0	210600221.0	positive_groups	793439393.8799999	2018	0.1924942839197713	1094059609.0
38311611348.0		99325361812.0	274413.0	FRA		596.0	10375922802.0	48367730462.0	157818752051.0	109451021590.0	CBCR	37960306805.0	2344377023.0	2706975562.0	positive_groups	10894020475.68	2018	0.2608901023702894	10375922802.0
12309648264.0		192405892551.0	459308.0	DEU		659.0	20038645414.0	105100734212.0	282719746848.0	177619012636.0	CBCR	57231018100.0	4202433962.0	4750317646.0	positive_groups	27148905870.24	2018	0.2370578224155406	20038645414.0
366593472.0		2011677910.0	12800.0	GRC		144.0	467856524.0	903090959.0	5000335823.0	4097244864.0	CBCR	1304915282.0	147427106.0	78759044.0	positive_groups	160842240.0	2018	0.1683401640456765	467856524.0
21412063552.0		7510225835.0	62489.0	HUN		226.0	2565812916.0	6596306903.0	15513748321.0	8917441418.0	CBCR	4137687748.0	344591026.0	223575156.0	positive_groups	889658392.5600001	2018	0.0871361877578139	2565812916.0
43816828.0		138803879.0	1115.0	ISL		15.0	29499117.0	46102609.0	141122432.0	95019823.0	CBCR	13072191.0	6426090.0	5882516.0	positive_groups	89570536.8	2018	0.1994132909130805	29499117.0
321515005741.0		1173296172878.5	622316.0	IRL		604.5	103214071237.60704	425177170379.5	1011876119019.0	586698948639.5	CBCR	276199266652.0	8658809809.0	9213015021.5	positive_groups	5621715927.84	2018	0.1305147855802759	65881339041.0
13393231316.0		49493045852.0	166174.0	ITA		557.0	6328635451.0	23100800987.0	92798954682.0	69698153695.0	CBCR	22261922401.0	1834526228.0	1562102537.0	positive_groups	4893272602.32	2018	0.2468308609485744	6328635451.0
40394465.0		53190257.0	2644.0	LVA		48.0	21423650.0	213565096.0	395600417.0	182035321.0	CBCR	69786198.0	2018640.0	2384947.0	positive_groups	36655358.4	2018	0.1113230938705589	21423650.0
928865210.0		232116419.0	8364.0	LTU		62.0	267471957.0	1025760316.0	1603373576.0	577613260.0	CBCR	468275060.0	38495743.0	41792772.0	positive_groups	145663074.72	2018	0.156251042048494	267471957.0
308442633386.4		855247442011.8	210419.80000000002	LUX		353.2	66326406936.647606	91054895738.6	244796163649.2	153741267910.6	CBCR	104546412892.6	1448173156.2	880533167.0	positive_groups	693621367.56	2018	0.00934251472015152	68381103157.0
269833643279.0		1241640232944.0	129655.0	NLD		613.0	50315258513.42611	213726623550.0	338539917451.0	124813293901.0	CBCR	57793443729.0	3989783708.0	4953322056.0	positive_groups	4961306970.5057335	2018	0.058654332259062	84449381064.0
7540245148.0		22838470326.0	21009.0	NOR		259.0	2982585511.0	7000198043.0	19108386267.0	12108188224.0	CBCR	8520252233.0	367859479.0	1342328823.0	positive_groups	1413912422.88	2018	0.450055436147393	2982585511.0
8669725178.0		14049451582.0	228938.0	POL		396.0	3324607349.0	18409266098.0	42862059168.0	24452793070.0	CBCR	14726545932.0	583006568.0	613567619.0	positive_groups	3113425789.871915	2018	0.1845534087460143	3324607349.0
1449490347.0		2005339136.0	46765.0	PRT		222.0	661687574.0	2367782441.0	9568870941.0	7201088500.0	CBCR	2477458326.0	184724775.0	181924071.0	positive_groups	588503854.2	2018	0.2749395306008875	661687574.0
905814453.0		1774033109.0	74318.0	ROU		192.0	791171070.0	6728758195.0	12814353889.0	6085595694.0	CBCR	3226057807.0	112587997.0	124624052.0	positive_groups	985795570.08	2018	0.1575184643695326	791171070.0
8915435310.0		9973318971.0	156909.0	RUS		295.0	4034890574.0	7809961879.0	46463544438.0	38653582559.0	CBCR	9765637807.0	978807616.0	988188237.0	positive_groups	1246033198.08	2018	0.244910789741779	4034890574.0
368615492.0		435323655.0	13732.0	SRB		60.0	149526889.0	589177493.0	1503994576.0	914817083.0	CBCR	565842302.0	22605721.0	19932659.0	positive_groups	116108454.24	2018	0.1333048465951833	149526889.0
351768698.0		2021836801.0	53060.0	SVK		147.0	684892917.0	3084116926.0	9149334344.0	6065217418.0	CBCR	2609358304.0	165946224.0	193201609.0	positive_groups	883735524.0000001	2018	0.2820902424371254	684892917.0
367484135.0		206874748.0	3749.0	SVN		56.0	75289109.0	275559257.0	1276888009.0	1001328752.0	CBCR	342810567.0	11770351.0	10697047.0	positive_groups	87464769.84	2018	0.1420796067595912	75289109.0
14823363959.0		40542578578.0	155541.0	ESP		519.0	6051754337.0	17600395570.0	75256844447.0	57656448877.0	CBCR	16701712241.0	1251774773.0	1229166051.0	positive_groups	4229937495.0	2018	0.2031090461628565	6051754337.0
-14876521196.0		94023175954.0	43482.0	SWE		388.0	2638867491.0	11499157032.0	29005881524.0	17506724492.0	CBCR	5216618358.0	762424432.0	611042864.0	positive_groups	2476136407.6800003	2018	0.2315549629088973	2638867491.0
211874766540.0		448561260190.0	68618.0	CHE		460.0	39666026504.51304	282563790037.0	469222909538.0	186659119501.0	CBCR	55854282411.0	4134701921.0	4420788433.0	positive_groups	6259633134.4800005	2018	0.066402475603157	66575656899.0
2297052548.0		6177193594.0	51053.0	TUR		224.0	1629831923.0	3609245788.0	23399383128.0	19790137340.0	CBCR	3716766151.0	386168357.0	357356307.0	positive_groups	502453415.4	2018	0.2192596070533587	1629831923.0
812426384.0		597967969.0	38407.0	UKR		118.0	587606759.0	2720576691.0	6370339987.0	3649763296.0	CBCR	1293267709.0	122877955.0	163895834.0	positive_groups	187183427.76	2018	0.2789209475379775	587606759.0
480535587769.0		1421412934330.0	1063703.0	GBR		825.0	57450941866.312805	149181361759.0	632652068768.0	483470707009.0	CBCR	399780883403.0	10409546994.0	10569332043.0	positive_groups	38458735090.560005	2018	0.1096108703448171	96425947625.0
425081618207.0		197238452250.0	20478.0	IRS_Other_Europe		191.0	34782824614.659325	38074554763.0	49667559207.0	11593004445.0	CBCR	1309042497.0	158068452.0	84741291.0	positive_groups	1228680000.0	2018	0.0014515549012865	58379666470.0
3616171181561.0		9038787728735.0	12670633.0	Rest		428.0	861692831737.0	2985730009224.0	7419330360255.0	4433600351032.0	CBCR	2159266052765.0	112793754611.0	114914375927.0	positive_groups		2018	0.0871426409254331	1318692831737.0
99764667958.0		26006428036.0	66326.0	PRI		259.0	38925940317.0	83602561978.0	97835614361.0	14233052383.0	BEA_income	16379377113.0	604667335.0	419653604.0	all_groups	1750402011.3271146	2016	0.0107808212359799	38925940317.0
114439525979.0		26061360236.0	71619.0	PRI		338.0	24998936166.553066	82695536299.0	98482114230.0	15786577931.0	BEA_income	16023284110.0	557232405.0	527523882.0	all_groups	1890088979.423403	2017	0.0153638808582761	34335327569.0
31048516865.0		44371897569.0	73835.0	PRI		340.0	21006026861.601994	95064894175.0	113012194365.0	17947300190.0	BEA_income	24454214271.0	587683454.0	1250624660.0	all_groups	1948571186.357349	2018	0.0331163693693903	37764546169.0
99764667958.0		26006428036.0	66326.0	PRI		259.0	38925940317.0	83602561978.0	97835614361.0	14233052383.0	BEA_return	16379377113.0	604667335.0	419653604.0	all_groups	1750402011.3271146	2016	0.0107808212359799	38925940317.0
114439525979.0		26061360236.0	71619.0	PRI		338.0	24998936166.553066	82695536299.0	98482114230.0	15786577931.0	BEA_return	16023284110.0	557232405.0	527523882.0	all_groups	1890088979.423403	2017	0.0153638808582761	34335327569.0
31048516865.0		44371897569.0	73835.0	PRI		340.0	21006026861.601994	95064894175.0	113012194365.0	17947300190.0	BEA_return	24454214271.0	587683454.0	1250624660.0	all_groups	1948571186.357349	2018	0.0331163693693903	37764546169.0
